tractid,"% white, non-Hispanic","% black, non-Hispanic",% Hispanic,% Native American race,% Asian and Pacific Islander race,% Hawaiian race,% Indian birth/race,% Chinese birth/race,% Filipino birth/race,% Japanese birth/race,% Korean birth/race,% Vietnamese race,"% 15 and under, non-Hispanic white","% 60 and older, non-Hispanic white","% 15 and under, non-Hispanic black","% 60 and older, non-Hispanic black","% 15 and under, Hispanic","% 60 and older, Hispanic","% 15 and under, Native American","% 60 and older, Native American","% 15 and under, Asian/  Pacific Islanders","% 60 and older, Asian/  Pacific Islanders",% Mexican birth/ethnicity,% Cuban birth/ethnicity,% Puerto Rican birth/ethnicity,% Russian/USSR parentage/ancestry,% Italian parentage/ancestry,% German parentage/ancestry,% Irish parentage/ancestry,% Scandinavian parentage/ancestry,% foreign born,% immigrated in past 10 years,% Naturalized,"% speaking other language at home, age 5+","% speaking English not well, age 5+",% Russian/USSR birth,% Italian birth,% German birth,% Irish birth,% Scandinavian birth,% with high school degree or less,% with 4-year college degree or more,% unemployed,% female labor force participation,% professional employees,% manufacturing employees,% self-employed,% veteran,% with disability,"Median HH income, total","Median HH income, whites","Median HH income, blacks","Median HH income, Hispanics","Median HH income, Asian/ Pacific Islanders",Per capita income,"% in poverty, total","% in poverty, 65+","% in poverty, families with children","% in poverty, whites","% in poverty, African Americans","% in poverty, Hispanics","% in poverty, Native Americans","% in poverty, Asian/ Pacific Islanders",% vacant units,% owner-occupied units,% multi-family units,Median home value,Median rent,% structures more than 30 years old,% HH in neighborhood 10 years or less,"% 17 and under, total","% 60 and older, total","% 75 and older, total","% currently married, not separated","% widowed, divorced and separated",% female-headed families with children,year
01113030200,46.46620426699645,51.48884402509397,1.9114063786587339,0.0783563266221448,0.05518919552657558,0.02611877668458885,0.0,0.0,0.0,0.02907041884198672,0.0,0.0,16.604057229950364,33.80916688328031,34.653459774550434,11.838331792837062,37.73584837603024,0.0,-9999,-9999,-9999,-9999,0.6681736097531566,0.6765825441081205,0.10742674546413153,0.0,0.20319305511242647,0.23222063442664678,2.1480409239031104,0.0,0.0,0.0,0.0,0.0,0.0,0.0,0.0,0.0,0.0,0.0,94.37022914144929,0.26520094814728945,22.194013706442068,35.531527100671354,8.09052855148776,24.563338787100655,0.0,10.35616136016969,21.638072586205805,5281.000064,9325.842418,5784.437138,5281.000064,-9999,2651.449752,45.15317291598576,0.3909931608544151,28.618922412883542,33.809166019304776,56.47194484070443,88.67924189902634,-9999,-9999,6.793005196857325,25.85008260141859,57.942814072374986,18987.97309,69.00000074,57.5626385370968,68.23479056794626,32.45069547939426,20.1961885406417,4.695371234778226,38.31067319949024,32.18062859857727,29.689244362222404,1980
01113030300,94.96522888628695,4.172461709367138,0.4172461762265495,0.08344923260039201,0.33379693045725056,0.02781641196188615,0.0,0.0,0.2503477110536067,0.055632823951613536,0.0,0.0,19.941944809582687,21.48040528558058,25.33333306153538,24.66666693846462,-9999,-9999,-9999,-9999,-9999,-9999,0.27816412632860055,0.0,0.055632823951613536,0.0,0.1668984651729428,2.2253130106844865,12.072322484369701,0.1668984651729428,1.0292072329845594,0.0,1.0292072321493222,1.5797316923496412,0.14903130165925046,0.0,0.0,0.8623087620484797,0.0,0.0,89.31398753499738,3.034300757494748,11.270491731773548,37.3172281957179,11.162432075404508,30.79291760047384,4.926866792960512,19.885959187310995,18.783069346685576,10862.00008,14747.70672,3214.28557,10862.00008,-9999,4962.999972,20.61196126111272,0.0959453397928446,11.163670726060069,17.968068810365832,81.33333326037938,-9999,-9999,-9999,7.916936867615304,66.10288838164598,15.31473075561717,21769.00059,93.99999845,44.77611858983921,51.23326159002252,24.784422544508868,21.72461680969072,4.756606511048655,60.02087675256308,23.7995822908199,12.86660283560181,1980
01113030401,94.63387792878945,4.430351432612993,0.599417435467169,0.11696045936377089,0.1609232689913038,1.3033315293047493e-05,0.0,0.014615169929965156,0.058577979535668574,0.029256406490516407,0.0,0.058460679719860624,21.79498235807706,13.2655779980266,4.084601248688129,52.20857568793895,22.448980566016754,7.142857454209059,-9999,-9999,-9999,-9999,0.26320339180498536,0.014615169929965156,0.1607929358383733,0.0,0.46920371094129343,2.478613677311774,7.394396461260139,7.844064065326765e-05,0.997374874921377,0.131941479744356,0.7628122668572611,2.3241454903343746,0.10922295085125712,0.0,0.11728131533074941,0.46953053807585626,0.0,0.0,69.8352538721137,13.870654721477779,4.0949887503196045,52.87519538898885,30.429100418595766,21.210840255934222,7.300015575274818,18.88173224298315,11.116877108701285,19107.6663,21562.974,3214.28571,19107.6663,-9999,7292.907723,7.802258756508849,0.01712079891002582,4.564521686786568,7.62533469157294,14.131769742562899,20.408164159237597,-9999,-9999,6.105167124819426,73.5364760516304,17.77221601584778,40440.20659,184.9389565,12.33956776688405,71.35992273984267,27.31275072683696,13.061525775434546,3.5098693133076604,65.44036632685307,15.88692294675863,6.268781830460603,1980
01113030402,94.63260474691234,4.431510853615001,0.599512853203561,0.11696283873651825,0.16093028670963885,1.5350746049011265e-05,9.277974622899272e-06,0.014612858686289773,0.05856871601669867,0.029268016379074887,4.638987311449636e-06,0.05845143474515909,21.794983184049677,13.26557846199894,4.095599428710367,52.189596656904925,22.448980312624734,7.142857579917432,-9999,-9999,-9999,-9999,0.26328236354634404,0.014612858686289773,0.16078373768399723,9.306533584001258e-06,0.4691758155258187,2.4786090181856455,7.394228584211025,0.00010169456717024915,0.99739814531198,0.13196940613183109,0.7627936160956332,2.3240436142913814,0.10923789242033959,0.0,0.1172627082321103,0.469523517549904,0.0,0.0,69.8370724560509,13.869764307072108,4.095430751681688,52.87462584249231,30.42714839620958,21.21217804765738,7.299953373186674,18.881549595940918,11.117099521388123,19107.22944,21562.61639,7936.220708,19107.22944,-9999,7292.694585,7.802830765816483,0.01712186559945895,4.564655785482591,7.6253351246565355,14.136906006869044,20.40816364038929,-9999,-9999,6.105192017117706,73.53808050875212,17.77010052028691,40438.91785,184.932561,12.339869517383082,71.35898985585798,27.313348480253193,13.06120422138234,3.5096273640927973,65.44046477776705,15.886473606027822,6.268662936154696,1980
01113030500,96.23047968219916,2.369413041979162,1.0770059281723465,0.0,0.2154011856344693,0.0,0.0,0.053850296408617326,0.0,0.16155088922585198,0.0,0.0,19.97880233174351,17.8060413354531,-9999,-9999,29.545454545454547,0.0,-9999,-9999,-9999,-9999,0.6462035569034079,0.0,0.053850296408617326,0.0,0.5586592204306414,1.6251904594345934,7.059421058169015,0.0,2.8948705058678694,0.6094464197486124,2.1330624688662074,2.185792359282152,0.7650273257487533,0.0,0.0,0.40629761308109624,0.0,0.0,83.52745424292846,5.740432612312812,6.287425149700598,52.74056029232643,14.802981895633653,22.896698615548456,5.644302449414271,18.94243641231593,11.902897415818325,14309.99994,14571.42905,-9999,14309.99994,-9999,6457.999972,10.687022949711556,0.15539109928677858,5.582922824302135,11.152416404258805,-9999,0.0,-9999,-9999,10.850801479654747,65.42185338865836,15.393939393939394,28305.99988,102.9999995,27.87878787878788,63.32882273342354,24.286483680286413,18.686052853790212,4.469574601915238,63.228399196249164,21.366376423308775,7.389162561576355,1980
01113030600,67.32577367892038,31.46733734493107,0.6586133400954285,0.1317434631522143,0.21955902152168882,4.329196029154523e-05,5.992248459651914e-05,0.0,0.08758616401519105,0.08769758437862982,0.04393522690440811,8.988372689477871e-05,23.581437094887757,12.612553072269646,27.145358451632294,10.16639513379694,26.314926708032797,7.898398022915136,-9999,-9999,-9999,-9999,0.4167844747945209,1.5964976463101798e-05,0.10966884469518358,0.0,0.0006965909066938527,1.5545322523389629,5.28401955501345,0.0004416799256349504,0.4009931508022979,0.08941933689827991,0.40011894899999506,1.5173905693385432,0.16819170958747043,0.0,0.0,0.39938210442311806,0.0,0.0,86.64370451182472,4.973145783125554,7.815323264009771,54.78364463010156,13.741672544309406,32.61542852563587,3.9689758075978383,16.179833278981082,13.525267785537373,12330.13191,15853.60866,12332.45304,12330.13191,-9999,4939.44425,21.290256285290408,0.07124648617614125,12.631495455258959,15.159943282009374,32.23814892652282,44.73659739412995,-9999,-9999,6.2163133978624705,64.6003213184525,18.233011555713755,27339.01831,142.8792463,18.707485208135655,71.27160744166537,31.803423384561945,11.431942288663427,1.9367748765864274,58.961535979970485,18.50504770648884,14.448122555923911,1980
01113030700,54.38386998243294,44.630987503521716,0.6786850899838779,0.11562188841451232,0.19070816712025707,0.029568418505999686,0.05366234791570791,0.0,5.6972778024404684e-05,0.0268984212834601,2.8486389012202342e-05,0.08049352027492067,20.729232573976038,18.250241732683758,23.56351382619841,16.98961396425503,32.04322406520208,3.9353378595231496,-9999,-9999,-9999,-9999,0.32292981382806574,0.04661535365882937,0.06195557183844607,0.0,0.6180359044827949,1.5594244353445432,1.884915592830348,0.16120797029411424,0.7525605992139562,0.053793041654278846,0.5913526267405539,1.2506495711013177,0.00010799292525744947,0.0,0.0,0.37640866398078004,0.0,0.0,93.12260681285363,3.417178905693792,12.792529860718174,47.85394588909791,10.780736830463256,35.13346465572024,4.393741320644822,16.178007489568728,18.948398858982742,9647.090397,12734.46525,5561.067208,9647.090397,-9999,4401.94637,32.631215851833694,0.12327146212719174,15.468454585636632,20.67812677307872,47.6236463928293,66.77500438605065,-9999,-9999,11.621859712648233,51.73770277386679,25.511195911586032,16755.88661,100.1196734,44.27712013412404,54.01311412675776,26.750212550363088,18.401945922703487,4.55053820663288,50.37281511051786,27.087558415713545,16.95542863253049,1980
01113030800,5.3069718359174285,93.52757372948858,1.1238293422760903,0.0,0.04162330852067253,0.04162330852067253,0.0,0.0,0.0,0.0,0.0,0.0,-9999,-9999,-9999,-9999,18.181817527468407,42.424240417569784,-9999,-9999,-9999,-9999,0.9989594241447397,0.0,0.06243496399863914,0.0,0.0,0.16684045663471989,0.417101156499985,0.0,0.10427528912499626,0.0,0.10427528674722963,2.462941841588957,0.25085519167464954,0.0,0.0,0.0,0.0,0.0,92.32006963995715,2.33212709996568,14.542294174638847,44.164882600411694,4.677966233098477,51.25423719824241,1.9661016621045873,9.522351722980234,15.889526247203142,7358.999973,-9999,9056.450594,7358.999973,-9999,3601.00017,40.020854694381285,0.11699709638048876,26.518883272002373,-9999,-9999,42.424240417569784,-9999,-9999,5.595667918791544,43.275972473414434,36.91194307336393,-9999,61.00000025,31.664657570537663,68.6462348510255,35.587929200522254,15.067638052936317,3.5796046369736922,41.774005279025765,28.04449626982771,25.53366170014957,1980
01113030901,91.7457675208327,7.615473237213319,0.3915226646709952,0.12359925457173784,0.18540960196781195,7.143448897543876e-06,0.0,0.0,0.0,0.04119975151702717,0.06181748592876908,0.0,25.740357758763125,12.230554735308727,30.05067391311357,7.660514345770683,-9999,-9999,-9999,-9999,-9999,-9999,0.12364211530643571,1.4286897795087753e-05,0.06179605556142015,0.0,0.0,1.7417765286659277,7.112423333345728,0.1451306628732217,0.4983242934889762,0.1663310180203756,0.33210834092439767,1.013392054788434,0.0,0.0,0.0,0.2074805239989649,0.0,0.0,88.71728650216471,3.553315751049828,10.795340056549165,50.11277962682837,8.219662008718746,41.452802319106326,3.833192136946353,17.22545400908779,12.041477671681905,14468.49749,15645.16092,19152.9412,14468.49749,-9999,5111.773153,15.825123839000307,0.04602565358528279,8.48942681461868,16.29224728350084,10.149200097867734,-9999,-9999,-9999,5.830487870408226,78.78527055104058,2.7788451234539226,27472.29177,114.9924545,17.94113310779737,68.25407179502534,30.59419145506391,11.619251534710322,2.204318953652267,68.34233144003423,13.818457658661302,4.5437657963290095,1980
01113030902,38.54535338054737,60.392156620841476,0.7548633736123198,0.08395769425894066,0.16785059813143183,0.027942705026635983,0.0,0.0,0.0,0.027985898636244046,0.11183561054891858,0.0,23.73255752043412,10.899344037245466,28.116597858942995,12.649393090562013,-9999,-9999,-9999,-9999,-9999,-9999,0.25161393448528074,0.05588541008123453,0.02800749544104807,0.0,0.0,0.8121581784989015,3.9752993819933002,0.00015117865045350925,2.850693802530153,1.8164611305632468,1.4813191328951363,1.4285723467389275,0.0,0.0,0.0,0.5870168225929184,0.0,0.0,85.91715225233636,4.407632892106843,6.748174481952071,46.387070153386915,7.308766598779807,43.459175914006416,6.53527524619403,8.915143187208667,9.770263182725781,12217.70749,15645.16121,12141.48463,12217.70749,-9999,4223.931834,22.87376853814056,0.07508339894669215,12.81236928950418,12.697048575191289,29.59117676405452,-9999,-9999,-9999,11.699902826376228,75.26100242213514,7.143935085657416,24155.17072,86.02982544,23.330158438148043,64.43023087616982,33.98245753086066,11.496632525788087,2.014185687393646,54.890996651883995,16.505673862468278,12.115633279196599,1980
01113031000,65.64520131947017,33.76958913692762,0.3442455076729828,0.24095968921485195,3.4202835220187396e-06,4.806433881418785e-11,0.0,0.0,6.840091970711952e-07,2.052123982902823e-06,6.840573929158138e-07,4.806433881418785e-11,26.089386520900806,12.62566047576608,24.147728884778562,18.087121906382706,-9999,-9999,-9999,-9999,-9999,-9999,0.34423935141119605,1.3680183941423904e-06,6.841537846050514e-07,0.14054322017161539,0.175679021041733,1.4406071708352162,10.64634592928795,4.4275458186054884e-10,0.7027370327837195,0.0,0.7027300822395693,0.6875586438174199,7.983697765891943e-10,0.0,0.24595064059756924,0.1756888051097893,0.0,0.0,86.59055811171403,5.692719709625306,6.72210871589021,38.9418126126289,13.326862864525527,33.564045203151984,6.4165139849466035,13.3827060739675,12.313501288451128,13578.04414,17438.06032,11666.66671,13578.04414,-9999,5335.994827,21.524286973694135,0.08839950161870273,10.800025919751487,10.167602068536464,40.99616808864669,-9999,-9999,-9999,14.93607202585581,74.9466549235721,4.041388417065711,22656.23927,60.00040814,23.684308607593195,68.63194783399044,32.70227750630774,11.359718849375172,1.7900454015287266,64.46506085643313,14.372073393346135,12.133276873631416,1980
01113031100,19.8060084047393,78.66082298145514,1.501877399717786,0.03128911188394261,0.0,0.0,0.0,0.0,0.0,0.0,0.0,0.0,17.013463737594456,20.685433783070142,29.830107040393084,19.12287561329293,-9999,-9999,-9999,-9999,-9999,-9999,1.0638298149433778,0.0,0.0,0.0,0.0,0.8064516271061903,3.8829153013634974,0.0896057379282714,0.0896057379282714,0.0,0.08960573476199314,0.3253090447049651,0.0,0.0,0.0,0.0,0.0,0.0,87.768595083763,6.666666413206417,6.736166448351674,37.97564573760736,7.738606926669857,42.47635609593617,8.340498963191223,8.069286204465335,10.854745911479782,9437.999898,20000.00129,9504.716604,9437.999898,-9999,3918.000011,33.78136374854656,0.2123274099057625,19.343492454199023,6.487148077935223,42.59185926501871,-9999,-9999,-9999,10.899653960379977,65.92233230790349,6.933116115731316,13249.99975,31.99999979,39.47797706453324,57.03905410588359,34.94993709489408,19.274092780073843,5.1627032177180885,46.55765796907049,21.98795137810038,19.695192292062274,1980
01113031200,35.26774589997348,61.81818172580097,2.4906600211845675,0.17434620148291974,0.2241594019066111,0.024906600211845677,0.049813200423691355,0.0,0.0,0.07471980063553703,0.07471980063553703,0.0,19.13946587537092,12.388724035608309,33.162662465537615,14.415124064592359,68.75,0.0,-9999,-9999,-9999,-9999,1.544209213134432,0.14943960127107406,0.0,0.0,0.17848036688656752,1.6063233019791077,2.88118306545459,0.0,1.070882201319405,0.0,1.0708822028492369,1.1634349014356857,0.0,0.3314635390135693,0.0,0.38245792955258856,0.0,0.0,84.58870168483647,7.730426164519326,7.827926657263752,39.11174785100287,12.08875286916603,35.42463657230299,9.334353481254782,10.469848316685164,10.87144089732528,9285.000014,-9999,8992.718693,9285.000014,-9999,3941.000006,31.947985672695584,0.08581411697733689,20.70874861572536,14.985163182514595,41.394249704608114,100.0,-9999,-9999,14.052519517388218,70.76796036333609,2.7027027027027026,21651.00003,40.00000006,27.611395178962745,61.02127659574468,35.292652500185326,15.466998731556165,3.038605225845173,53.920220082530946,16.609353507565338,13.953488372093023,1980
13053020100,58.566976260199056,38.67378850027926,1.3796172606848547,0.48954159345727066,0.6675567612335159,0.0,0.0,0.0,0.0,0.2670226873280422,0.40053403096953655,0.0,25.293255401058676,12.096774662686073,-9999,-9999,-9999,-9999,-9999,-9999,-9999,-9999,0.5785491559450048,0.17801513560808238,0.17801513560808238,0.0,0.0,7.695729475774148,4.092526714496352,0.08896797367742917,1.5124555472924206,0.48932384333704076,1.1565836301560668,2.6380068387302513,0.09770395938218289,0.0,0.0,1.0676156581899072,0.0,0.0,88.01089707990127,3.1789282284597125,12.011577389368629,35.11166061527736,13.486841735884745,24.50657976061437,6.743420868774899,15.426620145428924,14.150943359632413,9166.999613,13935.18568,6953.125179,9166.999613,-9999,3786.999904,27.564674521522807,0.1313024147696597,17.491166409566024,18.07494466480848,-9999,-9999,-9999,-9999,15.509259378084002,63.83561585438787,4.079254371183528,19357.00062,107.0000007,13.752914276771214,74.04372231241233,35.95905694536178,10.947930439642223,2.0471740219183707,56.78549115945687,18.07379686013785,13.604240995675717,1980
13053020201,57.24403411618741,31.198357379690098,7.687965063286961,0.9905055201337648,1.9861432531225527,0.1744932027371942,0.05132152875721655,0.07185013812900963,0.3592507189903732,0.1898896589127112,0.5029509669327484,0.0667179884350878,21.265542077277914,0.14477942767776208,17.554656371572463,0.0,17.539267187900222,0.0,26.15384558783202,0.0,25.00000000347556,0.0,2.5250193179548672,0.21041827169781566,3.1819349312335454,0.07698624595232528,1.7090946145938375,6.158899676186022,3.8133854130305536,0.42599056278146147,4.957914148234181,2.7817696578005218,2.8484910703309247,11.843631067904294,1.402462541681505,0.0,0.1898994046887283,1.3344282488271004,0.0,0.0,56.03048483706954,23.54208116659388,23.91904268960753,34.10041634455005,21.281740270682164,8.706166353102367,1.5719467396974742,7.412687015138438,3.994054213937228,14350.0,15917.72048,12984.79149,14350.0,15657.89411,4935.999903,7.855459461304335,0.0,5.978260674074115,3.975638805987112,17.418287445196555,3.8983050499228002,-9999,7.094594756340033,2.311643929092712,-9999,63.538989775967856,-9999,-9999,23.65038670048874,99.99999999999999,25.31690968972312,0.13856813364300846,0.05132152875721655,42.11131116872729,4.799591861706262,1.9021739081679447,1980
13053020203,57.253083177530456,31.249495272786127,7.644812008800522,0.9870786294925823,1.977123149286523,0.1732995551879324,0.050970456358725325,0.07135864247048175,0.3567932004997759,0.190417292183022,0.5022504118598394,0.06626159743347909,21.293294931475515,0.22713329428995557,17.554656722841067,0.0,17.539267319641446,0.0,26.15384780230892,0.0,24.99999999705796,0.0,2.5117040837811975,0.21019660495316242,3.1613861350465835,0.0764593519028535,1.6973975147276876,6.169417505586713,3.815295713168341,0.42368398259221746,4.93433354522107,2.766080166700782,2.836911661260576,11.781903488258287,1.3937136508078307,0.0,0.18859973385691087,1.3326021843981468,0.0,0.0,56.37514249271106,23.322622585034942,23.483473842109426,34.1203863775313,20.953856360792866,9.370792103946602,1.7894787500811953,7.655032504131027,4.04779528798038,14254.75422,15886.57118,12925.89579,14254.75422,15657.89434,4928.140142,8.147252382824476,0.0019439192109913363,6.1518720079687,4.16690450329433,17.418287775861554,3.8983049240823973,-9999,7.094594488252869,2.59689082806732,1.196808845251094,62.261515990230066,19357.00057,107.0000032,23.437740895929057,99.51163583198976,25.389709333525875,0.21251091500535563,0.06497440400360198,42.200213509059076,4.880014430627266,2.078637498419071,1980
13053020205,57.24403222275277,31.19835681951364,7.687965254644952,0.9905055474337636,1.9861431429190783,0.17449319697217938,0.05132152875600514,0.07185013949222685,0.35925070515499546,0.1898896636278456,0.5029509994309982,0.06671799159679853,21.265542678314443,0.14477942523349835,17.55465489375064,0.0,17.539267463010308,0.0,26.15384558242502,0.0,24.999999992492242,0.0,2.525019246654449,0.21041827066139662,3.181934912481821,0.07698624609291371,1.7090946104768823,6.158899565607377,3.8133853106743834,0.4259905438196341,4.957914110752638,2.7817696566461536,2.848491069290833,11.843631331222442,1.40246261509476,0.0,0.18989940456595658,1.334428248725887,0.0,0.0,56.03048408721216,23.542080544756793,23.919044354774076,34.10041541019472,21.281740515518607,8.706166966092404,1.5719468736320292,7.412687431826282,3.9940540696518294,14349.99949,15917.72144,12984.79111,14349.99949,15657.89441,4935.999898,7.855459665141732,0.0,5.97826047172036,3.9756387990997744,17.41828726492074,3.8983049952210402,-9999,7.094594499474776,2.311643786536715,-9999,63.53898658530415,-9999,-9999,23.650385541299492,99.99999999999999,25.316911306084933,0.1385681234432509,0.05132152875600514,42.11131291962449,4.799591700879377,1.9021738717768375,1980
13053020206,57.2440348708105,31.19835778066502,7.6879651488920056,0.990505510739872,1.986143158954652,0.17449320852439762,0.05132152749053893,0.07185013942037231,0.35925069239421237,0.18988965924327667,0.5029509995599721,0.06671798762471627,21.265542699941534,0.14477942745073905,17.554654471311213,0.0,17.539266319064673,0.0,26.153846524512616,0.0,24.99999999536762,0.0,2.525019272749677,0.21041826646546088,3.1819347039386927,0.07698624698746521,1.7090946842294665,6.158899383157198,3.8133854577705835,0.42599057093668175,4.957914214050422,2.7817696573039514,2.848491069698146,11.843630752659696,1.4024626375724445,0.0,0.18989940464654306,1.3344282490707569,0.0,0.0,56.030485388962695,23.542081270307598,23.919041102036942,34.100418622785064,21.28174167315192,8.706166642060753,1.5719467675031351,7.412686734276901,3.994053979717274,14349.99975,15917.72088,12984.79044,14349.99975,15657.89362,4935.999858,7.855459257828109,0.0,5.978261016038341,3.975638742018356,17.418286893340028,3.898304953476906,-9999,7.094594560089621,2.3116437754633,0.0,63.53898822148234,-9999,-9999,23.650384643632304,100.0,25.316911121522153,0.13856813175273774,0.05132152749053893,42.11130933279953,4.7995913743340335,1.902173898745273,1980
13215000200,97.43589687376726,1.2820512746548323,0.4166666642628205,0.32051281866370807,0.7051282010601577,0.0,0.0,0.0,0.6410256373274161,0.06410256373274162,0.0,0.0,17.898193760262725,16.157635467980295,-9999,-9999,-9999,-9999,-9999,-9999,-9999,-9999,0.03205128186637081,0.0,0.12820512746548324,0.0,0.45088566566314264,3.5748792063292023,7.439613483441854,0.12882447590375504,2.6086956370510395,0.0,1.2882447664449577,2.377762879965851,0.0,0.0,0.12882447664449578,0.45088566823963216,0.0,0.0,68.46267918932278,14.038556599110231,3.766478342749529,56.17559523809524,31.898238747553815,15.78604044357469,8.153946510110893,23.921085080147964,8.066759388038943,21359.00012,22700.617,-9999,21359.00012,-9999,8699.000049,3.9935587530164063,0.007260638508633979,2.0408163265306123,4.0722495667559135,-9999,-9999,-9999,-9999,1.6593886462882097,83.21492007104796,7.726864330637915,35464.0002,205.0000012,13.836477987421384,53.678474114441414,23.81410242671351,17.564102462771203,2.884615367973373,64.34138737334372,15.1987529228371,9.693877551020408,1980
13215000300,47.71241828237768,51.234566381854975,0.7625272303709172,0.21786492604466157,0.0,0.0,0.0,0.0,0.0,0.0,0.0,0.0,20.59035323372814,27.789776059501193,28.025477423982434,13.234253768660997,-9999,-9999,-9999,-9999,-9999,-9999,0.2904865767023932,0.0,0.07262164201488719,0.0,0.0,1.03497505218959,4.782298362330563,0.0,0.49964312167708175,0.0,0.4996431120401383,0.6669282023176419,0.0,0.0,0.0,0.24982155605576156,0.0,0.0,94.03846436529915,1.858974409053361,14.685990152797057,38.36589870992163,5.436013591970839,37.146092699136425,3.1710079650821617,10.403499970125582,17.7627532173293,7228.934388,10870.91919,8349.139281,7228.934388,-9999,3538.535255,31.71262595770031,0.3484318615877121,16.369047216379936,20.901033543153865,42.15406413307363,-9999,-9999,-9999,12.118569416269267,38.88888853832453,20.989761418337036,15055.51051,79.79870177,72.44027211436102,60.55662337088234,30.900508652023312,20.33405938214016,5.410312268265549,43.87559976576495,30.28708159138082,14.285714448145583,1980
13215000400,98.50575027347095,0.2586206790266482,0.6034482877045738,0.17241379058728762,0.373563206151898,0.02873563175975808,0.0,0.11494252703903232,0.0,0.08620689527927425,0.1436781656674432,0.0,20.1575258500268,13.18553072501957,-9999,-9999,-9999,-9999,-9999,-9999,-9999,-9999,0.2298850541068038,0.0,0.2298850541068038,0.0,0.11617775025369681,2.933488159977808,10.949753009746757,0.0,2.033110588191568,0.49375544595639753,1.626488527429192,2.4173807496508735,0.0,0.0,0.0,1.3360441477282334,0.0,0.0,80.78502946689783,5.887722252456494,6.20073569361146,64.48598190356422,16.80672150638798,30.75630094404445,2.2969187799558513,24.294849001017337,11.152725468815172,17637.99917,19144.48607,-9999,17637.99917,-9999,6874.99981,4.458042163430524,0.01188593850160575,1.9408503687146117,4.477612146928932,-9999,-9999,-9999,-9999,1.8714401025084306,88.14262262493784,1.2274958529401807,27520.00064,172.0000068,4.173485775267842,57.09516224149133,26.896551932149798,12.787356594068042,1.8678160577742746,67.69286763516372,14.233973367882745,8.780037103485745,1980
13215000800,84.42113406036034,14.957264893345021,0.4273504255241435,0.038850038684013044,0.11655011605203913,0.038850038684013044,0.07770007736802609,0.0,0.0,0.0,0.0,0.0,-9999,-9999,22.88135593220339,21.75141242937853,0.0,53.125,-9999,-9999,-9999,-9999,0.2719502707880913,0.0,0.038850038684013044,0.0,0.0,1.3016845274431355,8.15467071604082,0.3828483904244516,0.22970903425467099,0.2297090352500768,0.2297090352500768,0.4895960810340445,0.16319869367801484,0.0,0.0,0.2297090352500768,0.0,0.0,80.08083140877598,7.2170900692840645,8.07914262159934,47.63513513513514,20.358744394618835,25.829596412556054,6.098654708520179,15.769414006669843,13.239974538510502,13073.24028,-9999,9453.125,13073.24028,-9999,6636.286742,9.615384574704143,0.2841159276825864,3.7711313394018204,-9999,26.55367231638418,0.0,-9999,-9999,5.480607082630692,60.21409455842997,22.608695652173914,24780.94233,109.9103144,70.08695652173913,51.1090573012939,19.230769148586457,29.564879438533925,7.1484071178584,55.61131386861314,25.41058394160584,7.802340702210663,1980
13215000900,96.3522476169134,2.0265291707949604,0.8843036458351866,0.03684598304289203,0.4053058202200367,0.03684598304289203,0.03684598304289203,0.11053795572939833,0.0,0.03684598304289203,0.18422992624024762,0.0,11.027189909814117,29.493957290216,-9999,-9999,18.421051838699615,0.0,-9999,-9999,-9999,-9999,0.25792187912458714,0.07369196608578406,0.29476786438001173,0.21921813070110432,0.47497259908942585,2.849835664376975,6.613079806768729,0.7307271022151289,1.6806723007596371,1.2422360247311626,0.21921812203504173,3.2662361801772146,0.3418154150593743,0.6576543661416909,0.0,0.4384362442163462,0.0,0.0,71.96309531643597,15.1717071240042,3.6428569814011946,52.02193469901223,28.317273205268286,20.607859030037154,4.52186832050484,18.433179549823233,10.868347252117555,13303.99998,16778.16993,-9999,13303.99998,-9999,7668.999963,8.857715419631884,0.06586318982516519,2.319235945676445,9.013050559243764,-9999,21.052630853019213,-9999,-9999,3.752039292979338,47.03389993027436,45.81673068569875,27895.99978,196.999992,23.187249635518395,64.11522888791902,16.875460854407443,29.624171645771536,10.722180914033721,47.64730594054111,30.860533071347213,14.05184191972051,1980
13215001000,96.69378235229803,1.6006297757096823,0.7871949716604996,0.10495932955473326,0.23615849149814985,0.0,0.0,0.0,0.0,0.1574389943320999,0.026239832388683316,0.05247966477736663,16.12036539494895,14.266523374529823,55.84415584415584,0.0,47.916666666666664,0.0,-9999,-9999,-9999,-9999,0.1574389943320999,0.1574389943320999,0.13119916194341658,0.26239832388683315,0.7084754744944496,7.268433571665279,4.74940966235168,0.7347153068831329,0.9971136307699661,0.0,0.9971136184372447,1.997810643103853,0.0,0.0,0.0,0.3673576489807949,0.0,0.0,52.31422505307856,23.821656050955415,2.936996684036002,57.35204392922514,35.334309419228894,11.566617862371888,6.930209858467546,22.07664592204389,7.073258751353302,21698.99973,25372.88139,-9999,21698.99973,-9999,9248.999886,5.027785189541709,0.015405255175613055,1.7025089605734767,5.137912447594932,0.0,0.0,-9999,-9999,3.955174686882004,72.27179135209335,21.16018457481872,42843.99947,180.9999978,17.20500988793672,61.42759094028826,22.986093172486587,14.221989154666359,2.5715035740909653,60.85858585858586,14.267676767676768,7.795698924731183,1980
13215001100,99.10119912790492,0.6990679145737331,0.13315579325213964,0.0,0.06657789662606982,0.0,0.06657789662606982,0.0,0.0,0.0,0.0,0.0,16.92411014103425,23.035594358629954,-9999,-9999,-9999,-9999,-9999,-9999,-9999,-9999,0.03328894831303491,0.0,0.06657789662606982,0.39946737975641894,0.6324900179476632,2.929427451547072,4.1611185391293635,0.4327563280694538,0.9986684493910473,0.19973368841349573,0.7989347535208271,1.2452438693013217,0.0,0.0,0.0,0.19973368841349573,0.0,0.0,32.23300970873787,50.728155339805824,1.079136690647482,43.11008468052348,54.18181818181818,9.527272727272727,14.981818181818182,26.485148514851485,3.4919028340080973,28495.99979,33652.69483,-9999,28495.99979,-9999,15439.99989,3.6617843144338402,0.04432616111024486,0.7337526205450734,3.4922767215681962,-9999,-9999,-9999,-9999,2.0554066130473636,93.88686131386861,3.842716711349419,68649.9995,165.9999988,15.996425379803396,46.441605839416056,23.568575405628717,23.40213066406354,4.327563280694538,70.2,10.16,4.716981132075472,1980
13215001200,97.66047908367145,0.7803901085448258,0.49916990860524874,0.15582823521707384,0.7169697454443392,2.4978658537326382e-05,0.12466758390536654,7.493594445132784e-05,0.0,0.031185629970244634,0.031285544573233286,0.49857042098731685,10.56966726568676,34.06426753141642,-9999,-9999,18.421052717970323,0.0,-9999,-9999,-9999,-9999,0.2494600610410984,0.031210608597621304,0.12484243445280653,0.00014987102788021966,0.8104970000696222,5.049944835416223,4.522789592659141,0.2186228761577911,2.6497891560763076,0.0008492691995352077,2.1813829139565284,4.2374475045890945,0.8731409211152843,0.0004496131148011313,0.0,1.5894838160479323,0.0,0.0,46.15138825149081,27.476956387554885,3.3847936077563743,44.96655957286461,39.864657964851304,7.270332993637369,6.62275678948443,18.300974500301646,7.127515233967733,15541.72766,21981.65648,-9999,15541.72766,-9999,14303.49917,5.858439943756269,0.03238898531726692,3.59622262516413,5.405084282510624,-9999,21.052632615643855,-9999,-9999,7.0840305876884795,45.41372278695142,49.012671721367894,45362.18829,166.0163043,59.33065478636254,65.93934824660462,13.37935963453093,33.42430102779607,11.256263909452581,46.22471681525383,30.349987914197268,8.636908404940193,1980
13215001400,71.02979919125487,27.423613389294893,0.9807619644039439,0.41493775417089934,0.0,0.0,0.0,0.0,0.0,0.0,0.0,0.0,16.905901116427433,35.30037214247741,-9999,-9999,-9999,-9999,-9999,-9999,-9999,-9999,0.7544322803107261,0.0377216140155363,0.11316484204660891,0.0,0.0,1.7709118091785647,6.1416728701299155,0.4521476959604846,0.9796533412477166,0.3014318010748872,0.9796533536817782,1.1335012451700095,0.0,0.0,0.0,0.4521477016123308,0.0,0.0,93.56955380577428,2.2965879265091864,26.070038910505836,30.113636363636363,10.701754385964913,34.03508771929825,3.1578947368421053,14.263322884012538,24.40652818991098,4493.000056,8000.0,3136.942576,4493.000056,-9999,3138.000039,55.438065774374564,0.31945672604151365,42.95774647887324,41.919999463424006,-9999,-9999,-9999,-9999,7.339449541284404,23.514851485148515,63.074604370761115,20388.00026,64.0000008,90.42954031650339,73.32255456750202,29.460580546133855,27.800829529450258,7.393436347045116,38.46542150429076,41.393235739525494,36.61971830985915,1980
13215001600,50.840654943226596,47.17780024054731,1.4302378933738884,0.2750891976740163,0.13923910557301514,0.0,0.055921576453368066,0.0011296711756019532,0.0,0.05479190527776611,0.027395952638883055,0.0,19.477906142459556,29.117674412535393,40.23861171366595,10.845986984815617,-9999,-9999,-9999,-9999,-9999,-9999,0.9085851219499244,0.027395952638883055,0.10958381055553222,0.0,0.13477841884246158,1.6801445273300393,3.2885934197560625,0.007780616898948045,1.4431009566625541,0.59302503616791,0.700847769894095,0.7576222007468658,0.009866774356847848,0.21564546769497128,0.0,0.37737956844598297,0.0,0.0,94.83871031610425,0.9413064532380169,17.75915466118042,28.358603083197647,7.650822587162916,38.11741025672002,5.740099347779719,10.982422025372566,29.440110089116875,5052.136012,7863.836069,4262.948306,5052.136012,-9999,2581.578901,58.41331930573082,0.22444769845643364,40.14953183168595,41.40531390162177,75.59652928416486,-9999,-9999,-9999,10.345032757079416,21.182293220869315,34.78546248901088,10457.83276,63.41249909,71.30995427584496,78.10498256948684,36.42842545549973,18.939623530593902,5.113432380284266,36.380592042619895,37.1041019364051,34.57904655811463,1980
13215001800,80.15520993210457,17.572061928407432,1.1086474402780715,0.6097560921529394,0.7206208361807465,0.05543237201390357,0.11086474402780715,0.0,0.1662971160417107,0.1662971160417107,0.2217294880556143,0.0,16.084873374401095,29.021218343600275,20.87227414330218,17.757009345794394,23.91304347826087,0.0,35.13513513513514,0.0,-9999,-9999,0.6651884641668429,0.0,0.05543237201390357,0.0,0.0,0.32432432151935725,7.189189127012418,0.0,1.405405393250548,0.75675675669832,1.0270270273338205,2.9120558860332917,0.2912055886033291,0.0,0.0,0.37837837840321403,0.0,0.0,89.25831202046035,4.43307757885763,12.452830188679245,42.58600237247924,9.626436781609195,23.563218390804597,4.454022988505747,15.450928381962864,15.350877192982455,8424.000073,10860.21445,8928.571094,8424.000073,-9999,4772.000041,21.670305487595584,0.3396674245443893,7.662835249042145,21.690921495507983,16.822429906542055,10.869565217391305,100.0,-9999,11.161217587373168,38.3248730964467,25.310734463276837,19136.00017,90.00000078,87.2316384180791,66.70951156812339,20.565410017158225,26.49667382264591,7.150775989793561,47.753185781354794,33.06505700871898,7.471264367816092,1980
13215002000,1.9976929512938857,96.9116014537928,0.7559726698350613,0.13870219771652298,0.22330207813300318,0.00029331102608317114,0.0,0.11084443375170067,0.0010265886328577618,0.00029331102608317114,0.027711108437925167,0.0831333253137755,24.85612169114244,18.938070427836053,24.423770516431482,11.734768386623466,0.0,63.82978524100397,-9999,-9999,46.875,0.0,0.2548262298545874,0.0001466555268971398,0.11099108927859781,0.0,0.0,0.001320042888902791,0.0,0.0,1.6094721346512812,0.4164450979435487,1.6094721313255875,4.722001960891595,0.0012707757103644134,0.0,0.0,0.4447458997231267,0.0,0.0,74.21018588011381,13.74670502193845,13.826928514449751,53.49255424959068,18.68455452581421,22.54795020112376,1.2352680932276954,18.002870544843827,9.946645390617117,11812.49734,-9999,12810.97886,11812.49734,-9999,4506.196353,19.095822346177364,0.048594553445474746,13.946958951290227,16.735960858511515,19.28510168313187,27.659573698241875,-9999,0.0,4.36152385328276,70.95448810806992,25.52134132888128,28018.70019,97.65202795,5.02327920963348,76.11217126409082,31.889513624805762,12.245997362743786,2.328473171069434,46.786801961035636,23.492929766366228,27.126423063935455,1980
13215002100,90.77519478360676,6.976744261763116,0.8914728778919537,0.03875969034312842,1.007751948921339,0.0,0.0,0.1937984517156421,0.15503876137251368,0.31007752274502737,0.15503876137251368,0.0,16.120906801007557,16.288832913518053,22.65193370165746,17.679558011049725,-9999,-9999,-9999,-9999,-9999,-9999,0.31007752274502737,0.0,0.27131783240189894,0.23255814205877054,0.3875969034312842,3.7984496536265855,5.697674480439878,0.27131783240189894,1.8992248268132927,0.0,1.7054263564929992,2.607986988759433,0.0,0.0,0.19379844958385914,0.7751937983354366,0.0,0.0,65.8966565349544,15.74468085106383,4.769230769230769,54.9597855227882,25.92891760904685,15.105008077544426,10.016155088852988,25.529865125240846,15.633423180592992,15880.99983,19878.04819,-9999,15880.99983,-9999,11192.99988,7.07345518774067,0.02567848279012729,4.2465753424657535,7.663157978628257,0.0,-9999,-9999,-9999,5.076628352490421,71.0393541876892,11.206896551724139,29072.99968,182.999998,21.839080459770116,58.324924318869826,22.054263805240073,17.71317848680969,2.674418633675861,58.793503480278424,17.77262180974478,9.726027397260275,1980
13215002200,14.599514544863219,84.29850969555038,0.6762331686004251,0.2504218170560376,0.15027257994200108,3.748010247335328e-06,0.0,0.0,1.311802334467649e-05,0.15025571390840906,0.0,0.0,9.294278153471577,33.56290222747523,21.76236579565507,15.139744695875232,0.0,63.8297938882378,-9999,-9999,-9999,-9999,0.3256152641394865,0.050085862625323246,0.17529583420712472,0.0,0.20033623236230702,1.1018661440496709,2.103530439804224,0.15025217427173027,1.1770016011615438,9.370026091933642e-06,1.1770016081733121,1.7957602973541293,0.13401887732527704,0.17529420434374182,0.0,0.6010255666497873,0.0,0.0,85.32068118618415,4.454747138968677,13.820694089095047,45.778061950465755,12.900755371775542,26.442882542398998,5.416790066756562,14.75208220559741,16.1477541808447,11130.62806,14151.78571,13518.15465,11130.62806,-9999,4972.904847,21.066772402030814,0.03855649831778171,13.280824325240184,9.81074289388242,22.899641462775406,27.659587776475615,-9999,-9999,5.575147151653071,66.54228382838525,17.620186480511475,21302.78055,108.994487,45.76822419160795,67.71035258683825,27.097486135184944,18.257354806121917,3.8317886875724096,43.44485648197913,26.564755433149102,18.533993980923437,1980
13215002300,56.44421966724647,41.976566516646876,1.4263881759506671,0.0,0.1528273046025394,0.0,0.0,0.0,0.0,0.10188486971804124,0.050942434884498136,0.0,13.195690748850593,28.6355458336408,-9999,-9999,13.888888154756627,22.222221045387833,-9999,-9999,-9999,-9999,0.7131940879753336,0.1528273046025394,0.2547121743205806,0.9533366988793833,0.0,2.7596588191890734,1.003512289172468,0.0,4.014049156689872,1.0035122926856306,3.763171098323935,3.5695259528504844,0.0,0.25087807322159567,0.0,2.358253888564052,0.0,0.0,55.80246827515155,17.448559750227115,6.60592243528193,53.00794512483206,28.536586047551225,13.78048837621219,5.000000000609908,14.077989919792513,11.466010554441237,13983.0,18195.65098,-9999,13983.0,-9999,7298.000174,19.778001751245704,0.0712772175675231,11.032028957827771,6.373429103724702,-9999,0.0,-9999,-9999,4.2648711182704835,37.162954038868065,53.01866087162776,48788.00172,176.9999944,35.23600517798886,75.02863698159807,27.101375638601937,20.733571790137873,5.9602649490526725,45.029624433483754,28.703092265991142,25.44484136037877,1980
13215002400,5.385070315565619,93.3309822390401,1.1888328194071822,0.0,0.09511556642609167,0.09508027348429678,0.0,0.0,0.0,2.352865955669756e-05,1.176432977834878e-05,0.0,0.03455378816201326,18.122837797601004,33.13008130081301,11.585365853658537,13.888890136124827,22.222219727750346,-9999,-9999,-9999,-9999,1.046047708754001,3.5292941794909604e-05,5.8821601351607167e-05,0.0002267552682606618,0.33759455306042796,0.0006563967606413672,0.5789722094912905,0.0,0.0009547589201849166,0.00023868971798928084,0.0008950864786306482,0.9783832483801057,0.0,5.967244155426854e-05,0.0,0.0005609208734456549,0.0,0.0,87.38167335517038,3.7867193346568824,15.862161683675787,41.23191880425578,12.76799948120928,22.47283080497768,0.0019318040049167448,7.233427801872577,16.846017035823706,4606.432984,11365.56201,5725.308416,4606.432984,-9999,2661.071046,61.5434233724524,0.14425839621712114,50.36428829088861,41.81172115510149,62.60162601626016,0.0,-9999,-9999,2.6189063776559305,13.578717362387037,70.96669290657445,22340.57216,74.02023508,27.367997108754718,76.87201283231299,36.517083634185944,12.602924312851512,3.7570472279302054,36.71874931823061,34.875803623670635,44.18987216957322,1980
13215002500,8.995562795851429,89.59257833895079,0.6857603925088533,0.3630496195635106,0.0806776932363357,0.0,0.0,0.0,0.0,0.04033884661816785,0.04033884661816785,0.0,2.8,19.6,22.096069868995635,24.759825327510917,-9999,-9999,-9999,-9999,-9999,-9999,0.3227107729453428,0.0806776932363357,0.04033884661816785,0.0,0.0,0.11811023710397421,0.0,0.0,0.9055118177971356,0.39370078735445474,0.9055118107105213,0.6302521056069488,0.0,0.11811023619846239,0.0,0.0,0.0,0.0,92.05047318611987,3.911671924290221,15.993537964458804,26.763110307414106,6.923076923076923,12.884615384615385,0.0,8.629441624365482,25.967741935483872,3859.999971,7291.666667,4835.271543,3859.999971,-9999,2433.999981,63.25459364625026,0.5702480597962454,41.444866920152094,43.60902288427837,64.46818392940084,-9999,-9999,-9999,9.137489325362937,9.210526315789474,67.99660441426145,14599.99989,63.99999951,61.20543293718166,72.71028037383178,24.72771297693689,25.897539528863756,6.010488146107009,20.679168778509883,45.05828687278257,37.832699619771866,1980
13215002700,14.510278289120658,84.11930774831892,1.12857720026494,0.12091898574267214,0.12091898574267214,0.0,0.04030632858089071,0.0,0.0,0.04030632858089071,0.04030632858089071,0.0,10.109289617486338,23.770491803278688,30.379168570123344,17.999086340794882,-9999,-9999,-9999,-9999,-9999,-9999,0.8061265716178143,0.16122531432356285,0.04030632858089071,0.0,0.0,0.7827788744681585,1.9960861298938044,0.0,2.191780848510844,1.1741682976122179,0.7436399217427936,2.3464164102814244,0.0,0.0,0.0,0.27397260273704527,0.0,0.0,91.45299145299145,2.7777777777777777,15.933412604042806,41.289701636188646,7.2135785007072135,27.015558698727016,3.9603960396039604,15.016872890888639,19.482288828337875,4809.999942,16060.60613,5087.20941,4809.999942,-9999,3401.999959,52.837574026600706,0.2083325458153851,32.56172839506173,16.120218773029954,58.97670169026953,-9999,-9999,-9999,7.565470417070805,31.374606505771247,52.20243673851921,18268.99978,64.99999921,55.95126522961574,60.0,33.33333373639662,19.70979467605556,4.272470829574416,34.08071748878924,39.29372197309417,34.25925925925926,1980
13215002800,0.435450829630564,97.82274548615491,1.3575819435121976,0.025614753346510987,0.2817622942542307,0.051229506667269,0.0,0.0,0.17930327486774353,0.051229506667269,0.0,0.0,0.0,51.4285712562178,22.898550929629373,24.347825423488374,0.0,63.8297861134969,-9999,-9999,-9999,-9999,0.9477459148453959,0.025614753346510987,0.025614753346510987,0.0,0.0,0.234986949116617,0.0,0.0,0.3655352403619468,0.13054830287432448,0.36553524797460696,1.7265779328211526,0.22643644953614012,0.0,0.0,0.23498694517903415,0.0,0.0,90.04600363236393,3.5549978359131136,14.668547459934539,42.72463769758025,10.247933284259865,19.42148685411709,2.7272727167730983,16.521436251400033,18.05170744397638,6658.999843,-9999,9101.941325,6658.999843,-9999,3672.000099,33.80726679071288,0.15944758066879477,18.52678530086423,25.714286143528316,33.88254162567285,27.659574259177532,-9999,-9999,10.8138877946201,32.54626656048519,34.16618392949059,16050.00023,76.99999825,55.31667687662722,55.475408382069844,27.996926370047937,23.796105896276277,4.969262439871209,34.97014111147518,37.591240511170874,30.46875090731815,1980
13215002901,57.686212708728384,37.81299547335877,1.9334389973804567,0.412044376490917,1.7115689485007322,0.0,0.06339144253706415,0.0,0.22187004887972456,0.19017432761119246,1.0776545231300907,0.1267828850741283,14.4220572640509,8.642629904559914,31.99329983249581,1.0887772194304857,11.688311688311689,7.792207792207792,-9999,-9999,-9999,-9999,0.5071315402965132,0.1267828850741283,0.5071315402965132,0.0,0.6339144253706416,5.324881173113389,5.388272615650453,0.2535657701482566,7.16323300668825,2.5990491288056843,5.4833597477603275,8.68403478834757,1.603206422464167,0.0,0.1584786054234845,1.965134706921572,0.0,0.0,60.85761407366685,23.859263331500824,5.028328611898017,56.7847882454624,25.87621178225205,13.944817300521999,3.131991051454139,27.423283000487093,9.825327510917031,14067.99992,14437.08642,15681.81894,14067.99992,-9999,6614.999961,11.315372492865952,0.009041568422120382,7.493857493857494,10.975609820112252,10.720268006700168,6.4935064935064934,-9999,-9999,9.342560553633218,43.20610687022901,48.65051903114187,30705.99982,226.9999987,3.8062283737024223,85.41984732824427,26.307448652881625,6.434231417512012,0.7606973104447698,53.53821269712899,16.012939749292357,14.25061425061425,1980
13215002902,57.741176796656056,36.89411785540208,2.5176470730408305,0.14117647138546713,1.8352941280110726,0.09411764759031142,0.023529411897577856,0.09411764759031142,0.3058823546685121,0.3058823546685121,0.8000000045176471,0.18823529518062285,22.65193370165746,4.222573007103394,29.235668789808916,3.821656050955414,36.6412213740458,0.0,-9999,-9999,48.57142857142857,0.0,0.9647058878006921,0.07058823569273356,0.8470588283128028,0.14117647138546713,0.8235294164152249,4.376470612949481,3.0117647228899656,0.44705882605397923,5.905882386292042,3.1529411754519026,4.6823529417356395,7.14096803754571,0.0,0.14117647058546715,0.0,2.3294117646837367,0.0,0.0,71.20603015075378,14.321608040201005,14.476744186046512,50.625411454904544,15.771583956492183,20.80217539089055,3.874915023793338,23.584202682563337,8.34164174144234,13228.99993,13875.0,13908.04596,13228.99993,17692.30889,5575.999968,18.175389070299232,0.0033343403300387007,13.839662447257384,17.418844118710936,21.0828025477707,19.84732824427481,-9999,0.0,12.612612612612613,47.93814432989691,17.34234234234234,37830.99979,174.999999,0.5630630630630631,91.30154639175258,31.27058841188097,3.95294119879308,0.6588235331321799,59.87321711568938,16.06973058637084,17.72151898734177,1980
13215003000,29.936729916792054,68.53146848582652,1.0656010648913745,0.09990009983356636,0.2997002995006991,0.0,0.0,0.0,0.06660006655571091,0.033300033277855454,0.19980019966713272,0.0,17.480136208853576,19.977298524404087,29.48841698841699,10.81081081081081,25.925925925925927,16.666666666666668,-9999,-9999,18.0,18.0,0.8325008319463864,0.033300033277855454,0.09990009983356636,0.0,0.0,0.4329004326121209,2.5308025291170146,0.0,3.0636030615627017,0.9657009657238089,2.2644022645591724,2.4345260033681106,0.8852821830429493,0.0,0.0,0.4995004995008322,0.0,0.0,91.92399049881236,2.7315914489311166,13.711001642036125,50.25773195876289,3.7107516650808754,30.16175071360609,0.9514747859181731,16.612225851609892,14.121338912133892,8212.000006,10807.69198,8298.319298,8212.000006,-9999,3681.000003,34.92116737006295,0.085524319332087,23.68742368742369,29.12844034692997,38.07673627974745,48.148148148148145,-9999,6.0,11.19751166407465,38.879159369527144,32.2706065318818,18539.00001,116.0000001,24.027993779160187,81.26094570928196,30.96903094840557,13.419913410975747,2.297702296172026,43.203230148048455,30.82099596231494,31.257631257631257,1980
13215003200,30.88642456905351,64.57995770553423,2.200509317988431,0.31812400483964126,1.6703094250053525,0.07952954800624437,4.068978217598281e-05,1.453206316929034e-06,0.2120817010906502,0.026518568583920307,1.246079175322869,0.1060495697805757,24.95972412064692,12.83856218087087,39.87755355900617,3.0550593962560892,38.66592497782175,3.99974570416762,-9999,-9999,17.14725124686273,0.0,0.8218460191005049,0.026522928181663213,0.9279231998700279,0.0,0.18561108832049056,1.670414055934399,3.101852913951783,8.719248505513938e-06,2.545378591820116,1.3787243391415132,1.4582829514861748,3.7805778574764606,0.1875263793204549,0.0,0.0,0.26521620424285647,1.017243891653337e-05,0.0,89.0834079907764,2.5722751353274402,18.310828508168406,45.08044802628103,11.16195189727986,24.702238612947568,1.3723702720208706,17.86041792861175,14.62288666193973,6765.168313,9608.074207,6486.544464,6765.168313,15892.85775,3068.068077,47.989059572578235,0.06533504921459117,37.251842271287586,34.30034375623276,55.678243565394325,72.66383680350279,-9999,0.005010340523288505,22.495295095399467,17.47313805356948,48.01608043022248,18176.06798,110.0037807,33.761235232011465,88.01435130584822,39.02392527343015,7.741149208495415,1.69666668762447,44.78663538249306,29.142567726243502,32.77756808850153,1980
13215003301,42.974561387942096,51.09589198860469,3.776908223223399,0.37181996341530976,1.5655577113887318,0.0,0.03913894278471829,0.0,0.3326810066508813,0.21526419227643662,0.9197651905370012,0.03913894278471829,19.20444792126304,19.247219075126857,34.35258449872777,7.4367681261062915,25.757574376570638,0.0,-9999,-9999,0.0,0.0,0.939334626833239,0.0,1.6438355687637949,0.0,0.7045009983193028,4.324853114420876,2.6418785608744946,0.11741682835415487,4.579256291421162,0.5675146769277333,3.659491192515875,5.108859908721271,0.0,0.0,0.15655577295975978,1.9178082184780507,0.0,0.0,75.32515540819635,9.996283947911905,13.299944357050222,46.52850009668709,16.17458299109971,15.40436538367723,2.4390245063992713,24.2598194694109,13.300492760107076,12274.00035,17460.93794,12054.26398,12274.00035,-9999,5011.000137,20.812880037439523,0.0377814604708517,13.167795277431251,6.263406037207483,31.489199926811356,0.0,-9999,50.00000000555837,7.500000118810403,53.54729645261568,25.312499141360338,25477.99964,118.9999942,21.250000830109528,72.972970889189,32.97455950831719,11.663404922239062,1.878669253666478,54.82397227608331,21.418971908571834,15.425131387050683,1980
13215003302,42.97456036878256,51.09588910982996,3.7769080555510794,0.37181995584383526,1.5655577441916941,0.0,0.03913894291504645,0.0,0.3326810233190037,0.21526418421300034,0.9197651776110206,0.03913894291504645,19.204448906825565,19.247218932061003,34.35258589419269,7.43676853485389,25.757576074688668,0.0,-9999,-9999,0.0,0.0,0.9393346016081557,0.0,1.6438356650080472,0.0,0.704500951279494,4.324853275263703,2.6418787631419116,0.11741682522303264,4.579256464351476,0.5675146771697721,3.6594911934046284,5.108859869599976,0.0,0.0,0.15655577301032672,1.9178082193911778,0.0,0.0,75.32515916725329,9.996284215946856,13.29994523924315,46.528499318611495,16.17458372662088,15.404364407371373,2.4390244252285207,24.25982031116856,13.300492786423948,12274.00001,17460.93758,12054.26369,12274.00001,-9999,5011.000044,20.812881226371797,0.03778145848544143,13.167795328146802,6.263406308434072,31.489200004291824,0.0,-9999,50.0,7.500000001952904,53.54729303922452,25.312500453806134,25478.00072,118.9999962,21.2500017917897,72.97296769165833,32.974559743608616,11.663405496689034,1.8786692035098203,54.8239714708523,21.41897296080955,15.425131375726952,1980
13215003400,50.53956931652453,40.52757883597332,3.9568346687185496,0.11990407570592537,3.8968825447547504,0.0,0.8393285297915892,0.029976018933975754,0.05995203783797385,0.17985611354389922,2.3980815141185072,0.20983213247787497,19.426179716094126,8.009563853416774,31.89780951405376,5.32846677444245,27.011492681047425,0.0,-9999,-9999,31.313130435111567,0.0,0.8393285297915892,0.269784184615194,1.6187050504338278,0.0,0.8693045345161529,6.0551557938460645,4.136690581951706,0.17985611354389922,8.93285406884696,4.376498802012405,4.97601918428924,14.121739570673663,1.9130434115199701,0.0,0.0,2.4280575539169362,0.2098321343065124,0.0,75.16387255454421,5.316824402231247,16.34429356589155,38.44199564080607,11.445087081206086,15.144508124504796,1.3872832218909827,22.146596966481614,7.831325349369125,9994.000261,12276.422,8303.571543,9994.000261,15892.85869,4471.999941,21.58273339923633,0.02875397630276848,17.99569020475991,13.867303900887578,30.802919151495956,28.16091958184929,-9999,16.16161546144516,11.558784472643001,21.50858864533038,57.2559359801834,19216.99915,184.9999988,19.920843614597416,86.33308315183896,29.43645107136787,5.635491387755478,0.7494004589601158,60.51675388179468,19.660879498225615,17.887932257308268,1980
13215010104,92.90977789454301,4.023102935146445,1.8123879562344947,0.05974905355422195,1.1750647187297372,0.019916351133872773,0.07966540468809473,0.19916351164393498,0.39832702328786995,0.15933080937618946,0.3186616185997752,0.0,25.98257903724968,6.88336509299143,30.555555558314587,11.5740740753879,7.216494841859116,0.0,-9999,-9999,34.86238532832396,0.0,0.4381597255556155,0.1792471605100622,0.5576578326640593,0.0,0.9081934773361726,8.923988081887869,4.975320788990356,0.11846001875666981,3.988153965765977,1.9348469887080888,1.599210266300586,4.972138837673111,0.4929275571901882,0.13820335640112547,0.0,0.9279368213343024,0.0,0.0,58.77888779884195,20.248361495731373,5.54860258908794,55.57376879853519,27.959361871457947,13.471731400580731,5.521201130586969,22.560093568538413,9.037558685525175,19230.00032,20299.22847,9464.2862,19230.00032,-9999,6767.000153,6.956004990145613,0.022778938288479496,3.0633082813895443,5.460750809112591,40.740740753878995,0.0,-9999,6.422018346624619,7.860752193927701,77.5137118175521,13.837535947416077,41789.00034,231.9999927,7.114845998591502,83.2116758584395,33.30013914772051,7.050388312073216,1.5136426884633853,70.81274055416056,11.202635645039743,5.513954908483241,1980
13215010106,92.9097823951266,4.02310298930817,1.8123879264223004,0.05974905539811646,1.1750647502450835,0.01991635120332734,0.07966540455786157,0.19916350769066116,0.3983270153813223,0.15933080924344703,0.31866161835917023,0.0,25.982579709098893,6.883365478861987,30.555553995186916,11.574073156436562,7.2164945246759205,0.0,-9999,-9999,34.86238767315211,0.0,0.43815972915540313,0.17924716606662552,0.5576578094256265,0.0,0.9081934955644996,8.923987977731613,4.975321003941683,0.1184600224322353,3.9881540192938765,1.9348469896311236,1.5992102669400103,4.972138685657848,0.49292756696109163,0.13820335640222312,0.0,0.9279368213045551,0.0,0.0,58.7788914024864,20.248361327739815,5.5486026796482,55.5737701179261,27.959364210850033,13.471731483555242,5.521201659263606,22.560092459555946,9.03755863712558,19229.99994,20299.2276,9464.286304,19229.99994,-9999,6766.999879,6.956004689911899,0.02277893844190132,3.0633084262466257,5.460750805340227,40.74073863055933,0.0,-9999,6.422018225286231,7.860752309459953,77.51371473523062,13.837534880330015,41788.99883,231.9999951,7.114845845367011,83.2116814075398,33.30014136436629,7.0503885014705014,1.5136427560811656,70.81274136160083,11.202635772968712,5.513955209240671,1980
13215010107,86.76251593221916,10.703738706260543,1.5071636596576228,0.04679993281336096,0.9422900292196372,0.015599976728796434,0.06239990693707717,0.1559997725637991,0.31199954508381533,0.1466912443566385,0.24959962779209158,0.0,26.793997999335396,7.5048270071246455,23.927926680526483,12.747417267616962,7.216495229526778,0.0,-9999,-9999,34.862384978809864,0.0,0.3431994933312478,0.14039978799787056,0.4367993590893183,0.0,0.8293519740013289,7.575663959605292,4.534816394861931,0.09385969172971534,3.7526520523472797,1.6647547582973916,1.7061497656729374,4.63558429873358,0.3909796031334793,0.10950296878932743,0.0,0.8230430157198194,0.0,0.0,59.44663184075146,19.732802461329122,5.859765286985617,53.43630028412252,29.225785645295378,13.314411039196273,5.106103070109185,22.081924092658863,8.82424739794538,19053.12181,20779.95435,8074.121367,19053.12181,-9999,6422.190207,8.391471322587206,0.07622053975868531,4.7604223201542135,5.901036582623315,29.42928497735078,0.0,-9999,6.422018157233781,7.252749073953926,77.84689347337694,11.028416558692433,42761.74127,195.9276321,11.873478137742932,80.62355460635071,32.58491592353019,9.00312937188764,1.8423411985338356,68.64343752679589,11.775203746669556,5.807640863261726,1980
13215010201,96.63342851342688,1.4509913994199146,1.0873519362994781,0.05174273781270556,0.7764839952900013,0.0,0.00034292825464618835,0.0,0.10348547562541112,0.0,0.46568464031435003,0.20697095125082224,33.53595787789322,4.967782270040692,0.0,0.02854571527836523,-9999,-9999,-9999,-9999,-9999,-9999,0.36233633598044884,0.0,0.051879909104215485,0.0,0.3537491608657459,4.142006678655495,7.9800827686879146,0.0,4.8471627229403795,1.9185361544505717,3.7869191264385393,2.937018199512329,0.0,0.0,0.0,1.2621948385207546,0.0,0.0,60.38471683454061,16.880531526587596,3.455032167991039,61.303792281359975,31.561476860049428,23.369018469556437,6.27016566717184,22.935298158874534,5.408693651107101,22618.18084,22722.51577,-9999,22618.18084,-9999,7414.686985,6.049829465870701,0.01565385971128294,4.3354481579075115,6.386917798887327,0.02854571520012442,-9999,-9999,-9999,6.077169286096337,91.82026805675247,1.8814134850688644,39047.08903,212.1594375,7.81490877547504,93.31226218852996,36.70665690568893,5.239047793070274,1.0367751548526776,72.35994026045806,8.843432257307583,5.2796860802376075,1980
13215010203,95.40076960217695,3.1341762894295884,0.9369335012954678,0.17031288159356223,0.40889876094821537,0.01703328672382103,0.10219400627787562,0.051119837723606176,0.13630054574207687,0.08517499388464529,0.017076101577238257,0.0,25.242821836592938,7.982584284521399,0.006869070023432815,58.99554809083488,26.11711014553829,0.0,18.51851847641776,0.0,34.86238606471009,0.0,0.1533366895328106,2.5688912050336126e-05,0.27256683955557004,0.0,0.6011095208497345,4.534385458814099,8.586113132926764,0.3090912260197667,2.8509299351638075,0.9103331118618643,1.957701472949841,4.370652055607865,7.198858180004129e-05,2.0144908709087607e-05,0.0,1.0303817680279002,0.0,0.0,63.793398086779405,19.491142068597096,2.9721526017191464,53.89084503169133,29.90017813132696,16.462045899436518,3.1779818926527312,21.701424914474238,7.367561499900516,21453.65643,22856.76886,6072.28156,21453.65643,-9999,7070.956042,5.255887998436216,0.011186421571032371,2.9715113017174972,4.717961918832305,19.109922627271125,11.938849964263069,100.0,6.4220155769896765,5.815477835316491,86.38233690490586,4.181237582496601,44206.67012,182.012513,11.28461454852227,82.39878896936098,32.09010837603277,10.083026634538912,3.2870904734030284,69.48936734085282,12.148969682360617,5.882297957655376,1980
13215010204,95.40112342188552,3.1340486559467626,0.9368080246034778,0.17032873555204842,0.40878897072917064,0.01703287319569435,0.10219724265329988,0.05109862132664994,0.1362629856815259,0.08516436771803865,0.01703287319569435,0.0,25.242717211171698,7.982739622764276,0.0,59.0062126833837,26.1194046484881,0.0,18.51851868990261,0.0,-9999,-9999,0.15329586061678716,0.0,0.2725259712470806,0.0,0.6010647539541308,4.5337453302158774,8.586639214083178,0.30911900990164004,2.8507641530959935,0.9101837540338948,1.957753735184433,4.37056429449181,0.0,0.0,0.0,1.0303967026732623,0.0,0.0,63.79410039165169,19.491035934401964,2.971768250244437,53.89061841002355,29.90045979463283,16.46248067663724,3.1776415542541883,21.70130418287568,7.367309332446611,21454.00012,22857.1427,6071.42835,21454.00012,-9999,7071.000195,5.255630941229212,0.011184668985662378,2.971497866742918,4.717854026179331,19.101124246888805,11.940298885056178,100.0,-9999,5.815160687206437,86.38368948981866,4.179728136798544,44206.99868,182.0000074,11.285265871886157,82.39867273052012,32.089934218185924,10.083460853918456,3.287344627315976,69.48918327807034,12.1491016231978,5.882352965221624,1980
13215010205,95.4011209491063,3.134048698827739,0.9368080207119945,0.1703287359963494,0.40878895919188785,0.017032872842621664,0.10219723983659507,0.05109861991829753,0.13626298335894335,0.08516436807542095,0.017032872842621664,0.0,25.242719507700457,7.982739800003501,0.0,59.00621022099576,26.119402847273026,0.0,18.518519030508916,0.0,-9999,-9999,0.15329586423517524,0.0,0.2725259667178867,0.0,0.6010647583374404,4.533745638847768,8.58663893774506,0.30911901750988147,2.8507642270901457,0.9101837541958459,1.9577537346230849,4.370563955392081,0.0,0.0,0.0,1.0303967028103203,0.0,0.0,63.794099345182346,19.491033745433256,2.971768141519788,53.890615732165024,29.900458767959726,16.462479998955544,3.177641564097814,21.70130585395495,7.36730935588541,21453.99947,22857.14238,6071.428844,21453.99947,-9999,7071.000135,5.25563113302005,0.011184669068364145,2.97149773470143,4.71785369380189,19.101124170226107,11.940297777639564,100.0,-9999,5.815160673367367,86.38368140823923,4.17972839234036,44206.99899,182.0000052,11.285266343471271,82.3986686715351,32.08993394643591,10.083461263555792,3.2873445451417838,69.48918525055262,12.149103345551094,5.882352665506476,1980
13215010301,96.11770629208489,2.5875038515200286,0.8900115185854373,5.9338991545236915e-05,0.4046037387615754,9.889831924206152e-06,0.4042673370460524,0.0001226928554265409,4.156676386485814e-05,5.0452918297035395e-05,9.101592348588891e-05,2.0783341340441204e-05,20.98021847559867,14.091431561668895,0.005228385723736478,18.64757538485099,-9999,-9999,-9999,-9999,-9999,-9999,0.16216015240018292,2.0783341340441204e-05,0.16184840171178846,0.0,0.39519231579416086,2.374822337434452,3.5644326862716667,0.0,0.3981045448923675,0.0018294960093366067,0.3963243488870214,1.9202132211607528,0.0001285536321354217,0.0,0.00014215273945784613,0.0013380483644389004,0.00012184523924611516,0.0,30.190588570981827,44.46439855436382,2.570290453409004,40.55712062113225,54.21686111528993,11.870738775054006,14.113617858841542,20.331773759801575,4.191254365735679,34989.40191,41353.19904,-9999,34989.40191,-9999,18822.2695,2.454817076005016,0.16861331253019216,0.0036694375989037797,1.6629012896207904,18.651061403808765,-9999,-9999,-9999,3.111589659956775,89.22205852223698,9.126794184904877,112255.6891,334.8696907,10.535698608602624,70.22244387554807,24.842348232696896,15.367163042407645,2.2645815247150307,69.73451564844231,11.27593044393328,1.8222949957369474,1980
13215010302,96.79228980995497,1.3654774824717042,1.1423013527280617,0.0,0.5526908030216099,0.0,0.1845986619592261,0.1472368652467001,0.07361843262335005,0.036809216311675025,0.07361843262335005,0.036809216311675025,24.67914410740047,6.134263180643272,24.90807941350393,35.354996362253615,-9999,-9999,-9999,-9999,-9999,-9999,0.7364053820461365,0.036809216311675025,0.18426711767303766,0.0,0.4470206508970077,8.039669285429413,12.09670954620535,0.0,4.614000403876297,3.0508245105612373,1.6003811273205417,5.247800307064936,0.24023064201964162,0.0,0.2604362387246006,1.6370277861094262,0.22323106176925972,0.0,50.905592006202966,30.3908355660144,2.459783451309206,58.0566468159768,46.030794686334076,9.537989472134011,4.6612187327541195,24.11584858139089,9.372796137141407,26598.07435,28341.06465,-9999,26598.07435,-9999,8887.602399,8.969910661376705,0.057071964354446524,5.753328696395247,8.027913207939791,51.96038332979402,-9999,-9999,-9999,4.764582512223748,93.43102449185264,2.3874338488479636,60138.5413,119.5153744,9.308765975755781,86.20409272707947,30.95367028213716,8.08221631025861,1.107370871981262,74.1372878425785,9.283399015317004,5.116757036035041,1980
13215010401,98.156242523128,0.45069653586520436,0.8057907762438503,0.040972412351382215,0.4370390650814103,0.027314941567588145,0.16388964940552886,0.027314941567588145,0.05462988313517629,0.08194482470276443,0.05462988313517629,0.027314941567588145,24.79085331846068,10.345789180145008,8.75,7.5,45.65217391304348,13.043478260869565,-9999,-9999,10.909090909090908,7.2727272727272725,0.2458344741082933,0.0,0.13657470783794073,0.2594919448920874,0.3004643572434696,4.274788355327544,6.186834265058715,0.2458344741082933,2.472002211866727,0.7238459437563276,1.7618137119889763,2.8429800569150783,0.0,0.17754711827727704,0.0,0.8194482381502884,0.0,0.0,55.26193787668058,22.02132591562355,3.669724770642202,54.88640461593942,33.13131313131313,18.00865800865801,5.56998556998557,22.016266313599395,9.029896278218425,23373.99975,24452.1606,-9999,23373.99975,28571.42708,8153.999912,5.855794289589239,0.007487624612330325,4.233778186838472,5.741025344609436,21.25,0.0,-9999,0.0,2.3848684210526314,87.23673125526537,4.646381578947368,44054.99952,216.9999977,6.0855263157894735,72.07245155855097,31.234635682537043,9.464627253169292,1.297459724460437,68.74886836864023,11.207676987144668,7.271053842613898,1980
13215010402,98.05795293267396,0.9864364960218694,0.1541307025034171,0.1541307025034171,0.4932182480109347,0.0,0.0,0.09247842150205025,0.0,0.21578298350478395,0.03082614050068342,0.1541307025034171,21.79930795847751,13.966656181189053,-9999,-9999,-9999,-9999,-9999,-9999,-9999,-9999,0.03082614050068342,0.0,0.09247842150205025,0.0,0.1541307025034171,4.808877918106614,7.02836003415582,0.0,2.0961775540464727,0.7706535140583924,0.7090012330570257,1.7722349817415786,0.0,0.0,0.0,0.7090012330570257,0.0,0.0,63.7109174782163,19.272168118913378,5.627962085308057,54.894578313253014,29.50408035153798,19.711236660389204,7.281858129315756,20.738636363636363,7.062528115159694,18878.00004,20784.02304,-9999,18878.00004,-9999,7245.000015,3.4833538765772265,0.028507529007536156,1.2320328542094456,3.5545769031512933,-9999,-9999,-9999,-9999,5.3156146179401995,77.28070175438596,9.95850622406639,34238.00007,200.0000004,20.414937759336098,56.8421052631579,27.342786624106193,13.563501820300704,2.127003694547156,66.92975532754538,14.483030781373323,9.137577002053389,1980
13215010501,95.73387312645112,1.4051125909835336,1.0665312522122725,0.5248011013790598,1.3035382067225862,0.016929067212113156,0.35551041010942164,0.3385813387712612,0.2877941466407875,0.10157440600817988,0.1523616090122698,0.05078720300408994,22.063744802031852,12.502201203836014,48.62385463950177,0.0,34.23423408418037,6.306306248656334,-9999,-9999,53.96825384306448,0.0,0.32165226766105925,0.016929067212113156,0.3047232179789479,0.10157440600817988,0.2539360041924251,4.82478416536844,7.059420793725426,0.11850346642713236,3.250380992991223,1.591332317573903,2.4885728796563296,3.267380598970297,0.12706479873542786,0.0,0.0,1.4220416454527713,0.0,0.0,61.101551714988695,18.47389582793118,6.769230924336374,54.57252178900188,31.866520496379817,18.078474240363732,3.483681859251065,22.543618876670095,9.835246433149146,17793.00052,19391.71102,12857.14335,17793.00052,-9999,7789.999901,7.2117824127450705,0.0134698859886361,2.9943503806371856,6.444796772102548,49.54128487571602,23.423425025491593,-9999,0.0,4.302536401675551,76.33696087624284,15.796640713495961,38628.00068,158.9999959,10.258737291284483,73.07146061888986,28.779415553116557,11.833417983751842,1.8114102151074365,65.72057504873807,14.763476375580034,7.514124654735077,1980
13215010502,95.72619564567249,1.4122332485547655,1.068559835649208,0.523536203380102,1.3031887582711932,0.016937192588486017,0.3547601440132561,0.3382021547025788,0.28809476687518987,0.10173149482626374,0.15281392063328972,0.05064906869123584,22.07413771618604,12.48729790764435,48.50969467214354,0.07312557240662565,34.158692309946595,6.288674135780235,-9999,-9999,53.862775584332574,0.0,0.32196915192096115,0.017370549769876543,0.30541116261028384,0.10129572310632183,0.2557310534482777,4.836030811138505,7.053703236689914,0.11850335379640191,3.2524051533380582,1.5922747926476903,2.486132799493112,3.2720008715230895,0.1280563622033495,0.00037917856175258155,0.0,1.4206860043673688,0.0,0.0,61.095365730017015,18.478617894744346,6.766029709854069,54.57501230574783,31.856139362504987,18.06623559629799,3.489094795639494,22.543659176360396,9.833076132479146,17796.59944,19394.06993,12838.73642,17796.59944,-9999,7787.217604,7.211083644471408,0.013495331115359306,2.9945333866696267,6.442196920711432,49.48568038318821,23.3579318876419,-9999,0.03545350446069036,4.311721194026491,76.33988295440167,15.791560561440098,38635.97823,159.1724547,10.2505856586722,73.09671296246557,28.791710345643185,11.820408365560823,1.8106003656678196,65.73363603179595,14.754345674874857,7.508812145569668,1980
13215010602,78.732394892928,15.59859165365255,3.4330986145172093,0.31690141057081933,1.7605633920601071,0.0,0.017605633920601074,0.08802816960300536,0.017605633920601074,0.4577464819356279,0.6690140889828408,0.35211267841202143,24.983255190890823,6.385353873632507,40.47085201793722,1.0089686098654709,29.807692307692307,2.4038461538461537,-9999,-9999,20.94240837696335,0.0,1.0387324013154633,0.05281690176180322,1.2323943744420751,0.0,0.8978873299506547,7.904929630349882,4.330985944467864,0.22887324096781395,9.542253584965781,3.9436619718061894,5.017605633920601,11.210506357742336,2.07460983530376,0.0,0.1936619718942174,4.40140845022069,0.0,0.0,78.67796610169492,5.220338983050848,5.19376747902517,56.98458574181117,12.768647281921618,23.514538558786345,3.37126000842815,26.94327731092437,11.960478419136766,17209.99988,17758.87565,14250.0,17209.99988,17083.33456,5641.999962,8.626760621094526,0.0,5.878594249201278,7.747265066402758,16.031390134529147,9.134615384615385,-9999,0.0,4.746494066882416,76.8969422423556,11.266846361185983,27733.99981,200.9999986,1.0242587601078168,64.32616081540203,34.64788755574291,4.9471831316889014,0.8978873299506547,62.55154014067427,13.55808877031288,14.440894568690096,1980
13215010605,19.36995500283302,78.39104774054381,1.3798489700225536,0.15620931404660135,0.5727675114596015,0.0,0.0,0.26034886736638263,0.15620931404660135,0.0,0.13017443368319132,0.0,8.43061022432751,24.254217071097308,22.47375525649455,6.430446604781127,35.1351352130843,0.0,-9999,-9999,-9999,-9999,1.0153605652025146,0.0,0.10413954535324599,0.0,0.0,0.7550117137022568,3.1762561533242324,0.0,1.6922676939150167,0.104139546993415,1.6922676386848352,3.638850993913187,0.0,0.0,0.0,0.9112210363179046,0.0,0.0,77.59336422527386,7.883817191660134,10.968294698328835,47.811725103856006,16.84311940538897,24.25409119585629,0.5774783308938759,15.33447815796132,10.597519954895674,15064.99988,-9999,15177.16634,15064.99988,-9999,3532.999882,17.739521345513758,0.028012834573099228,12.735849027158121,12.444444112513773,17.924527907067,100.0,-9999,-9999,3.185595673073534,89.41345083707115,4.847645293005828,25746.99992,129.9999986,1.2465373852766564,67.2389145385971,26.65972361136821,10.466023993992534,4.868523973766574,39.66354053908675,24.231640763243835,11.477987290225904,1980
13215010606,19.369955516341854,78.39104112602912,1.3798490221185844,0.15620932091763443,0.5727675239738654,0.0,0.0,0.2603488542535183,0.15620932091763443,0.0,0.13017442712675914,0.0,8.430609828517763,24.254215710204743,22.4737528928212,6.430446462869402,35.13513364435688,0.0,-9999,-9999,-9999,-9999,1.0153605930530576,0.0,0.10413954727842295,0.0,0.0,0.7550117387995392,3.176256121810548,0.0,1.692267692776245,0.10413954704409456,1.6922676388807156,3.6388508036881264,0.0,0.0,0.0,0.9112210361671708,0.0,0.0,77.59335739195488,7.883817757298912,10.96829503401883,47.81172302641821,16.843118096457577,24.25408959544405,0.5774783408614603,15.334476037370013,10.597518945289012,15064.9997,-9999,15177.16492,15064.9997,-9999,3533.000095,17.739521223855153,0.028012835652821814,12.735849159671696,12.4444440026395,17.924529073224512,100.0,-9999,-9999,3.1855954929458803,89.41345568444916,4.847645147655744,25746.99879,129.9999968,1.2465373152059303,67.2389179268486,26.659724099995678,10.466024711322579,4.868523925892777,39.66353946982616,24.231638445525412,11.477987880472032,1980
13215010607,60.356261365606336,35.76907977758961,2.054349223241131,0.2860486209112095,1.378234316859529,0.09101547280761195,0.0,0.0,0.13002210246058793,0.31205305911213843,0.6371083261501727,0.07801326476651445,27.653631950109883,5.307262731302255,31.474103635723548,4.708439005756823,28.301887563214724,0.0,-9999,-9999,39.82300768175589,0.0,0.5460928259706274,0.09101547280761195,0.6761149503886669,0.18203094563826422,0.4290729534855482,5.733974627993313,4.19971407799179,0.0,6.826160103445503,1.5082564034913977,5.86399688005488,6.108500510298491,0.25630072838372026,0.0,0.07801326225511653,4.355740475411465,0.0,0.0,78.69553472273047,5.2125102604262255,9.573132549620903,54.148781152444045,11.176674914586277,22.283930431637273,4.304061362317473,21.72106847077075,9.253730671840021,14764.00002,16401.63923,12407.4083,14764.00002,-9999,4653.999827,13.118168089205874,0.006266528095026701,9.178744603972653,6.907682594535918,23.216225753142798,19.62264233306036,-9999,8.849557430406712,5.304929337699647,75.7829740176216,11.678525831938668,27246.00016,163.999993,3.3486813219837224,77.06220043869806,37.34234855359462,4.732804431994135,0.7931348666504072,58.50614856455525,15.690952978423931,17.053140916983427,1980
13215010608,60.356260985390904,35.76907918902762,2.054349309923659,0.2860486161486953,1.3782343110908382,0.09101547460089472,0.0,0.0,0.13002210858076338,0.31205304348740653,0.637108300838153,0.0780132608867735,27.653632087181524,5.307262300261554,31.474103520807592,4.708438926868823,28.30188765712588,0.0,-9999,-9999,39.82300648255444,0.0,0.5460928616916084,0.09101547460089472,0.6761149418312979,0.1820309491719457,0.4290729384137361,5.733974649049667,4.199713888884606,0.0,6.826160601035849,1.5082564037648942,5.863996880198626,6.108500457419347,0.25630072943850596,0.0,0.07801326225958505,4.355740477329044,0.0,0.0,78.69553595174011,5.212510106837945,9.573132331265024,54.14878262005021,11.176675659203317,22.283929750535876,4.304061155382723,21.72106796233706,9.253731514130092,14763.99961,16401.63918,12407.40745,14763.99961,-9999,4654.000112,13.118167332012105,0.006266528042873158,9.178743752961973,6.907682259489089,23.216226331388015,19.62264173430452,-9999,8.849557640923432,5.304929158169552,75.78297658927804,11.678526809521454,27245.99914,164.0000051,3.348681631141376,77.0621967144885,37.34234864283753,4.732804422112955,0.7931348084060849,58.506147910485886,15.690953420361627,17.053140191249362,1980
13215010701,61.72919364455765,33.41957741846467,2.673566193477174,0.4312203537866409,1.423027167495915,0.0,0.021561017689332045,0.0,0.08624407075732818,0.4312203537866409,0.6252695129906294,0.06468305306799614,21.58783783783784,10.337837837837839,32.608695652173914,3.9002557544757033,33.13253012048193,0.0,-9999,-9999,0.0,0.0,0.7977576545052857,0.08624407075732818,0.927123760641278,0.12936610613599228,1.0564898667772702,5.670547652294328,3.0616645118851507,0.30185424765064867,4.376886590934405,0.30185424743503847,3.579128934273018,6.433566436565765,0.0,0.12936610607130922,0.0,2.8244933151463965,0.0,0.0,75.99198396793587,9.97995991983968,7.855731225296442,55.45189504373178,15.549597855227882,20.214477211796247,3.4316353887399464,24.163213261077463,10.971281058405937,15892.99999,16143.29277,14557.29245,15892.99999,-9999,5641.999997,14.510904778454288,0.013988517691206442,9.516256938937351,11.344395533811173,20.78005115089514,13.25301204819277,-9999,17.073170731707318,7.591785936527692,72.5925925925926,14.872433105164903,27034.99999,188.9999999,7.9029247044181705,67.27272727272727,32.44933162244473,7.2660629613048995,0.8408796898839498,60.16801853997683,15.15063731170336,14.353687549563839,1980
13215010702,32.47846130830325,65.17731933122177,1.3624524176216048,0.1202163897901416,0.801442598600944,0.0801442598600944,0.0,0.0400721299300472,0.1202163897901416,0.200360649650236,0.3205770394403776,0.0400721299300472,21.56511350059737,6.093189964157706,29.978586723768736,5.873355766289385,42.1875,0.0,-9999,-9999,-9999,-9999,0.400721299300472,0.0801442598600944,0.3205770394403776,0.1602885197201888,0.0,4.22760970761998,2.5445802505579973,0.3406131044054012,4.448006422235239,1.6429573231247223,2.7850130241274607,7.160008748910739,0.6985374389181209,0.16028851933950355,0.0,2.183931075176753,0.12021638948960062,0.0,71.49304249717939,10.342233922527265,9.947393591582975,57.41701244813278,19.065321295804566,17.100371747211895,3.4519383961763146,24.772036474164135,9.930366333636089,17146.99996,18960.39659,16666.66552,17146.99996,-9999,5234.999987,14.225606125166756,0.009634653759890975,10.770381451009722,9.617682221308678,15.937595594983176,0.0,-9999,-9999,4.858044164037855,87.40053050397879,3.533123028391167,28501.99993,174.9999996,5.3627760252365935,69.89389920424404,34.46203173984059,6.631937503422812,0.9216589883910856,57.28395061728395,15.829903978052126,14.584891548242334,1980
13215010703,18.610083449227968,79.57952002138487,1.0901304112518475,0.09733307243320066,0.5061319766526434,0.0,0.019466614486640135,0.0,0.0583998434599204,0.1751995303797612,0.2335993738396816,0.0,20.0,7.357512953367876,29.673807205452775,4.722492697176241,-9999,-9999,-9999,-9999,-9999,-9999,0.291999217299602,0.0583998434599204,0.4087989042194428,0.0,0.33093244627288226,2.3749269673700963,0.583998434599204,0.2530659883263217,3.3093244627288225,0.6034650574564884,2.1997274681369183,5.471898121808403,0.1060445372443489,0.17519953279362138,0.13626630329474254,1.5378625656631801,0.0,0.0,61.04783599088838,13.819286256643888,11.170688114387847,63.206577595066804,19.869215291750503,14.386317907444669,1.9617706237424548,23.161094224924014,9.650390060676106,14430.0002,17500.0,15305.55635,14430.0002,-9999,5580.000077,16.35796428905918,0.005321849858090984,13.295615275813295,6.010362611463396,19.048780487804876,-9999,-9999,-9999,8.665231431646932,62.99351797289334,28.094725511302475,36422.0005,156.0000022,0.48439181916038754,75.78078962875662,34.455907641353036,5.100252995499715,0.6423982780591244,54.73882606354335,18.12062466343565,23.55021216407355,1980
13215010801,51.869324459718406,34.564713521982476,9.533559057113472,0.8723517859686879,2.2520918962373946,0.27594801665417357,0.0,0.04450774265616153,0.3649635153801598,0.10681858642730543,1.2551183957854173,0.05340929322786211,19.35588167450696,0.0971030889906588,30.58018731379253,0.22802127153542112,21.381886362052057,0.5602240769464866,5.8823530080104565,0.0,15.209124448544605,0.0,2.8395940640821773,0.27594801665417357,4.655510230601108,0.09803048026272555,1.942785749471711,5.498618835008973,4.928259360930396,0.42776936101655033,5.454059292287762,4.090544514027252,2.7270296763026853,12.152560540938747,1.4524555368245997,0.0,0.15150164868980512,1.3546029764101508,0.0,0.0,68.58513477510486,9.912070385853598,28.415302005429286,31.643000519229332,12.213740798647377,14.503816761243796,1.1450382000255088,9.154929134394212,2.6291407482875253,9919.000432,10516.08602,9401.407874,9919.000432,9204.545611,3719.000085,17.896957360002443,0.0,12.94352758248751,12.386432774520376,24.07079628073926,34.40514515053911,-9999,5.092592501200481,2.707838298513488,0.48828123147137,82.59032812176503,65000.00247,191.9999958,11.027686169506989,99.02200921815866,31.475878179951035,0.08011393812245707,0.0,52.25017092308934,2.9656125945428022,3.298350685861843,1980
13215010802,51.8687693825273,34.565744748837034,9.5332002927597,0.8723206392082781,2.2520490483800018,0.275930826243124,2.4393958848947995e-06,0.0445049708726267,0.3649614842678711,0.10682534179997753,1.2550974802164843,0.0534084019701508,19.355873487887663,0.09809594207936963,30.580534525866444,0.2286841951833146,21.381922954278334,0.5602193142815788,5.882352740817597,0.0,15.20869809609703,0.0,2.839475748074178,0.275930826243124,4.655322446210324,0.09802436340333914,1.9427085155605635,5.498545311255627,4.928116690383571,0.4277499807476307,5.454004963257441,4.090324682704499,2.7270878612977243,12.15209243530851,1.452359135537008,0.0,0.15150196404451596,1.354638119458251,0.0,0.0,68.5861213499706,9.91208282860167,28.410216868861596,31.64499763306525,12.215353396916774,14.50418356494373,1.1455651095728923,9.158145296917654,2.6296907151965647,9919.280713,10516.66728,9401.698361,9919.280713,9204.545376,3719.080625,17.897263818084276,3.971750978139774e-06,12.94354894665488,12.385840006878944,24.071746028823352,34.40464424191402,-9999,5.094130886961454,2.7084373084782785,0.4945855071230973,82.58326476553435,64491.59491,191.9959454,11.028949117879074,99.01890336362538,31.475969405781026,0.08083588520892315,0.00011709073030194922,52.25032131624147,2.9666982399736854,3.2994543777178564,1980
13215011100,55.13085020213515,42.79538049902776,1.2124384888957622,0.2346131442330548,0.5479718475507537,0.0787455590846441,0.07712202606376661,0.1558675851484107,0.0787455590846441,0.03937277954232205,0.11811833862696615,0.0,11.208199838777412,44.370771831536025,13.716814159292035,31.41592920353982,-9999,-9999,-9999,-9999,-9999,-9999,0.5053520019666766,0.03937277954232205,0.43310057496554255,0.24648681895323735,0.8627038663363308,2.6978031927579798,6.778387521214027,0.27571011898431036,1.2514935376847862,0.0,0.24648682108945646,3.185513409133173,0.720819954771872,0.0,0.0,0.0,0.0,0.0,82.7657211359699,5.018755018511466,12.684609327781597,25.71941239942703,18.81224848652198,35.21367771292714,4.126006037605265,14.846272876486744,14.536395957609193,7105.598167,10934.51372,8333.333022,7105.598167,-9999,4918.341413,27.783599717089306,1.6190865849098208,16.39918944142447,26.0790459972756,30.369127516778523,-9999,-9999,-9999,21.59568604377305,20.66436006881073,59.404179020021544,25505.57116,103.7188794,74.65900229499434,79.23447483333358,15.09154724234279,36.52497576224488,15.999161047963335,29.51120567862046,46.79464544307005,18.357300930567416,1980
13215011200,54.78547872866494,43.857719249988804,0.5867253411369739,0.33003300438954786,0.44004400585273046,0.0,0.0,0.2566923367474261,0.0,0.0,0.0,0.18335166910530437,12.922868741542626,33.01759133964817,17.64199655765921,31.755593803786574,-9999,-9999,-9999,-9999,-9999,-9999,0.18335166910530437,0.0,0.14668133528424349,0.0,0.0,2.6885735713955046,3.3233756646416657,0.0,1.643017182519475,0.18670649760282243,1.6430171787853454,2.4171540045826063,0.19493177456311342,0.0,0.0,1.3069454831077332,0.0,0.0,77.05263157894737,11.473684210526315,11.425959780621572,38.71975019516003,24.251805985552117,21.981424148606813,3.3023735810113517,14.798206278026905,15.64102564102564,8404.66431,14504.21911,7633.928506,8404.66431,-9999,5574.532436,22.758358740435117,0.5502003685227216,9.697933227344992,11.658570469558835,37.091222030981065,-9999,-9999,-9999,10.212474297464016,36.94656488549618,41.19278779472954,24425.58465,93.32929753,69.07073509015257,61.93050193050193,19.581958260446505,31.243124415543864,10.341034137539166,40.19222367846221,34.73132372214941,16.216216216216218,1980
13215011400,97.80355231845067,1.5024741180591654,0.36527027993273825,0.07306066682256056,0.21911589177887872,0.0,0.03651931529647978,0.0,0.03651931529647978,0.07303863059295956,0.0,0.07303863059295956,21.5566835426955,28.29330688060234,28.0254766581639,13.234251498029108,-9999,-9999,-9999,-9999,-9999,-9999,0.18262595813404,0.0,0.03652666071851989,0.0,0.22444322954404944,0.8978820162893587,8.379718009952843,0.07481440984801647,0.48634633186035187,0.0,0.4863463348529283,1.0349942846776035,0.0,0.0,0.0,0.29928397088472003,0.0,0.0,97.71361278236682,0.5862835106404353,11.274385985735226,42.205277953664385,5.681795634792873,51.85815447996738,0.9299576554971997,12.590230404744897,19.28918161698524,9190.148774,10870.91877,8349.139742,9190.148774,-9999,4670.022145,25.34157794299241,0.4067033756131355,12.433510658760168,17.66532974452289,42.1540651035414,-9999,-9999,-9999,8.126997805322636,50.743760011933254,20.83690693107665,13923.10947,92.56750258,85.56656944932428,49.43824119924016,26.18747454030827,25.711654685432226,5.734079736183181,55.11518027691758,28.9768722745086,11.230222376895595,1980
13215011500,78.15235041036647,11.53970831442989,5.3484603142722795,0.43760129844045925,4.473257717391362,0.06482982199117915,0.16207455497794787,0.1296596439823583,0.6482982199117915,0.5996758534184071,2.528363057655987,0.16207455497794787,19.171597633136095,9.60552268244576,32.23249669749009,0.0,14.705882352941176,8.169934640522875,-9999,-9999,20.851063829787233,2.127659574468085,1.2479740733301987,0.17828201047574266,2.3338735916824493,0.097150259476345,0.874352335287105,8.905440451998292,3.966968928617421,0.30764248834175917,11.382772068645089,3.626943002639332,8.694948171319405,12.840399917443985,0.9479489871938512,0.0,0.0809585488673773,4.323186512694761,0.0,0.0,73.91304347826087,8.667048054919908,9.509981851179674,52.627356598475735,16.044925792218212,17.368632170076214,3.9711191335740073,27.993564697770626,10.54256726951919,16998.73769,18911.75721,10789.47382,16998.73769,11710.52679,6205.293814,10.968475834445949,0.017930526172602157,7.382169222032936,7.824881176698151,24.966974900924704,4.248366013071895,-9999,26.382978723404257,7.212558336868901,68.08413351623228,6.228373702422146,29548.09388,168.6704871,4.7145328719723185,67.1875,27.941653278198213,8.962722890280517,0.7779578638941498,63.700331125827816,15.066225165562914,10.391822827938672,1980
01113030200,57.396565676132404,42.44982479825356,-9999,-9999,0.15360773179234788,0.0,0.08580902137035011,0.0,0.045199140281331845,0.022599570140665947,0.0,-9999,26.888878739142775,22.332230987920735,45.4908648394905,8.281608826247844,-9999,-9999,-9999,-9999,-9999,-9999,0.0,0.0,0.2711948417063164,0.0,0.0,0.13351001792209807,0.0,0.0,0.2746794276792524,0.0,0.2746794276792524,-9999,-9999,0.0,0.0,0.0,0.0,0.0,96.97963131757768,1.864378284634971,6.722505347526131,48.87289626309582,5.4920063832067765,38.11868204583568,5.565996419233611,34.39363991712337,34.99895434368901,2854.734512,-9999,-9999,-9999,-9999,2323.919,47.21735565990627,6.605129077951249,27.62377598934898,33.89584859477916,69.53616510562568,-9999,-9999,-9999,5.413914263379772,23.307592830168346,45.198697660519386,9404.259343,38.92464041,51.607422157656224,73.0642725916943,38.71883853727857,16.333462235633437,3.487431943560892,48.060686030016214,27.590912066502526,15.512211623140226,1970
01113030300,92.22884386174027,7.6281289855160885,-9999,-9999,0.11918951539868886,0.02383790251089061,0.0,0.0,0.0,0.09535161004356234,0.0,-9999,26.466787556986983,14.603257438542729,34.68749883667199,13.750000119315704,-9999,-9999,-9999,-9999,-9999,-9999,0.2145411254433697,0.0,0.0,0.0,0.0,0.8462623613228495,0.1645510097071363,0.0,0.8913097512423062,0.0,0.8913097512423062,-9999,-9999,0.0,0.0,0.30559472907307417,0.0,0.0,96.24060398994344,0.8771929781872848,2.679059644013991,44.61444361280039,12.808988288554625,39.21348190989367,4.325842490461261,41.742797607240966,11.01134209567734,6999.99998,-9999,-9999,-9999,-9999,3329.8,19.673295678503763,3.409090989062797,9.15966415900757,16.003250043848272,100.0,-9999,-9999,-9999,8.59934818354047,64.36208224136857,12.573289653381746,10887.09674,50.13333314,47.2185442643642,59.39306122398476,30.965435529456926,14.541120400808417,2.9558998089579522,64.87075629563131,16.163189736044234,4.789915942185888,1970
01113030401,94.76768949351077,5.175456865859271,-9999,-9999,0.05515864164558475,2.289832781265422e-05,0.0018445749170739353,0.05135500016790895,0.0,0.0011983382186328529,0.0007378299382548229,-9999,29.155030609641212,11.326611245458741,41.44925407823882,14.366544775955804,-9999,-9999,-9999,-9999,-9999,-9999,0.000206084951844395,0.0,0.12838750043817096,0.0,0.36275271701374123,0.6385807903983507,0.00016026509280221826,0.0,0.01619984848875404,0.0,0.01619984848875404,-9999,-9999,0.0,0.0,0.0028796662118273733,0.0,0.0,82.06516050847999,10.281393080589682,1.824715930978225,43.86712771566196,27.198157533864716,27.67977839446756,9.170556916482806,44.37679561083413,14.106219946888025,8938.685363,-9999,-9999,-9999,-9999,4027.732,7.5648915782345885,1.3310095281323995,4.712956269773763,6.1022148583645395,39.66019516556356,-9999,-9999,-9999,5.7546262230982865,80.21471497169563,7.698869171998226,16876.20201,67.53769634,6.829401248060945,74.33639346403503,33.74983029462246,11.477894148100367,4.311983818590213,67.97929158954203,12.799659116303062,1.3099791021066771,1970
01113030402,94.76768949351113,5.175456806832631,-9999,-9999,0.05515864303652184,2.2898329387791714e-05,0.0018445749249538681,0.05135500154675079,0.0,0.0011983382574287799,0.0007378299850762561,-9999,29.155032908371126,11.326610920284716,41.44925515451378,14.366544226282286,-9999,-9999,-9999,-9999,-9999,-9999,0.00020608492869140702,0.0,0.1283874966408264,0.0,0.3627527219451192,0.6385807871797793,0.00016026507486035024,0.0,0.016199849034047493,0.0,0.016199849034047493,-9999,-9999,0.0,0.0,0.002879666380527987,0.0,0.0,82.06516540520947,10.281393990397419,1.8247159884994224,43.86712667420422,27.19815549214107,27.679776943275833,9.170556481286871,44.376795382204904,14.106220151989172,8938.685867,-9999,-9999,-9999,-9999,4027.732,7.564891587288289,1.33100951730218,4.712955957344675,6.102214819110397,39.6601967047514,-9999,-9999,-9999,5.754625589880916,80.21471645231443,7.698868647080649,16876.20246,67.53770122,6.829401098361694,74.33639066170255,33.74982920039489,11.477894401974357,4.311983863280105,67.97929191149392,12.799659097100982,1.3099790267991032,1970
01113030500,95.56849399270874,4.342957535195369,-9999,-9999,0.008312934745111978,0.0,0.004156467372555981,0.0,0.0,0.0024938803020300424,0.001662586918646504,-9999,21.609915654287985,19.82316638380673,33.852259949755485,14.02271174632845,-9999,-9999,-9999,-9999,-9999,-9999,0.0,0.0,0.0,0.0,0.007832703267388585,1.3318207635461268,0.0,0.0,0.037349142400357395,0.0,0.037349142400357395,-9999,-9999,0.0,0.0,0.006092102930190639,0.0,0.0,92.45539259525647,1.2036164543941523,4.376572790394833,44.101858918475806,16.56012731190332,38.56553684799059,5.602099917076994,30.478627306795804,6.868099812982904,4757.807848,-9999,-9999,-9999,-9999,3506.807,17.265602287402306,5.33799072017182,5.7002684016209155,18.560878479746478,31.927903028939475,-9999,-9999,-9999,5.715697600791432,52.55480454178665,19.473141157721365,11882.47123,52.56357857,15.892788514529487,64.15951562524428,25.337233623845908,19.55453284205754,5.784430885341091,63.41190595670905,19.17957042153304,6.811555842022961,1970
01113030600,71.0348863147884,28.898720665382953,-9999,-9999,0.06478697113531971,0.0,0.03243118198339144,6.439702328862941e-06,0.02839678573817303,0.0023879046892377846,0.0015646590154649734,-9999,32.86332681608914,8.148716448083723,35.78458192952731,8.21590672113431,-9999,-9999,-9999,-9999,-9999,-9999,0.0,0.0,0.0,0.0,0.007031010914844363,0.014960907236209816,0.0002860089772545578,0.0,0.5694804090043861,0.0,0.5694804090043861,-9999,-9999,0.0,0.0,0.005836290083793317,0.0,0.0,95.69352559883853,1.5588356782871173,3.219531268808762,46.73949927336979,11.398855229133382,34.3243267766657,6.281712421903346,40.721648923581526,10.527980160272037,8303.852005,-9999,-9999,-9999,-9999,3107.522,16.183098148392887,2.6624627293775487,8.819315278124277,8.891486778184875,38.8107535479169,-9999,-9999,-9999,6.62101712646126,68.00555696797474,8.094341020095827,12718.35538,50.98764835,12.964479334964736,77.84806526051084,37.61808284954721,8.163505295491682,1.8294602002637508,66.63305274904583,11.528371586041718,5.99294702495866,1970
01113030700,52.07224983352712,47.80249317608755,-9999,-9999,0.1013302468825849,0.0,0.07702726491841193,0.0,0.0003680619515791757,0.023934921440006307,0.0,-9999,26.40080761007783,17.544472226329894,34.01661584364134,12.544181436500462,-9999,-9999,-9999,-9999,-9999,-9999,0.0,0.0,0.0001099489373359449,0.0,0.0,0.5352768959109089,0.17029759193510136,0.0,0.03932568488742842,0.0,0.03932568488742842,-9999,-9999,0.0,0.0,0.21895405674154553,0.0,0.0,94.0134125316832,3.0115397190207904,7.912083817242381,47.670501689454454,16.496118100028216,31.369376547349958,5.8279941971175795,34.57955130669638,25.6933448069923,4626.805947,-9999,-9999,-9999,-9999,2362.583,35.64026829278799,6.00300559462762,17.524192272332765,12.998461518695436,61.9906964223845,-9999,-9999,-9999,7.778046286593593,56.48440944594424,11.78194740094302,8609.661372,42.36227191,51.898948892248896,55.62787520117504,34.292734719985326,15.132233230360775,3.268979751909737,56.15053070093384,21.05672487678005,9.411355639163173,1970
01113030800,10.186841333952584,89.78326332282816,-9999,-9999,0.028435084455728156,0.0,0.003651724867390448,0.021131634720947215,0.0,0.0021910348259474364,0.0014606898839649568,-9999,26.98521309361682,12.590247645849699,39.19552544770111,10.849893441979383,-9999,-9999,-9999,-9999,-9999,-9999,0.0,0.0,0.0,0.0,0.006564235123658386,0.0131284702684246,0.0,0.0,0.029163043784071033,0.0,0.029163043784071033,-9999,-9999,0.0,0.0,0.005105516500454118,0.0,0.0,96.95130328814622,1.9364351605073358,5.602369276854275,48.75443030893588,5.329387426069326,37.011453286312474,3.2594785637382953,22.372842160411803,9.526732916339741,3895.639939,-9999,-9999,-9999,-9999,2094.143,42.7481731712202,3.8441004127850458,30.64011708787991,14.755241688080563,50.714262446625334,-9999,-9999,-9999,4.747267746154147,43.264842790954106,33.17576778350587,8794.314801,40.77539615,22.56725665849914,63.35463029239072,42.161805480797504,11.024667527715119,2.203774721054614,50.03819663220061,21.905818208822627,15.940274897488253,1970
01113030901,63.25378939829312,36.62158042028478,-9999,-9999,0.10389123400226935,0.0,0.051945617001134675,0.0,9.745222292192337e-05,0.031108897744096083,0.02073926563057723,-9999,32.41374616348863,7.947426570194964,42.134402471212525,7.382288849653275,-9999,-9999,-9999,-9999,-9999,-9999,0.0,0.0,0.0,0.0,0.09157003017797291,0.18314006035594582,0.0,0.0,0.42147631603389984,0.0,0.42147631603389984,-9999,-9999,0.0,0.0,0.07122113823334054,0.0,0.0,94.88654962507351,1.012068468042555,4.168764692203307,37.53177601028984,8.811944444597883,37.76521836662423,5.126043455937985,31.18177330876275,14.802941660936403,6469.567929,-9999,-9999,-9999,-9999,2768.662,24.140830221916307,2.413523900429504,13.927139583476183,13.121968823498216,44.722260205504085,-9999,-9999,-9999,5.8370493648455986,71.80363176446956,3.0420517553580773,9787.8887,31.47939262,19.68016390628358,72.5437396007232,39.782444853160435,7.740928887095258,1.5924010253441065,65.76934856007065,11.690438736308103,5.498088402942103,1970
01113030902,63.226881487856964,36.64828592226947,-9999,-9999,0.1040257934706429,0.0,0.05201289673532153,0.0,4.423883265230768e-09,0.031207734671608766,0.020805155851694138,-9999,32.41197694133751,7.946692757205574,42.15157893963009,7.3800741593376475,-9999,-9999,-9999,-9999,-9999,-9999,0.0,0.0,0.0,0.0,0.09185547019710448,0.18371094045307593,0.0,0.0,0.4209908265382438,0.0,0.4209908265382438,-9999,-9999,0.0,0.0,0.07144313959160487,0.0,0.0,94.8836166313208,1.0101011263756856,4.17278852386935,37.50000010221115,8.800982019025108,37.779822719468015,5.121128804086914,31.145096926082754,14.817504258639845,6463.918282,-9999,-9999,-9999,-9999,2767.492,24.16776794692541,2.412704938570438,13.945856831315956,13.137838194588124,44.73683960881788,-9999,-9999,-9999,5.834222766268509,71.81715091607786,3.023835742840275,9777.919046,31.40000469,19.70443235527867,72.52456702882266,39.789868216692625,7.739519346701819,1.5915948016341954,65.76617791021617,11.691086299114032,5.496308537961098,1970
01113031000,42.522368981678696,57.47763085622949,-9999,-9999,0.0,0.0,0.0,0.0,0.0,0.0,0.0,-9999,28.056112099988514,13.527053829767782,44.25500573578604,7.487027173218574,-9999,-9999,-9999,-9999,-9999,-9999,0.0,0.0,0.0,0.0,0.8325624135896394,0.0,0.0,0.0,0.0,0.0,0.0,-9999,-9999,0.0,0.32377428164514865,0.0,0.0,0.0,93.5185212425512,3.0555554532307014,2.8443115295516805,27.419354976600413,6.933744283637863,30.816640212744147,9.399075217732879,33.105335050807255,2.573879795793812,2845.07053,-9999,-9999,-9999,-9999,2162.542,49.22789141564398,6.036499946139312,26.746507712948926,26.85904489955271,70.68062795022563,-9999,-9999,-9999,13.96011369999756,53.64238782047237,1.1396010989579533,8333.333302,17.41525462,43.555556257714976,64.7933863394986,41.9258637322259,10.055389907674256,2.2582019267096345,58.176098862649916,14.21383627782355,4.191616674569974,1970
01113031100,16.60657190940645,83.3934272088416,-9999,-9999,1.1574600456074545e-06,0.0,0.0,0.0,0.0,1.1574600456074545e-06,0.0,-9999,24.337461510786117,22.776199349025433,42.28030881252251,14.507485856386253,-9999,-9999,-9999,-9999,-9999,-9999,0.0,0.0,0.0,0.5181089927293838,0.0,0.0,0.0,0.0,0.5495824957115791,0.0,0.5495824957115791,-9999,-9999,0.33677082293470173,0.0,0.0,0.0,0.0,94.20844963851405,2.5231408008744904,9.607459269110405,36.84585588273434,6.909138841015144,33.74639956213569,13.81745455666796,11.153539476391673,11.982782309418388,2580.019639,-9999,-9999,-9999,-9999,1583.477,64.01549943603872,7.305623830136137,36.761491492913486,12.28511523833621,77.97313875265287,-9999,-9999,-9999,10.817927187140924,50.49291495093254,2.726475432717946,5339.379725,14.05923718,45.686468421295864,59.66448521608551,44.81870134583611,15.880636738066354,4.533622514030085,47.764867981122165,18.98019170382676,12.174917071166496,1970
01113031200,23.723055618624617,76.23044187756037,-9999,-9999,0.023250416323592375,0.0,0.0,0.0,0.0,0.023250416323592375,0.0,-9999,31.198122473998325,12.77064855347257,44.43326594757554,11.772080074679563,-9999,-9999,-9999,-9999,-9999,-9999,0.0,0.0,0.0,0.0009635366660242034,0.0,0.0,0.0,0.0,0.001034908567989018,0.0,0.001034908567989018,-9999,-9999,0.0006262988445414581,0.0,0.0,0.0,0.0,88.63132143905855,6.80864860195876,4.3338727309408105,27.990394900342164,15.013934784599035,27.640560400866388,11.993281842928377,19.54603829319301,15.752747498207675,2964.420624,-9999,-9999,-9999,-9999,1715.034,63.10442305055598,5.7796889926897865,42.437130669159274,36.38712596989109,74.81578437154508,-9999,-9999,-9999,10.484574532169354,46.35505170375248,2.777669622330637,7667.079316,14.14457181,42.173918426481315,54.96484345310274,45.816916123573,12.02674781371977,3.4029917373856162,51.12872783024416,14.85470256977498,11.671490893337188,1970
13053020100,61.92219679633857,37.34553852739532,-9999,-9999,0.6864988751871763,0.0,0.3661327319603118,0.04576659149503898,0.0,0.1830663659801559,0.09153318299007795,-9999,34.44197968024542,7.538802816182467,45.34313491643412,9.313725434518268,-9999,-9999,-9999,-9999,-9999,-9999,1.6018307383438162,0.0,1.693363827365958,0.0,0.5522319172883791,0.3681546338721591,0.0,0.0,1.2719564026937118,0.0,1.2719564026937118,-9999,-9999,0.0,0.0,0.3681546338721591,0.0,0.0,94.6386949286356,2.6806527634021915,5.373831856353451,22.362869687464734,18.02469103819522,13.580247208938012,1.4814814356456347,52.91666606268331,17.31898261858006,3076.923218,-9999,-9999,-9999,-9999,1913.754,45.80435893937923,2.2253128541248524,31.57894722433824,39.553428826035656,66.93877365213312,-9999,-9999,-9999,8.030302565750754,57.331137635252546,5.606060325910765,7797.618755,62.22222116,25.825827190261634,77.22930144292752,42.88329510135971,8.146452882924262,2.3340961579622057,63.84142299027686,11.825016990370896,9.255898130635142,1970
13053020201,82.00863382427626,15.549347599911027,-9999,-9999,1.33739628014755,0.19045200812477595,0.5248011015043907,0.06348400270825844,0.17775520991739685,0.29202641712653465,0.08887760495869818,-9999,14.078546759298929,0.22707333299103116,18.644529678615687,0.13609145730268737,-9999,-9999,-9999,-9999,-9999,-9999,0.6348400271399515,0.16929066994693284,1.1850347483724277,0.15651438255741953,0.25380710931612527,2.559221747600622,0.10575295832116713,0.17766497889431504,3.1454351361389405,1.2209254634523126,2.1314461554646473,-9999,-9999,0.0,0.06345177732903132,0.8883248824841173,0.025380712093661998,0.0,60.75161317750773,22.592838795341304,17.54385900403779,12.452592489051579,24.255317456924082,6.808510151387542,12.765957049122312,34.890963408756456,4.958844642854658,2655.949552,-9999,-9999,-9999,-9999,2959.492,2.189719358716501,0.0,6.115108304637727,1.5892420082365912,6.068162627528129,-9999,-9999,-9999,2.658486658744722,10.014005613059783,61.281527598183146,6250.000091,0.0,33.88090389778398,100.0,17.043338942328486,0.20738106462037187,0.05078720450087948,31.504383233080905,3.03797458704056,1.0791367364523126,1970
13053020203,81.89829983025093,15.669073649777808,-9999,-9999,1.3338209904101133,0.18940585186953585,0.523929524145169,0.06338668127127305,0.17677879638829705,0.2914278915288077,0.08889218627335235,-9999,14.163119937649567,0.2574400525791428,18.994064230377884,0.2562438792653284,-9999,-9999,-9999,-9999,-9999,-9999,0.6401516441327435,0.16836075940196168,1.1878269151126988,0.1556597787481934,0.2554365670716558,2.547258062644076,0.10517553256644749,0.17669488133593503,3.1378199985002118,1.2159628172296304,2.127952584661546,-9999,-9999,0.0,0.0631053175667967,0.8854846239230463,0.025242128002956707,0.0,61.133424742944946,22.36848540992853,16.5421100727299,12.711663212966368,23.67382748097257,7.440502374687025,11.712800769607473,36.36888344157944,4.996826919221371,2656.80823,-9999,-9999,-9999,-9999,2953.748,2.425960968659838,0.012053557854548645,6.704049623706311,1.7397775920658793,6.799692088602268,-9999,-9999,-9999,2.7990570445103975,11.185565429290833,59.82460808698889,6446.400368,0.740149163,33.667400785108015,99.40872441422547,17.185276857084165,0.25099008427595354,0.06332932813474837,31.64136834798966,3.075198255529893,1.2682533056199679,1970
13053020205,82.00863382427632,15.549348608318827,-9999,-9999,1.3373963347872384,0.1904520022009527,0.5248010985037429,0.06348400283464775,0.17775520793701408,0.2920264193423699,0.0888776039685069,-9999,14.078546642333155,0.22707332699058863,18.64452819079346,0.1360914484973696,-9999,-9999,-9999,-9999,-9999,-9999,0.6348400157766412,0.16929067003661014,1.1850347028136836,0.1565143864416401,0.25380710979928156,2.559221613342253,0.10575296452141862,0.17766497683307383,3.1454349047623436,1.2209254374996699,2.131446108896889,-9999,-9999,0.0,0.06345177744982039,0.8883248465122549,0.025380710979928153,0.0,60.751613193469666,22.592839653382924,17.54386063732754,12.452591116341454,24.255319110818384,6.808510662899115,12.765957095887348,34.89096498690298,4.9588448272380035,2655.94942,-9999,-9999,-9999,-9999,2959.492,2.1897192913452157,0.0,6.115107660994999,1.5892420236047429,6.06816323004904,-9999,-9999,-9999,2.658486565565678,10.014005317121352,61.281522913138666,6249.999969,0.0,33.88090323699733,100.0,17.04333764650961,0.20738107802751252,0.05078720226771831,31.504382868641663,3.037974605969467,1.0791366774488145,1970
13053020206,82.00863382427629,15.549348726894985,-9999,-9999,1.3373963098494095,0.19045199906058652,0.5248010765229383,0.06348400357588654,0.17775520534565326,0.29202641100444415,0.08887760267282646,-9999,14.078547303309435,0.22707334115417147,18.644529040791515,0.13609144408956686,-9999,-9999,-9999,-9999,-9999,-9999,0.6348399968077713,0.16929066582628016,1.1850346607513376,0.15651438285131478,0.2538071127850347,2.5592217502493155,0.10575296493753632,0.17766497427368885,3.145434864224989,1.2209254357582606,2.1314460544336584,-9999,-9999,0.0,0.0634517781799552,0.8883249023450387,0.025380710880698782,0.0,60.751614118315,22.592840302926245,17.543860034275877,12.452591795154554,24.255318253044813,6.808510525447804,12.7659574291517,34.89096331362269,4.958844702356146,2655.949585,-9999,-9999,-9999,-9999,2959.492,2.1897192538590864,0.0,6.115107784925091,1.5892420107050846,6.068162656175098,-9999,-9999,-9999,2.6584868387346896,10.014005766627362,61.28152953813279,6250.000023,0.0,33.88090320858419,100.0,17.04333844217816,0.20738107808862793,0.05078720208290433,31.50438065956068,3.037974800397776,1.0791367334956465,1970
13215000200,99.56845569531666,0.372099144249683,-9999,-9999,0.05916464524023119,0.0,0.029582322620115595,0.0,0.0,0.029582322620115595,0.0,-9999,29.679124943679884,8.12226930251908,64.65635893244487,9.307076158756177,-9999,-9999,-9999,-9999,-9999,-9999,0.0,0.0,0.0,0.0,0.0025246140743364915,0.38457019409045595,0.0,0.2366585809787421,1.2814239031337509,0.025973961052293434,1.2554499420814575,-9999,-9999,0.0,0.0,0.0,0.0,0.0,72.09999077769973,14.504867890607498,0.6119531530434,49.330186627055205,28.567216456928193,21.753022642376006,7.744328680468718,59.362318678410034,7.178398094284192,10712.20996,-9999,-9999,-9999,-9999,4578.16,3.102240227551533,0.594732091926922,2.3756156128353423,3.2685693567809735,-9999,-9999,-9999,-9999,1.512354077547201,90.35600017472945,1.3196476023613837,17620.21923,86.85963447,3.618660134534674,77.34596829014845,34.32713641643276,8.122130177576349,1.3748124745383996,70.32990109394747,8.960099633978169,3.789796639115428,1970
13215000300,51.68849069607175,48.21961953256271,-9999,-9999,0.06891798830857736,0.0,0.045945325539051646,0.0,0.0,0.022972662769525802,0.0,-9999,25.555555928869932,18.444443811530473,41.63887498103994,8.19437817682728,-9999,-9999,-9999,-9999,-9999,-9999,0.16080864074795123,0.0,0.0,0.0,0.0,1.0071235424553033,0.0,0.0,0.0,0.0,0.0,-9999,-9999,0.0,0.0,0.17194792759761013,0.0,0.0,98.12345496841307,0.6419752916123709,7.353906799228833,43.99477954403044,4.323175113969453,36.28632136286721,2.5513820297446452,32.3580042497872,25.23910691996582,4795.930369,-9999,-9999,-9999,-9999,2745.45,35.13916614337618,4.895626368895582,21.29925382932724,19.04243717514565,52.69935706945253,-9999,-9999,-9999,8.362862851766128,40.293890946442716,20.2693127987713,7983.693301,51.59137629,57.03479447836912,63.90243486454313,37.58327663603689,13.507925297656643,2.7107741547662787,55.65640190882281,21.94489553387376,11.501597024594876,1970
13215000400,99.90155057839046,0.024612355042599565,-9999,-9999,0.07383706512779878,0.0,0.04922471008519918,0.0,0.0,0.024612355042599565,0.0,-9999,33.33333392106847,5.42005433278873,-9999,-9999,-9999,-9999,-9999,-9999,-9999,-9999,0.0,0.0,0.0,0.1255650468334148,0.1757910631656846,0.8538422657938026,0.0,0.0,0.9242144482353214,0.0,0.9242144482353214,-9999,-9999,0.0,0.0,0.32646910028259385,0.0,0.0,88.59223573473204,4.660194182308395,1.260273948655368,52.4495670612063,19.08990001633484,39.178689881916014,2.9411765195920494,47.4921637478666,13.370997609190868,9913.792672,-9999,-9999,-9999,-9999,4052.908,6.113320048880398,0.14910536563282695,3.7140206490934986,6.761957084464838,-9999,-9999,-9999,-9999,2.8205128840570493,87.95075016892766,0.6837607041059857,14746.03245,81.94444812,1.5424164568373262,75.93583412772381,37.8291896946069,5.4393306698210315,0.7383706630155017,72.05375883057337,6.9951755482213365,5.199628837970187,1970
13215000800,81.26582278481015,18.481012577547585,-9999,-9999,0.18987341689261217,0.0,0.15822784741051013,0.0,0.0,0.03164556948210202,0.0,-9999,21.378504579567704,18.26323979565984,31.335616438356166,14.554794520547945,-9999,-9999,-9999,-9999,-9999,-9999,0.31645569482102026,0.0,0.0,0.41440866885504574,0.0,0.0,0.0,0.0,0.0,0.0,0.0,-9999,-9999,0.0,0.0,0.0,0.0,0.0,86.21964097148891,4.540654699049631,2.2044088176352705,52.71936185641769,17.96448087431694,26.91256830601093,6.284153005464481,41.007194244604314,14.725697722554727,7017.956388,-9999,-9999,-9999,-9999,3364.883,15.100882657183998,1.4817149997654444,7.081545064377682,6.46056279386992,59.73025048169557,-9999,-9999,-9999,4.705882352941177,58.37742504409171,22.689075630252102,13725.01161,64.22281453,28.32080200501253,60.33717834960071,27.246835324089844,17.563291062566623,3.354430365102815,61.24852741223804,18.72791511258817,9.012875536480687,1970
13215000900,98.71442838558148,0.7851399725524022,-9999,-9999,0.32172815400299926,0.00020631058247128225,0.07146075976395928,0.0,0.035678802236361905,0.03588511281883315,0.17849717711468752,-9999,22.721640842254775,13.47943138691918,0.0,86.36363794122224,-9999,-9999,-9999,-9999,-9999,-9999,0.0016504846473084005,0.0,0.0004126211618271001,0.0,0.0,0.4378422495868423,0.0018567952282609625,0.8225724340716339,0.005333667417741164,0.0,0.005333667417741164,-9999,-9999,0.0,0.0,0.005157764558654544,0.0,0.24975161351994488,76.97157044652526,9.86060047720128,1.1940628143114347,46.62135519034865,27.372016835266088,18.89225993308848,10.003547855099185,43.514323689295544,15.246972335196814,8614.765848,-9999,-9999,-9999,-9999,4463.165,6.591101310557343,1.3248608539182076,1.380646339287042,6.900661439506393,-9999,-9999,-9999,-9999,8.081556494736583,61.62440602486136,29.067701147434125,15526.80902,93.66170309,8.462539903082028,67.28446668025883,26.624588045858136,13.984144133056256,3.1105546098362558,65.68337886332138,13.886237743661713,5.370208642045263,1970
13215001000,99.7301275760549,0.04906771404701555,-9999,-9999,0.14720314508958027,0.04906771404701555,0.0245338570235078,0.0,0.0,0.04906771404701555,0.0245338570235078,-9999,31.07010948164005,8.019679919791988,-9999,-9999,-9999,-9999,-9999,-9999,-9999,-9999,0.39254171242509794,0.0,0.09813542809390742,0.0,0.0,2.3061825747519547,0.4416094352545168,0.4661432611914678,0.9636933704073898,0.0,0.9636933704073898,-9999,-9999,0.0,0.0,1.2266928127999543,0.0,0.0,60.183064509088574,21.60183019983879,2.788844593185283,46.545710435443695,39.57845368155424,14.34426239407122,6.850117159288364,56.65634541257536,11.606391976744986,10963.96368,-9999,-9999,-9999,-9999,5248.336,6.231599650952911,1.1285574140732428,3.185840704080073,6.643996907832787,-9999,-9999,-9999,-9999,4.20888557828348,80.63466514620829,7.794232152706139,22018.71541,81.52173286,4.598597156980553,75.58991107522135,35.89303296249866,8.022571077146385,1.5456329762640575,69.43797773673518,8.081144066585638,5.840707616668018,1970
13215001100,99.05913565674611,0.9394896800897052,-9999,-9999,0.0009164466823013452,0.0003054822365450679,0.00015274111827253366,0.0,0.0,0.0003054822365450679,0.00015274111827253366,-9999,29.230446947573782,12.286741225483665,9.375,31.25,-9999,-9999,-9999,-9999,-9999,-9999,0.002443857892921119,0.0,0.0006109644732302797,1.6435723463824776,0.2347960494832111,2.0688230975279116,0.002749340203143288,0.0029020811380294034,0.006404323069442515,0.0,0.006404323069442515,-9999,-9999,0.0,0.0,1.0642192788105977,0.0,0.0,37.744493140271665,35.06052525791711,1.1555564198553354,30.800794926364876,65.40925557091035,13.81535597334479,21.581064488531233,51.8115646524682,7.114546660860778,18698.18798,-9999,-9999,-9999,-9999,10078.51,2.533504270707692,0.5059676967266407,1.2361892217107502,2.141416084816095,-9999,-9999,-9999,-9999,1.8924570955860949,93.31949099188417,3.6877175863156304,39554.87646,86.3420482,4.320989285720487,63.04329939804725,34.47433396543585,12.464787460896238,2.2988841722399047,69.28828190235618,8.440887106360497,3.280668350917607,1970
13215001200,99.82601863975951,0.058225003784956146,-9999,-9999,0.08678251903177864,1.337640750772602e-07,0.028904306656385288,0.0,2.3132803823674457e-05,0.057739214901299483,0.00011573089947615567,-9999,14.613243749378501,28.367654294527135,0.0,86.36363348309874,-9999,-9999,-9999,-9999,-9999,-9999,1.0706308415845846e-06,0.0,2.6751342052531264e-07,0.8037516244229648,0.17861147209399217,1.548258929752736,1.2413497310532457e-06,0.11962446887385654,0.761836006578685,0.7618334757678785,2.5318265844685828e-06,-9999,-9999,0.0,0.0,0.386994972453214,0.0,0.00016703926458560113,46.09669943103799,30.91384737022546,1.1097165389681938,41.30351674088109,45.46655212601149,9.115392448678477,7.856209056590541,49.222399358254265,10.405103220405834,8732.816652,-9999,-9999,-9999,-9999,7309.358,5.171324914152012,1.938490419837643,1.1377007536622112,5.4786788667298065,-9999,-9999,-9999,-9999,7.6612623373120705,45.45101007859181,47.75636354272434,24056.85585,94.33938611,48.13283985987415,66.45161383359275,17.591768656515285,28.376455402221158,7.187652335044751,57.00687446279404,21.050050563053862,5.067420072671663,1970
13215001400,99.6385146237266,0.13144922608668155,-9999,-9999,0.13144922608668155,0.0,0.06572461304334078,0.0,0.03286230652167039,0.03286230652167039,0.0,-9999,25.923482524379345,26.385223943388645,-9999,-9999,-9999,-9999,-9999,-9999,-9999,-9999,0.0,0.0,0.0,0.0,0.0,0.5586592109007393,0.0,0.0,0.7282483618121135,0.0,0.7282483618121135,-9999,-9999,0.0,0.0,0.19717383914143743,0.0,0.0,98.16258351893096,0.5011135857461024,6.2439024390243905,35.64575645756457,8.428720083246619,28.51196670135276,3.3298647242455774,47.49403341288783,40.093969740404454,2635.135328,-9999,-9999,-9999,-9999,2366.12,41.66940467189044,12.257640333292693,20.12121212121212,44.07368731781274,-9999,-9999,-9999,-9999,5.300077942322681,25.596707818930042,63.67887763055339,9922.840032,43.65545924,47.62275915822291,81.31687242798354,29.871836628198384,26.35556983037965,6.342425158682385,48.04703845644137,32.255354488240364,18.060606060606062,1970
13215001600,67.82503136800733,31.97643773975479,-9999,-9999,0.17658419293002495,0.0,0.019530981507161475,0.03906196301432295,0.019530981507161475,0.09846026690137905,0.0,-9999,27.82684935129607,19.86248887209348,43.82092355372028,9.364647535656966,-9999,-9999,-9999,-9999,-9999,-9999,0.13671687055013032,0.0,0.00402679690915805,0.003986701050058696,0.0,0.715450739352943,0.007176061816626929,0.275495131570807,1.088438896718485,0.3696584932251459,0.7598535694072442,-9999,-9999,0.0,0.0,0.13535554528298924,0.007176061816626929,0.0,91.25608208552829,3.907017451889752,7.932048269864695,39.410015533622975,12.518744000102581,36.88605679795172,5.265130411763818,31.66960334156968,32.107132952436814,3152.220511,-9999,-9999,-9999,-9999,2412.921,46.800977276711414,6.666867059674677,29.08426622574212,34.436541250054056,77.25667425243836,-9999,-9999,-9999,12.899900319960041,24.285748767431993,41.41639754561238,7550.033618,44.37673521,58.35584800576895,73.99766345756261,36.556756444978156,16.485750971273532,3.1334112803364516,51.14958872818933,27.157327937209697,17.267345379525935,1970
13215001800,91.57418824496537,8.13810103898216,-9999,-9999,0.24660912239339883,0.0,0.12330456119669941,0.041101520398899805,0.041101520398899805,0.041101520398899805,0.0,-9999,20.556552783563504,25.493716115860412,31.31313131313131,8.080808080808081,-9999,-9999,-9999,-9999,-9999,-9999,0.0,0.0,0.0,0.0,0.0,0.25817555715855806,0.0,0.0,0.0,0.0,0.0,-9999,-9999,0.0,0.0,0.0,0.0,0.0,97.03504043126685,0.9433962264150944,4.509018036072145,42.170989433237274,11.227701993704093,31.584470094438615,2.728226652675761,42.340168878166466,25.476839011444884,4618.279675,-9999,-9999,-9999,-9999,2684.306,25.598990946793272,8.070617835442214,10.225563909774436,25.233644635776052,37.096774193548384,-9999,-9999,-9999,9.304603330068561,35.85313174946004,32.32125367286974,9202.898343,54.75,83.852140077821,75.16268980477223,24.743115280137683,24.003287912957486,6.617344784222868,56.03230642851111,26.451286998684523,2.1052631578947367,1970
13215002000,24.08628532222237,75.84662502251415,-9999,-9999,0.06708983372481067,0.0,0.03336832167357261,0.0,0.00035319037766535507,0.03336832167357261,0.0,-9999,30.78225361084376,7.769780651957809,37.76505930942058,6.070348790277649,-9999,-9999,-9999,-9999,-9999,-9999,0.0,0.0,0.0,0.0,0.0,0.22765305933022387,0.16260932809301704,0.0,0.6880429257453488,0.0,0.6880429257453488,-9999,-9999,0.0,0.0,0.0,0.0,0.0,73.22474902023664,11.870749052884976,4.086014508756916,61.216468225726366,29.65080059354754,11.362965409135924,4.468074907038644,50.11703021615944,11.272652566878438,6720.934376,-9999,-9999,-9999,-9999,3547.151,17.667786595439637,0.5068241763433998,12.645282799976519,8.216774673802858,22.65442398003605,-9999,-9999,-9999,5.279591533066877,64.19476240024605,22.61505713758539,18255.49047,64.81136257,1.0932251146340246,69.46751203055418,40.70415261157941,6.475606226980099,0.9592129286563615,57.59589997016496,15.252163719790437,18.891940767195837,1970
13215002100,94.10569105691066,5.657181633640166,-9999,-9999,0.23712737386515667,0.0,0.0,0.13550135649437522,0.0,0.06775067824718761,0.033875339123593806,-9999,30.81353525395198,6.983441401012481,20.95808383233533,22.75449101796407,-9999,-9999,-9999,-9999,-9999,-9999,0.0,0.0,0.0,0.0,0.0,1.4905149213063948,0.1693766956029994,0.2032520347235993,4.617182983879535,0.0,4.617182983879535,-9999,-9999,0.0,0.0,0.8807588171355969,0.0,0.0,73.875,14.6875,0.3081664098613251,50.31905195989061,30.834621329211746,19.706336939721794,8.423493044822257,51.53508771929825,9.021739228497164,9666.667109,-9999,-9999,-9999,-9999,4584.079,12.127371405174758,1.7276422951505939,7.200929152148665,12.077870615089541,36.241610738255034,-9999,-9999,-9999,5.223880597014926,80.42744656917885,7.036247334754798,16183.20559,83.80952541,5.863539445628998,60.742407199100114,35.16260201029037,7.8590786766737635,1.4905149214381275,67.88822795217682,9.665597906821395,9.988385598141695,1970
13215002200,43.67127468349734,56.17393833183898,-9999,-9999,0.1326747463240276,0.0,0.0,0.0,3.3094635458768333e-06,0.06633571843024086,0.06633571843024086,-9999,19.696225441557228,22.835367684278665,40.23506621079193,4.922625524094532,-9999,-9999,-9999,-9999,-9999,-9999,0.0,0.0,0.0,0.0,0.15478334300513635,0.0,0.0,0.0,0.7704431000509421,0.41645572975726597,0.7704431000509421,-9999,-9999,0.0,0.0,0.0,0.0,0.0,88.00058338442707,4.7824857606478535,6.945819008563529,50.760553288999496,20.11280082990898,17.54980343184869,8.204681133174335,47.81762937446278,8.287984717910186,6549.689684,-9999,-9999,-9999,-9999,3163.905,13.580910082076288,1.5040795616632134,8.371805267941149,10.595733206088632,17.445697940900708,-9999,-9999,-9999,7.404958872719147,64.98226894176125,19.0140808335352,14313.97339,74.85401751,25.818305208578185,79.10490394897637,36.11244602186528,12.73772877256667,2.543102523671094,57.714338878039456,17.993732902220273,12.511694532846228,1970
13215002300,63.883399209486356,35.770749629473926,-9999,-9999,0.2964426866424274,0.0,0.0,0.0,0.0,0.04940711444040455,0.24703557220202252,-9999,18.716163816268047,19.876256951357274,44.475140567396515,4.143646682541986,-9999,-9999,-9999,-9999,-9999,-9999,0.0,0.0,0.0,0.25367833497843095,0.405885335924891,0.0,0.0,0.0,1.9332162455403994,0.9226713288198469,1.010544832780623,-9999,-9999,0.0,0.0,0.0,0.0,0.0,47.973608778867,29.688973923609847,10.447761109468933,38.15309966691068,44.00000020671782,12.83333317954527,13.166666360340852,48.27586498486764,17.184942575469737,7595.890038,-9999,-9999,-9999,-9999,7052.577,23.990148096876855,0.2463054178512254,15.758755309585098,7.492113273786346,53.994491177869875,-9999,-9999,-9999,10.52631583980532,44.67787050178622,46.867168849736494,27770.27095,100.7407326,19.725342778212365,73.18435364108707,31.76877508004468,14.17984243352059,3.359683687687591,61.87663846808696,15.682414921393176,15.369648956905188,1970
13215002400,3.5456946499493007,96.4131588905268,-9999,-9999,0.04113717065437578,0.0,0.0,0.0,0.0,0.04108634694026512,5.0823717696912735e-05,-9999,11.65418149907533,10.500001147085339,38.73073249968509,8.22295234130104,-9999,-9999,-9999,-9999,-9999,-9999,0.0,0.0,0.0,5.018495888085183e-05,8.029591798539246e-05,0.0,0.0,0.0,0.00039456512595118697,0.0001883151655136076,0.00020624996043757933,-9999,-9999,0.0,0.0,0.0,0.0,0.0,93.80484910630493,3.141959994383027,4.358669903012683,46.79504883929901,9.819012933792214,17.05534244444807,0.469492092823925,36.636144479133634,11.112518330379057,3970.291461,-9999,-9999,-9999,-9999,2444.479,40.34080814095896,3.4004752136394583,28.710152884234194,18.351638047206304,43.5498827512707,-9999,-9999,-9999,5.659159388635875,14.372879354845384,72.2302519182521,13904.85714,62.62511945,3.367713253574332,83.9233246740824,41.78101322414451,8.3003060850364,1.7258908548217329,48.105993904479526,23.498808170547036,22.77072379924175,1970
13215002500,3.0976220275344195,96.87108960114783,-9999,-9999,0.03128911162827772,0.0,0.0,0.03128911162827772,0.0,0.0,0.0,-9999,18.18181832072283,27.272727481084242,27.64857881136951,19.412144702842376,-9999,-9999,-9999,-9999,-9999,-9999,0.0,0.0,0.0,0.0,0.0,0.0,0.0,0.0,0.0,0.0,0.0,-9999,-9999,0.0,0.0,0.0,0.0,0.0,95.33369506239826,1.1937059142702116,4.553734061930784,38.333333333333336,3.530534351145038,11.354961832061068,2.5763358778625953,27.804295942720763,19.559585644245484,2100.0,-9999,-9999,-9999,-9999,1569.438,57.867079272543116,9.180834692278475,32.10191082802548,15.873015993953137,63.723477070499655,-9999,-9999,-9999,11.951588502269288,12.542955326460481,21.78517397881997,8177.083904,45.21739164,82.45614035087719,61.70940170940171,31.19524429339289,19.64956210255841,4.0050062884195485,36.86991898086418,38.45528484663453,20.50955414012739,1970
13215002700,13.437561844448847,86.46348808549193,-9999,-9999,0.07916089547767628,0.0,0.01979022386941907,0.0,0.0,0.059370671608257215,0.0,-9999,25.036819154741785,13.402062018126484,34.95078965438315,14.557106889448386,-9999,-9999,-9999,-9999,-9999,-9999,0.0,0.0,0.0,0.0,0.0,0.4579848721499556,0.0,0.0,0.843396598262217,0.0,0.843396598262217,-9999,-9999,0.0,0.0,0.0,0.0,0.0,94.90703314470493,1.8189167340339532,9.006004002668446,39.50939457202505,8.064516129032258,16.64222873900293,2.932551319648094,34.61538461538461,16.41554342144403,2958.5797,-9999,-9999,-9999,-9999,1812.387,46.86549052788181,6.73564625768691,30.259849119865883,18.236173613920784,56.89027561102444,-9999,-9999,-9999,7.535885167464115,31.82406209573092,33.49282296650718,9493.801829,46.13636296,34.53887884267631,56.47435897435897,38.17534184410939,14.387492753067665,2.9883238042822797,44.336480270916965,26.762909819138354,21.70997485331098,1970
13215002800,2.6084067120784136,97.35836638144586,-9999,-9999,0.033228109991643315,0.0,0.0,0.0,0.033228109991643315,0.0,0.0,-9999,23.566879309142912,10.191082498838318,33.549487901641236,12.832764242074575,-9999,-9999,-9999,-9999,-9999,-9999,0.0,0.0,0.0,0.0,0.0,0.0,0.0,0.0,0.0,0.0,0.0,-9999,-9999,0.0,0.0,0.0,0.0,0.0,93.76406393984074,3.5679845506674335,5.882353056461967,50.658730918337,7.7098538942112365,16.97080359875152,3.4215327351849676,32.01201225122756,21.198307460266,3720.207205,-9999,-9999,-9999,-9999,2069.446,42.16647453213243,4.718391590454338,27.183098746317683,20.71428522595044,44.48581543280554,-9999,-9999,-9999,7.6271186051815665,31.73232779869365,33.05084652435812,9632.352184,51.88841574,36.73978058580994,61.845659083891526,37.182257057947325,12.759594491669382,2.3425818051873963,45.80223934723218,27.98507354690269,19.788733217371032,1970
13215002901,97.90149892933613,0.7708779488714761,-9999,-9999,0.5567451852960661,0.042826552715082004,0.042826552715082004,0.0,0.0,0.42826552715082006,0.042826552715082004,-9999,33.33333352990552,3.5870516397011185,27.77777777777778,5.555555555555555,-9999,-9999,-9999,-9999,-9999,-9999,0.0,0.0,0.0,0.0,0.0,5.84847145592828,0.44306601938850604,0.0,6.650544175638115,0.7658202384068132,5.884723937231302,-9999,-9999,0.0,0.0,1.8608772814317254,0.0,0.0,80.02018163471242,4.540867810292633,4.53920220082531,37.11340206185567,19.45244956772334,21.037463976945244,3.025936599423631,62.57309941520468,14.635904914987195,7577.586124,-9999,-9999,-9999,-9999,3657.081,13.946326520590516,0.2639683253108615,10.829103214890017,14.076376635432013,-9999,-9999,-9999,-9999,4.900662251655629,64.06685236768803,16.556291390728475,16034.83587,108.0,0.9536784741144414,83.57348703170028,37.38758052026659,3.5546038753518063,0.6852248434413121,69.45279656110775,8.899579126444975,11.6751269035533,1970
13215002902,88.39756592292095,10.405679572069037,-9999,-9999,0.7707910794125212,0.0,0.0,0.06085192732204115,0.040567951548027434,0.283975660836192,0.3853955397062606,-9999,30.816888655343504,1.23910051183064,39.96101364522417,2.3391812865497075,-9999,-9999,-9999,-9999,-9999,-9999,1.2373225222148367,0.0,0.3651115639322469,0.1217038546465939,0.14198783042102622,4.320486839954084,0.1217038546465939,0.3448275881653494,6.528726432865477,0.8236239499922601,5.323423091413389,-9999,-9999,0.0,0.0,1.7647058923756116,0.0,0.0,70.07658643326039,15.153172866520787,5.154639175257732,38.26865671641791,24.094202898550726,13.315217391304348,3.351449275362319,57.34265734265734,10.207939566396634,6565.068196,-9999,-9999,-9999,-9999,4037.775,17.40365121446293,0.2028397577443232,12.691771269177126,15.09572909847859,47.83464566929134,-9999,-9999,-9999,4.869762174405436,56.845238095238095,17.893544733861834,23817.56859,117.8280603,1.0192525481313703,98.03571428571429,34.44219086427529,1.359026376858919,0.2636916850621783,76.690442659374,6.447931562878915,11.99442119944212,1970
13215003000,91.42057817842692,7.895554859265867,-9999,-9999,0.3108486165065302,0.0,0.03108486165065302,0.0,0.03108486165065302,0.09325458495195905,0.1554243082532651,-9999,26.453587196755336,7.786467182592509,33.85826771653543,3.1496062992125986,-9999,-9999,-9999,-9999,-9999,-9999,0.5906123713624074,0.1865091699039181,0.0,0.0,0.0,2.580043517202335,0.24867889322432146,0.27976375487736166,4.512753430665302,1.863963373535668,2.5833878334968032,-9999,-9999,0.0,0.0,1.025800434550326,0.0,0.0,91.86046511627907,2.635658914728682,5.428571428571429,39.29430633520449,18.52970795568983,20.745216515609265,1.8126888217522659,62.72600834492351,11.416709905855365,5475.609953,-9999,-9999,-9999,-9999,2741.489,22.318930666882853,1.8340068375293708,14.228456913827655,21.571378448564445,45.77777777777778,-9999,-9999,-9999,12.347560975609756,37.91304347826087,36.66158536585366,11843.52523,79.1393448,10.975609756097562,83.30434782608695,30.86726761909845,7.429281934506072,1.2744793276767739,75.25562366931602,10.51124743642077,7.715430861723447,1970
13215003200,78.67057820198703,19.771406336226814,-9999,-9999,1.1410878168981629,0.10972012118775203,0.2633208329992712,0.0,0.06583953056398505,0.19749573698593534,0.5047115951599426,-9999,25.10449218668246,5.271822429988548,44.50592433597339,1.8870254789609442,-9999,-9999,-9999,-9999,-9999,-9999,0.46081536714982624,0.329156755021658,0.3731371845562351,0.0,0.24139196504738414,2.2164106814281697,0.1316658294459257,8.420149868406968e-06,1.5350655381950438,1.0488868032170298,0.00014303250512334584,-9999,-9999,0.0,0.08778163018322027,1.0313809273270405,6.014395897905337e-06,0.0,87.7745046294171,5.011961284874516,12.552211265393398,32.25446055287946,16.5076734471698,14.952012222019476,3.3493516601258584,54.51198573018586,10.144107240982121,4467.722089,-9999,-9999,-9999,-9999,2705.597,21.834626485759976,1.2727584578506017,13.460123857731599,18.239261509411158,42.548712082361845,-9999,-9999,-9999,20.918749325315023,15.496606363710903,64.67175992215165,10887.74055,75.3100383,4.4123848990593455,93.46244711453188,31.68731366046421,4.5204646625726514,0.7241626634502685,82.69743034667897,7.8100879021158045,7.892961687959552,1970
13215003301,71.83718843517156,26.739569769575496,-9999,-9999,1.158982539797794,0.017721191553407997,0.1056648580239383,0.17536139566656253,0.24577867467867345,0.4213348493557547,0.19312155181633664,-9999,32.18923586336566,4.318799399522279,35.37658558680665,4.260485516533947,-9999,-9999,-9999,-9999,-9999,-9999,0.10611287860257282,0.10593756618283963,0.7019130825262176,0.10545348365565689,0.28146252571935904,3.5668981037655327,0.1754830903589075,0.00038959382033180767,5.141383670881515,2.1234123612837257,3.998796089711377,-9999,-9999,0.0,0.0,1.598783710803114,0.0,0.0,66.80993493871173,15.353819602407038,7.480464434504762,41.03625569740858,30.035033246156882,12.333427080805112,6.202977200955523,60.67288590092348,5.771466260098542,6934.74405,-9999,-9999,-9999,-9999,3732.333,19.486490807232165,0.8237718006086553,14.497913765272378,17.27002619657655,29.878020428091286,-9999,-9999,-9999,10.964545651619002,44.96028999444229,33.62847779100739,15295.03134,91.49732098,0.7845761378717975,82.90534863309571,36.72197660699059,4.259265778101883,0.7186018974945071,70.25807824037555,8.395328094887333,16.541950245373393,1970
13215003302,71.83718843517191,26.739569773139717,-9999,-9999,1.1589825211465983,0.017721191607200974,0.10566485515286171,0.17536139928615826,0.24577867221427963,0.42133483799590443,0.19312154450336558,-9999,32.1892356750899,4.318799151771833,35.37658700786648,4.260485674157871,-9999,-9999,-9999,-9999,-9999,-9999,0.10611287580579654,0.10593756336621905,0.7019130969141365,0.10545348077860972,0.2814625264031628,3.5668981442698513,0.1754830939653847,0.00038959383523669327,5.141383776061783,2.1234123269721477,3.9987961261647254,-9999,-9999,0.0,0.0,1.5987837697212945,0.0,0.0,66.80993154590799,15.353819962819996,7.480464180614348,41.036253809945165,30.035031998947797,12.333426261842991,6.2029774680330005,60.672889906456476,5.771466255734045,6934.743977,-9999,-9999,-9999,-9999,3732.332,19.486491564039156,0.8237717886953164,14.497912785148356,17.270026967054932,29.878019793526047,-9999,-9999,-9999,10.964545748731197,44.960291117886435,33.62847923402669,15295.03229,91.49731499,0.7845761826408194,82.90535747674289,36.721976886410495,4.259265782045537,0.7186019010311918,70.25807764148699,8.395328060904992,16.541949187456545,1970
13215003400,87.83374621524914,11.230388117051476,-9999,-9999,0.8257638506667956,0.08257638244150314,0.02752546081383439,0.0,0.22020368651067496,0.1376273040691718,0.357831003705728,-9999,22.84550270516881,2.3190222001692895,37.25490254746741,11.27450993225849,-9999,-9999,-9999,-9999,-9999,-9999,0.13762730407924587,0.16515276487307345,2.3121386559768387,0.0,0.3578310038535168,3.1379026109780286,0.13762730408617496,0.19267822570412874,4.747225812678875,1.602959354486359,3.144266341663315,-9999,-9999,0.0,0.19267822570412874,1.0459675373597026,0.13762730408617496,0.0,71.71171546461632,17.38738890812663,10.705882662286866,36.314365339112456,26.482214319701278,12.121212456639947,4.743083287990706,54.869357309746555,3.7728354942720395,5511.363365,-9999,-9999,-9999,-9999,3144.496,23.80952385500885,1.073492932282876,12.162162958635726,20.121746012198926,66.17647114694529,-9999,-9999,-9999,12.53918423019237,20.64516299818688,56.73981005277708,11842.94741,119.243239,2.3824451087569884,92.97490997394952,27.11257883599746,3.3030554026671823,0.770712902787363,81.06194927499612,6.407079843904573,9.628378738634852,1970
13215010104,71.0231814548361,28.697042911230827,-9999,-9999,0.23980815675577574,0.0,0.19984012368482723,0.0,0.03996802525783935,0.0,0.0,-9999,30.838492457360715,10.57962822366644,34.67966606174121,12.25626715060716,-9999,-9999,-9999,-9999,-9999,-9999,0.0,0.0,0.0,0.0,0.20686801404248864,0.8688456669390535,0.20686801404248864,0.0,0.0,0.0,0.0,-9999,-9999,0.0,0.0,0.20686801404248864,0.0,0.0,85.42636165407323,4.806201683784659,1.1267605502641758,43.37485636019831,17.853750021507167,20.892686869018572,5.508071847166598,39.87421167438453,16.982687641279426,7712.327785,-9999,-9999,-9999,-9999,3913.432,12.814173793443736,2.389781556063248,7.5320508187151365,2.6658401614531053,37.37796243561143,-9999,-9999,-9999,9.885931410215516,68.35442794447707,1.5209125043193774,16114.86514,37.30769385,18.55146072999181,68.15642643124264,37.2502004882969,11.031174794066558,2.1183053360611166,64.71238974626819,10.840707689935556,4.16666666549869,1970
13215010106,71.02318145483649,28.697041643310172,-9999,-9999,0.2398081513716406,0.0,0.19984013486209806,0.0,0.03996802522860677,0.0,0.0,-9999,30.838490538195373,10.5796283472987,34.67966809975298,12.25626785362328,-9999,-9999,-9999,-9999,-9999,-9999,0.0,0.0,0.0,0.0,0.20686802553147404,0.8688456601084217,0.20686802553147404,0.0,0.0,0.0,0.0,-9999,-9999,0.0,0.0,0.20686802553147404,0.0,0.0,85.42636064004677,4.806201606990503,1.1267605158876044,43.37486013448941,17.853750081947442,20.89268697161227,5.508071869762625,39.87421507213101,16.982687587951457,7712.327887,-9999,-9999,-9999,-9999,3913.432,12.814173377824318,2.389781584806499,7.53205096569942,2.6658400410092664,37.37796299183358,-9999,-9999,-9999,9.885931619489934,68.35443475449574,1.5209125143076094,16114.86447,37.30769782,18.55146230155873,68.15642553012263,37.25019989670034,11.031174928219203,2.1183053283970925,64.71238985000414,10.840708014207967,4.166666480931203,1970
13215010107,71.0231814548361,28.697041218880894,-9999,-9999,0.2398081588306556,0.0,0.19984013235887993,0.0,0.039968026471775976,0.0,0.0,-9999,30.838491669053525,10.579628700890622,34.679666151272315,12.256267565233834,-9999,-9999,-9999,-9999,-9999,-9999,0.0,0.0,0.0,0.0,0.20686802286791284,0.8688457185754715,0.20686802286791284,0.0,0.0,0.0,0.0,-9999,-9999,0.0,0.0,0.20686802286791284,0.0,0.0,85.42635163651866,4.8062013817159475,1.126760567661959,43.37485817089282,17.85375174872314,20.892688252882742,5.508072100486162,39.874214425120655,16.98268711311817,7712.328373,-9999,-9999,-9999,-9999,3913.432,12.81417360186773,2.3897815419679236,7.532051299585851,2.66583994095294,37.37796321773348,-9999,-9999,-9999,9.88593204265158,68.35443131209921,1.520912643220199,16114.86462,37.30769705,18.551461343758383,68.15642211798341,37.2502000612084,11.031175044572944,2.1183053375948266,64.71238847172685,10.840708327296767,4.166666549941907,1970
13215010201,88.87911044175335,10.850557377443144,-9999,-9999,0.13523890872060532,0.0,0.0,0.0,0.033773338208094555,0.10146557496153484,0.0,-9999,33.63189472199366,9.969543503373306,39.54934675271599,13.7108233648057,-9999,-9999,-9999,-9999,-9999,-9999,0.0,0.0,0.0,0.23275366861546365,0.0,2.192103767322678,0.0,0.0,1.2040549966413523,1.2022999200598248,1.2040549966413523,-9999,-9999,0.0,0.0,0.5980089376621842,0.0,0.0,85.61229376188552,7.516259555084498,1.3018261180380224,44.15005885176554,18.847894299540776,26.556146767785823,4.671091343790955,45.48099591515219,5.4725046847560455,8721.196135,-9999,-9999,-9999,-9999,3568.932,11.219561885233674,1.3139812987008936,5.6680550095961095,9.483126657128654,41.11058616165382,-9999,-9999,-9999,8.313450112302796,71.96237815683452,3.9900645809584545,16485.53108,45.21641867,20.585940952396587,74.40069600469363,38.81618529701997,10.34854191019172,2.064685867625696,69.58010969213048,8.78875143835194,1.7197511849938387,1970
13215010203,88.87183358954007,10.857620406244058,-9999,-9999,0.13528409463980143,0.0,2.2670650448384164e-05,0.0,0.03381875659484493,0.10144266243969428,0.0,-9999,33.63749267057097,9.969614053573434,39.56239918871342,13.706731269650724,-9999,-9999,-9999,-9999,-9999,-9999,0.0,0.0,0.0,0.23253309777716993,2.227157777512424e-05,2.192548440005844,2.227157777512424e-05,0.0,1.2041989984121177,1.2041989984121177,1.2041989984121177,-9999,-9999,0.0,0.0,0.5979645452306145,0.0,0.0,85.6410063793135,7.499701460805652,1.3020615684705297,44.149368463451225,18.82133931225678,26.560421665683265,4.6614948762810355,45.46372099446833,5.449569484703795,8716.861186,-9999,-9999,-9999,-9999,3563.963,11.22741591752806,1.315020148069032,5.673028309485247,9.486687749698332,41.17493955212177,-9999,-9999,-9999,8.315040059372762,71.94637923727032,3.9908412534938504,16461.82798,45.21636154,20.59122004744544,74.39832159501923,38.82295206906383,10.348403345446423,2.0629078247384878,69.57934345865112,8.788264979133542,1.715310153221081,1970
13215010204,88.8738586405141,10.855596920368615,-9999,-9999,0.13527223346427378,0.0,0.0,0.0,0.03381805836606843,0.10145417823143646,0.0,-9999,33.637747524359135,9.969558353207262,39.56386239892763,13.707164991065358,-9999,-9999,-9999,-9999,-9999,-9999,0.0,0.0,0.0,0.23255815175585767,0.0,2.192690967893713,0.0,0.0,1.2043512056128434,1.2043512056128434,1.2043512056128434,-9999,-9999,0.0,0.0,0.5980066544608528,0.0,0.0,85.64102655752055,7.500000150258971,1.302083333636928,44.14945997356492,18.82145949622397,26.561125822666266,4.661389520566347,45.464362492232816,5.448275713141987,8716.981656,-9999,-9999,-9999,-9999,3563.923,11.227241914719988,1.3149021971482968,5.672823293916389,9.48728278555034,41.17647000058947,-9999,-9999,-9999,8.314855665935978,71.94679664568602,3.9911307985350004,16461.86646,45.21738924,20.59145722724173,74.3990373111134,38.82313066585757,10.348325878816324,2.0629016073286435,69.57991480094216,8.788024921965688,1.715039555505278,1970
13215010205,88.87385864051393,10.855596715494825,-9999,-9999,0.1352722319665968,0.0,0.0,0.0,0.0338180579916492,0.1014541739749473,0.0,-9999,33.637747541165744,9.969558423737274,39.56386410125343,13.707164982544546,-9999,-9999,-9999,-9999,-9999,-9999,0.0,0.0,0.0,0.23255813336576273,0.0,2.1926910399786355,0.0,0.0,1.2043512128772664,1.2043512128772664,1.2043512128772664,-9999,-9999,0.0,0.0,0.5980066292051757,0.0,0.0,85.64102427367028,7.499999595147854,1.3020833333857602,44.14945901185493,18.821459329541028,26.56112545906904,4.661389675492878,45.46436318928982,5.4482760650733155,8716.981896,-9999,-9999,-9999,-9999,3563.923,11.227242023659114,1.3149022250956204,5.67282309711929,9.487282806257408,41.17647135633597,-9999,-9999,-9999,8.314855821461876,71.94679717147545,3.9911307417573623,16461.866,45.21738936,20.591456735538216,74.39904237962706,38.82313017371151,10.348326480064493,2.062901637666034,69.57991452733711,8.788024982654248,1.7150395022104217,1970
13215010301,92.84797268158086,7.041969465550999,-9999,-9999,0.11005807950620677,0.0,1.8299716399854148e-05,0.0,0.0,0.11003977979089959,0.0,-9999,29.402876988364646,9.95669080742063,22.65624993642561,17.968749809276932,-9999,-9999,-9999,-9999,-9999,-9999,0.0,0.0,0.0,0.38158693753649253,6.345596598985252e-05,1.7444985006152365,0.0,0.0,1.0303844807744398,0.0,1.0303844807744398,-9999,-9999,0.0,0.0,0.5996832266331046,0.0,0.0,65.13107254534039,19.10842274896592,1.1292844862839175,44.58104996726503,36.54158638074449,23.22941717803437,11.164385220451589,57.450398247472926,18.597547735844895,11804.76683,-9999,-9999,-9999,-9999,7350.936,5.591240554944927,0.6388030938213215,2.24543477895929,6.5177828039471075,0.0,-9999,-9999,-9999,7.311439070461323,82.93752207277629,3.2304496115840178,30936.07026,44.10017938,16.51668508929078,75.61916174021832,33.57340341144378,10.509947514467145,3.411223925174848,69.71759248528105,9.294764357166713,5.10207646530067,1970
13215010302,92.84534947716013,7.044578629714533,-9999,-9999,0.11007154108928938,0.0,0.0,0.0,0.0,0.11007154108928938,0.0,-9999,29.401303703829125,9.958506476338979,22.656251222859204,17.96875087347087,-9999,-9999,-9999,-9999,-9999,-9999,0.0,0.0,0.0,0.38167938267666845,0.0,1.7448199794545298,0.0,0.0,1.0304220085006641,0.0,1.0304220085006641,-9999,-9999,0.0,0.0,0.5997818801084848,0.0,0.0,65.1231542265762,19.113301355474295,1.1292346481079025,44.57831117249023,36.5482231370076,23.22334875472784,11.167512019514279,57.4539365040448,18.599033426729815,11805.55558,-9999,-9999,-9999,-9999,7352.162,5.5910542638733665,0.6389776518453923,2.2448979572149415,6.517690818806353,0.0,-9999,-9999,-9999,7.312925501201989,82.93577961415374,3.2312925501201994,30942.03051,44.09091175,16.521737849099857,75.61904795210852,33.57182266581752,10.511832629366486,3.412217896832651,69.71677736521988,9.295569622506385,5.102040844982524,1970
13215010401,99.98068752414054,0.0,-9999,-9999,0.019312476067650994,0.0,0.0,0.0,0.019312476067650994,0.0,0.0,-9999,36.21788719756745,4.404095083224202,-9999,-9999,-9999,-9999,-9999,-9999,-9999,-9999,0.0,0.13518733247355696,0.0,0.11587485640961606,0.2510621888875015,0.21243723675096277,0.0,0.0,0.8862324909489055,0.0,0.8862324909489055,-9999,-9999,0.11587485640961606,0.11587485640961606,0.11587485640961606,0.0,0.0,74.84040555764176,8.073601201652272,3.4747292418772564,48.96510940272029,27.442730247779338,20.85086489013558,6.4983637213651235,56.14938828074694,7.260034982569314,10696.03512,-9999,-9999,-9999,-9999,4908.483,4.171494830746178,0.32831209316057886,2.335766423357664,4.520720015713152,-9999,-9999,-9999,-9999,3.532608695652174,91.90140845070422,0.6114130434782609,17438.88889,66.75,3.057065217391304,79.92957746478874,40.401699933525876,4.403244543424426,0.5793742820295298,74.60859744554972,6.376316607326646,5.62043795620438,1970
13215010402,98.2396365701307,1.731970435205306,-9999,-9999,0.0,0.0,0.0,0.0,0.0,0.0,0.0,-9999,33.35260081089049,7.254335152629492,22.950819905004998,29.508195893315516,-9999,-9999,-9999,-9999,-9999,-9999,0.0,0.0,0.0,0.0,0.2555366144198079,0.0,0.0,0.0,2.699662482212706,2.699662482212706,0.0,-9999,-9999,0.0,0.0,0.0,0.0,0.0,78.58695064942026,11.249999917697838,3.4942822206289765,50.929666730245565,26.135615386520673,16.58986174450577,5.266622509348092,52.730693470075344,18.839050563163543,10136.98553,-9999,-9999,-9999,-9999,4411.748,5.593412802706191,0.31232253493646617,3.668763073921809,5.953460226962397,0.0,-9999,-9999,-9999,3.917910437037146,82.52427283205834,4.2910447814814106,16885.59397,89.1666624,8.302238354980176,67.57281372561789,37.10959670578991,7.666098432520352,1.4196479550718482,72.74167875651172,8.161648117356826,6.918239308544248,1970
13215010501,98.6798679867987,1.0932343487755047,-9999,-9999,0.18564356940967083,0.0,0.0,0.0,0.02062706271589402,0.08250825086357597,0.08250825086357597,-9999,33.25668928238802,6.56354517705149,20.75471666111811,22.641509525394863,-9999,-9999,-9999,-9999,-9999,-9999,0.08250825087604986,0.0,0.0,0.0,0.26732470836285144,0.9664816440786064,0.14394406255785228,0.12338063259701003,0.6899270539945461,0.0,0.6899270539945461,-9999,-9999,0.0,0.0,0.16450750572668366,0.0,0.0,77.29838505842665,11.895160691792524,3.02099336869598,43.43195308529569,31.04540709345052,17.37064413257828,3.5374869512321103,51.75202107920309,9.136662811716695,9558.822551,-9999,-9999,-9999,-9999,4327.693,7.974448733154705,1.1333195785052275,4.538577707250267,7.4147416529202195,113.33333674758659,-9999,-9999,-9999,4.663212709311796,83.01630885395393,4.339378507249316,17357.78508,80.51723838,3.615235422666285,81.17408939448853,37.47937390009364,6.724422634113181,1.258250784280997,72.14347486838614,8.533410189921034,7.110438875175835,1970
13215010502,98.6598212858486,1.1132427023468965,-9999,-9999,0.18568282934341898,0.0,0.000144852324549787,0.0,0.020641082304601342,0.08244844736063063,0.08244844736063063,-9999,33.25542677672363,6.565640538122141,21.014903165083904,22.44746293706362,-9999,-9999,-9999,-9999,-9999,-9999,0.08244844737122813,0.0,0.0,0.0,0.2672824996083215,0.9664134037333171,0.14398799641938823,0.12329450318893333,0.6894634928101865,0.0,0.6894634928101865,-9999,-9999,0.0,0.0,0.16453708032413303,0.0,0.0,77.30432303334982,11.889981925581834,3.0195425766221735,43.4319083530085,31.035105289002807,17.373394041106323,3.539025515987602,51.7430857853066,9.141837839063717,9557.646255,-9999,-9999,-9999,-9999,4327.393,7.977847984006555,1.1342021098714539,4.5405627225490015,7.4123737676832295,110.86478640249948,-9999,-9999,-9999,4.666960782003722,83.00636188071901,4.3373553862339085,17357.09084,80.46266013,3.625893901620066,81.16525604060249,37.47920606440987,6.727544040571262,1.2588742378377653,72.13801667876315,8.535105165745408,7.108486986979214,1970
13215010602,98.56102635228837,0.4854368964930753,-9999,-9999,0.5374479925459048,0.0,0.104022192105659,0.017337032017609832,0.017337032017609832,0.3294036083345868,0.06934812807043933,-9999,41.56552358858513,2.093227806619395,50.0,0.0,-9999,-9999,-9999,-9999,-9999,-9999,0.3294036083345868,0.0,1.0748959850918096,0.5547850245555852,0.06934812806944815,10.003467474017896,0.1386962561388963,0.20804438420834448,1.9597550439948286,0.38495188364184135,1.5748031603529873,-9999,-9999,0.3120665763125167,0.0,3.3113731153161496,0.0,0.0,80.87824351297405,6.26746506986028,2.668938103350369,41.81204276871131,20.12835472578763,20.070011668611436,3.38389731621937,59.14684167350287,6.588319132898171,8293.103851,-9999,-9999,-9999,-9999,3915.189,11.875866931892997,0.3640776723646028,10.661268556005398,11.849225681390582,-9999,-9999,-9999,-9999,3.970223325062035,77.32558139534883,5.521091811414392,15981.93484,123.6397124,1.4879107253564785,96.83462532299741,45.6657423343843,2.06310681009557,0.5721220565811245,73.25897764545847,5.685527786075314,13.630229419703104,1970
13215010605,66.63698804375481,32.4217748350159,-9999,-9999,0.7758840179513584,0.10175527694403655,0.03815822885401379,0.0,0.025438819236009103,0.35614346930412766,0.254388192360091,-9999,43.9205955416342,3.6648214728032737,42.29109664889704,5.923891870032557,-9999,-9999,-9999,-9999,-9999,-9999,0.038158228857422,0.10175527695312535,0.13991350581054732,0.21622996348649626,0.07631645771268264,5.291274400363984,0.0,0.07631645771268264,3.21486871659173,1.3060404160142791,2.0846414950775882,-9999,-9999,0.0,0.0,2.1368608157584865,0.0,0.0,85.15693582430045,4.400117342859549,4.884547265993006,45.39249101271203,19.047619044182373,13.398692737815677,5.695611533422538,49.34288997542554,9.006473255069992,7675.926185,-9999,-9999,-9999,-9999,3246.608,19.66420770511552,0.7377257576926382,15.892954867954755,18.474714924521486,24.789748706531245,-9999,-9999,-9999,6.814886113655821,82.7282164233625,2.368293915838899,16291.86561,102.8168984,3.9149347633030938,93.2572628874917,47.15085023507286,4.375477158618212,1.3609768603795656,68.62461365715993,9.162358119964098,14.418350683719845,1970
13215010606,66.63698804375477,32.4217746296705,-9999,-9999,0.7758839772202115,0.10175527883937606,0.03815822956476605,0.0,0.025438819709844074,0.35614346226351246,0.2543881834241371,-9999,43.920596523206406,3.6648215410658804,42.291096285689385,5.923892206187646,-9999,-9999,-9999,-9999,-9999,-9999,0.03815822961644045,0.10175527886246616,0.13991350503765546,0.21622997091263751,0.07631645911429566,5.291274609093565,0.0,0.07631645911429566,3.214868777184483,1.3060404679828077,2.084641519971183,-9999,-9999,0.0,0.0,2.136860882730288,0.0,0.0,85.15693491365408,4.400117306032923,4.884547084244574,45.392488031941554,19.04761935356444,13.398692568464012,5.695611284622381,49.34289025262828,9.006472943394378,7675.925665,-9999,-9999,-9999,-9999,3246.608,19.664206872605273,0.7377257783971661,15.892954884666088,18.474714054394507,24.789747443323954,-9999,-9999,-9999,6.814886241756542,82.7282170077981,2.3682937929563894,16291.8656,102.8168953,3.9149348712673175,93.25725891808526,47.15085052376926,4.375476962744567,1.3609768510580822,68.62461220542413,9.162358094515914,14.418350593029528,1970
13215010607,66.63698804375457,32.42177543916862,-9999,-9999,0.7758840025381215,0.10175527972476002,0.03815822989678495,0.0,0.02543881993118998,0.3561434790366594,0.2543881993118998,-9999,43.920594871360265,3.6648215729539144,42.29109610852819,5.923891510840207,-9999,-9999,-9999,-9999,-9999,-9999,0.03815822987513868,0.10175527972702254,0.13991350424840565,0.21622996407081582,0.07631645980484689,5.291274376768829,0.0,0.07631645980484689,3.2148688044968896,1.3060404093096356,2.084641500823164,-9999,-9999,0.0,0.0,2.1368608315257096,0.0,0.0,85.15694077343207,4.400117262276775,4.88454683601661,45.392494113926965,19.04761880857418,13.39869262916024,5.695611419419984,49.34289186164519,9.006473503523887,7675.925543,-9999,-9999,-9999,-9999,3246.608,19.664207199792315,0.7377257672710401,15.892954922247258,18.47471484992972,24.78974880620404,-9999,-9999,-9999,6.814886766223312,82.72821585475165,2.368293887772822,16291.86633,102.8168975,3.9149348606827035,93.2572655810414,47.1508530481616,4.375477071070045,1.3609768287764632,68.62461398570983,9.162357851928716,14.418351723786676,1970
13215010608,66.63698804375497,32.42177680457339,-9999,-9999,0.7758839922600632,0.10175527949556588,0.038158229810837246,0.0,0.0254388198738915,0.35614347823448084,0.254388198738915,-9999,43.92059508460358,3.6648215646992326,42.29109211955498,5.9238917765791195,-9999,-9999,-9999,-9999,-9999,-9999,0.038158229830278535,0.10175527948913533,0.13991350931941388,0.21622996891048354,0.07631645959832534,5.291274533393738,0.0,0.07631645959832534,3.214868797107009,1.306040448788763,2.084641513249856,-9999,-9999,0.0,0.0,2.1368607582654002,0.0,0.0,85.15693993083241,4.400117463906113,4.884547231580773,45.39249126524885,19.047619825056007,13.398692915948317,5.6956115871391955,49.34289121219339,9.00647348527167,7675.925997,-9999,-9999,-9999,-9999,3246.608,19.664207286793086,0.7377257484757929,15.892954053488575,18.474713929473026,24.789745966148406,-9999,-9999,-9999,6.814886254230906,82.72821197994723,2.3682937702143536,16291.86568,102.8168963,3.914934845892901,93.2572575514915,47.15085287244959,4.37547712945838,1.3609768771468231,68.62461360508732,9.162357553459065,14.418349972306935,1970
13215010701,90.909090909091,8.366271413554212,-9999,-9999,0.6587615286263159,0.06587615286263158,0.0,0.0,0.21958717620877197,0.30742204669228074,0.06587615286263158,-9999,40.84541064659363,3.3574879242321196,41.20734908136483,5.774278215223097,-9999,-9999,-9999,-9999,-9999,-9999,0.13175230572526317,0.43917435241754393,0.0,0.5928853757544512,0.0,5.7971014518213,0.0,0.0,6.56916212522021,1.3882002981597423,5.651958356793237,-9999,-9999,0.285463329066958,0.0,2.8107158554285094,0.0,0.0,82.97660527625685,6.570433051269288,5.5018587360594795,42.98365122615804,22.895357985837922,16.365066876475215,3.3044846577498035,51.93370165745856,12.561686860727539,7373.626706,-9999,-9999,-9999,-9999,3449.916,14.77821695862021,0.6807202462365921,13.246753246753247,14.90107689201156,17.582417582417584,-9999,-9999,-9999,5.789056304520222,80.21885521885523,0.5551149881046789,16598.45121,101.5384558,3.1695721077654517,82.74410774410775,45.344751887111414,3.5353535369612286,0.6587615286263159,69.54468805860681,7.015177068957428,14.718614718614718,1970
13215010702,63.234567901234584,36.07407416187142,-9999,-9999,0.5185185197804927,0.0,0.12345679042392683,0.04938271616957073,0.19753086467828293,0.09876543233914147,0.04938271616957073,-9999,38.305349566089994,3.240921522920968,41.34154688569473,4.243668720054757,-9999,-9999,-9999,-9999,-9999,-9999,0.0,0.740740742543561,0.2222222227630683,0.0,0.17283950659960373,4.148148158390489,0.6666666683127572,0.22222222277091908,5.222896345820645,1.5035610692513979,2.6114481729103227,-9999,-9999,0.0,0.0,1.8765432145099834,0.1975308646852614,0.0,77.44791666666667,10.729166666666666,4.379038047379756,46.425826287471175,27.47747747747748,12.687687687687689,2.6276276276276276,55.010893246187365,11.959957881875548,8807.142777,-9999,-9999,-9999,-9999,3886.82,13.629629663283037,0.5185185197988111,8.864541832669323,6.319244988886119,30.289193302891935,-9999,-9999,-9999,7.358156028368795,81.24401913875599,1.2411347517730495,16753.64075,107.4509825,2.2143489813994686,75.50239234449761,44.222222329850595,3.629629638463449,0.740740742543561,66.82710123632062,7.922991503918344,13.645418326693227,1970
13215010703,41.8225419664268,57.745802559017754,-9999,-9999,0.4076738552754576,0.04796163003240677,0.09592326006481354,0.0,0.0,0.07194244504861015,0.19184652012962708,-9999,41.91513703523073,1.2041284237207186,39.8671096345515,4.73421926910299,-9999,-9999,-9999,-9999,-9999,-9999,0.0,0.0,0.0,0.5755395603402172,0.5515587453260414,2.4220623164317474,0.0,0.0,1.4936708652780006,0.4810126515302036,1.012658213747797,-9999,-9999,0.0,0.0,1.17505993569461,0.0,0.0,64.52498627127952,21.4168039538715,5.711920529801325,48.60294117647059,35.206321334503954,10.359964881474978,2.985074626865672,64.19354838709677,5.227579917956296,7473.451289,-9999,-9999,-9999,-9999,4011.094,11.798560986974453,0.07194244504252716,10.057471264367816,12.658227671847463,12.564543889845094,-9999,-9999,-9999,5.896607431340873,73.13304721030043,9.693053311793214,19986.55869,102.6923048,0.8885298869143781,88.92703862660944,44.532373485089686,3.237410027187457,0.4556354853078643,70.08995405354295,9.445277230744827,15.613026819923371,1970
13215010801,80.58107487367946,17.29444220119329,-9999,-9999,1.3206246892447338,0.11483692949954188,0.29857603778615915,0.05741846474977113,0.2411575554635965,0.4134129672857011,0.19522278717833813,-9999,43.237851484613564,0.24226878021219422,43.691898483128156,0.06640106131218125,-9999,-9999,-9999,-9999,-9999,-9999,0.5627009684319818,0.4593477181334867,0.505282503987758,0.1750904603034203,0.6186529881204583,5.35776845624468,0.12839967447278677,0.2334539470587406,5.138644517816768,3.7191902369720133,2.860915441490067,-9999,-9999,0.0,0.0,2.2995213500201506,0.0,0.0,61.053242875659926,22.106481535605162,11.570247216041004,17.660657325452664,30.60747847960117,9.112150028769443,8.878504735964471,66.90647304540688,5.666598130883257,6581.280375,-9999,-9999,-9999,-9999,3820.751,8.396946558642503,0.0,7.414540390792564,7.460246344208138,11.999999734130643,-9999,-9999,-9999,2.2272726837684242,0.13947001581978052,89.1363604473969,-9999,0.0,1.6551725260914953,99.38966551355361,43.787321527456385,0.20670648364285055,0.011483693169614105,84.34629380713811,1.4657025338313576,1.9740010075145917,1970
13215010802,80.5802858024987,17.29529436807393,-9999,-9999,1.3206101047694896,0.11482816434813908,0.2985586048415012,0.05742910764139961,0.2411579665070598,0.4134136568703635,0.19522258853426114,-9999,43.23696366788144,0.24259673055194816,43.69073941356497,0.0669862209836756,-9999,-9999,-9999,-9999,-9999,-9999,0.5626597291208562,0.4593158206787333,0.505300229016298,0.17508407107023577,0.618622073314411,5.35760377896414,0.12840398829331565,0.2334325667609055,5.1386448643929326,3.7190393632228926,2.8610231006538087,-9999,-9999,0.0,0.0,2.299457062756024,0.0,0.0,61.05379253022034,22.105831617279264,11.568442488620677,17.66356547842957,30.607212230385343,9.113637185338296,8.877269113703058,66.900231232222,5.6666075855582845,6581.312566,-9999,-9999,-9999,-9999,3820.743,8.397969737117762,7.602128332827508e-05,7.415295597404367,7.46103892793158,12.002319902856572,-9999,-9999,-9999,2.2283902553305364,0.1446912865547292,89.12925854313198,15295.03135,0.005875033,1.655059714339435,99.38773795132045,43.786683928972295,0.20707218456037715,0.01154750502662293,84.34475324836686,1.4664625275758258,1.975554542684526,1970
13215011100,58.828517892111506,40.493985871482415,-9999,-9999,0.573721408151596,0.0,0.06384432739185052,0.02128144246395017,0.10640721231975087,0.1480925588725919,0.2340958671034519,-9999,17.85833927432545,21.026488976508183,31.509452081098555,17.168554170583192,-9999,-9999,-9999,-9999,-9999,-9999,0.0,0.0,0.1020195141119623,0.3951241877972415,0.2522897928294761,0.1892173446221071,0.3916564671176983,0.12094332540291834,0.0,0.0,0.0,-9999,-9999,0.0,0.0,0.1892173446221071,0.18141497307211069,0.0,90.58718218159308,4.258850191745979,6.266921697582257,46.018671152782794,14.348528200506268,24.187669983773212,6.189680126450584,36.87495763079253,17.854230190726554,3778.393327,-9999,-9999,-9999,-9999,2585.409,42.25365248293441,6.45420979829272,22.379808926143912,26.247261369767113,76.28935100815211,-9999,-9999,-9999,19.73190306034949,17.95094806946732,60.2855613431287,10515.89085,59.16941054,78.35817658354152,74.89906169312235,26.75648386210917,19.364366574138497,5.460118799785833,46.02789156245061,31.854548609777734,13.901053648315784,1970
13215011200,48.53665609226087,51.434367039051445,-9999,-9999,0.028977108191014896,0.0,0.028977108191014896,0.0,0.0,0.0,0.0,-9999,17.91044780831241,31.223880679157965,29.723632261703326,19.063733784545967,-9999,-9999,-9999,-9999,-9999,-9999,0.0,0.0,0.0,0.22160664899747545,0.0,0.1662049867481066,0.0,0.0,0.6410256432856674,0.0,0.6410256432856674,-9999,-9999,0.0,0.0,0.0,0.0,0.0,85.95194085027727,6.700554528650647,4.308093994778068,48.38509316770186,21.41882673942701,20.122783083219645,5.184174624829468,35.99632690541782,12.583995159134986,4069.41876,-9999,-9999,-9999,-9999,2672.52,34.6175800371086,8.618721493163065,14.24083769633508,17.840375639202982,55.93846153846154,-9999,-9999,-9999,6.981519507186858,35.68800588668138,36.276522929500345,11621.13402,55.25209391,46.42614023144996,59.02926481084939,27.006664834025884,24.978267260654842,7.012460182225605,47.832422758819604,30.710382624284026,9.109947643979057,1970
13215011400,99.01139719393299,0.8397564120340811,-9999,-9999,0.08930963764385373,0.0,0.05953975842923572,0.0,0.0,0.029769879214618013,0.0,-9999,27.179685036963235,16.4763816288488,57.02684604558382,10.695430091228218,-9999,-9999,-9999,-9999,-9999,-9999,2.0955351652351483e-05,0.0,0.0,0.0,0.0,0.00011038482103821286,0.0,0.0,0.0,0.0,0.0,-9999,-9999,0.0,0.0,1.88461804694326e-05,0.0,0.0,96.7190430819972,0.3428310094903307,4.169652163602764,49.16611334623925,4.618445849182506,64.25437164785814,3.948997104058864,36.4895892094834,18.62308788101013,6267.275186,-9999,-9999,-9999,-9999,2920.753,17.825035875933715,4.108930169022811,9.764737156072412,19.259247416505936,2.0565889444160463,-9999,-9999,-9999,4.481784842838127,50.65043725480877,18.091542764725514,6399.694568,49.96941184,58.91872551166469,70.08902584148606,31.408961866536583,16.403314211328443,2.560305408401674,63.46739147865104,18.71844317816394,7.09189766322476,1970
13215011500,97.7240053604658,1.0432361048744923,-9999,-9999,1.0621337195282778,0.042233839903211425,0.0848055690537204,0.19474479963168323,0.2650969895310042,0.30761240392770206,0.1676401173774654,-9999,35.92238017293931,2.3320320589409222,48.8214528359305,1.336854158511859,-9999,-9999,-9999,-9999,-9999,-9999,0.36390541873367105,0.0022525951197404433,1.9471101069999635,0.11038078760002121,0.6602305858124095,7.803392440148606,0.1923197395202917,0.11065837407373494,6.306216899083068,1.7657434767662197,4.823410983168357,-9999,-9999,0.0,0.19170904938493075,3.1604427181060983,0.0,0.0,75.58246765050248,10.367345101278355,6.278063612150193,35.133240494771215,24.010755988862794,12.330981513432791,4.208022327434027,59.0942443439933,6.063124266886206,7760.206164,-9999,-9999,-9999,-9999,3838.619,14.54797626744833,0.0,12.693563947618157,15.274455088268622,2.1118486713271047,-9999,-9999,-9999,3.084628920702486,65.57140771526497,3.6161626586018953,16920.39181,111.3934501,0.23119383246552855,89.16239835209421,40.74642086164551,2.3484626011200316,0.2778609223648295,72.31488371050825,5.634255900077954,14.088497958185194,1970
01113030200,40.84405081716315,58.49128475461034,0.3764817602557242,0.15714458824984837,0.13103759007552246,0.0,0.0,0.0,0.0,0.03275939753526658,0.0,0.0,22.119530985166854,24.824147385928004,37.169870265538044,14.124532604329678,50.44174932229153,7.817961168167055,0.0,15.49898897878249,50.0,0.0,0.06551879503776123,0.0,0.029433197822024314,0.0,0.29397993386322085,3.410359314774182,3.4098572306246413,0.0,0.0,0.0,0.0,3.9905786104832788,0.18404077013465908,0.0,0.0,0.0,0.0,0.0,84.60423681911377,3.433299834236336,23.305560216931767,35.02422584107714,7.336071438450596,30.289727852959164,2.9893181185434803,10.79911968142834,21.816211512782616,7146.447217,12255.53964,4264.019068,7146.447217,-9999,4225.540877,58.22337348278266,7.5372682394685055,65.77150620022431,28.21855749514234,79.06361473165428,0.0,71.5561959625314,-9999,12.9814297204089,21.159964291625194,61.39896947317132,33249.91849,111.794699,77.41907541563933,57.18432981240325,34.835200733141114,18.49982064954876,6.779495300351334,27.365541471356103,37.923392022135936,47.53460681294094,1990
01113030300,93.7480845808872,4.964756410910732,0.7048728237712768,0.18387986707076787,0.39840637865333034,0.061293289023589284,0.0,0.0,0.030646644511794642,0.2145265115825625,0.2145265115825625,0.0,18.646274193517986,25.80540215612524,21.604938271604937,17.901234567901234,30.434782608695652,13.043478260869565,0.0,16.666666666666668,17.647058823529413,17.647058823529413,0.33711308962974107,0.0,0.1532332225589732,0.1532332225589732,2.6049647835025445,7.692307772460455,11.67637155899376,0.39840637865333034,0.9806926243774285,0.3064664451179464,0.9806926243774285,2.1625164053736974,0.0,0.0,0.0,0.18387986707076787,0.0,0.0,75.73913122510397,9.217391400529301,9.479305835907603,49.07849829351536,19.3215341227887,33.70206524471159,3.171091478167611,17.332328736990533,22.12959476979881,20992.99978,21611.84188,6931.81811,20992.99978,7499.999923,10517.99989,16.24272159125116,2.8501379395969018,41.94871794871795,13.822193524435495,64.19753086419753,0.0,-9999,0.0,10.604113110539846,65.92379583033788,11.953727506426736,39299.99959,212.9999978,64.84575835475579,54.70884255930985,21.084891424114716,25.314128366742374,6.956788304177384,55.88673623875879,27.98062622334483,9.333333333333334,1990
01113030401,92.08187876722704,6.696286637298113,0.523643309081439,0.15867978722430182,0.523643309081439,0.0,0.07933989362400125,0.04760393617440075,0.09520787232510079,0.04760393617440075,0.11107585104990106,0.015867978724800252,19.296741474523763,19.279587776223146,22.5118487864057,19.668247401968912,27.272726686801015,9.090908897109045,0.0,20.00000000298724,9.090908897109045,18.181817789691973,0.07933989362400125,0.0,0.1904157446739023,0.1265622552275796,0.5695301484414051,8.258187357740395,17.038443893415803,0.3480462017990482,2.6578072694437416,1.5029267245155482,0.8701154484957974,4.198280073128658,0.7250042169217435,0.14238253713398075,0.0,0.3638664725287142,0.0,0.15820281904038191,53.288245974862974,20.055970731366145,5.076878439899613,60.066987814665275,26.34474216999997,17.359412663255117,8.282396135958836,18.715847056052027,14.11093018171079,31710.00057,32310.70513,26093.74991,31710.00057,-9999,14474.00037,5.114096000402474,0.7282731627248442,45.36478289699007,4.635533249339533,13.82352908629548,0.0,0.0,-9999,7.553681261821552,73.66238101927296,19.830574707286488,66500.00087,327.0000088,26.376589282690148,62.19461546507238,22.31037760836237,19.279593911373716,5.284036744974136,63.32300543364667,19.0937257453346,7.131102135369862,1990
01113030402,92.08128916430087,6.696936730080708,0.5236451434361576,0.15867241197585819,0.5235897446558077,0.0,0.07932109723192762,0.047597695754404444,0.095192873437049,0.04761280453543992,0.11106968588582622,0.015864220337596574,19.297722594118362,19.27806089003289,22.512490672637405,19.666416839482523,27.271940153806,9.090647100393088,0.0015869720775430803,19.999048935652706,9.092046153551072,18.182168570236726,0.07936642347489799,1.0072487311630518e-05,0.19039581936140965,0.12653253697949782,0.569572114025646,8.258228150440413,17.037696001668415,0.3480322470298834,2.657371533465907,1.5026013844965302,0.8700692841486374,4.197929738792782,0.7249176039697565,0.14234909371906565,0.0,0.3639190994891057,0.0,0.15816566233903215,53.29173651634801,20.053614473439467,5.077216648180081,60.06753272162491,26.34286953648989,17.362194932379765,8.282012141376208,18.71545663584374,14.110413438841931,31709.84341,32310.50199,26092.1152,31709.84341,12500.00045,14473.66605,5.114818246539096,0.7285427378797433,45.366835077242406,4.636105044297888,13.825262482082374,0.0,0.0,0.0,7.553725933113235,73.66445676155377,19.826623416535885,66498.97165,326.9894264,26.374366447121556,62.19450159749977,22.31142637838849,19.278063554280703,5.28347014219029,63.323287107275405,19.09303197361991,7.130990199611762,1990
01113030500,95.04084017521978,3.442240389462032,0.8168028042791262,0.11668611489701804,0.5250875170365812,0.0,0.2917152872425451,0.0,0.0,0.0,0.05834305744850902,0.0,17.57169012995841,23.97803548983908,32.20338983050848,10.169491525423728,28.571428571428573,0.0,0.0,50.0,22.22222222222222,22.22222222222222,0.23337222979403607,0.0,0.4084014021395631,0.0,1.352145802154627,10.640799573477718,20.811287563597304,0.0,0.0,0.0,0.0,2.6674938081094646,0.0,0.0,0.0,0.0,0.0,0.0,71.30008205764548,9.811937897841121,11.337579668384114,49.189189189189186,14.798850640627064,26.005747242266978,7.614942562652761,15.744680918062471,14.5602365760247,21897.9999,22351.35125,21428.57133,21897.9999,-9999,11704.99995,7.2738025138477935,1.4192785392873744,41.53543307086614,6.963249547867664,11.811023622047244,0.0,-9999,-9999,10.794044665012407,58.692628650904034,22.046285018270403,52199.99977,220.999999,29.84165651644336,57.53803596127248,20.82847150911772,23.453909094300627,7.584597468306172,59.26708948950144,25.93375627597078,4.330708661417323,1990
01113030600,50.38299090612205,48.308234501941065,0.943705687696579,0.19328000623734037,0.17169854587354152,0.021434131174167235,0.04278114469057793,0.0,8.154611817591344e-05,1.5338839328687902e-05,0.08570830468571744,7.669419664343951e-06,20.413624171887978,17.05630706549626,29.780456085500756,9.357496030041748,27.28302611432533,2.283993757706529,22.26232671028822,11.062594485326478,12.503356286358082,12.455054270094534,0.6212455994424837,0.00017944698186389614,0.1717767327682693,0.00036809099065493033,0.5325713732833529,5.2246359715553075,11.537634101417423,0.0012987052369387137,0.4451396674266916,0.0016679398196163806,0.44270801574243157,3.681042085291965,1.025059816556158,0.0,0.24132601853163924,0.003039491269158473,0.1974485681417797,0.0,71.95766203248256,8.056486900695683,5.3985300978860105,60.21228419091213,14.85412459179586,38.243887832428626,1.3606602513313864,11.484243923078225,14.253398192845921,22801.99298,24250.59743,22042.02,22801.99298,125000.0026,9429.380612,15.14362668750414,2.073083116384632,55.719818426501206,12.810095045895341,17.858669967700102,0.33170260375493865,0.0,0.0,9.221599395656524,65.5652871243654,19.474207244805097,45806.11348,260.8813407,24.454260022422766,57.50909382675075,28.337138740731216,13.280060153048998,3.076398612417259,51.360107249813275,22.79633090256736,16.23341999709845,1990
01113030700,51.44519995323386,47.63167350773321,0.5069698103347186,0.22454547025312027,0.13690988555553885,1.451795845782406e-05,2.9035944303475162e-05,0.0,0.05470074132625271,1.04733515489844e-05,5.8071861219123285e-05,0.0,18.935643968093963,25.018634760011075,24.17216539850541,19.98843618208675,17.327983002424368,11.342977373609836,12.192688447355179,1.2490114962108647,20.00281807792961,0.010604024975197796,0.2465952922238091,0.0,0.0302567259918478,0.0,1.5888385576458177,4.1325897938655345,7.395228489203117,0.0,0.6299900053606575,0.30116055776379225,0.4930988310267592,3.969430713546859,0.6241338895759477,0.0,0.00015986031370859957,0.27378232281476533,0.00013079478966352337,0.0,74.15678721826924,5.275573583996502,11.705584433183972,49.655499278459075,14.959720034696542,21.8789783795888,4.796715385707849,13.785575012360477,15.052748911964038,15908.08802,20024.04915,12632.83563,15908.08802,-9999,8566.090973,28.08614414632547,6.441034172904273,55.40056139334034,23.748736119736723,32.75877207562738,0.0,99.3498791557654,0.0,13.802127634869496,44.76201982244951,34.88380822582942,30371.78152,239.5663938,42.09111050428131,57.15795938320939,23.789608478129285,22.47820146153408,8.867559040437198,41.25654465722292,33.377388795886425,23.57120065127585,1990
01113030800,4.200510558829112,95.38175784300694,0.3249013677767983,0.09282896142285274,0.0,0.0,0.0,0.0,0.0,0.0,0.0,0.0,21.428571969453742,29.670329616102556,27.89231190405673,15.93499885252799,7.142857079584117,7.142857079584117,50.00000001250152,0.0,-9999,-9999,0.09282896142285274,0.0,0.11603620592736633,0.0,0.30197444854364114,0.0,0.5342624909779934,0.0,0.0,0.0,0.0,1.953818879584007,0.12687135533101845,0.0,0.0,0.0,0.0,0.0,85.08702396719214,5.379747048175288,11.844331642765367,52.29461740201383,9.72488830527948,31.6698652867899,3.1349968166749824,7.9603579681086485,21.34146382566303,12973.99989,11707.31717,13271.60473,12973.99989,-9999,5999.000266,32.12205967366533,4.77521547455201,62.25868582928931,19.45946010935613,32.69230679011168,-9999,-9999,-9999,7.980941362801136,44.336570041237316,38.67699724997678,37499.99938,131.0000002,39.51132376764668,48.2847897943858,31.097703060878775,16.500348325623253,4.803898821527893,34.62258267549874,29.69432289520973,27.9922776431798,1990
01113030901,91.58655333390816,7.503060614281747,0.6069240803678737,0.19717090274113747,0.10627009244268985,0.015169419674073826,0.0,0.0,1.577833591225201e-05,1.051889567761549e-05,0.04551877790269076,5.259440234636522e-06,24.90038539109744,12.830247473644613,22.829997272718256,17.571018882814034,35.001039413506106,5.000519704247248,39.99722392730001,0.0,0.030316420512033482,0.0,0.13669834235086806,0.07582080475836477,0.2123718826762046,0.14904248964131364,1.714030000212381,7.394161706624242,12.878552816458004,0.5067754634415124,2.027417180911081,0.46216095313415984,1.1926345670994256,3.675607635670284,0.16266830678645883,0.0,0.0,1.0582843880830495,0.0,0.0,79.22246627029767,4.044729832608914,6.492828848193792,58.01367701210705,12.701769751250394,27.7409274151753,7.0043806913158715,16.369653489783502,15.59007292867921,23233.16172,24585.00131,17127.53414,23233.16172,125000.003,10365.95931,14.236995182534793,1.267346478351649,54.863955782405355,13.696121603664103,14.290113960139703,60.42516908574953,0.0,0.0,7.9138722335201725,76.7130606582433,2.110425079688298,52698.20791,219.0028368,14.09655349958611,69.14954113593492,27.665339994389818,13.120075346520647,2.836455333250473,65.4002443166857,17.974051262868112,9.829729455903433,1990
01113030902,44.955417460636646,52.681903190480746,1.5751195080756877,0.16230359813804385,0.532644141973763,0.02317088994214079,0.0,0.0,0.06945898562440114,0.04630599040854432,0.11581866025813599,0.023152995215856814,20.12308969818008,12.798450094697559,23.90332713347299,14.605761124019688,36.763903603761555,5.881951803719473,25.021706106779714,0.0,29.159154385229186,0.0,0.972586873428035,8.947372409710851e-05,0.3243924593753255,0.0001789437888821829,0.18727800350591897,7.417681610614036,5.757285303355191,0.13952352133890125,1.970397651669958,0.5793677055581896,1.3211250859283772,1.9866106685354685,0.22319828252345747,0.0,0.0,0.37171080079409696,0.0,0.0,68.76465942026582,5.960194894097467,10.874927899608684,53.51634178979848,9.41522344198352,34.355911950881605,3.697564466017969,15.931298300856504,17.82309452611381,24020.96473,26034.29323,22833.98263,24020.96473,124999.9963,10187.21169,15.432093312644968,2.1902013511568508,51.69841846121646,13.422788804893566,17.442803063407187,15.513805835556738,0.0,0.0,12.577103306021492,80.2296496290623,0.3032548860247027,44510.04268,234.9758753,10.900995804968346,57.3156557570509,26.0566065016054,13.559981646688135,3.3373774504335567,57.173106278518475,17.427523348475297,11.032273205225513,1990
01113031000,69.83482762177363,29.571095482232124,0.2310313510116089,0.2310228257806625,0.06601851209281825,0.0,3.9347245141354876e-06,3.9347245141354876e-06,1.3115770383971956e-06,0.03300269816121714,5.246288350420485e-06,0.0,22.24319260791785,15.032908069014153,26.309983780985682,13.823891895282962,42.85596787553848,14.284943587400315,14.285470732035169,0.0002838630845166858,0.007946613868830792,0.0,0.13201931787581497,0.0,2.6231507762663418e-06,2.001045660798957e-05,0.33568950829032274,6.915083302169986,6.042332760871468,2.6013566734137765e-05,0.43643060123559607,1.600833843014298e-05,0.4363992512651092,2.3630539367505667,1.2888873124011488,0.0,0.0,1.3340304405326381e-05,0.0,0.0,74.7691740400022,6.602305294398711,6.114109163895106,58.261577187393236,15.991595722606197,33.57449762619578,7.308271062598954,13.994924825048225,18.06133481395626,24768.28648,28967.29671,18187.53472,24768.28648,20001.3521,10532.14111,12.103805756156813,2.427507537386266,52.65645668508062,6.0837889135403715,27.466689735922625,0.0,0.0,0.0,10.60991877489386,80.18720996078598,0.7531100301973199,53800.17771,146.0001769,18.075229350366133,53.557966909397855,26.63370505105822,14.620413183640595,3.3333445991357418,60.27866881384264,17.09574387981823,7.7920818931009626,1990
01113031100,20.76830732108438,78.39135723480034,0.5602240838886385,0.1200480234415407,0.16006402806723533,0.0,0.0,0.0,0.0,0.0,0.0,0.0,20.23121430777927,26.589595025203238,27.369488291171027,18.85453734142635,28.571429303109518,21.428572404146028,33.33333267773453,0.0,25.000000006250414,0.0,0.320128056094452,0.16006402806723533,0.0,0.0,0.039215686888160455,1.5294117250262163,1.8431372760567597,0.23529412591750082,0.0,0.0,0.0,3.711603962637123,0.0,0.0,0.0,0.0,0.0,0.0,84.02640471823668,6.006600758409262,11.200807421037663,46.31268401896986,7.3863638786833485,46.363637565161945,4.659091055329899,8.292682729975771,19.0217389912479,16666.99971,33437.49901,13269.23031,16666.99971,-9999,7535.000334,29.490196416908155,5.8431375274459,56.534954074265976,1.890359174729292,36.769079211694915,91.66666531241066,0.0,-9999,14.542189414121442,76.99579374603506,3.315412096643019,23900.0008,98.99999845,34.67741775570444,48.42767470325211,29.331731706221227,20.408163180286916,7.603041090180441,41.244725746319666,26.951476952644533,23.708204971524232,1990
01113031200,44.90500862851899,54.26021868989606,0.40299366666235803,0.3454231428534497,0.08635578571336243,0.0,0.0,0.0,0.028785261904454143,0.0,0.0,0.0,20.102105909250664,18.05998721370774,26.391096979332275,18.388977212506624,28.571428571428573,21.428571428571427,41.666666666666664,0.0,0.0,0.0,0.08635578571336243,0.057570523808908286,0.08635578571336243,0.20149683333117901,0.0,3.8572250951968554,4.260218761859213,0.0,1.813471499980611,1.3241220476048905,0.3454231428534497,5.694831312759469,1.671309189614192,0.0,0.0,0.4893494523757204,0.0,0.0,82.11157203949529,7.146150289793245,9.53360766867818,46.09261939218524,11.448066699851301,34.87490517835496,5.61031083303971,11.987974427676852,20.48964215368792,19955.00003,25674.15734,9959.016408,19955.00003,-9999,8846.000013,28.036845094938336,5.641911333273012,50.163576881134134,13.08232289332186,41.10101549973276,0.0,-9999,0.0,17.809139784946236,79.72199509403107,1.2768817204301075,39000.00006,114.0000002,24.39516129032258,46.27964022894522,27.317213547326983,18.13471499980611,5.066206095183929,53.149171266078575,20.110497207940334,12.213740458015268,1990
13053020100,60.921052636661734,37.23684113538557,0.8771929506974836,0.3070175539013672,0.657894755315408,0.04385965017675509,0.0,0.0,0.0,0.08771930035351018,0.4824561229058166,0.0,23.454158721024378,13.148542594092971,29.529412035875843,13.176471465877091,30.0,5.000000301174435,14.285714161752942,14.285714161752942,6.249999997627302,12.499999995254605,0.2192982376521702,0.08771930035351018,0.13157894258242187,0.0,0.4818221464061137,9.680245152303108,10.337275646022615,0.4380201330763112,2.3653088031742073,0.9198423218300033,1.1826544013653888,3.5021296386859757,0.5205868246256451,0.0,0.0,1.0950503751492138,0.0,0.0,73.5250754484077,5.08849574872975,13.007284107672826,48.47494580128303,12.6794256078202,16.746412267935124,9.330143896543184,19.29618703990558,20.161289420273075,20687.00026,25124.99985,14418.60468,20687.00026,42500.00154,8782.999693,19.295153742745914,2.7753304236308014,55.01567387939504,11.428571016399946,32.39436654828942,21.428569942068318,50.0,0.0,15.094338980336614,69.62962986274347,3.3402924297976893,41900.00008,184.0000023,22.2338214578044,65.7248145761892,28.508770643470427,13.157894768857824,3.464912112829561,56.339644280521775,20.36718288682504,13.949843116255789,1990
13053020201,54.81779718698489,29.282107665187475,12.099085942505278,0.6141667869806784,2.866111671392521,0.39579636382080297,0.061416676803703406,0.12965743404363111,0.5732223419743597,0.12283335362713978,0.764296405778311,0.06824075254348255,23.4339009993228,0.12666973668121903,29.62371722833002,0.18244012705669999,32.543710239523485,0.2820078841813417,12.121213216806618,0.0,31.034482600455714,0.8620689531606026,3.0367134568490286,0.2047222623268928,4.974750793059436,0.2593679665948739,2.518599410363695,17.1114603135697,7.821991635759155,1.0101699550064631,7.41928882620085,4.054330625908513,2.9895569993414317,16.289257333668523,1.6556537299901275,0.0,0.15698587546636494,0.7371510706201198,0.0,0.0,36.43284433599947,23.926047024514318,10.95588241366371,39.70256681444319,35.260115496792345,2.1469859695904727,3.05532617977959,5.582166440000328,2.5539567558499896,26929.00077,29554.14061,24035.08769,26929.00077,23269.23132,8656.000227,7.8832116555167655,0.0,89.5188212341971,7.7104305855160655,8.152381065277979,13.123360187592182,-9999,0.0,3.714020463907343,0.8678880926477216,39.72092859904864,69400.00139,433.9999929,44.55813722622833,100.0,27.842227667774914,0.16377781737977304,0.020472227179871492,46.24125080078461,5.217707562968169,4.621247959748197,1990
13053020203,54.87399210002171,29.35534887773398,11.995761396218304,0.6113387150456517,2.8457797242881155,0.3925559625101034,0.0608511907520384,0.12846362403830072,0.5679444363607938,0.12251004535063807,0.7617014422424868,0.0676124332862623,23.43409594872428,0.2514768283333217,29.622638601487076,0.33115968081623764,32.541998870751016,0.2851844701891673,12.130315349771086,0.06007705888912579,30.983541379672413,0.885988794546628,3.0107725632426843,0.20364497161627135,4.930158158343522,0.25697625921254086,2.49981776708466,17.04293493509107,7.84518549116886,1.0048939972578461,7.372684618391165,4.025426972456265,2.9728952611758674,16.1705545595171,1.6451169711336129,0.0,0.15553825880946898,0.7404513403374174,0.0,0.0,36.96948686111693,23.653510481182256,11.038954724991854,39.91410133838695,34.36593492599514,2.7251145481866343,3.3038051223060805,5.709616086735527,3.1433450257817572,26787.26761,29449.59225,23787.36457,26787.26761,23558.63907,8657.169161,8.068387057610142,0.04503373531544028,88.90360023124741,7.775847798760371,8.613394670114733,13.129430634740388,50.0000010245629,0.0,4.007306871575385,2.435299400154949,38.77781583673028,51477.00824,432.2260924,43.97941205518862,99.21345135176661,27.848364878597874,0.28341943772427797,0.05218645571500913,46.33591833730349,5.35972643555512,4.787583611747231,1990
13053020205,54.817797196006154,29.282108415111164,12.099085655184659,0.6141667678855849,2.866111556043163,0.39579636786810746,0.06141667881330628,0.12965743644620606,0.5732223355056061,0.12283335762661256,0.7642964204152147,0.06824075253906059,23.4339005586059,0.12666973329842093,29.623717378755327,0.18244014203896594,32.54371027285654,0.28200789094807105,12.121212304380242,0.0,31.03448329432278,0.8620690069482742,3.0367135462476496,0.20472226271102095,4.97475087285769,0.2593679712868861,2.5185994137998633,17.111460282314752,7.8219919553655854,1.010169980519219,7.4192884763043505,4.054330914148173,2.989557043152634,16.289257363476686,1.655653659536878,0.0,0.15698586987092217,0.7371510163083349,0.0,0.0,36.43284400786295,23.92604727458332,10.955882018379695,39.702570904431646,35.2601146221278,2.1469860708772974,3.055326255362701,5.582166697689828,2.553956741515307,26928.99984,29554.13982,24035.08751,26928.99984,23269.23021,8656.000017,7.883211923611624,0.0,89.51882258715307,7.71043033736011,8.15238115530202,13.123359951698726,-9999,0.0,3.7140204943277664,0.8678881343147923,39.72092881131262,69399.99912,434.0000155,44.558137220419006,100.00000000000001,27.842228225721147,0.16377781016881676,0.020472226271102095,46.241250800933344,5.217707483302004,4.621248247390075,1990
13053020206,54.81779717326827,29.282108377302745,12.099085668054723,0.614166757771387,2.8661117363289943,0.3957963699763872,0.06141667703958405,0.12965743415685177,0.5732223270666731,0.12283335402656623,0.7642964194316323,0.06824075085764278,23.433902078690547,0.12666974119140384,29.623718325585802,0.18244014331479666,32.543710260173484,0.28200788339410343,12.12121231751729,0.0,31.034482217276636,0.8620689720763836,3.0367135128719864,0.2047222650921782,4.974750957561125,0.25936796668027545,2.5185993396332362,17.11146040130686,7.821991664071022,1.0101699568888698,7.4192891736959545,4.054330732805243,2.989556956567585,16.289257213688792,1.6556537057844372,0.0,0.15698586799721143,0.7371510605991685,0.0,0.0,36.4328420563495,23.926045876545828,10.955882165068498,39.70257013637004,35.26011502494194,2.146985942663229,3.055326184795344,5.58216671501904,2.5539568990559642,26928.99904,29554.14002,24035.08827,26928.99904,23269.23044,8655.999927,7.883211819863802,0.0,89.51881660225739,7.710430213934026,8.152380926226632,13.123359007811983,-9999,0.0,3.7140203977825377,0.8678881491514562,39.720930514775446,69400.00115,434.0000011,44.55814192612677,100.0,27.842227949646936,0.1637778095593722,0.02047222618834629,46.24125080154456,5.217707449611081,4.6212478889272415,1990
13145120198,62.54725216593991,36.19678710078023,0.7033384994553398,0.12559641344124808,0.42702585052625147,0.0,0.3014301112829317,0.0,0.07535744354599189,0.025119147848663963,0.0,0.025119147848663963,16.859856417965194,27.926345932916064,27.919841695679043,17.760873651532084,14.285762214124917,17.857130875040202,19.999892640576306,19.999892640576306,35.29408978548913,5.882348297581521,0.12559708761405716,0.22607233063797566,0.0,0.0,1.460218415302548,6.847955480424707,13.016092546616443,0.20141386365901012,1.0825738401441598,0.050352114489175696,1.0573944042726897,3.2033994010111653,0.16016971925147286,0.0,0.0,0.15105634346752708,0.0,0.0,60.96045918316804,19.794672751533977,4.759481719544527,52.70111765267185,24.667670587274813,26.900583164621604,6.273280236972532,15.928608139661693,14.20835652464569,28029.0285,34999.98279,18071.42094,28029.0285,-9999,15985.97796,12.923598229434718,2.579665991521275,42.228379527816706,7.332759767966357,22.86317236244223,0.0,0.0,-9999,27.00755652728226,76.48987370970788,12.115420014481113,65799.91994,213.0004258,30.335964479581733,53.695301792782544,23.687561373441245,24.089347059097857,7.058510208676268,58.014349648025984,19.265471850426795,8.086240418717944,1990
13145120200,78.7926283587248,19.83877926760203,0.8641063061626075,0.4942252138076672,0.01026094771390034,0.00048810659833098126,0.0,0.0,0.0011869316516173734,0.0016750382098241546,0.004991779845448684,0.0008375191249741774,22.47786812985567,19.1145371507476,25.037408835297693,17.598944552136587,19.030105499607675,9.85235493407221,16.893738832501693,8.316130358157436,28.91866396111678,10.540667726163145,0.5714062806012852,0.0005934658057465867,0.08433063611038719,0.005864367575004359,0.751032786998005,7.51707434789213,14.42418183060045,0.042322267807802634,1.0470897851698593,0.19824483507061388,0.8331258514784173,0.857087504680481,0.0023323855666774152,0.0,0.0,0.46162423070239295,0.0,0.0,74.19642738324453,11.100591104069126,6.691880686752844,51.40272084762028,17.870168979909188,21.94030477932858,5.478519545552847,16.901637382329024,17.65526925130434,26936.92167,28729.81039,15637.46584,26936.92167,-9999,12323.54267,15.87194567846989,3.5346937168452977,50.22523910779785,10.574868262570396,37.00141020227283,0.0,42.57270259607011,0.0,15.694606743699259,82.67557601702559,1.3735769273741198,48627.92879,173.335,36.892880847383914,58.322618817045,26.10698118807182,18.753109127449576,4.949780721949793,63.16619461334693,17.279354666477627,7.936521602861274,1990
13145120300,75.58091286696381,23.36099575334679,0.4149377761919522,0.4771784367447555,0.16597510452773284,0.041493776137151675,0.0,0.0,0.0,0.041493776137151675,0.020746888068575838,0.020746888068575838,21.36798876965389,14.528043759735976,26.57218705553812,16.031886489455903,19.999999280624436,14.99999976104658,26.086956427403525,17.391303936439158,0.0,25.000000003144123,0.16597510452773284,0.0,0.1452282176907143,0.0,0.5417795474078549,13.08605903329387,8.54344679991929,0.3125651204242608,1.2294227683981802,0.0,0.47926652743218107,3.3519553784549356,0.20111732875525593,0.0,0.0,0.47926652743218107,0.0,0.0,62.665377285903595,12.391094208242386,3.898713688091545,57.20453660241457,22.501044501423042,20.95357546940562,6.18987869070833,17.373791640004146,12.941176437231727,27311.99977,32652.17429,15285.71434,27311.99977,-9999,12642.99955,11.268499334196566,2.7484143058931085,50.93493214745032,9.413707897857247,17.90065532714774,-9999,0.0,0.0,19.12181387785049,84.70519642121067,6.69856465392521,72900.00027,195.9999907,20.239235260672846,65.53341387193765,25.76763479226282,14.896264976754782,3.858921027332288,63.19790301846774,15.937091163242236,8.451758224571337,1990
13145120401,76.125037759944,23.059499198701086,0.42283296912641144,0.181214133662144,0.2114164845028946,0.0,0.0,0.0,0.030202354399108407,0.030202354399108407,0.12080941765674479,0.015101177199554203,22.852064958772548,16.11692662799699,22.026143681471744,21.764706446491232,17.857143822482072,24.999999989302307,24.999999995839786,0.0,35.71428765515242,7.142857017541339,0.19631531625954612,0.015101177199554203,0.06040470882837239,0.15101178285154904,0.800362404694048,8.954998361139491,9.498640762638567,0.9966777352774923,1.072183662437623,0.0,0.8909694715100421,2.400128770275266,0.0,0.0,0.0,0.5134400645902019,0.0,0.0,71.4090916673155,11.500000166786716,6.05575132558426,50.69391017251391,19.679398752152313,24.931787902408246,8.628922363248806,16.877220285402306,14.63954894800455,27747.99974,30377.90612,12244.31765,27747.99974,-9999,12071.99976,15.079000147130243,2.8992176543771673,52.00416273785222,9.972022422850563,32.6337182351275,0.0,16.666665998259127,0.0,8.783521601245075,84.36302118749427,0.27205596649056174,63999.9984,175.9999986,21.298095355423637,57.81849196725657,25.626698660710435,17.3663552435405,4.318936699879849,61.65327209125025,17.69996230673288,8.068713797518665,1990
13145120402,76.12503774422642,23.05949915943043,0.42283299229700594,0.18121413958703284,0.21141649617967612,0.0,0.0,0.0,0.030202356592643278,0.030202356592643278,0.12080942640174627,0.01510117831190822,22.85206357469113,16.116926220637765,22.026145006238213,21.7647073295758,17.857142860829082,25.000000003686228,25.000000004300595,0.0,35.714285716392126,7.142857149176387,0.19631531789894105,0.01510117831190822,0.060404713185286556,0.15101178299438955,0.8003624349757296,8.954998716548074,9.498640599972523,0.9966777380985935,1.0721836740798854,0.0,0.890969474983293,2.4001288513831933,0.0,0.0,0.0,0.5134400323045695,0.0,0.0,71.40909343728748,11.499999728358658,6.055751114168075,50.693909531431544,19.679400753329134,24.931786397264936,8.628922030563542,16.877220383704394,14.639548557142142,27747.99936,30377.90716,12244.3183,27747.99936,-9999,12072.00013,15.078999662038704,2.8992175527817334,52.004164691044444,9.972022593197167,32.63371662911514,0.0,16.666666663799603,0.0,8.783521737598239,84.36301660033757,0.27205598541135817,63999.99815,175.9999948,21.298095767777145,57.81849168663807,25.62669932251194,17.366354598890364,4.318937024077013,61.653272119808406,17.699961963407038,8.068714115063687,1990
13197920100,86.03287271476304,12.42167617605663,0.5151959379949342,0.5580733141330138,0.47218186048642513,0.30047936576408873,0.0,0.0,0.0,0.0,0.1287768710417523,0.042925623680584106,24.353192489100532,13.37091226223883,27.837759718588426,13.060982708954079,24.998829380184528,33.32761034385809,30.771336686730184,0.0,63.63636363636363,0.0,0.17170249472233642,0.0,0.04298191235139582,0.0,0.45262311345625234,9.685551348663562,13.57799821595742,0.0004578044114974804,0.9051614481417859,1.6955708887378495e-05,0.3168285492394992,1.4179842239725322,9.15328385880576e-05,0.0,0.0,0.3168285492394992,0.0,0.0,79.30645984974197,1.3480568454913742,4.686799256518374,45.434481260368244,16.45687563044875,24.230439061087157,6.400624989149216,14.49006135542809,21.13833978162967,20760.60636,23091.73154,8379.581595,20760.60636,-9999,13135.54412,19.739602868227376,3.2369940132393,51.19738788124777,13.399799797124706,58.341647551998676,0.0020812439491743897,99.99747831359063,-9999,10.455332865904765,84.71779319265602,0.002681532210037513,37300.35588,152.9834964,22.454467503826123,58.21425899462388,28.295536730024395,13.182910803033804,3.006610977878584,66.40028040221081,15.425598116153997,8.296391381258205,1990
13197920200,37.84115302411051,61.66819999028625,0.3373198308963938,0.153327203842082,0.0,0.0,0.0,0.0,0.0,0.0,0.0,0.0,18.416801343752848,23.18255171179514,29.92555708297318,15.037220542709115,18.18181847526159,0.0,59.9999990358194,0.0,-9999,-9999,0.0,0.0,0.2146580795268526,0.0,0.2070393366861085,2.3957408594766005,3.7858621238191876,1.5971605729844003,0.11830819136934961,0.05915409568467481,0.11830819136934961,3.4670946352039325,0.32102729479421394,0.0,0.0,0.11830819136934961,0.0,0.0,83.01423635509212,6.872852017548213,14.163089856918262,51.28960806476761,15.416666868787862,31.50000067095902,8.833333095788836,11.097851514201604,19.819078497889638,15484.99944,25961.53862,10652.17404,15484.99944,-9999,7584.999937,33.75642226908276,6.406769243629441,55.70320837708492,21.24898677288963,41.32431397288822,22.222222366693735,0.0,-9999,7.661612327645175,74.67588061921622,9.773260709792279,38800.00074,116.0000059,33.9327609256482,56.51808707855609,28.794848050427483,18.092609232727437,6.930389683028059,48.505654300105206,23.707591859504642,19.158360191368537,1990
13215000200,94.57099467784171,3.1511009691471092,1.2908124451927916,0.22779043150461029,0.6833712945138308,0.0,0.03796507191743505,0.03796507191743505,0.0,0.41761579109178554,0.1518602876697402,0.0,15.1370678538264,29.24115994859903,29.41176470588235,11.764705882352942,23.529411764705884,5.882352941176471,0.0,14.285714285714286,33.333333333333336,16.666666666666668,0.49354593492665566,0.0,0.5694760787615257,0.0,0.9637625233398466,10.639938257671906,19.236699965863338,0.4240555102695325,2.9683885718867273,1.8118735438789115,0.6939090168046895,5.050916468141413,1.4663951036539586,0.0,0.0,0.6939090168046895,0.0,0.0,57.424161452013955,15.061202679258525,2.080443816474653,55.29715762273902,22.66288939001196,15.509914926289435,6.7280452876598,18.63410210662898,13.530751634456028,29186.00017,29162.30383,35000.0002,29186.00017,25000.00014,15124.00009,2.852737069085946,0.8095605196054712,35.86291309669522,2.719155828706095,8.433734939759036,0.0,0.0,0.0,3.652173913043478,80.68592057761732,9.544282029234738,63500.00036,349.000002,43.85210662080826,43.035714285714285,18.299164664203694,28.473803938076287,6.605922513633699,60.54391440612088,21.62282644623418,4.406364749082007,1990
13215000300,52.772373545919066,46.10894927243855,0.9727626904028902,0.048638132793317156,0.09727626558663431,0.0,0.0,0.0,0.0,0.048638132793317156,0.0,0.0,19.799270434479446,23.905109780551715,21.989529058495204,17.801046414500984,19.99999958495828,4.999999822482156,0.0,0.0,0.0,0.0,0.09727626558663431,0.19455253117326862,0.2918287967599029,0.0,2.144522171836197,3.6363637234247332,7.645687713755413,0.0,0.0,0.0,0.0,1.1094301978021963,0.2521432289693855,0.0,0.0,0.0,0.0,0.0,90.88235501188645,1.3970588596705897,13.54378825232629,51.815181059109264,8.244994265717215,24.028268495543102,2.355712599219093,14.924471625173126,19.72087370810552,15226.58495,17932.88042,13249.24118,15226.58495,-9999,7020.867316,33.48924286934665,4.58372301467108,46.2171062151451,33.72384998010348,33.191939476916154,0.0,-9999,-9999,10.140237437437515,39.97598982070597,19.716775378998754,26132.43286,168.1039987,80.8278868550703,56.06796043950073,24.221790680446254,21.01167322545367,6.663424234566095,38.522107810757014,36.281041533207606,17.269737267723734,1990
13215000400,96.91823899072389,0.7547169699701602,1.0062892935032164,0.4088050180751877,0.9119496947046494,0.0,0.0,0.0,0.0,0.12578616167217685,0.4088050180751877,0.15723270960685998,17.86288965357368,23.656259962410086,25.00000000625076,8.333333334027863,31.25000149002528,3.124999999609327,23.07692349235831,7.6923078307861035,26.66666624328176,3.3333332799935023,0.4088050180751877,0.0,0.4716981138187525,0.0,0.5974843056203858,12.735848713943067,15.849056431330599,0.28301885630865975,1.3836478085234019,0.0,1.132075425234639,3.058823524369134,0.0,0.0,0.0,0.7861635029030161,0.0,0.0,71.46642915740418,9.319787646428516,4.657016774967335,54.86409028340929,22.83828408834545,23.82838285118174,4.686468467864786,20.547944652514943,16.256726175341687,28486.99881,28333.33196,15000.00022,28486.99881,36249.99974,12164.00028,4.30817597072307,0.8176100358358717,38.33671379180311,4.375598718335088,0.0,0.0,0.0,0.0,2.4105753341108294,83.58565240034076,2.643856760707959,49700.00101,336.0000104,47.66718572625171,46.294816931841694,20.660377888844717,23.23899358745186,4.874214043447149,63.89099165050863,20.85541190636766,4.9695739668459336,1990
13215000800,84.72821400030969,13.934426169394191,0.4745470212487186,0.5176876595440566,0.34512510636270444,0.0,0.0,0.0,0.08628127659067611,0.0,0.08628127659067611,0.0,16.12576057549095,30.933062739149307,24.148606811145513,30.340557275541794,27.272727272727273,27.272727272727273,16.666666666666668,16.666666666666668,0.0,12.5,0.21570319147669026,0.08628127659067611,0.0,0.0,0.5596211771002101,6.112785165248449,12.871287073304833,0.0,1.1192423542004202,0.0,1.1192423542004202,2.4909420177040666,0.6340579681428533,0.0,0.0,0.5596211771002101,0.0,0.0,71.85808749067552,9.621166525948187,10.889292146600306,49.52651515151515,20.570264675710654,16.395111944502055,2.3421588492145795,17.939135000793872,20.448478289595396,20219.00009,23012.42246,13750.00006,20219.00009,-9999,11280.00005,12.456747350965625,2.8114186729609916,37.61467889908257,8.53966645939515,35.75949367088607,-9999,35.294117647058826,-9999,8.305084745762711,56.561922365988906,21.165381319622966,46400.0002,247.0000011,84.83290488431876,52.15759849906191,19.672131062674154,30.672993827985355,11.73425361633195,48.68353124446657,31.388745353066618,9.63302752293578,1990
13215000900,84.35421769616003,10.88554428944181,3.1851593002944307,0.3850192495624584,1.0500525107486924,0.0,0.17500875736119173,0.17500875736119173,0.10500525440270309,0.24501224357542153,0.17500875736119173,0.24501224357542153,13.746959242872759,34.26601728810718,31.832796655060427,18.00643033076927,34.065934432125445,4.395604249115761,27.272728447222477,18.18181787909618,35.13513520166035,2.702702645607995,1.120055980288723,0.0,0.5950297247392277,0.0,2.2089760936483143,10.273492507236595,15.7784012424077,0.45582047810597903,4.558204981079874,1.6830295193826637,2.3492284866895665,7.028635122087026,1.3015990702163789,0.0,0.28050490318198196,1.086956547874478,0.0,0.0,57.99999906656883,19.073171280654194,6.32530102588538,47.17607902487261,35.048232441399655,10.45016126053701,6.832797276887241,14.599751089979389,15.592719540449371,26326.99953,27345.45443,16428.57078,26326.99953,107142.8529,12902.00047,10.934394126252382,2.7037772153810344,40.437954409686164,6.78670393537178,42.14559681993961,32.499998804666866,-9999,26.86567270947699,5.946791787764062,39.10149782217401,51.587917509593865,52499.99845,387.0000099,52.05267258364748,66.09195434703136,18.410920971151135,31.711585396195687,16.80084017197908,42.65070188687066,37.03550712239431,11.094890255344161,1990
13215001000,92.09068010389002,4.83627209999429,1.9395466234352103,0.12594458593735133,0.9319899359363998,0.025188917187470263,0.10075566874988105,0.4030226749995242,0.10075566874988105,0.10075566874988105,0.30226700624964314,0.0,18.624797194942033,23.145641862900344,25.906735751295336,1.5544041450777202,15.584415584415584,9.090909090909092,20.0,20.0,21.951219512195124,4.878048780487805,0.17632242031229184,0.10075566874988105,0.6297229296867566,1.1586901906236322,1.4357682796858051,13.24937044060936,10.60453413592498,0.2770780890621729,3.073047896871372,1.6372796171855672,1.4357682796858051,5.8728011540665905,0.6765899947081325,0.0,0.0,1.1838791078111024,0.0,0.0,44.90188589336681,30.050019608157225,4.892086391939687,61.19314825753101,39.78820017897973,12.859304240354666,5.748865425099733,20.541050896854667,12.74541373811578,31781.99961,32921.56822,29722.22186,31781.99961,19999.99975,15544.99981,8.604592586834478,1.2112036485866715,43.64592462751972,8.190941244532778,6.206896551724138,30.392156862745097,0.0,19.23076923076923,4.7396138092451725,65.72481572481573,26.155646576945582,75999.99907,333.9999959,31.07080163838502,58.108108108108105,21.309823940599845,21.712846615599368,4.685138596869469,58.73161763151492,18.014706103121398,6.8361086765994745,1990
13215001100,97.73722626085568,1.0583941683094464,0.985401467046726,0.0,0.21897810378816135,0.0,0.0,0.1459854025254409,0.0,0.036496350631360225,0.036496350631360225,0.0,15.863602786238715,34.210526569388634,24.137931034482758,31.03448275862069,18.51851851851852,14.814814814814815,-9999,-9999,50.0,0.0,0.1459854025254409,0.0,0.328467155682242,0.328467155682242,0.21897810378816135,15.182481862645853,10.036496423624062,0.18248175315680112,0.6934306619958442,0.2919708050508818,0.40145985694496245,3.323147464912071,0.3055767783827192,0.0,0.0,0.0,0.0,0.0,18.436293569760814,55.694981098177955,1.6296296417009604,49.033816425120776,55.64759078047884,7.831325360175643,12.424698888740203,22.323759956268024,10.017497887269231,51764.99962,53813.55893,12777.77768,51764.99962,2499.999982,31009.99977,4.343065725131867,0.656934311364484,32.00908059023836,1.8860807377727402,68.75,0.0,-9999,100.0,3.9312039312039313,86.53026427962489,13.185913185913186,113899.9992,321.9999976,62.16216216216216,39.727195225916454,18.905109627044595,34.051095139059086,11.094890591933508,68.26552460835714,15.888651079274975,3.745743473325766,1990
13215001200,92.32250829579229,5.176714467939665,1.773679922696541,0.20355001623551813,0.49441224611889867,0.05808398079798426,0.11628436317133525,0.000116401575366738,0.11623780252957178,0.0582469429860725,0.08724237277234312,0.0582469429860725,11.809766839554944,29.741747730841766,29.612031495332985,3.930219016313784,27.876254342278838,6.554794997831445,57.105277945582905,0.022874285928637744,29.421732760514992,0.0047071346262593985,0.7558367204096754,0.0,0.4650676117517378,0.3491126266891902,0.3505818482683443,11.818476917266613,12.869476188738386,0.00030317272158684625,1.9231511737154872,0.8157155358866018,0.9325295101412213,5.094866040579789,0.6754678303441832,0.0,0.0001865678241930256,0.78622636033306,0.0,0.0,35.94499948409396,37.02105747647903,4.165643339189742,50.08366204360576,42.70575444073557,16.977410667117834,7.775334595437839,15.509753716624598,13.854951551704115,24249.06195,24944.99708,14844.8996,24249.06195,107142.8541,21124.52723,8.487877668660888,1.866925396266104,36.396661907942544,6.683617092072011,27.246059277689856,0.01735891329547457,-9999,46.39111898299273,7.534454794642148,42.374787624280344,51.94723860640347,83985.28186,316.0379892,64.79396996628198,73.22757819164963,15.11408045236808,28.017570707970606,12.905818287690705,44.49468426986486,30.417470952672588,9.519445778539819,1990
13215001400,51.764705860108755,46.260503618565075,1.5546218291434222,0.21008403096532732,0.21008403096532732,0.0,0.0,0.0,0.0,0.16806722477226185,0.0,0.04201680619306546,18.319999765504004,30.239999612928006,46.540880503144656,8.984725965858042,40.54054054054054,8.108108108108109,0.0,20.0,0.0,40.0,1.008403348633571,0.0,0.29411764335145824,0.0,1.6319869234632416,5.059159462736049,7.6703385402772355,0.2039983654329052,1.060791500251107,0.0,1.060791500251107,5.125771175476957,0.0,0.0,0.2855977116060673,0.7751937886450397,0.0,0.0,77.67340945054337,7.080924768514652,17.054263352162334,38.42549203373946,10.74766341580051,21.806853307421324,5.919003040585788,13.58535127862234,29.857819533759354,6841.000086,11195.65231,3654.580199,6841.000086,87500.0011,7563.000095,56.91554395578056,7.099143117065101,63.48949919224556,31.807951582344202,88.75685557586837,0.0,-9999,0.0,14.21608448415922,22.53787878787879,62.71050521251002,37400.00047,109.0000014,85.00400962309543,80.52190121155638,34.03361301638303,20.21008377886449,8.319327626226961,28.974205159893035,39.892021093141906,46.849757673667206,1990
13215001600,39.453432651014246,59.33298028783492,0.8609316604449326,0.2582794981334798,0.09437661315670862,0.028697722014831086,0.005916748129981389,0.0011833495915590114,0.0,0.0011833495915590114,0.0,0.0,21.262430296970173,23.129411725370545,45.2422898968429,6.637550307719421,33.333333333333336,3.3333333333333335,44.44444444444444,33.333333333333336,37.68655775546996,0.4974874323727818,0.14348861007415542,0.05739544402966217,0.05739544402966217,0.0,0.4195779328948003,3.275258119651107,4.9597848133690245,0.20091258404859721,0.016569247087028505,0.0,0.016569247087028505,3.1946789375568576,0.0,0.0,0.008284623543514252,0.0,0.0,0.0,87.8958985146467,1.9562734643358843,24.834930227290105,36.70673066512781,7.729537357610864,25.058610090703688,0.9363710205538867,7.914128019393049,29.770666108216403,6383.429087,9050.044647,5295.642721,6383.429087,-9999,3889.934412,70.18208434562202,4.604216638680343,77.82860262085737,53.55149080239139,80.71487656080286,100.0,100.0,-9999,10.117581788607035,19.574609315544993,48.92044356793141,17953.22692,116.804485,79.82376831082418,77.5944119941727,38.80997031915716,13.238510029448344,4.872095354972423,24.128688883667163,38.82209633745549,52.01106294308504,1990
13215001800,76.84413080447862,21.937138994791567,0.7055804939845242,0.06414368127132038,0.4490057688992426,0.06414368127132038,0.0,0.0,0.0,0.19243104381396112,0.19243104381396112,0.0,18.85382044141345,22.67441841632543,25.072886297376094,15.743440233236152,27.272727272727273,0.0,0.0,0.0,71.42857142857143,0.0,0.2565747250852815,0.0,0.2565747250852815,0.0,1.174168287498899,7.045009724993394,5.088062579161896,0.0,0.7827788583325993,0.0,0.7827788583325993,3.4604519480752662,0.0,0.0,0.0,0.7827788583325993,0.0,0.0,73.21428506058675,9.02777769717262,15.112994217937056,48.94308943089431,11.148086426006573,20.798668705236143,4.991680489256674,10.59983556565473,22.95623430840745,16798.00015,17826.08711,17575.75773,16798.00015,-9999,9153.00008,16.90694612071409,3.5386631415448093,48.725212464589234,16.171328529970904,16.022099447513813,-9999,0.0,100.0,12.738853503184714,32.7007299270073,27.22710163111669,36100.00031,206.0000018,79.29736511919698,66.04850213980029,22.45028844496213,20.974983775721764,8.53110960908561,39.00879295835593,35.251798251183224,15.297450424929178,1990
13215002000,2.2468451833573146,96.61434308288717,0.7694675301281234,0.030778701205124933,0.27700831084612443,0.0,0.0,0.0,0.030778701205124933,0.0,0.15389350602562468,0.061557402410249866,14.666666696000002,20.00000004,22.123613312202853,17.527733755942947,4.0,8.0,0.0,0.0,11.11111111111111,0.0,0.061557402410249866,0.0,0.36934441446149924,0.0,0.0,0.9135200993893546,0.0,0.0,0.7308160795114838,0.0,0.7308160795114838,3.7711313467577336,0.3250975298929081,0.0,0.0,0.18270401987787094,0.0,0.0,63.19279974077271,14.684983448005653,9.59247650707049,54.791666666666664,20.73509019570407,14.84049933739355,5.894590858310522,19.968114826560612,15.27213650542676,18928.99996,24999.99995,19212.96292,18928.99996,-9999,8585.999983,22.025625428364666,2.471018919248668,54.36554132712456,0.0,22.464219041692594,0.0,-9999,0.0,5.815831987075929,66.80960548885078,21.927710843373493,49399.9999,195.9999996,43.05220883534137,48.4228473998295,26.038781219535693,17.48230228451096,4.032009857871366,38.94249324381029,31.30065617773187,23.39930151338766,1990
13215002100,86.43362461393019,10.528506148040433,2.0807324403241965,0.3329171904518714,0.6242197320972589,0.0,0.0,0.041614648806483925,0.1664585952259357,0.20807324403241964,0.1664585952259357,0.041614648806483925,18.904762111814062,26.619047910589572,25.590551181102363,12.598425196850394,42.0,4.0,25.0,0.0,0.0,13.333333333333334,0.8322929761296786,0.20807324403241964,0.4993757856778071,0.0,0.5067567623208091,11.402027152218205,13.724662312855246,0.5067567623208091,3.0405405739248543,0.0,2.5337838116040454,5.615942090028356,0.31702898895321363,0.0,0.0,0.5489864925142098,0.12668919058020228,0.0,58.80923515101229,16.40340236650136,3.497757885177663,48.57685009487666,31.598513363552193,12.081784521358191,5.018587416564172,20.97358904217782,13.763896394410708,25287.99972,26191.86018,10588.23518,25287.99972,62499.99932,11417.99988,8.24873105518909,1.9881556902250628,42.73504273504273,5.821107493556778,33.80281690140845,31.25,-9999,0.0,6.338694418164617,67.47474747474747,16.0,53299.99942,331.9999964,59.04761904761905,52.18718209562564,22.305451760275385,24.67748674224497,5.659592237681814,59.59079281401875,21.687979772607456,7.122507122507122,1990
13215002200,8.21649306962226,91.09873544330236,0.43827037966181404,0.08216616649915313,0.16433233297091826,0.08216616649915313,0.0,0.0,4.120940737186865e-06,0.08216410601509053,0.0,0.0,9.3024824660965,44.18577944252333,20.917240859863796,22.055832348498065,12.503878631000465,18.74970616176169,0.0025076904463082177,33.332497432073566,0.0012538295021981688,33.33458715839125,0.027394216763163306,0.02738803533836351,3.2967553285530264e-05,0.0,0.27388023486717855,0.8764167515749715,1.3694197184927155,0.0,0.4930173902725528,0.054776046973435716,0.4382207387412876,3.4733428599242697,0.058402025853976434,0.0,0.0,0.21911655071060468,0.0,0.0,81.03947117308944,5.846470479273833,10.893822375878042,53.77608821611627,7.050588309434758,22.509365964712366,3.2341738847043,16.864927039822057,24.673299098027677,17788.37897,15599.94212,17753.71485,17788.37897,-9999,7384.880741,27.341834854130383,4.998886708570843,40.361264885270835,21.927085789705835,27.76744900419689,100.0,100.0,0.0,5.7629835169540184,60.6986994456798,15.391851410025245,35699.755,218.990252,69.92238163615592,41.31318853503694,22.898126278401254,23.91122396651732,6.710604381564296,35.01605793366149,33.502199310310786,18.2217348505952,1990
13215002300,52.92447472734787,45.4855187424898,0.851788780298592,0.056785916906840296,0.6814310026548837,0.0,0.0,0.1703577506637209,0.11357183375688061,0.056785916906840296,0.1703577506637209,0.0,14.936440364872423,29.978813301317757,31.960050412866366,11.360798992242172,26.666665817567672,0.0,0.0,0.0,0.0,0.0,0.1703577506637209,0.11357183375688061,0.11357183375688061,0.3945884990658737,0.7328072395909389,6.989853520570801,6.087936948184326,0.0,3.1567079920759196,1.183765469964275,1.9729424144187024,8.201893134369891,0.44164037679045737,0.3945884990658737,0.0,0.7891769980189799,0.0,0.0,38.55855790106284,30.90090220282199,7.61904758949706,43.78698327626007,35.19882229482156,14.874816061364946,5.007363611704622,10.750360262316,15.240240647121587,22611.99977,25885.41607,10749.99989,22611.99977,30000.00011,17830.99988,25.14092399010718,1.183765469964275,50.31579052072449,3.553299333486405,53.515624813745816,0.0,-9999,0.0,8.31435073389759,35.776399351266384,58.05038351156652,89699.99558,320.9999908,47.207010551115815,69.08442170485255,25.09937585649994,21.23793275116795,8.063600250528099,45.91467824725058,30.224149672464637,22.526315561561326,1990
13215002400,7.303801381713979,92.3091694871193,0.2763816323133369,0.05524898933144251,0.055399343630508774,0.0,0.0,4.100570788437618e-05,0.05526265791914907,1.366858770656564e-05,4.100570788437618e-05,0.0,10.613710720235407,21.983846015151045,33.27333314960887,14.481975661706905,39.99010891496547,0.0,99.97526002217964,0.0,0.0,0.0,4.100570788437618e-05,2.733717541313128e-05,0.05526265791914907,9.589169742998554e-05,0.00017808462048249458,2.215999853599262,1.8282779625516483,0.0,0.0007671336901549444,0.0002876751476474866,0.0004794585978649877,1.2675442058351172,0.00010960728532722438,9.589169742998554e-05,0.0,0.0001917834502175011,0.0,0.0,78.84660415765983,4.387888260910094,14.958878095297015,54.18505802204549,10.808793547080587,20.831788877828316,6.018256449924822,13.746247158961618,20.42285306762906,10249.62143,28073.44117,9802.2687,10249.62143,30000.0005,6792.657547,55.80649989949093,5.923543388065919,57.89300066455981,25.963583695887245,58.51391912419713,0.0,-9999,0.0,9.067803899000229,14.13339531061924,83.58044777016352,36137.42453,159.0334204,30.920711947817328,71.76887826655056,35.13570550535777,14.973883967057873,4.973119804623037,25.614255750272857,38.41099652780147,47.75250451147165,1990
13215002500,12.20741807574929,86.49621959539813,0.9002520773875742,0.36010083095502965,0.0,0.0,0.0,0.0,0.07202016619100593,0.0,0.036010083095502965,0.0,2.0408163420003573,23.906705720575612,25.207296849087893,15.339966832504146,20.0,4.0,0.0,0.0,50.0,0.0,0.07202016619100593,0.07202016619100593,0.3240907478595267,0.0,0.8309248617953114,0.8670520296994554,0.6141618543704476,0.0,0.5419075185621596,0.2528901753290078,0.2890173432331518,8.440295670480713,0.8556981785740815,0.0,0.0,0.0,0.0,0.0,86.00347086063917,1.6772701109337835,18.677686092425382,36.06911447084233,9.959349670417742,8.536585431786635,1.422764238631106,14.738292126056457,33.68107327631202,5403.999959,6351.351303,5407.407366,5403.999959,-9999,4361.999967,64.94044586955292,10.926980923824296,79.66903073286052,63.02521056069487,65.16416249304396,66.66666666666667,-9999,-9999,9.323770491803279,7.005649717514125,66.17492096944152,33599.99974,108.9999992,54.267650158061116,76.1350407450524,24.594886754228526,16.27655755916734,5.9416637107579895,16.104014600259237,40.830292287461205,68.32151300236407,1990
13215002700,9.744331887895946,89.58031945948287,0.3859141387592153,0.048239267344901915,0.24119633672450957,0.0,0.0,0.0,0.14471780203470574,0.0,0.048239267344901915,0.0,14.215686448721646,36.274510248462136,36.44659151905529,12.614063338701019,25.0,25.0,0.0,0.0,40.0,0.0,0.048239267344901915,0.19295706937960766,0.09647853468980383,0.0,0.0,2.58706470750724,0.9950248875027847,0.0,0.7462686656270885,0.2985074662508354,0.44776119937625314,4.537521870440931,0.9889470743268695,0.0,0.0,0.0,0.0,0.0,83.92156961476356,1.862745119953864,18.100358643516916,40.65804935370153,14.87965006966756,23.413567021388662,11.816192702383063,6.490566116112496,19.446579793347638,7553.999908,12083.33319,7822.58055,7553.999908,-9999,4172.999949,56.51741361015817,5.024875681889062,66.53771760154739,42.18009530648458,58.62262038073908,-9999,0.0,0.0,11.34020618556701,27.39018087855297,51.49700598802395,27899.99966,124.9999985,73.05389221556887,68.47826086956522,37.91606413309291,14.905933609574692,4.630969665110584,21.225071225659693,38.888889359765756,51.83752417794971,1990
13215002800,1.3119055426425654,97.57297270699426,0.9839291756779848,0.032797638926865304,0.06559527785373061,0.032797638926865304,0.0,0.0,0.06559527785373061,0.0,0.0,0.0,24.999999677475735,17.500000490036868,24.608201755852384,23.44114579670413,39.99999808652275,16.666666133293216,100.0,0.0,33.33333465565507,66.66666931131014,0.09839291287738329,0.0,0.5247622226986445,0.0,0.0,0.0,0.2931596084135109,0.0,0.5211726439987633,0.0,0.19543973376279786,1.939351156940812,0.4583920855495729,0.0,0.0,0.19543973376279786,0.0,0.0,82.56977584572208,4.84465515832501,19.215372668128712,48.470096880986134,9.81169491273452,15.659068388723806,3.666996912852981,8.599827237737395,20.656871703899878,9450.000438,2500.000006,9707.446358,9450.000438,-9999,5486.000198,48.091355691139775,9.20065271507568,58.398949055863895,99.99999976664911,47.96454677492419,100.0,-9999,0.0,12.183755576018008,30.022745282266904,38.58003967270962,28999.99951,145.000003,65.90756744096548,51.33894688419663,27.517219060263194,23.384715986527524,8.527385978632518,21.928327648895444,42.1928328766727,41.20734857685254,1990
13215002901,37.63207803519526,56.62422141580409,3.3595231844783284,0.4063939336062494,1.9506908813099972,0.027092928907083296,0.0,0.027092928907083296,0.32511514688499954,0.21674343125666637,0.9753454406549986,0.08127878672124988,14.445219899205693,16.39916268750405,30.729166666666668,4.545454545454546,25.806451612903224,8.870967741935484,16.666666666666668,0.0,15.584415584415584,5.194805194805195,0.4876727203274993,0.05418585781416659,1.2733676586329148,0.0,1.2733676586329148,7.287997876005406,5.391492852509575,0.0,3.6575454024562446,1.2191818008187483,2.3570848149162464,11.094630739214658,1.0086027944740599,0.0,0.0,1.4088323031683314,0.0,0.0,55.92720151063769,16.37973447936882,11.4521842470613,67.73049645390071,16.46666676546667,18.466666777466667,0.33333333533333337,20.63089207037501,16.468590929779403,25019.99985,27946.42841,21592.59247,25019.99985,19999.99988,12359.99993,15.91344846619991,0.0821692691886398,57.27181544633902,4.623878565641758,24.628653569717297,10.119047619047619,0.0,0.0,7.198443579766537,38.36477987421384,47.79507133592737,50099.9997,353.9999979,25.421530479896237,74.98252969951083,27.30967233833996,9.157409970594154,1.5442969477037478,53.20266013456255,20.091004669774964,21.865596790371114,1990
13215002902,44.326401448499105,48.62115759844687,5.131103103136885,0.47468354698623166,1.401446662530779,0.0,0.022603978427915793,0.11301989213957897,0.18083182742332635,0.2712477411349895,0.8137432234049685,0.0,21.41816428218454,11.024769369741248,30.977512620468104,6.1496099128040385,26.431718061674008,3.5242290748898677,27.272727272727273,0.0,4.6875,4.6875,1.424050640958695,0.06781193528374738,1.627486446809937,0.0,0.6103074175537264,9.24502717701756,6.057866218681433,0.9945750508282949,4.317359879731916,1.6048824683820213,2.5768535407824005,9.0108231055218,1.5101938165678994,0.0,0.0,1.2432188135353686,0.0,0.0,63.306955804372095,7.705122910400551,8.731381662067385,56.17283950617284,14.124929736212323,16.09454145241723,4.501969637039784,22.333333461919192,17.317880892186746,19743.99989,18178.69406,22073.17061,19743.99989,87499.9995,8966.999949,28.0588778062263,0.5749770042259488,59.14069081718618,20.384047377757028,35.88290840415486,33.13253012048193,48.93617021276596,0.0,11.134127395132056,48.77622377622377,17.089590885551527,64999.99963,270.9999985,12.843086483687209,74.76689976689977,28.774864538736804,8.250452126189264,1.424050640958695,48.92975581238027,24.14832693964975,20.977253580454928,1990
13215003000,14.460784314103092,84.34873943673057,0.8753501394430321,0.10504201673316385,0.1750700278886064,0.0,0.0,0.0,0.0,0.0,0.1750700278886064,0.0,16.824644537802385,32.70142177770041,29.814432989690722,11.793814432989691,40.0,4.0,0.0,0.0,20.0,0.0,0.28011204462177025,0.0,0.1750700278886064,0.0,0.3151260501994915,2.485994396018211,1.4705882342642937,0.7002801115544256,1.1904761896425236,0.2100840334663277,0.9803921561761959,3.2459913936284774,0.9385999210491982,0.0,0.0,0.8403361338653108,0.0,0.0,84.73871728934755,3.087885983914557,15.891132558480129,46.624662466246626,5.9498956115188655,19.728601238194134,2.0876826707083738,16.315531594161914,22.754491006609534,12557.00001,14107.14287,12843.75001,12557.00001,12500.00001,7380.000005,40.504978634064734,2.951635844273374,63.21525885558583,20.094562633502672,44.34160706773243,58.8235294117647,0.0,0.0,11.939102564102564,36.2147406733394,35.657051282051285,30800.00002,190.0000001,32.37179487179487,65.42311191992721,30.987394936283334,14.845938364953824,3.991596635860226,33.72753075509578,34.389782386759805,33.10626702997275,1990
13215003200,14.692220772085468,83.14106985830783,1.5191899515762675,0.024922586821930375,0.4482885353741537,0.02489938311170796,0.17430387133845746,6.824622118321812e-06,0.04981241546765256,4.094778250869709e-06,0.12454605284775147,0.04980149606728336,22.368406368096984,26.643371337377815,42.85696013205846,5.297576468949984,45.89910893811485,9.835022776666314,0.016429089138452573,0.0,15.790673036322753,5.263749981022528,0.32373292823471217,0.14939766360463116,0.6724075520988293,4.094778250869709e-06,0.14943861133734107,1.9425599950561376,2.5398926786191534,0.12452421404701308,2.390576910778735,0.39855528565255044,1.0956847806382126,5.455220870126261,0.4447652673499069,4.094778250869709e-06,0.0,0.996003987891175,6.824622118321812e-06,0.0,76.50228817783363,2.057536006577222,24.48800142239835,48.79217438415176,7.164045016276885,26.04010968821956,3.388153928382578,15.221399166734088,18.69224781258027,7296.371263,14861.37012,6869.633188,7296.371263,19999.34004,4305.134152,60.78688417586087,2.2199765991219693,79.26773186391262,25.65741262700723,68.34101434674774,30.33638184152375,0.0,0.0,13.885861192642707,13.394197596174285,65.34136935838266,27300.3555,127.0057331,47.033242161643464,84.65553632408265,43.00252038826476,8.540825542473225,1.9173070964788617,24.297156193305792,34.83471056434231,60.59900358644295,1990
13215003301,28.782362450997844,65.93850815041594,3.438511271238059,0.182038839988363,1.4967637214335643,0.3033980618511439,0.0,0.10113268485529552,0.20226536977130152,0.16181229581704124,0.6270226825655453,0.020226536946774912,18.38383862685552,29.562290889985636,32.31467424351489,9.984871564207099,28.823530158822734,14.117647118127037,22.222221343997965,0.0,28.750000444601046,7.5,0.5865695650211619,0.04045307395426031,1.6788026339102375,0.4045307394818925,1.5169902804182425,7.807443777372756,6.108414235999698,0.1415857660341027,3.438511271238059,0.9708737749022472,2.406957935945894,10.804851016191389,0.9481808128357637,0.1415857660341027,0.0,1.6788026339102375,0.0,0.0,71.62593208868682,4.711300170457779,12.464722252498314,53.938519356933256,14.132186618998281,23.05212176874635,1.9881783566955011,20.686767086493372,21.599769435303966,16566.99924,18629.03246,16879.4324,16566.99924,2500.000029,7685.000099,26.283618021023294,3.5044824647743034,57.36554767649231,12.560054882893043,32.56302675067237,11.111111405087735,0.0,24.71910242435787,11.843362261579893,47.83315053222035,33.954153361798454,43900.00064,224.0000045,54.39350325434848,63.271935011075094,31.694982489856674,15.796926356122013,4.32847892676571,43.774104673582976,29.53168151109673,28.5268890282737,1990
13215003302,28.782362458714886,65.93851360753784,3.438511327759152,0.18203882788602593,1.496763715373791,0.3033980463755886,0.0,0.10113268699924068,0.20226537396814495,0.1618122962743584,0.627022638984978,0.020226537041878892,18.383837762400628,29.562288057728843,32.31467389748581,9.984870990898948,28.823530255094973,14.117646511307571,22.22222289251684,0.0,28.749999828925592,7.499999642852878,0.5865696047632187,0.040453074083757784,1.6788025723220652,0.4045307478149444,1.5169903192467067,7.807443430977908,6.108414254782927,0.14158576466269088,3.438511327759152,0.9708737487052472,2.4069578839268417,10.804850717826078,0.9481807896571178,0.14158576466269088,0.0,1.6788025723220652,0.0,0.0,71.62592738539608,4.711299969994519,12.464722961471905,53.93852116251474,14.1321865754935,23.052121389558042,1.9881783469062733,20.686767210903255,21.59976953180065,16567.00006,18629.03167,16879.43271,16567.00006,2500.000022,7685.00012,26.2836187861436,3.5044823815649466,57.3655479343372,12.560055103840568,32.56302467414661,11.111110913191096,0.0,24.719100203550564,11.843361539645178,47.833153044667284,33.9541544900557,43899.99997,224.0000024,54.39350547441006,63.27194010282301,31.694984566687076,15.796925484707266,4.328479124815929,43.774104679428056,29.531679505228364,28.526889702378945,1990
13215003400,38.86842985696608,49.78238987679616,8.034817727518995,0.5691328884811337,2.4439235682500073,0.0,0.20087043680998876,0.1673920306973108,0.3347840613611413,0.10043521840499438,1.2052226847402345,0.06695681225883617,22.23987302935303,14.614773803499686,35.44973710113053,3.5714285717120333,34.166666777436625,4.999999839574542,16.666665783284937,0.0,21.33333319714809,7.99999994826383,1.0043522161909761,0.033478406146158206,3.046534974567387,0.10043521840499438,1.0378306061326972,10.010043707685977,3.816538394540634,0.6695681225883617,5.791764116909752,4.050887061859431,2.7452293991358205,8.633093669808174,1.7796288588635985,0.10043521840499438,0.0,0.7030465128648851,0.1673920306973108,0.0,73.1869599099257,5.322687911789793,18.293683698400315,54.55390329752641,15.562248913611798,15.662649890244982,2.7108433981421074,23.138928016778337,15.828480968737669,16172.99926,17209.82222,14647.23971,16172.99926,11500.00042,7595.000123,27.65023571256904,1.5192437247338464,64.86129504188017,21.37710093184292,34.22103854255179,25.0,0.0,0.0,15.771110121618973,17.56420825447103,61.33984670577046,33600.00059,267.0000032,64.48011378589325,87.90388823285274,31.536659252991583,8.269166140387952,1.3391362455115259,47.52798508145817,27.09888033273466,25.363275845263345,1990
13215010104,88.11068702277694,6.2213739959355525,2.9389312741536044,0.07633587725074298,2.4618320413364607,0.0,0.3435114476283434,0.3435114476283434,0.2099236624395432,0.5534351100678866,0.7061068645693725,0.2099236624395432,18.85193799695538,5.761491163114454,15.454545454545455,2.727272727272727,20.77922077922078,2.5974025974025974,0.0,0.0,18.3206106870229,5.343511450381679,0.8015267111328013,0.2290076317522289,0.9160305270089156,0.9160305270089156,2.3282442561476606,17.041984596228367,8.664122067959328,0.9351144963216014,7.2519083388205825,3.129770967280462,3.85496180116252,9.445585139963487,1.396303890255472,0.0,0.0,1.9465648698939457,0.1335877851888002,0.0,25.48104935467365,40.84548071613019,3.6602209654057036,71.47887323943662,36.5232972030421,17.347670114104393,3.369175600673167,15.738326490850179,4.288816468875002,32864.00026,33717.71245,31304.34808,32864.00026,53571.429,18063.00015,2.8625953969028615,0.0,48.499651081646896,2.7536538647238196,2.4242424242424243,20.454545454545453,-9999,7.894736842105263,9.015151515151516,27.14404662781016,73.48484848484848,115600.0009,443.0000036,0.45454545454545453,92.83930058284763,20.62977082701329,5.496183162053494,0.820610680445487,58.785350009854604,14.557255329275861,6.559665038381019,1990
13215010106,92.55363904347234,3.891459839786258,1.8090028973841106,0.3996634360246292,1.325199811446005,0.14724442974956212,0.021034917815145084,0.2524190063923589,0.12620950313753357,0.0420698355129984,0.5469078657741914,0.021034917815145084,26.098654826546916,9.910313639928297,27.567567165554237,7.0270269807567995,31.395350062191483,6.97674411246314,47.36841996522435,0.0,36.61971704753235,2.816901290204354,0.31552375796112575,0.33655868445586246,0.6100126452584017,0.23070469423788376,1.8456375534352805,8.011745100923612,16.10738196685447,0.6501677707792414,2.6426174090850614,0.6082215007119943,1.3213087045425307,2.7670672817595032,0.521660211321484,0.0,0.0,0.39848992759099555,0.0,0.0,48.996658011435464,21.00334448753062,3.978576883427764,68.66159304496786,27.529880222788215,15.81673229651149,4.5019921681384165,19.469274235670046,9.65162792216627,39171.99861,40731.1309,23421.05394,39171.99861,62500.00228,15131.00041,4.222689228380033,0.8823529648050908,54.93871821140754,4.4214695835794595,0.0,0.0,0.0,0.0,4.567022662600783,77.87445989618361,7.075471404354415,71399.99824,414.0000048,11.438678821168955,66.95490748813941,29.57509460221539,9.612957615465014,1.914177641871444,68.49315068877529,13.530891364281977,7.426099333380035,1990
13215010107,89.04711291543182,8.0592691514321,1.412308367849127,0.40083564002631467,1.0645047917541142,0.1117834001775025,0.01596905815915124,0.1916286886740631,0.09581434433703155,0.05142282470999887,0.4346801973817951,0.03545376655084763,25.003439754008877,10.743011058016672,20.259649404794665,17.565484391672086,30.529065377139933,6.7842368223698815,55.299562360493674,0.0,34.824321089120225,4.313064584025987,0.23953587482285718,0.25550493058538926,0.4631026936883352,0.17574613352307872,1.9518095605376822,7.721211181891521,13.595888021998794,0.4952845800894355,2.2860124049098394,0.4633307409730808,1.0065460796395767,2.8163529828340788,0.6274348959574307,0.0,0.0,0.4595159348723929,0.0,0.0,50.857933621456056,21.321251209545423,4.007893260123963,66.82504262388048,27.466136344662793,17.498073352458356,5.305246751946871,19.8755733624145,9.997381466351293,40549.71004,42521.69044,28280.20574,40549.71004,62500.00152,16390.06446,4.503741839518766,0.8475627400965704,54.796039114178356,4.290026667320607,7.420348395716943,0.0,0.0,0.0,3.918176808308745,81.14532373369612,5.424648307688544,79133.01542,380.8001301,13.458239505404482,65.69978016579994,28.258937553026687,11.13634688987674,2.388450306526866,67.9242864928631,13.343273894055002,6.789364753281552,1990
13215010201,95.78200823294726,1.4930944176019063,1.6797312198021446,0.2612915230803336,0.7838745692410007,0.037327360440047655,0.07465472088009531,0.0,0.0,0.0,0.5972377670407625,0.07465472088009531,29.481765427507273,7.2168904952752175,32.5,25.0,28.88888888888889,2.2222222222222223,42.857142857142854,0.0,23.80952380952381,0.0,0.3732736044004766,0.07465472088009531,0.8958566505611437,0.29861888352038124,2.8742067538836698,14.147069606778063,16.050764989220493,0.5599104066007149,0.9705113714412391,0.22396416264028593,0.44792832528057186,3.950617228674491,0.0,0.0,0.0,0.7838745692410007,0.0,0.0,43.670502117249214,25.196850042684705,2.876106154390843,62.80041797283177,31.435079297014862,12.224753059950224,5.770690885442342,17.01791336013396,4.220779161395964,39412.00055,38048.38763,55000.00077,39412.00055,-9999,16260.00023,8.775205255906425,0.4107542885743433,59.427828348504555,9.090908964304557,0.0,10.185185185185185,0.0,-9999,3.490990990990991,88.3313885647608,0.7882882882882883,75200.00105,399.0000056,8.445945945945946,74.79579929988331,33.034713989442174,7.428144727569483,1.1571481736414773,71.71664941243561,10.858324564025459,3.7711313394018204,1990
13215010203,92.34875572377773,3.721555655194897,2.420226394400884,0.14316657088834928,1.3142498551195874,0.0260391762694234,0.16914303608865666,0.18218143594857192,0.026036668325459315,0.06505906550172669,0.7156597562880566,0.039034936878573734,26.272806417758368,10.05809007158468,18.18298798437333,33.21351869757385,29.570054518773055,4.301313736758738,18.191531721230195,9.087882917682734,24.040116752202707,4.807430389129689,0.7416537938570721,0.026061747747586104,1.1059915861394345,0.10411403354071022,1.5875389905167212,13.714346979512284,14.977363073593908,1.0929854061256667,3.487211972802588,0.9368507627165611,2.446189610865811,5.750487127640389,0.7592516774231626,0.1170972540415127,0.0,1.4052146326881831,0.0,0.0,44.99441132188612,26.40227836405407,3.224277102969893,63.02645375990902,31.623637962746827,14.3937237636704,5.960253401363928,17.196832628330906,9.46703738341871,41011.77296,42153.1837,38279.15882,41011.77296,54167.10224,14840.03491,3.4967769838968206,0.35767964629674637,59.21183911868224,3.4180913232094055,9.003407202697778,0.0,0.0,0.0,3.4858888550789255,85.47481285411695,3.7110570092780346,74399.67209,363.0093665,10.232531680873034,74.0962217584413,29.355913649559966,10.787107426215869,3.1098119249761256,68.27719204557827,13.583212065794353,4.829204955300265,1990
13215010204,92.34873127702214,3.721535467099854,2.4202992212319123,0.1431359811803648,1.3142485134217186,0.026024723109983917,0.16916070694825303,0.1821730592005799,0.026024723109983917,0.06506180910391195,0.7156798846385896,0.03903708599392802,26.272827360648744,10.058107075079398,18.181818596051638,33.21678405275834,29.569892778559606,4.301075322230075,18.18181766413458,9.09090883206729,24.038460696065545,4.807692215155908,0.7417045892318401,0.026024723109983917,1.1060507078101938,0.10409889252853247,1.5875081662337838,13.715029820162437,14.97722883899033,1.0930383552034795,3.4873127879409616,0.9368900432998126,2.4463239264453405,5.750843681604816,0.7592800881948799,0.11711125541247658,0.0,1.405335064949719,0.0,0.0,44.993943413608,26.402907541346025,3.224181315092362,63.02578133496018,31.624153821386287,14.393544404783,5.960437349380653,17.19655726832662,9.467014456279168,41012.00035,42153.3611,38281.25011,41012.00035,54166.66593,14839.99929,3.4966886180186174,0.35761589313434183,59.21237409915775,3.4179686296522713,9.0047388397101,0.0,0.0,0.0,3.4857569091797664,85.47573127161745,3.710644536910471,74399.99902,363.0000108,10.23238333969408,74.09708585075812,29.355888467559467,10.787247679562714,3.1099544011000573,68.27716643514957,13.58321914056464,4.828879304499917,1990
13215010205,92.34873129800276,3.7215355421605287,2.420299270904213,0.14313597908607728,1.3142485192363502,0.026024722686936144,0.1691607001206573,0.18217306057893456,0.026024722686936144,0.06506180937291273,0.7156798816214102,0.039037084915595,26.272826973159784,10.058107086405794,18.18181749390884,33.21678221922818,29.56989204702918,4.301075160381042,18.181817634604453,9.090908776073794,24.038461614438344,4.807692429288739,0.7417046025379647,0.026024722686936144,1.1060507517858884,0.10409889074774457,1.5875080885060968,13.715029275359731,14.977228466303444,1.093038391327611,3.4873130532033856,0.9368900657102582,2.4463239922928692,5.750843807114721,0.759280075880335,0.11711125816952273,0.0,1.4053350423262658,0.0,0.0,44.993942988455004,26.402905528055147,3.224181259732305,63.025778649330675,31.624152309982257,14.393544960073857,5.960437135211187,17.196557600750292,9.467014246838128,41012.00069,42153.36281,38281.25115,41012.00069,54166.66668,14840.00009,3.4966888548866213,0.357615887415557,59.21238153570044,3.4179686543796635,9.00473962183687,0.0,0.0,0.0,3.485757172946209,85.47573057022151,3.7106447123125825,74399.99974,363.0000022,10.2323843092379,74.09708996307785,29.355888806868276,10.787247947408881,3.1099543753109344,68.27716644922049,13.583219152648473,4.828879563820791,1990
13215010301,91.79983554180373,2.4722976923322144,1.3271304811034281,0.060553997905064404,4.038896272377688,3.094508693218842e-05,1.8079308683396331,0.3014249616394203,1.0847523780044932,0.24113537458498985,0.24177412261127407,3.681327101074003e-05,17.418164434934955,20.9171100154977,24.392241539904273,14.630612980029367,22.737901491019056,13.633438371979599,0.16423475508954938,0.01215882428389131,28.35573388462717,4.478967598346615,0.5426885191758386,0.00010830777404326117,0.12098058895328748,0.4208702402488329,1.0212142987415105,11.407676950396304,7.868711260908331,0.8400818136692932,7.259931379274282,0.0010470866356252692,3.660229408866915,9.217495883203656,0.00038361688801084496,0.00012318667009108094,0.0,0.7206169307157692,0.47974507104150316,0.0,13.353807700433583,59.818246235770665,1.9849445571341786,52.31068779981587,56.29971128066397,12.620266516925904,3.930045804533166,21.655830756683873,5.264244826039834,93227.38011,93369.08052,29298.19251,93227.38011,124968.944,49550.66459,0.36304637237552134,0.0008526414875896335,45.08488494531498,0.39162460351014267,0.005547558151927519,0.06396999953198083,0.0,0.003880417520684819,6.419598669847921,96.87829102494574,5.355437275482237,247370.6111,673.750585,5.356869926720732,72.63164004529692,22.137388366407414,20.019275273977904,2.895186042295741,72.82229143406695,9.206386064824414,3.155286001147981,1990
13215010302,93.6323465455033,2.246944000546261,1.7616372976569117,0.2860957166727758,2.072645705861808,0.044004550247906095,0.31001625160409435,0.1983512076737393,0.17720883937672335,0.1102759658620901,0.9243601075287253,0.0,23.17953302421328,12.251360513915667,27.44728726091486,9.809752202063727,32.49192519379559,12.500938703467519,38.45264823905328,0.0,21.88857323541318,8.325260098218338,0.39663626872773544,0.15401592718814588,0.506184622366865,1.5653716798329096,2.315426740000244,15.419216984301631,13.167130346832629,0.6621562990897418,4.967232555039916,1.4987848644617474,2.737120366430059,5.827740149676279,0.5675335204412396,0.17632763667407703,0.0,1.1689657301309373,0.0005301028562405944,0.0,31.334095505291746,38.0860338873226,2.926629183972141,59.02657246995132,52.86888909624574,10.859303661837568,5.771368624834788,20.307879132856826,8.943879893446294,46913.42293,47412.79484,64096.89973,46913.42293,2979.708539,21742.56133,3.2083574915553887,0.9513256032802988,49.33317671001293,2.8877407938796678,7.468870841613724,22.382032841701395,0.0,16.826617520226197,4.29792449783378,77.22094529114871,19.65569034366778,92414.32365,518.0235304,6.064980207549442,77.16849581253264,25.876949520732904,12.057205562429857,2.423425301118409,71.381797655337,11.761678446070734,4.458457123498154,1990
13215010401,95.97418562049677,1.8438844697406136,1.1677934975023885,0.16902274305955625,0.8451137152977812,0.0,0.030731407829010227,0.061462815658020455,0.10755992740153579,0.15365703914505113,0.2919483743755971,0.07682851957252557,19.6445574953713,17.756268043069856,21.487603305785125,4.132231404958677,32.89473684210526,5.2631578947368425,14.285714285714286,0.0,23.214285714285715,3.5714285714285716,0.38414259786262783,0.10755992740153579,0.3995083017771329,0.0,2.7043638889529,9.956976136599312,11.555009343707844,1.5980332071085317,1.5673017992795215,0.0,1.244622017074914,3.7546528971616353,0.87392782951176,0.0,0.0,0.6914566761527301,0.0,0.0,46.74622883220423,26.615627398682754,5.357142914540817,61.127272727272725,35.297533035125895,12.62699578148007,6.734397750122704,20.870557154461466,11.806763412788165,38804.99958,38625.65403,42999.99954,38804.99958,51562.49944,15702.99983,3.052728987618105,0.601295103621748,44.8948948948949,2.6391097264641434,26.89075630252101,0.0,-9999,0.0,2.207062600321027,82.31432088633566,6.46067415730337,73699.99921,388.9999958,20.064205457463885,53.18013951579811,23.279041430475246,17.317148311647262,3.4726490846781557,66.71672611279395,14.28571443857438,4.3043043043043046,1990
13215010402,94.24307037474826,2.594171991625788,2.4520255811257448,0.21321961575006476,0.4975124367501511,0.14214641050004317,0.0,0.07107320525002159,0.0,0.10660980787503238,0.10660980787503238,0.035536602625010794,18.773234158870107,23.680297344951008,34.24657534246575,13.698630136986301,31.884057971014492,11.594202898550725,16.666666666666668,16.666666666666668,28.571428571428573,7.142857142857143,1.1016346813753346,0.0,0.852878463000259,0.0,1.4570007076254425,12.260127905628725,14.605543678879437,0.28429282100008635,3.447050454626047,1.2437810918753778,3.0206112231259175,6.114698049111968,0.0,0.0,0.0,0.852878463000259,0.0,0.0,60.769230644575934,11.948717924207758,4.453723024800857,53.82139983909895,30.444282526341695,16.897305134237495,6.627822272481087,20.392681792965906,14.013605410399988,32500.00007,32916.66674,7500.000016,32500.00007,-9999,14032.00003,8.579565663411394,1.2103951558339725,39.11525029103609,8.932542604301238,0.0,0.0,0.0,0.0,4.76595744680851,73.45844504021447,13.02127659574468,60700.00013,330.0000007,44.255319148936174,48.525469168900806,21.712864203881594,23.098791706257018,5.614783214751705,63.984341009168475,18.877772903702105,6.40279394644936,1990
13215010501,86.73826172462994,9.265734607750318,1.548451601144853,0.36213786926083075,1.9230769691243295,0.037462538479454084,0.13736263841773644,0.14985015391781634,0.26223776130176285,0.6368631141476818,0.5369630221629248,0.049950049977548705,22.28538954201994,18.661171077941205,38.44086342613043,3.0913978821569645,24.19354718889821,13.709677147960498,27.586206364496235,6.89655158996324,28.025477799220127,5.732484206870795,0.36213786926083075,0.049950049977548705,0.5369630221629248,1.2237762302259179,1.2612387287359645,11.775724693793636,10.464535583772916,1.048951045375202,3.758741314883583,1.048951045375202,2.5224774571356274,5.498235118828778,1.1267988155970643,0.0,0.07492507695890817,0.5744255526215933,0.0,0.0,46.64943406042309,27.401073387459828,5.661783182569496,58.84137242832362,32.2453278925658,14.714398053993381,5.39615693293107,16.74625352917113,11.232130875416367,29621.99867,31598.06406,21046.51109,29621.99867,55000.00018,15922.0001,10.963705025575587,1.8147684964667983,54.6288572077181,9.259259260395947,29.16666942673302,0.0,0.0,5.732484206870795,3.0993618542327357,63.49952834805649,28.4108167881201,75900.00022,337.0000064,17.411121261120368,72.27970866069485,26.68581471223404,16.84565435361252,4.507992053532947,61.2386804632391,20.29430848926476,14.386989844389344,1990
13215010502,86.75097344115578,9.253986820337902,1.5490210699158165,0.3622198855033318,1.9217700545553256,0.03770250821843956,0.13710836197882564,0.15007435626247945,0.2619404149893828,0.6355629698554446,0.5369847522040723,0.04988684616615457,22.2942883419416,18.640749303649812,38.43089188100023,3.0950057443680716,24.211933494534886,13.692489589768842,27.63391939138898,6.879918558112311,28.03979721843381,5.727627014865427,0.36203596563638785,0.05057654295594299,0.5371226914748827,1.221599113747984,1.2625199594625987,11.767472538504736,10.476905992723115,1.048076771938667,3.7562945408225428,1.0479848126939932,2.51984422837922,5.492216027378048,1.1254651793696546,0.0,0.07476081811502808,0.5740398606869247,0.0,0.0,46.65457398047755,27.387068203710392,5.657760803184627,58.861529268410706,32.23385815642907,14.717079442080777,5.393982059861339,16.752164055893697,11.228662596928567,29639.78269,31616.31109,21048.12376,29639.78269,55003.95278,15920.27021,10.948918150977965,1.8127232333851764,54.629521830679536,9.247725966354277,29.14324978513462,0.0,0.0,5.727772482189311,3.102131136011633,63.52624811792781,28.370320590379105,75889.74582,337.0868207,17.39978431470864,72.26975408987913,26.692128698024742,16.829843995264305,4.5023222879860665,61.25413197770713,20.2799021178146,14.372163817413359,1990
13215010602,58.62823786378052,33.600875819633785,5.399489273947665,0.2918642850782522,2.0065669599129836,0.0,0.01824151781739076,0.20065669599129837,0.16417366035651684,0.4377964276173783,0.6749361592434582,0.3283473207130337,21.58956123860021,17.02253866889632,35.432230522945574,4.215581643543223,36.82432432432432,6.756756756756757,12.5,12.5,15.833333333333334,17.5,1.1674571403130087,0.12769062472173534,2.2437066915390638,0.21889821380868915,0.8208683017825843,13.827070505582197,6.804086145886754,0.1459321425391261,6.421014271721548,2.3531557984434084,3.8124772238346694,9.805079805743791,0.5906674581773368,0.0,0.18241517817390762,3.137541064591211,0.0,0.0,64.28358697602695,10.187667630121048,6.219000424243422,61.39088729016787,13.669650216592373,17.900732426490013,6.18388938369655,24.14052713972252,16.45702317292521,28392.99981,29854.0144,27429.57728,28392.99981,62499.99958,10372.99993,11.102981600660383,0.7499542761566321,54.98687664041995,7.161961415965858,16.559485530546624,20.426829268292682,0.0,0.0,3.8784067085953877,66.46673936750273,10.272536687631026,48199.99967,366.9999975,13.88888888888889,53.92584514721919,29.843123149251287,12.422473633643108,1.532287496660824,58.903444941605166,18.777292703969966,13.123359580052494,1990
13215010605,5.3969250078926105,93.12833239522541,0.9099466440234288,0.03137747048356651,0.5334169982206307,0.0,0.0,0.0,0.06275494096713302,0.0,0.43928458676993115,0.06275494096713302,20.338982729100838,9.604519622075395,27.86336235766912,9.209645010046886,17.24137931034483,17.24137931034483,0.0,0.0,11.11111111111111,5.555555555555555,0.09413241145069953,0.03137747048356651,0.21964229338496558,0.0,0.49921996085484616,1.5288611301179664,0.2184087328739952,0.15600623776713943,1.2480499021371154,0.37441497064113466,0.8736349314959808,3.4517425729785853,0.30160857433793464,0.0,0.0,0.8736349314959808,0.0,0.0,59.3319184623767,12.513255368293924,8.150064556531987,68.46915460776847,13.943661755802424,19.366196883058922,2.5352112283277135,19.87977641238655,14.534883493416404,30237.00048,33148.14867,28962.26461,30237.00048,30000.00047,9891.000157,11.681803759545257,1.1587848233329077,64.97524752475248,0.0,12.5,-9999,-9999,41.666666666666664,4.317269076305221,82.16159496327387,0.802407221664995,55500.00088,320.0000051,9.829488465396189,47.903563941299794,32.036397363721406,9.193598851684987,1.9140256994975573,51.85185186432223,20.370370044581623,17.945544554455445,1990
13215010606,40.17929908764295,57.53871244711992,1.5484922613247571,0.5704971489091211,0.16299918540260602,0.08149959270130301,0.0,0.0,0.0,0.0,0.0,0.08149959270130301,2.40000000672,36.40000010192,2.3943661971830985,10.28169014084507,5.2631578947368425,5.2631578947368425,0.0,0.0,0.0,33.333333333333336,0.08149959270130301,0.407497963506515,0.32599837080521205,0.49627791686421324,0.5789909030082487,2.646815556609137,6.203473960802666,0.6617038891522843,0.7444168752963198,0.0,0.0,5.37634409936231,1.3234077783045686,0.0,0.0,0.0,0.0,0.0,82.53968278533635,0.7936507960128496,-9999,0.0,-9999,-9999,-9999,18.797629175607867,-9999,-9999,-9999,-9999,-9999,-9999,1579.999996,-9999,-9999,-9999,-9999,-9999,-9999,-9999,-9999,0.0,0.0,-9999,-9999,0.0,-9999,-9999,4.319478413169059,20.945395324234873,14.09942953732542,15.181518148139073,40.84158425950888,-9999,1990
13215010607,45.29078745593488,48.455996615677506,4.001544157719017,0.2830674142750221,1.8656716560190632,0.09006690703349478,0.025733402788034616,0.0,0.16726711539759864,0.21873392097366787,1.0036026706341812,0.06433350424546015,24.179431183095243,11.952953758544659,31.012823197126192,5.783826038833311,32.79742704487636,6.109324519367619,32.00000027785479,4.000000038275916,27.74193500267453,12.90322573232494,0.6948018590203773,0.21873392097366787,1.917138450696627,0.0,0.6948018590203773,7.385486083900536,5.8929490382511895,0.38600104717857114,5.50694807702945,1.9300051492520167,3.4997427357610875,9.359331306298353,0.7103064206917247,0.0,0.0,2.058672136173928,0.0,0.0,65.36682078363198,7.556730692849434,7.052186437956828,58.21548845215707,14.87101649494026,20.940819777570535,6.009104860171798,20.2203276412104,15.331076048207631,27379.00087,29409.72123,26474.99973,27379.00087,31857.14183,10186.00019,15.799664350706633,0.7099522433564414,55.27289559277296,12.530983562967911,20.322410463111396,5.882353014142541,0.0,0.0,4.115853753377519,71.38314474751283,8.460366004863777,50300.00143,312.000009,11.62347627296732,61.44673862876779,31.510550790984052,8.800823285236905,1.4282038139349262,55.240743969230216,19.850512511862096,13.55226541337973,1990
13215010608,45.29078742826827,48.45599610663604,4.001543902064625,0.28306740948070075,1.8656716685423786,0.09006690878217449,0.02573340150086206,0.0,0.16726711328476065,0.21873391628648475,1.003602707882757,0.06433350728131243,24.179431520608063,11.952953755359092,31.012824737193736,5.783826463900612,32.7974284400786,6.109325070505764,31.999999640099904,3.999999950421926,27.74193327877694,12.903225898024017,0.6948018615800885,0.21873391628648475,1.9171384856607323,0.0,0.6948018615800885,7.385486447606005,5.892949203024024,0.386001015572747,5.50694807611301,1.930005190087984,3.499742660347495,9.359331920950263,0.7103064055730456,0.0,0.0,2.0586722325885405,0.0,0.0,65.36682260443465,7.556730565357152,7.052186009573794,58.2154879089355,14.871016250893298,20.940819475132425,6.009104648443493,20.220326510807734,15.331076301339884,27379.00119,29409.7228,26474.99972,27379.00119,31857.14342,10186.00024,15.799664816058291,0.7099522519289281,55.27289529858794,12.53098303136845,20.322409405997895,5.882352846664892,0.0,0.0,4.115853535690915,71.38314627580678,8.460365657805244,50300.00086,312.0000112,11.623474750711129,61.4467381726493,31.510551333303933,8.800823919837354,1.4282038361466054,55.24074395305722,19.85051237632685,13.552266915523257,1990
13215010701,42.78381046111898,51.54985194533064,3.178677197701353,0.2369200395802251,2.132280356222026,0.09871668315842712,0.0,0.3356367227386522,0.3553800593703376,0.31589338610696677,0.8489634751624732,0.09871668315842712,17.767857150789222,19.330357151486766,29.593001141118297,4.792696842906048,28.571428571428573,6.211180124223603,16.666666666666668,0.0,22.123893805309734,11.504424778761061,0.5923000989505627,0.019743336631685423,1.5004935840080922,0.21717670294853966,0.4935834157921356,8.62783810804653,7.166831197301809,0.4935834157921356,4.027640672863827,0.7699901286357315,2.902270484857757,9.410767278258062,0.33912674876605625,0.09871668315842712,0.11846001979011254,1.9940769998002277,0.0,0.0,57.937806892942,10.736497548522586,8.350222946230328,65.9595461272817,21.096859805880964,22.33524989930794,4.422821762239195,19.984366868152353,11.624569467063473,27872.99999,26151.96077,32702.70269,27872.99999,-9999,10755.0,10.610551278644754,0.9879470464287481,54.146341463414636,7.418924925552609,13.942857142857143,1.834862385321101,0.0,0.0,4.754358161648177,64.33721575152524,17.3269941891178,49799.99998,358.9999998,25.515055467511885,60.56572379367721,27.226061215094198,11.312931889955747,2.230997039380453,55.663018582673985,20.25960805307183,16.864111498257838,1990
13215010702,17.421991084042695,79.36478473843651,1.894502233400544,0.07429420523139388,1.1701337323944536,0.09286775653924235,0.0,0.0,0.1300148591549393,0.11144130784709082,0.5014858853119087,0.2971768209255755,15.909090948534935,27.272727340345604,28.92600324750638,8.629088378566458,35.294117647058826,5.882352941176471,0.0,40.0,24.242424242424242,4.545454545454546,0.39004457746481785,0.01857355130784847,0.7057949496982419,0.0,0.20430906438633317,3.7332838128775427,1.8387815794769986,0.22288261569418163,3.2689450301813308,0.8729569114688781,2.2288261569418166,6.404136849015442,1.0540970589994363,0.0,0.0,1.1144130784709083,0.0,0.0,57.19534612907617,14.053888583108117,7.841644479272885,68.05037313432835,19.950433754524003,17.719950477620696,6.443618355498435,21.941896080381998,16.49813734658947,29069.99993,32868.85238,28056.53703,29069.99993,29999.99993,10230.99998,17.280029931746757,1.176910146702752,59.58305312710155,10.071942470886599,19.509318235432886,0.0,-9999,0.0,4.068169323804288,79.42693409742121,5.277625068719076,53299.99987,355.9999991,23.859263331500824,48.882521489971346,30.887815824952007,11.905646388330869,1.9687964386319379,53.48320158963242,20.306324160835782,21.45258910558171,1990
13215010703,17.750656576578333,78.18631129946212,2.7653328833439477,0.15448787057787416,0.9732735846406073,0.07724393528893708,0.0,0.0,0.10814150940451192,0.06179514823114967,0.5098099729069847,0.030897574115574835,17.075232228906412,7.4387150304146745,26.49019607843137,9.901960784313726,30.726256983240223,1.675977653631285,7.6923076923076925,0.0,24.63768115942029,2.898550724637681,0.4789123987914099,0.0,1.1895566034496312,0.0,0.5716051211381344,4.341109163238264,1.8229568728189152,0.0,2.3173180586681124,0.8805808622938828,1.112312668160694,4.9432875562299685,0.4062976073613673,0.0,0.0,0.6797466305426464,0.0,0.0,46.19787343796905,14.554374286652196,10.123456650858973,65.08190171793848,27.08006242236963,18.2496072846404,3.532182055091691,22.770634275065845,9.354915367154229,22957.00032,27307.69269,22207.03156,22957.00032,20000.00028,10610.00015,16.707997289675795,1.0229386095719875,60.44420941300899,11.327134250858709,17.8578460326836,23.645320197044335,-9999,0.0,6.390532544378698,51.580278128950695,31.08481262327416,61400.00085,309.0000043,10.019723865877712,65.19174041297936,28.858334223946894,9.207477086441301,1.4676347704898045,53.376205791206154,20.598874312435225,18.455843469063986,1990
13215010801,52.65970773475827,31.79123126213573,11.8663885177029,1.2192067030309273,2.2797495783803314,0.03340292274839426,0.08350730372507555,0.05010438414925164,0.7098121008052052,0.08350730372507555,0.8100209008827324,0.03340292274839426,23.131461796842714,0.08862629247254665,38.11349743907031,0.05112474484590853,35.256859386381805,0.28149190209440744,14.814814851674567,0.0,30.921053685634114,0.0,3.1231732433296204,0.2171190074622544,5.177453160368794,0.4329004519768602,2.247752174862842,15.276389572718452,6.676656875397046,0.899100930809065,5.852480827935684,3.438228621121937,2.3310022928983316,15.618010119860843,2.032480791623519,0.049950049957457845,0.049950049957457845,0.765900772091887,0.0,0.0,53.94490302511329,7.140946641651559,13.517550795681057,47.242082120677686,21.76165704470884,6.8221070985542696,3.1951639944793007,6.0951263379297425,3.349875922346821,18842.00024,20063.06233,20340.05079,18842.00024,5000.00019,7014.000017,18.573105163554967,0.0,89.87463649957253,16.517608122729737,19.704284517723195,20.474776875810683,33.333333328265766,26.106192403664615,4.247627772926336,0.5663048358895947,65.61372016647468,60000.0,362.000015,35.51444024846551,100.0,30.2797490625044,0.09185803918435974,0.0,54.46917608786083,3.0998718588800345,6.605593117461568,1990
13215010802,52.65835696758572,31.79316203485465,11.865911750229845,1.2191479903069078,2.2797051255382685,0.03341819637046125,0.08350258382206323,0.05010726911591974,0.7097833960670318,0.08351173764529858,0.8100105323900213,0.03340217717372004,23.13131844550162,0.08951216267905682,38.11282373450592,0.05227461027128939,35.25675413876402,0.2817187176871862,14.814870752220244,0.0,30.92097386576358,0.000270442544305038,3.1230298725609607,0.21710899831614885,5.1772552031533365,0.432898821989418,2.2477109647015427,15.2759692877399,6.67662468832479,0.8990582049496956,5.852344878347019,3.438089372272439,2.3310065275826144,15.617719461745473,2.0324153687264923,0.04995521616807883,0.04994723123384554,0.7659522664414576,0.0,0.0,53.94673474271213,7.140695160395795,13.517321566873965,47.24305565849617,21.75997859232312,6.825680612827843,3.1948982365621257,6.095967244604343,3.353456748363558,18841.73116,20062.93511,20339.47239,18841.73116,4999.931427,7014.037572,18.57378187525035,0.00030738142723792463,89.87188374565831,16.517386458434913,19.706056351721273,20.474674908267005,33.33115731217669,26.106119595356223,4.248612511461727,0.5719466397060459,65.60961606735695,59839.28532,361.9913681,35.51688433085056,99.9956469257877,30.279829567158348,0.09274648504204154,0.0002448648262595463,54.46855615044042,3.1014038562271367,6.607451358419824,1990
13215011100,50.31635578541962,46.535555767921814,1.9869916704103432,0.22579450800117537,0.9353020736121789,0.09031780320047016,0.21648387823758217,0.0884556799572856,0.0,0.13361458155752068,0.3161123112016455,0.0,9.592101671058012,42.43821124435599,16.825497833292708,26.499601574314536,25.0,6.818181818181818,0.0,20.0,38.0288738501212,9.457445081423348,0.4064301144021157,0.09031780320047016,0.4967479176025858,0.0,0.6615525961151053,6.112829513838673,7.093067208643605,0.0,1.3074539756887422,0.23000162768931892,0.9854516969236957,4.655633426237517,1.1138566553045812,0.0,0.3087245463563931,0.5980042319922292,0.0,0.0,71.95176064143205,10.25610656141877,6.124312548066505,30.570142695997507,18.768785144492,18.554134407630933,3.19252417175016,13.703919959555625,27.355645459711905,11161.69337,11987.4547,12666.12279,11161.69337,7500.000065,7974.003306,39.62186839233898,10.90330634732809,44.21379043066104,30.759467430841735,47.57595727957387,51.851851851851855,70.0,100.0,19.49973560822415,18.484904256981153,69.19500169882828,51667.35264,225.3189811,79.52397287451092,78.29197522739942,14.795360592657403,34.26166435721259,18.841518086726477,27.65256850995823,45.522138868698185,19.14992196996784,1990
13215011200,54.47084239125992,44.449244214079464,0.6911447108117311,0.21598272212866598,0.17278617770293278,0.043196544425733195,0.0,0.0,0.0,0.17278617770293278,0.0,0.0,13.690007900133773,30.369787640526646,19.24198250728863,26.72497570456754,25.0,6.25,20.0,0.0,20.0,0.0,0.17278617770293278,0.0,0.08639308885146639,0.0,1.959948877579715,7.754580341728437,10.481465736621955,1.107797191675491,2.1303792147605596,0.17043033718084477,1.7469109561036589,3.7658802314551005,0.3176043568697073,0.0,0.0,0.6817213487233791,0.0,0.0,61.5564659855698,13.107080209855168,5.675146787696126,45.503116651825465,28.526971046092957,20.74688803352215,6.016597529721423,16.43410857809026,24.031413688056798,14593.78672,18604.24961,8937.359088,14593.78672,76388.88872,9821.990467,27.967549198864386,9.13748935657554,45.05494505494506,11.734317377813483,51.61290322580645,0.0,-9999,0.0,12.049963262307127,34.50292397660819,40.75443786982248,45978.45024,184.6734688,67.3076923076923,65.26492851135409,18.185745203233676,28.552915865409645,11.706263539373698,32.97655455190412,40.01019382266634,15.018315018315018,1990
13215011400,97.31495177745751,1.6377022631033322,0.7959935269486575,0.1256740976185535,0.12567831045010122,0.0,0.0,0.0,0.16755984638267438,0.04189417442721631,0.041889961595668594,0.0,21.345833469421347,25.460706591579612,40.978876923594235,7.717140814165934,31.577721726424944,10.525730823975543,0.0,33.33221593745846,33.33221593745846,0.0,0.251348195237107,0.12568673611319664,0.16758512333007072,0.0,0.4293433468646042,3.8197255103748713,16.093638445548176,0.5578882623297312,0.9012041160711043,0.08582896343534327,0.815375152635761,4.475924606752008,0.8305882051798935,0.0,0.0,0.08582896343534327,0.0,0.0,93.22996703061854,1.0316247463294297,9.453138293050067,40.3761557087597,7.8022393426788526,34.28475194304165,6.043610016744196,9.135130113001392,26.40842275062895,13325.82434,12996.79797,19871.13791,13325.82434,-9999,8117.935141,19.210601678061188,4.340374869478434,52.739043174212284,18.948629356142092,0.44367575044609403,0.0,100.0,-9999,9.916608762108373,44.546931141816074,22.179879250415016,24660.85293,188.3487603,72.51257602270753,59.119231803148374,24.465835559384043,25.052016977103314,9.090698821961956,47.17004980843985,34.003372885226206,10.617134896800193,1990
13215011500,64.37774984435005,22.957259675350645,6.30106853512362,0.48711502391229977,5.499685753848546,0.10999371507697092,0.031426775736277404,0.15713387868138703,1.2884978051873737,0.40854808457160624,3.174104349364018,0.1414204908132483,19.284386693270115,22.885687822736223,34.36241610738255,3.48993288590604,26.433915211970074,18.453865336658353,23.529411764705884,2.9411764705882355,22.379603399433428,9.06515580736544,1.2727844173192349,0.15713387868138703,3.3155248401772663,0.18906570107556997,0.5199306779578174,19.75736576239706,9.67386170503333,0.6774854288541257,11.690562516506077,3.0250512172091195,7.089963790333874,16.892239230515933,1.4904916968102293,0.0,0.0,4.537576825813679,0.0,0.0,66.54302696950752,7.962413483530815,11.09445281103826,51.55378486055777,13.575042204300312,23.735244599444332,4.55311974554172,24.263645811015856,16.498089521345815,24291.97968,24514.93851,25913.65835,24291.97968,22461.29018,12879.57112,9.248737410230182,0.39457070862756755,46.26623376623377,7.048872210263087,13.6332651670075,5.541561712846348,31.03448275862069,13.924050632911392,5.08209538702111,62.39703459637562,4.479937670432411,49132.87106,286.9583785,41.994546162835995,59.40471269119471,26.099937248978385,17.049025836930493,2.435575119561499,60.38383840559127,20.727272811019287,10.497835497835498,1990
01113030200,34.60803150363319,63.900573283979035,0.803059309760212,0.38240917779232575,0.11472275334534883,0.03824091779453479,0.0,0.0,0.0,0.03824091779453479,0.0,0.0,21.54696107374134,22.09944776841945,37.46987903930016,11.746987721932708,38.09523636963495,4.761904547990766,0.0,24.999999996873807,0.0,0.0,0.3059273422415117,0.0,0.3059273422415117,0.0,2.515243975041475,1.9435975245046846,5.564024463301986,0.0,0.3810975609753773,0.3810975609753773,0.3810975609753773,2.494714663296513,0.8033826606999122,0.0,0.0,0.0,0.0,0.0,78.6956523062888,3.8405796835542088,12.985437365846108,44.45422669883878,14.923291321184378,15.062760398203764,5.997210235049403,10.746268523718358,28.861789189358603,10120.99953,25292.00017,6496.000056,10120.99953,-9999,7294.999896,56.440547371965046,5.144817327037544,48.120302338217655,30.278883509421195,73.30345507085741,-9999,100.0,0.0,25.099074879309477,20.282188306511067,63.1196288154579,49499.99877,135.9999989,84.20357103823473,76.5583803010228,35.06692061877431,15.296367695472686,5.850860163152955,24.439461349184384,31.894619454045483,49.010656988137136,2000
01113030300,80.96112641567187,15.580042852770125,2.1120293847566574,0.6734006734006734,0.42852770125497397,0.0,0.0,0.12243648607284971,0.15304560759106214,0.18365472910927455,0.030609121518212427,0.0,19.96219281663516,24.272211720226842,34.72222222222222,9.523809523809524,28.985507246376812,8.695652173913043,11.11111111111111,0.0,9.090909090909092,27.272727272727273,0.642791551882461,0.030609121518212427,0.7040097949188858,0.7673419275629221,0.7980356046654389,3.898096992019644,6.721915285451197,0.0,3.130755064456722,0.8901166359729895,2.087170042971148,4.0782493368700266,0.7957559681697612,0.0,0.0,0.8287292817679558,0.0,0.0,67.36700938757264,10.996870809119356,6.6460587326120555,44.98220640569395,20.778145695364238,20.695364238410598,5.380794701986755,16.01482091395636,30.829420970266042,22058.0,21972.0,26597.0,22058.0,17500.0,12300.0,16.91495965238982,2.6691495965238983,11.465721040189125,14.545454545454545,18.274111675126903,61.81818181818182,-9999,38.888888888888886,10.025220680958386,60.26629292221443,19.092627599243855,54600.0,343.0,76.18147448015122,54.0084388185654,25.130088766452403,21.54882154882155,7.009488827670646,44.896392939370685,34.68917881811205,15.046296296296296,2000
01113030401,83.00097679965427,13.429090013102515,1.9801980793449399,0.48807696668542244,1.0179890930411464,0.013945056479636822,0.1673406777348133,0.1673406777348133,0.3625714882993754,0.1255055082959028,0.22312090371584634,0.08367033885699234,17.725133635679704,23.756720222319892,24.522293087301108,9.554140698945414,28.16901324184684,0.704225331046171,12.500000001555852,8.333333334370568,20.338983299068705,8.474576375666775,0.7251429765987508,0.0,0.5856923920152217,0.0,1.045879225870895,5.731418122255594,6.6099564726242095,1.4502859531975016,1.784967229101913,0.8785385878145469,0.9343187741171151,4.6007719872547215,0.727218742760777,0.0,0.0,0.0,0.0,0.0,49.09200989544508,20.520582104149184,2.8169015819194656,60.617639116454,38.96321294174107,13.071349247637565,5.8528428876783885,18.889093073484467,18.502502447262252,40980.00076,42526.99897,33125.00078,40980.00076,-9999,20329.99897,8.753391495522058,1.0852491381080658,4.111600602043782,8.301625390254422,12.628337507396484,7.5471697097345105,0.0,12.12121186281206,10.026462531573424,61.3071888226961,32.372831462464035,89700.00095,479.9999908,35.28373929407544,65.55555579364503,21.628782552365042,21.154651163644672,7.502440087071023,56.887753395398505,22.602039863388065,12.810521130862172,2000
01113030402,83.00060480576693,13.429281717507243,1.9804255238176913,0.48818383271843624,1.017787181514405,0.013941673078074328,0.16727754895441563,0.16727754895441563,0.3624577588231249,0.12550080625584953,0.22310216988061635,0.083656474902897,17.72990474129254,23.750069906236497,24.52542898835818,9.552868875554315,28.17438331174173,0.7059236512829505,12.508894292992833,8.330929467283683,20.339295302465917,8.474934921861102,0.7250313750500175,3.218256816747049e-05,0.586020139419738,3.540085137837173e-05,1.0460084710304665,5.730741807056912,6.610544756079191,1.4499501108475072,1.784543806687624,0.8781870465542323,0.9340695649492345,4.6004907796462176,0.7269834863635639,0.0,0.0,0.00021562330350061764,0.0,2.5746045735924996e-05,49.09508574193105,20.517456373297556,2.817039057613462,60.61904221063617,38.95795708634203,13.073625000968546,5.853873573650294,18.88856731818869,18.502990481958065,40980.89934,42527.38261,33128.48602,40980.89934,-9999,20328.33636,8.753883286856182,1.0851789987769696,4.112205305185314,8.302190160696503,12.628133116259365,7.542731288293054,0.0,12.116040671549523,10.025358465682844,61.314602429710014,32.36285950518606,89697.38884,479.9807946,35.27559494561923,65.55935773178702,21.633528017919698,21.148887638233177,7.499857637630584,56.89137303061427,22.59914807263435,12.809849708114687,2000
01113030500,77.94117647058823,18.6105476673428,1.0141987829614605,1.1663286004056794,1.2170385395537526,0.0,0.0,0.35496957403651114,0.2028397565922921,0.0,0.5070993914807302,0.10141987829614604,15.810019518542616,26.545217957059208,28.925619834710744,11.294765840220386,35.0,15.0,33.333333333333336,5.555555555555555,14.285714285714286,4.761904761904762,0.35496957403651114,0.0,0.4563894523326572,0.0,1.485655737704918,3.278688524590164,5.635245901639344,0.4098360655737705,1.6905737704918034,1.0758196721311475,0.3073770491803279,7.359307359307359,2.1103896103896105,0.0,0.0,0.3073770491803279,0.0,0.0,59.67859751643535,12.636961285609935,6.387665198237886,47.893569844789354,25.529411764705884,15.294117647058824,7.647058823529412,10.686015831134565,25.181013676588897,27857.0,28690.0,22500.0,27857.0,250000.0,17258.0,14.241803278688524,2.2540983606557377,11.013986013986013,12.264150943396226,23.24159021406728,0.0,100.0,0.0,12.537612838515546,62.04128440366973,27.82969885773624,72800.0,423.0,36.65628245067497,66.08796296296296,21.247464503042597,23.123732251521297,7.454361054766735,51.080432172869145,25.330132052821128,14.625228519195613,2000
01113030600,35.435267857142854,62.295386904761905,1.1904761904761905,0.33482142857142855,0.5580357142857143,0.0,0.0744047619047619,0.018601190476190476,0.05580357142857143,0.05580357142857143,0.18601190476190477,0.09300595238095238,15.065616797900262,26.35170603674541,28.824235152969408,9.688062387522496,26.5625,6.25,14.285714285714286,0.0,8.695652173913043,4.3478260869565215,0.5022321428571429,0.018601190476190476,0.390625,0.0,1.0602678571428572,0.5580357142857143,3.050595238095238,0.0,1.7299107142857142,1.0416666666666667,0.5394345238095238,3.1526104417670684,0.40160642570281124,0.0,0.0,0.2418154761904762,0.0,0.0,70.257472625037,7.960935187925422,7.975167144221586,47.36346516007533,19.304618578100676,24.701608718214842,5.812143227815257,14.0927624872579,29.404388714733543,25994.0,23485.0,28904.0,25994.0,5000.0,12791.0,22.58953168044077,2.0070838252656436,15.747460087082729,24.65753424657534,21.475461081587998,0.0,51.851851851851855,48.38709677419355,9.407507914970601,54.068896655017475,22.478516508367253,61200.0,321.0,44.866576209859794,65.75137294058912,27.027529761904763,15.531994047619047,4.464285714285714,45.47641963426371,27.045235803657363,26.517341040462426,2000
01113030700,37.00333659097442,60.32305277378557,1.351193750790457,0.3737805142282265,0.7473741658522565,1.0991922966369646e-05,0.05748778384593274,0.0,0.0862316757688991,0.11498655961483185,0.2012072434607646,0.0,18.57111879347937,27.504374099620517,27.50662418422352,14.134396013198476,23.406765039717865,0.0008134971731433262,33.31634603368675,0.012740470570396116,11.109694961997537,0.0,0.40250242224777233,0.0,0.5174779899396379,0.0,0.4893711458995446,1.0640835367704702,2.473577079605545,0.0,1.1211205950281438,0.5462433253321282,0.37378014442332363,3.5977054752988677,0.5583813827525438,0.0,0.0,0.4024140887872108,0.0,0.0,71.52791914754799,6.514163591352507,8.433906129857428,46.80780888955775,22.655158948600945,24.855187490389223,3.5050393828579725,12.79530185372127,28.5643163231999,22918.97599,21251.22988,23093.61509,22918.97599,-9999,12128.61023,18.854200455433684,3.5751514882884847,12.264876423317121,19.166750106385695,18.691074920208553,0.0,100.0,0.0,12.098522036991733,45.11037958851382,33.49618965351711,47600.27392,350.8998781,51.5727436372709,67.16279022665512,26.741899085944237,18.74541430583501,8.222434854843346,34.18842247680638,36.94875166910284,30.354287539310025,2000
01113030800,2.375061850569025,96.53636813458684,0.6432459178624443,0.09896091044037605,0.1731815932706581,0.0,0.09896091044037605,0.0,0.12370113805047006,0.0,0.0,0.0,18.75,22.916666666666668,26.065742167437083,16.82074987159733,26.923076923076923,23.076923076923077,0.0,50.0,40.0,0.0,0.27214250371103416,0.0,0.14844136566056407,0.0,0.0,0.5195447798119742,0.0,0.0,0.7916872835230084,0.0,0.3958436417615042,1.593625498007968,0.0,0.0,0.0,0.1731815932706581,0.0,0.0,80.60533651931502,3.7435284747112703,9.931972789115646,47.57451782583285,16.76737160120846,34.06344410876133,1.283987915407855,9.250175192711984,23.81338742393509,15699.0,17917.0,15804.0,15699.0,-9999,8680.0,37.65846383296048,4.99627143922446,23.10536044362292,35.44303797468354,37.5,0.0,-9999,-9999,18.434343434343436,42.538699690402474,42.22222222222222,66000.0,214.0,64.1919191919192,60.68111455108359,29.58931222167244,16.947055912914397,5.442850074220683,30.796747967479675,31.67479674796748,35.75471698113208,2000
01113030901,85.30324688015261,11.269393210276704,1.2834979356601102,1.7630465809151175,0.3102961867814423,0.0,0.028208744716015827,0.0,0.056417489417918826,0.056417489417918826,0.0846262358133615,0.0,22.437169409684433,15.889550114924958,29.923274116908672,12.531969934087517,32.967030725863765,6.593406460746486,14.583333167695871,14.583333167695871,0.0,0.0,0.5218617795960792,0.0,0.3385049431969946,0.11283497883583765,0.5077574013883029,5.077574013883029,9.562764034088408,0.6629055083273414,3.102961921443179,0.6346967517706608,2.101551551208747,5.392231575413508,0.5178979275931409,0.0,0.0,0.8603666959786958,0.0,0.0,65.33039334739459,7.863435727571434,4.015582998500749,54.19139365026809,16.01623559322858,20.512020822700244,10.927255395498944,17.33307471184104,25.411612547247927,32636.99903,32315.99953,30832.9997,32636.99903,22624.99941,15230.99959,16.014184419370487,1.2056737748730313,9.234694065371833,17.243133104578586,7.741935646663642,0.0,0.0,6.611570199014463,11.52464933990229,72.65682980207711,2.67711402758101,66899.99943,289.9999969,29.9379695955667,66.30996404157709,26.530324551967578,15.133991669818233,4.104372291677611,57.75721016181212,23.806932038446575,10.200927503860415,2000
01113030902,48.11101068982744,46.425353387696745,3.131717757213427,0.5261200691831394,1.4172112749379375,0.0,0.1371490581234247,0.022857091087790722,0.22858393416269632,0.11429847860945723,0.38859008330534045,0.09142836435116289,25.379023589288586,14.354240801740929,24.81193839929364,13.560967040402982,35.76615851022014,5.839487388296171,8.336892338869877,0.008304343475739545,23.255043611240225,4.651008722248045,0.8915470168367109,0.022857091087790722,1.3029323310270928,2.592781412543568e-05,0.8874866882581127,4.233239122373956,4.143257443563593,0.00015232591367520394,4.141773076034264,1.843145101769098,1.3884206182343786,6.62157092612511,0.44811183931292975,0.0,0.0,0.9558269444165659,0.0,0.0,63.68692525684846,7.468820894222834,5.220792293384313,54.79844008497731,19.11106690609659,18.100674624120384,6.128268400760598,17.780596507997505,29.715954228102838,35278.3264,35126.71397,35483.7999,35278.3264,35551.06762,14020.27954,11.94157300480166,1.0959155754621115,6.9059251119331835,12.626685809054283,11.843896920583386,10.133701428642944,37.92283867732472,0.0033498607013049213,13.955461230865877,77.07426232538583,2.696866979682038,65300.3717,322.9903006,19.905273586270148,63.02494794262706,29.194629465238084,13.374891752730885,3.0180834591568004,57.108295695786325,19.806543217622547,13.159414963344313,2000
01113031000,73.469317521363,25.355623749982186,0.40198871231980454,0.3092394157869399,0.43290226744600313,0.0,0.03092338936046191,0.030930762268574524,0.24735885199711052,0.030920317310261198,0.154600968436722,0.0,22.516978928796412,16.41390176222565,21.588297934929248,16.00484399606274,23.0771937797707,15.384132921346811,24.99975164652442,0.0014901733529009314,24.99971022587499,0.0014902514518292855,0.15461448544523604,6.144100401425825e-07,0.09276218441830046,1.6589058714755046e-05,1.2059212560085872,1.7317454693571641,4.79283700470096,0.5256816703553239,1.1441334089734396,0.3710696275898285,0.6493616958838984,3.7073815656479328,0.4303158757519516,0.0,0.24735762318939936,0.3710364496579354,0.0,0.0,69.40191634829293,7.889353589712341,4.577422636712891,53.9404998623956,18.65476273951196,30.04625373181292,6.2627295588237555,13.380376577195628,24.706231753923625,37259.13257,41667.07137,30776.97831,37259.13257,57500.0,16806.03499,9.928048143668347,1.7538118288363695,4.621892271703641,8.597526728528399,12.942872428264879,33.334049529170585,0.0,0.0,8.961792275208506,84.08548237984171,7.716544961360783e-05,80600.03521,227.0052112,33.53161686250632,54.22520079014417,25.046594928545943,16.26447857690968,4.916398187349373,60.85943851394804,18.28103853876318,9.56432094013621,2000
01113031100,21.254642354909816,77.83739383134082,0.5365249863525352,0.08254230290989588,0.28889805285852277,0.0,0.0,0.0,0.16508460586106563,0.0,0.0,0.0,15.145630904768188,30.679613247649975,25.504781400952076,19.766206315329026,0.0,46.153845576885026,0.0,0.0,0.0,0.0,0.49525382736510515,0.0,0.041271151475584876,0.0,0.08254230290989588,0.20635575486021798,1.7333884351944189,0.16508460586106563,0.20635575486021798,0.0,0.20635575486021798,1.2405848176050271,0.0,0.0,0.0,0.0,0.0,0.0,71.1980146409129,7.697082872093239,10.932105183903683,42.512562413589386,16.408269417848565,34.6253254692856,7.364341199845312,9.76979282325971,27.24814032462368,19830.00041,41500.00022,16481.0002,19830.00041,-9999,12605.00019,29.834709531782607,5.950413026487947,17.602427494220965,4.373757601015909,36.74762598376345,100.0,0.0,0.0,17.45776412538131,78.36257799833997,5.631536912795248,41399.99947,142.0000002,37.4094945440442,51.85185515724664,26.619893398867994,22.16260714272263,7.51134956954702,43.266171038714475,24.33722161558683,22.358347027657118,2000
01113031200,54.20025456088248,42.4480271531608,2.1425540941875267,0.8061094611794655,0.3394145099703012,0.0,0.19092066185829445,0.0,0.0848536274925753,0.04242681374628765,0.06364022061943148,0.0,22.77886497064579,16.20352250489237,24.898580121703855,18.052738336713997,28.712871287128714,1.9801980198019802,28.0,8.0,20.0,0.0,1.5061518879932116,0.021213406873143825,0.0848536274925753,0.12728044123886295,0.5939753924480271,4.985150615188799,3.5850657615613066,0.3606279168434451,2.588035638523547,1.2940178192617735,0.7636826474331778,2.5985867335308868,1.253704125826305,0.0,0.0,0.5727619855748833,0.0,0.0,71.76938369781313,8.548707753479125,8.286731062531775,44.79911942762796,21.895787139689578,24.002217294900223,12.13968957871397,15.049678550555232,28.481012658227847,28785.0,35486.0,19286.0,28785.0,-9999,12328.0,18.073570061662767,2.4239846906230067,8.508914100486225,12.194159431728492,25.0,31.067961165048544,22.80701754385965,0.0,17.85881252921926,82.47011952191235,0.0,53900.0,283.0,28.09724170172978,54.581673306772906,27.45014849384811,16.46160373355961,4.900296987696224,52.957283680175244,21.87842278203724,13.375295043273013,2000
13053020100,62.78248484689849,33.15678031120838,1.5183615479578538,0.9180790962259515,1.5183615479578538,0.2824858757288342,0.0,0.0,0.0,0.21186440679662563,0.5296610170809312,0.0,24.296962412918003,14.285714412603859,29.75295481982444,12.781954633441478,30.23255882173576,11.627907236593735,49.99999999493824,0.0,20.588234123608718,8.823528909267306,0.38841807914502036,0.0,0.38841807914502036,0.317796610177065,0.5296610170809312,5.790960588350657,6.991525627652525,0.0,3.107344632802695,0.7768361582900407,2.153954836588484,5.1419803938901145,0.6139677815372627,0.07062146893220855,0.07062146893220855,1.2005650400168049,0.0,0.0,66.79954352561002,8.769931350123493,4.793944585865468,53.75940219505056,19.081271209083905,15.28268578560393,8.568904591351677,19.68503954536295,24.69494506367316,30112.00046,32146.99935,22954.99902,30112.00046,75000.0,14372.00055,21.329542238826747,1.7419125830376174,12.83354481912735,17.43067235329422,28.722281731268673,36.36363528993075,41.66666667650897,26.66666667116601,16.072842784393988,70.84905552141572,2.771179674050567,55100.00064,273.9999889,25.890737670969717,67.54716774373162,29.272599587677217,13.524011538466903,3.107344632802695,54.23728860252394,24.435029150700966,17.594937629936407,2000
13053020201,53.136928303059285,29.858922518070433,12.514523028582389,1.095435707569154,3.0373444792179396,0.06639004151150003,0.14937759338887646,0.2323651452662529,0.9958505768377598,0.43983400775366827,0.788381737099734,0.14937759338887646,22.036546401063575,0.09370607732091972,31.239042666407116,0.23378142361887735,30.50397883278969,0.5968169663666262,25.274723938433088,0.0,18.050541792979438,0.7220216512582764,4.340248935095611,0.2904564258834701,3.883817541857736,0.15767634283647275,2.688796703077243,9.601659506831007,7.742738526024179,1.5103734784747145,6.68879671459592,3.75933621963303,2.6639003301647475,16.346153292737316,0.6531204639029005,0.0,0.049792531121626404,1.1120332293577198,0.0,0.049792531121626404,22.119717077043862,31.130658684419842,9.96078402685778,51.4380504260898,33.972122664646314,6.794424721844861,3.8327524764312964,21.556886564999377,12.939160663599614,41928.00035,45897.00085,36874.99901,41928.00035,42083.33163,13973.00078,6.3094570652492425,0.0,4.959568497952051,5.939463311879814,6.609712487129014,8.60215093328712,0.0,0.0,8.816366209466038,2.2435897511646874,34.24257029597165,63899.9979,657.0000302,50.65757337263611,99.19871800835206,28.190870771532154,0.20746888540478575,0.041493775938688214,47.533484705948666,6.138393023068287,5.837424953894223,2000
13053020203,53.270449760206986,29.904571863884982,12.36230450550539,1.0929805521063,3.0163173358342736,0.06938142983442654,0.14730977396728764,0.22914855002746864,0.9820651979769165,0.4366782506409189,0.7848003243008617,0.14730977396728764,22.073423514768972,0.3252441352919968,31.215278806527248,0.43442432726587354,30.503516324955708,0.6155721042939218,25.435949021843598,0.0,18.069010414249675,0.7809829539576808,4.285544267792869,0.286435673201195,3.835430966348412,0.15989287802826221,2.658907906998839,9.548908435556193,7.732339761057252,1.489465584653844,6.639218932475482,3.7180497843813654,2.656841452721634,16.190162742848567,0.652575329936177,0.0009776043760083976,0.050080862391814064,1.1132587190770942,0.0,0.049103257975740985,23.102973283885216,30.63857298359204,9.688180754227492,51.51687543467823,33.14390629610187,7.266536533282008,4.096174197053076,21.46366913022924,13.43505318323561,41542.19097,45374.46781,36423.05108,41542.19097,42983.23058,13978.52381,6.654395937789583,0.04000328831885533,5.154163557836436,6.275637922580224,7.158142377175118,8.660863102635322,0.3404565039371401,0.3467692867725057,9.073549235080915,4.487925967958024,33.12716540124736,59355.35057,653.1759678,49.779790627976794,98.1632808550065,28.205845585179862,0.39180814698573635,0.08393397658802391,47.627075346864736,6.393831247179331,6.132489047130203,2000
13053020205,53.13693132858904,29.85892197185897,12.514522791934581,1.095435703316436,3.0373444627460158,0.0663900414832363,0.14937759026589256,0.232365151411862,0.9958505854437129,0.4398340481340073,0.7883817629273653,0.14937759026589256,22.036544762126702,0.09370607199252586,31.239042587583707,0.23378142420122242,30.503979289431662,0.5968169652784645,25.27472461021453,0.0,18.050540656685452,0.722021653778875,4.340249088107358,0.29045642083001305,3.88381732291231,0.1576763500972591,2.688796699484323,9.601659897594182,7.742738489212003,1.5103734471001227,6.688797005845668,3.7593361484739063,2.663900345888101,16.346153714250505,0.6531204675165274,0.0,0.04979253112538668,1.1120331733704032,0.0,0.04979253112538668,22.11971762846204,31.130658966814696,9.9607839890732,51.43805561687859,33.972126327975964,6.79442547235935,3.832752804192976,21.556886295685164,12.939160005405462,41927.99989,45897.00145,36874.99998,41927.99989,42083.33195,13972.99959,6.309457175512691,0.0,4.959568462603019,5.939462843966698,6.609711887809696,8.602150207256296,0.0,0.0,8.816366369907934,2.2435897846899016,34.24257198665643,63900.00057,657.0000202,50.6575737183177,99.19871636158129,28.190870811535028,0.20746887194368122,0.04149377437836868,47.53348264680009,6.138392991227309,5.837424751152095,2000
13053020206,53.136928900943865,29.858921795412147,12.514522537166267,1.0954357077797103,3.037344356494878,0.06639004147678827,0.1493775895485946,0.23236515284505532,0.9958506375044168,0.43983402299258645,0.7883817674848239,0.1493775895485946,22.036545916996328,0.09370607624014708,31.239041957253015,0.23378142141514743,30.503980022445873,0.5968169747145148,25.274724447953744,0.0,18.050542268066348,0.7220216705753778,4.34024917801659,0.2904564182193375,3.8838175417924354,0.15767635049041537,2.6887967036064437,9.601659384979934,7.7427384019758145,1.5103734478188964,6.688796712562122,3.75933609759963,2.6639005120009696,16.346154090748907,0.6531204468836135,0.0,0.04979253110759121,1.1120331686367961,0.0,0.04979253110759121,22.11971654481419,31.13065933261422,9.96078489036775,51.43805205978481,33.972126945794734,6.794425390501853,3.83275275048589,21.556885838768473,12.93916017122764,41927.99937,45897.00148,36874.99901,41927.99937,42083.33163,13972.99972,6.309457270359531,0.0,4.959568616141395,5.939463242061396,6.609712488254837,8.602150266431968,0.0,0.0,8.816366525967874,2.2435896528584403,34.24257295470979,63900.0007,657.0000196,50.65757231037936,99.19871409374615,28.19087112769831,0.20746888537218558,0.041493774003918585,47.533486791219126,6.138393187950962,5.837424625257571,2000
13145120198,63.380763886290325,34.394595230260016,1.0687008150142365,0.39258504208255657,0.7197339265880363,0.0,0.4798225201615046,0.0,0.08724069768609437,0.06543030374590171,0.04362020249726781,0.0,18.307018865761062,24.81061735678356,27.93833332642155,15.799600337170592,10.204299611550697,14.285636035414042,28.57137379602338,0.0,3.4482742663503223,20.689645598101936,0.458015638520017,0.021810686631751418,0.08724040499453561,0.17448089427969943,0.9814629327811124,3.0098085974513222,4.296628021408111,0.5234426828390983,2.791694308475191,2.2464415138511304,0.4362022356992486,4.37104886303732,1.8600207927818382,0.0,0.0,0.0,0.0,0.0,49.795611316507326,23.74955774856117,5.1867980284473205,59.02155662600988,33.65783451973136,24.107539197027087,11.636536587073044,14.400466682820076,18.028680860101456,40486.01266,47355.96946,29218.99563,40486.01266,6875.0,20538.98458,11.624854850325503,2.5517924441026048,5.678459630952688,3.5343379111234756,23.726733663007906,80.48709358808244,0.0,72.72727272727273,28.276311062603565,75.96902786941435,9.690183137495486,103699.8874,338.0004342,44.00310562267927,56.256934868737396,24.165788583448105,21.50484149035311,7.895281530787968,56.086302862464464,22.379868212770063,13.239606890266856,2000
13145120200,78.84427032321254,18.445968005223637,1.3059092393078682,0.9794319294809011,0.1305909239307868,0.0326477309826967,0.0,0.0,0.0,0.0,0.16323865491348352,0.0,22.608695652173914,17.43271221532091,26.071428571428573,13.392857142857142,17.5,17.5,9.090909090909092,0.0,0.0,0.0,0.6856023506366308,0.1305909239307868,0.22853411687887693,0.2938295788442703,1.1426705843943845,2.9382957884427032,9.304603330068561,1.1426705843943845,0.0979431929480901,0.0,0.0,1.6291161178509532,0.5199306759098787,0.0,0.0,0.0,0.0,0.0,65.30108588351432,12.09279368213228,3.453136011275546,51.145662847790504,26.56934306569343,24.817518248175183,6.7153284671532845,17.849272807404144,17.259691980881573,41172.0,42115.0,26705.0,41172.0,-9999,17004.0,8.958755916159568,1.5212981744421907,4.750869061413673,8.298407376362112,13.701431492842536,0.0,0.0,-9999,9.613804437140509,81.63636363636364,0.4930156121610518,73800.0,312.0,40.75595727198028,58.27272727272727,26.607900750897812,16.487104146261835,5.060398302317989,64.95016611295681,17.940199335548172,9.673659673659674,2000
13145120300,83.05986022485567,14.357338195077483,0.9571558796718322,0.7292616226071102,0.7292616226071102,0.015192950470981464,0.12154360376785171,0.10635065329687025,0.10635065329687025,0.10635065329687025,0.28866605894864783,0.04557885141294439,22.75471007865374,13.371135906347174,22.97008547008547,17.307692307692307,28.571428571428573,4.761904761904762,21.428571428571427,14.285714285714286,18.91891891891892,8.108108108108109,0.24308720753570343,0.10635065329687025,0.3038590094196293,0.4709814646004254,1.1242783348526284,7.839562443026436,3.859009419629292,1.7471893041628683,2.719538134305682,1.3217866909753875,1.1394712853236098,5.616526791478373,1.145900581020013,0.0,0.0,0.8963840777879064,0.0,0.0,42.13520017501641,27.390067818858018,3.9977634889572267,63.46677030703459,37.44903902154921,12.667443214909726,9.55154338963308,20.394736842105264,15.857749944084098,56567.0,61686.0,19938.0,56567.0,58529.41176,24825.0,7.736738106095151,1.3831889344885242,3.8,4.688372093023256,25.482233502538072,15.0,0.0,0.0,14.360041623309053,90.60348319157553,3.2951786333680193,131700.0,232.0,19.49358307318765,66.78817334953422,25.676086295958676,13.810391978122151,3.600729261622607,65.30101942681284,19.157530294287362,6.697341513292433,2000
13145120401,80.88748235564245,16.43951377582276,1.1410459438476463,0.7501320667286834,0.7606972958984308,0.02113048072569432,0.01056524035245431,0.06339144462979561,0.16904384574319747,0.10565240111340186,0.23243528035428543,0.04226096143060294,22.818703704054798,14.106581921186432,22.92745951146078,22.603626630380276,31.48148341848746,8.333333333333332,22.222222510040666,2.7777778123888566,18.51851832663956,7.407407503346888,0.2113048022683751,0.09508716198730385,0.4226096045367502,0.11621764021871413,1.225567856814859,5.388272287089036,8.51558393966746,0.30639196415175046,1.4580032165705201,0.3909138771189629,0.9614368887434741,3.63043717933163,0.3933910270255539,0.0,0.0,0.7395668375589359,0.0,0.0,52.02169085243205,18.280403658948973,2.2526145817574683,61.88959365479591,32.818930286210986,15.020575429420457,11.666666170776958,18.829296670785503,23.080699446991932,50077.00122,52623.00186,41934.9984,50077.00122,5909.090749,21558.99892,6.665951922884014,1.3503376069101636,3.7300179618126514,3.460071181041184,19.60408630073234,21.311476191125386,0.0,55.93220017286696,6.076294309552736,89.73019642406977,0.49046320098661483,120200.0026,332.0000125,22.724795016035127,66.84072887170265,25.905970571073155,15.340728668005587,4.617010080665646,65.7188880539185,17.4490350740476,8.22695028578525,2000
13145120402,80.88748038483861,16.439514649470297,1.141045961239848,0.7501320890560789,0.7606972801329894,0.02113048071515596,0.01056524036832153,0.06339144343469397,0.16904384572124767,0.1056524023080408,0.23243528922040294,0.04226096143031192,22.818704741520396,14.106583676689551,22.92746076039994,22.603626057394074,31.481481749998405,8.333333034547229,22.222222970442918,2.777777874130023,18.518518253767805,7.407407390389713,0.2113048045945945,0.09508716002736722,0.42260960914621476,0.11621764458871436,1.2255678993992882,5.388272681527742,8.515583986461325,0.30639197484982206,1.4580032500728017,0.3909139130092622,0.9614368936291863,3.630437297388089,0.3933910176087203,0.0,0.0,0.7395668161133114,0.0,0.0,52.02168681330376,18.280401625320835,2.2526145236410193,61.88959698394434,32.818929046903484,15.020575778934285,11.66666675036025,18.829296504750346,23.080701372409546,50076.99853,52623.00131,41935.0018,50076.99853,5909.090716,21559.00109,6.665952354199178,1.3503376012184989,3.7300176883653746,3.4600713266422214,19.60408632510966,21.31147663325865,0.0,55.932205271096926,6.076294244740167,89.73019783426814,0.4904631983495341,120200.0014,332.0000069,22.724796106392173,66.84072783778149,25.905969118231404,15.340729536337788,4.617010128666857,65.71888408655865,17.449034571151927,8.226950481252837,2000
13197920100,85.99393438103115,9.897987317342157,1.7094017094017093,1.3785497656465397,0.6617038875103392,0.0,0.0,0.0,0.1654259718775848,0.027570995312930797,0.22056796250344637,0.1654259718775848,23.565245270920165,13.978839371593459,34.01759530791789,17.59530791788856,35.483870967741936,4.838709677419355,4.761904761904762,4.761904761904762,21.428571428571427,7.142857142857143,0.7995588640749931,0.0,0.46870692031982353,0.0,0.7444168734491315,3.887510339123242,8.574579542321478,0.27570995312930796,1.1304108078301627,0.22056796250344637,0.7168458781362007,2.8874484384207424,0.3535651149086623,0.0,0.0,0.9098428453267163,0.0,0.0,66.82464454976304,8.703145196036191,2.245145631067961,52.74411974340698,22.098075729360644,14.959652389819988,9.248913718187461,20.900692840646652,27.156276686592655,32259.0,33555.0,12917.0,32259.0,-9999,14744.0,18.038774936779994,1.7701601573475696,10.34816247582205,15.846103684382133,43.69230769230769,6.4935064935064934,25.0,-9999,15.756035578144854,87.48114630467572,0.0,61300.0,320.0,21.79161372299873,72.32277526395174,28.01213123793769,13.84063964709126,4.273504273504273,64.9299317283507,17.067912324829322,7.199211045364891,2000
13197920200,30.224623258458912,59.198180267273244,9.980096673301109,0.25589991470002843,0.028433323855558714,0.0,0.08529997156667614,0.0,0.0,0.0,0.0,0.0,18.532455315145814,21.26058325493885,28.129531174480427,15.176413726437893,23.076923076923077,1.1396011396011396,0.0,0.0,-9999,-9999,4.179698606767131,0.0,0.398066533977822,0.0,0.8529997156667615,0.9382996872334376,1.592266135911288,0.31276656241114587,8.899630366789879,6.85243104918965,0.7108330963889679,10.322777101096223,7.825822168087698,0.0,0.0,0.0,0.0,0.0,74.9054820415879,9.168241965973534,5.199189736664416,49.30300807043287,19.017094017094017,40.81196581196581,7.264957264957265,12.389735364875701,31.301558203483044,23917.0,35417.0,18333.0,23917.0,10000.0,13322.0,26.912018401380102,3.392754456584244,16.39163916391639,13.200379867046534,34.048780487804876,23.323615160349853,100.0,72.22222222222223,13.753213367609254,68.85245901639344,9.575835475578407,53900.0,200.0,33.48329048843188,59.68703427719821,28.689223770258742,15.638328120557293,5.430764856411715,41.9366852886406,26.070763500931097,25.05567928730512,2000
13215000200,86.46960865945046,8.2014987510408,3.164029975020816,0.4995836802664446,1.4571190674437968,0.12489592006661115,0.20815986677768525,0.16652789342214822,0.16652789342214822,0.33305578684429643,0.2497918401332223,0.041631973355537054,14.973519499277804,33.26913818006741,26.5625,6.770833333333333,31.57894736842105,3.9473684210526314,57.142857142857146,0.0,18.51851851851852,22.22222222222222,1.665278934221482,0.08326394671107411,0.6661115736885929,0.0,1.6142735768903993,6.711979609175871,6.074766355140187,0.3823279524214104,4.927782497875956,1.4018691588785046,1.5717926932880204,4.782799473453269,1.2724879333040808,0.0,0.0,1.231945624468989,0.0,0.0,55.76694411414982,17.00356718192628,3.2544378698224854,44.12032816773017,23.343527013251784,11.009174311926605,7.44138634046891,15.641569459172853,30.834621329211746,32380.0,33974.0,19167.0,32380.0,18055.55556,21720.0,8.581138487680544,1.4443500424808835,5.202312138728324,5.188916876574307,42.922374429223744,0.0,-9999,0.0,3.1531531531531534,79.06976744186046,7.853881278538813,83300.0,510.0,80.6392694063927,44.11214953271028,19.400499583680265,29.80849292256453,11.532056619483763,56.626506024096386,24.64859437751004,8.920863309352518,2000
13215000300,46.814905204290135,44.53124914579752,7.331730730279922,0.6009615598486743,0.4807692307137518,0.0,0.12019230767843796,0.0,0.9014422826458728,0.2403846153568759,0.0,0.3004807799543882,19.64056473081771,21.566109950057225,20.301783889883183,18.518517745692755,11.475409995716134,5.737704996218558,0.0,14.285714165294015,0.0,12.5,6.850961756563166,0.06009615383921898,0.2403846153568759,0.0,0.0,0.6218202273252662,2.996042971809915,0.0,7.40531396972205,6.55737698309949,0.8479366638088666,6.257594004108578,3.1591737141843184,0.0,0.0,0.39570379072859646,0.0,0.0,74.48979909045511,4.846939079112169,6.142506112352009,44.4897981784308,15.183246336064364,15.05235608994074,8.900524020467882,13.442390082457244,32.81759070933899,17659.00027,27307.99933,12096.00028,17659.00027,-9999,10188.00023,27.449857202976577,4.297994477708327,11.483253584498577,8.876404515151691,33.384854413408235,86.6666592036944,-9999,0.0,13.027295302124722,38.80171323831064,15.01210701902608,43299.99894,246.0000084,89.83051284855414,64.5746132769338,22.35576869424154,18.810096721985293,6.310096090912219,40.44564432007158,29.70965529380438,22.41813586077873,2000
13215000400,90.8949147198643,4.646086528125299,2.71281578260633,0.5612722022040799,1.1225444044081598,0.0,0.09354536949767486,0.21827253628126383,0.1870907390265353,0.3118178834812424,0.28063610110203996,0.06236357966511657,19.07375662957075,26.723842884078383,27.97202733260339,2.797202866143664,31.034481167067337,4.597701035578681,33.33333333333333,0.0,14.285713797899767,17.85714139727117,0.9042719275354435,0.0,1.309635217687583,0.0,1.0601808395873837,5.269722653472575,11.506080560731615,1.1537261868185478,1.5590894769706873,0.37418147811544183,1.091362621997772,2.917771933944706,0.0,0.0,0.0,0.5612722022040799,0.0,0.0,63.887629193855766,9.379247327731058,5.507631236263564,53.70639437704708,24.859550602083242,12.710674100386798,11.51685418297773,19.031720747163774,25.053648055710678,33994.99879,32724.00144,51912.00138,33994.99879,212499.9928,17678.9995,6.298721473327237,1.184907969228936,3.448275777040773,6.4770390118507555,0.0,17.808219378144106,-9999,0.0,2.819956421112676,76.26487831511955,9.544468223053833,68500.00002,496.0000234,68.32971756271255,49.25595257620008,22.669161515884525,24.883068066086512,7.701902157374936,55.6192644954684,24.847094848550125,10.162161954522553,2000
13215000800,75.34368070953437,20.39911308203991,1.6851441241685143,1.9955654101995566,0.4434589800443459,0.0,0.0,0.08869179600886919,0.17738359201773837,0.04434589800443459,0.04434589800443459,0.0,16.068275456150676,24.484991171277223,25.835189309576837,14.922048997772828,23.68421052631579,2.6315789473684212,38.888888888888886,5.555555555555555,28.571428571428573,0.0,0.5764966740576497,0.04434589800443459,0.4878048780487805,0.0,2.690780767534186,4.190560211733569,9.395677106307897,0.48522276135862374,0.882223202470225,0.30877812086457873,0.30877812086457873,5.937794533459001,0.8482563619227145,0.0,0.0,0.6175562417291575,0.0,0.0,65.15054452274184,10.185778347213326,4.264214046822742,59.443911792905084,24.541484716157207,12.751091703056769,7.598253275109171,13.137032842582107,26.232876712328768,28145.0,30150.0,17262.0,28145.0,32500.0,15148.0,20.42534337616305,2.614089499335401,13.220338983050848,12.3149792776791,49.65197215777262,20.833333333333332,0.0,0.0,9.923664122137405,53.2015065913371,27.187765505522513,69300.0,355.0,87.51062022090059,65.78449905482042,20.88691796008869,21.55210643015521,10.199556541019955,39.02179691653376,36.04465709728868,18.72852233676976,2000
13215000900,67.82668026318633,22.38143929627043,6.6189013053204455,0.7505970780002712,2.217673037601231,0.03411804844747735,0.3411804723190039,0.23882633711776163,0.8188331464179456,0.30706243811016676,0.5458887750913468,0.10235414332785227,14.738431210590178,31.438630644908145,21.806853617325846,19.47040492639053,36.082474432091445,5.154639064413216,16.666666223719,5.555555517253247,28.3018866467326,1.8867923908723714,1.5011941563419968,0.10235414332785227,1.2964858858712216,0.0,0.8564576930609552,5.549845676342022,4.179513421753188,0.9934909315484395,6.474820219732958,3.5971224014390737,1.2332990833015016,11.361954406008396,1.850481150918056,0.0,0.0,0.0,0.0,0.7536827801382352,46.27816107119568,23.751224527794655,5.193855178017888,52.37053173742443,36.11111266928752,11.033950372222003,7.638889082888716,18.63656375915272,18.482490564764756,31858.00115,32121.00029,29868.0004,31858.00115,38611.11272,16997.00031,9.595558784308217,0.59476607510336,6.635071232776158,6.414868082839276,21.84154209859238,13.636363285301682,0.0,5.7692305228794485,7.4130102266513624,34.88562196663341,41.08761390822493,75299.99862,464.0000132,67.59818878789854,70.35830313896777,19.856703919375878,26.100307792861436,16.990788395021852,38.35901937204599,35.11037171971594,22.72727098036088,2000
13215001000,80.9040367416002,12.666183224558859,3.7708484408992025,0.6526468455402465,1.8854242204496012,0.024172105390379502,0.12086052695189752,0.531786318588349,0.36258158085569253,0.09668842156151801,0.6043026347594875,0.0,15.924708694353152,24.917836868837764,12.598425196850394,3.3464566929133857,26.923076923076923,11.538461538461538,10.0,30.0,11.666666666666666,0.0,0.580130529369108,0.19337684312303602,1.160261058738216,0.531786318588349,1.0877447425670776,8.484408992023205,8.774474256707759,1.1844331641285957,4.471839497220208,1.5711868503746675,2.8039642252840222,6.730286288297338,0.9542943244600703,0.0,0.0,0.5559584239787285,0.0,0.0,36.6234756097561,29.725609756097562,5.276013678553982,54.663887441375714,35.79164517792677,10.881897885507994,8.045384218669417,19.939301972685886,20.942215679057785,42139.0,42000.0,36500.0,42139.0,19166.66667,20165.0,5.081572612998128,0.6151377373629313,1.1352885525070955,5.447714464621165,4.833836858006042,0.0,0.0,0.0,4.401805869074492,68.47697756788666,22.573363431151243,95700.0,424.0,61.17381489841986,65.17119244391972,18.612521150592215,21.174764321972443,8.073483200386754,47.550269045596146,20.64570943075616,11.218568665377177,2000
13215001100,95.86553323029366,2.3956723338485317,1.1978361669242659,0.0,0.5409582689335394,0.0,0.07727975270479134,0.19319938176197837,0.03863987635239567,0.1545595054095827,0.03863987635239567,0.0,19.145505844417574,31.156791616283755,19.672131147540984,24.59016393442623,32.25806451612903,19.35483870967742,-9999,-9999,20.0,10.0,0.5795981452859351,0.0,0.11591962905718702,1.6228748068006182,1.6615146831530139,4.984544049459042,6.87789799072643,0.8114374034003091,0.7341576506955177,0.19319938176197837,0.3091190108191654,3.6550308008213555,0.0,0.0,0.0,0.5409582689335394,0.0,0.0,20.48832271762208,54.033970276008496,1.1428571428571428,52.97202797202797,57.55573905862923,5.202312138728324,22.625928984310487,19.459729864932466,11.576704545454545,70507.0,70642.0,68036.0,70507.0,-9999,42101.0,5.911901081916538,0.46367851622874806,2.806122448979592,5.898764447987246,0.0,29.41176470588235,-9999,-9999,2.780269058295964,92.71217712177122,2.242152466367713,158100.0,642.0,83.85650224215247,48.8929889298893,22.48840803709428,30.71870170015456,14.02627511591963,67.090395480226,17.372881355932204,4.840764331210191,2000
13215001200,82.55340418548406,13.564451050559486,2.8445434903496953,0.20760088147275502,0.741109889638143,2.371379043625316e-05,0.2368990558954079,0.08891421572422815,0.14848282953367917,0.02979616378515226,0.20745859881888576,0.02965388110170022,13.267244344190601,22.629629977385193,24.333406528461765,5.10485173640997,18.778031773131815,1.0483185676982771,24.97004772003244,0.01996819494842245,18.201323864693833,0.003636654354283098,0.8589428593451232,0.059236620861674416,1.065879755040656,0.1811408306027299,2.3252456764177443,6.494800272755583,7.188205431076932,0.42336375765465833,2.4499751410777324,1.2403367468300421,0.9971457926128242,5.589691163483412,1.5960903274636138,0.0,0.0,0.24152110747030656,0.0,0.0005324148654338463,23.330917534973118,42.640887304807066,4.409159682691321,63.39310124195296,49.09740029153453,7.9778485799121315,14.591848441417223,13.86720348148386,17.094020226866522,39914.55907,40893.89426,32747.00387,39914.55907,38611.11213,34769.63852,6.312693212857213,0.4551827031862332,2.863077087427275,6.749198457307228,4.413528020574901,0.013598648069034307,0.0,98.89095612807303,9.671522514147853,41.964875097601606,47.11698155112728,129775.9711,452.0071408,72.73810569328923,71.67145622127732,16.69846664657693,19.394835584035754,9.12329330832525,44.36957953160635,26.439026687904036,17.570807318212818,2000
13215001400,35.36231884057971,61.24223602484472,1.6149068322981366,0.9523809523809523,0.5383022774327122,0.0,0.08281573498964803,0.08281573498964803,0.041407867494824016,0.0,0.2484472049689441,0.041407867494824016,14.8711943793911,21.194379391100703,46.384720327421554,5.729877216916781,30.76923076923077,7.6923076923076925,26.666666666666668,6.666666666666667,36.36363636363637,0.0,0.4554865424430642,0.0,0.4140786749482402,0.0,0.5898545025560362,1.3370035391270154,3.499803381832481,0.0,4.325599685410932,3.9716869838773103,1.1797090051120724,8.800370541917555,1.2968967114404817,0.0,0.0,0.3539127015336217,0.0,0.0,80.18362662586075,8.798775822494262,19.646799116997794,53.05343511450382,21.153846153846153,15.659340659340659,6.318681318681318,11.285266457680251,30.689655172413794,12662.0,23047.0,7376.0,12662.0,60681.81818,8621.0,46.637829335430595,2.3987416437278806,43.261231281198,24.70334412081985,60.45548654244306,46.666666666666664,-9999,43.83561643835616,13.032145960034752,17.482517482517483,63.67485182049111,55300.0,223.0,81.87976291278578,79.46428571428571,37.515527950310556,11.262939958592133,4.430641821946169,20.175953079178885,34.89736070381232,58.333333333333336,2000
13215001600,32.79405334499344,63.270660253607346,2.055094009619589,0.9619588981198076,0.6996064713598601,0.0,0.0,0.0,0.4372540445999126,0.0,0.17490161783996502,0.0,19.333333333333332,22.4,41.596638655462186,8.123249299719888,38.297872340425535,8.51063829787234,30.0,10.0,15.384615384615385,15.384615384615385,0.8307826847398339,0.0,0.6558810668998688,0.0,0.596603946764571,0.9637448370812299,1.2849931161083066,0.0,0.5507113354749885,0.0,0.45892611289582375,3.37909186906019,0.5807814149947201,0.0,0.0,0.0,0.0,0.0,83.04042179261863,2.81195079086116,19.913419913419915,43.890865954922894,6.486486486486487,17.117117117117118,4.324324324324325,12.527634487840825,39.76510067114094,11655.0,14489.0,10886.0,11655.0,-9999,7482.0,55.057736720554274,3.464203233256351,50.0,54.0650406504065,54.285714285714285,63.04347826086956,82.3529411764706,100.0,23.139745916515427,16.52892561983471,56.173421300659754,30600.0,184.0,90.00942507068802,77.08592777085927,36.9916921731526,12.89899431569742,5.115872321818977,20.303867403314918,34.668508287292816,54.285714285714285,2000
13215001800,58.25174825174825,36.22377622377623,3.986013986013986,0.8391608391608392,0.48951048951048953,0.0,0.27972027972027974,0.13986013986013987,0.0,0.06993006993006994,0.06993006993006994,0.0,17.16686674669868,19.20768307322929,29.862475442043223,12.770137524557956,31.57894736842105,5.2631578947368425,0.0,28.571428571428573,0.0,0.0,2.237762237762238,0.0,0.7692307692307693,0.0,1.0204081632653061,2.380952380952381,5.578231292517007,0.6802721088435374,0.40816326530612246,0.0,0.40816326530612246,4.639175257731959,0.0,0.0,0.0,0.40816326530612246,0.0,0.0,74.15254237288136,8.15677966101695,13.773584905660377,37.92613636363637,18.161925601750546,10.50328227571116,11.597374179431073,10.360777058279371,32.76255707762557,22823.0,23403.0,18365.0,22823.0,-9999,12546.0,29.931972789115648,2.7210884353741496,29.72972972972973,23.76502002670227,38.170347003154575,50.0,10.447761194029852,-9999,17.348377997179124,32.93515358361775,29.819694868238557,49100.0,299.0,76.97642163661581,64.57627118644068,24.965034965034967,16.223776223776223,7.6223776223776225,26.194539249146757,35.40955631399317,26.20689655172414,2000
13215002000,1.3368983957219251,96.22326203208556,2.105614973262032,0.03342245989304813,0.26737967914438504,0.0,0.20053475935828877,0.06684491978609626,0.10026737967914438,0.20053475935828877,0.13368983957219252,0.0,20.0,30.0,20.817324484806147,21.830247991617185,34.92063492063492,4.761904761904762,0.0,0.0,25.0,0.0,0.8689839572192514,0.0,0.6016042780748663,0.4889975550122249,0.0,0.5239259517988124,0.0,0.0,0.6985679357317499,0.5937827453719874,0.0,2.5274725274725274,0.0,0.0,0.0,0.0,0.0,0.0,51.86351706036746,15.013123359580053,10.563939634630659,49.841521394611725,22.912966252220247,19.00532859680284,8.081705150976909,18.135904499540864,30.500844119302194,27244.0,45469.0,27276.0,27244.0,-9999,16110.0,15.39810592774465,2.806032970887408,9.931972789115646,67.44186046511628,14.394213381555154,27.906976744186046,-9999,-9999,7.807570977917981,64.07185628742515,24.715447154471544,71400.0,309.0,64.8780487804878,44.6883230904302,24.766042780748663,21.42379679144385,5.648395721925134,35.720486111111114,32.161458333333336,25.31645569620253,2000
13215002100,66.88769167012018,25.777041027766266,4.890178201409034,0.9531703273932863,1.077496891835889,0.0,0.0,0.08288437629506838,0.45586406962287607,0.12432656444260257,0.45586406962287607,0.24865312888520513,17.596034696406445,29.05824039653036,31.051752921535893,7.345575959933222,31.35593220338983,7.627118644067797,11.11111111111111,0.0,4.761904761904762,38.095238095238095,1.0360547036883547,0.12432656444260257,1.3261500207210941,0.0,1.9016122364613477,6.986357999173212,6.035551880942538,0.49607275733774286,3.555188094253824,0.9921455146754857,1.5708970649028524,6.93950177935943,0.7562277580071174,0.0,0.24803637866887143,1.4882182720132286,0.0,0.0,55.79937304075235,14.294670846394984,6.41573994867408,60.38834951456311,31.53564899451554,14.89945155393053,9.689213893967093,18.35075493612079,22.64280798348245,35333.0,34531.0,38088.0,35333.0,-9999,23832.0,8.902691511387163,1.0351966873706004,6.128550074738415,7.528840315725562,13.016845329249618,18.446601941747574,-9999,-9999,5.8601134215500945,66.56626506024097,13.683223992502343,68600.0,384.0,76.28865979381443,54.69061876247505,24.699544135930378,22.04724409448819,8.99295482801492,50.16198704103672,27.96976241900648,16.33587786259542,2000
13215002200,4.671837821393675,93.8739223762281,0.8354326215037726,0.0928188640291467,0.30940707554348573,0.0,0.030938845468995176,6.982835544661274e-06,0.0928188640291467,0.09281653640698553,0.0,6.982835544661274e-06,11.258303552214937,38.41025189146052,22.29573729301416,24.082070470775758,25.926947504932816,3.7044466662141717,0.0,33.332497432073566,24.999294746425786,24.999294746425786,0.18564238324073803,1.1638048928153632e-05,0.46408966493235,0.0,0.0,0.2440379543420618,0.0,0.18302846575654635,2.1659584772678593,1.0372576939296367,0.9761770618744341,4.023276114371201,1.7845020214373635,0.0,0.0,0.18302846575654635,0.0,0.0,69.01744977397115,7.8447441117246965,8.314164554555294,42.906312607727806,14.371266543753185,20.35927443016964,5.987911353510413,16.06066791961195,29.812601510299533,22243.6992,24844.02449,21393.7373,22243.6992,87495.26085,11925.86227,34.40991960820245,5.279608193329425,17.903679310259037,13.91325395414587,34.98001883221865,62.96366813090928,-9999,0.0,8.761484816746837,59.560931678726234,13.185738363167964,53399.75174,328.9866165,92.21559274966842,48.65569436593779,25.0309528097169,24.443065865524034,8.88002356760366,34.44810054452387,33.84090407896163,29.082635253016495,2000
13215002300,36.40996658927969,60.07927529276833,2.54813145141928,0.2265005662474387,0.6795016988555944,0.0,0.1698754247138986,0.05662514159017925,0.05662514159017925,0.1698754247138986,0.339750849371158,0.05662514159017925,16.018662346389263,28.926903936779855,33.206471546961424,8.658420680578955,28.888886903212352,0.0,0.0,0.0,0.0,0.0,0.9626273796196945,0.05662514159017925,0.9060022647631981,0.0,1.9186046232556677,0.34883720929826834,4.9999998336797695,0.0,1.1046511907789653,0.5813953488304472,0.5232557862370564,6.879299766504812,0.0,0.0,0.0,0.0,0.0,0.0,43.84133482124572,29.0187897169099,7.424593894173849,67.06989247031741,39.097745912250105,16.040100698096317,9.899749227431029,10.966057042601676,23.14720811854901,27582.99893,45625.001,21223.0,27582.99893,-9999,19425.99961,15.810967855731102,0.35005834302673766,14.485981725100945,4.190751434057881,21.01977196341372,26.984126025461926,-9999,-9999,7.294117505390551,36.16751309527465,53.26086931862202,143099.9974,437.9999996,68.59903284883522,75.13020479124783,29.331824465394746,15.741790057825254,7.531143909316044,37.17742074416538,27.258064694503037,36.38344020477663,2000
13215002400,7.137456252294213,91.04844651163181,1.1886142148657135,0.0625838862666412,0.25027365810320845,0.0,4.641520688677121e-05,0.06253747105975443,1.547175646959017e-05,4.641520688677121e-05,0.18765882838615006,1.547175646959017e-05,14.037852463317881,21.939577225515215,34.51119935742199,14.621239905269714,42.0975217034022,5.260075011836234,0.0,0.0,49.965997289422596,0.0,0.12530701821646473,0.12505947036303927,0.4379015429764193,0.0,0.8077470914175396,1.2419999005318862,0.0013214907639265078,0.0,0.7454365792499777,0.37272597287328446,0.3727106066871701,4.683793896414,0.0,0.0,0.0,0.0,0.0,0.0,74.50822511808038,7.969272075528057,26.4581526282648,50.07801525190831,21.02311416391432,16.424937209847595,4.591903767567571,11.70896013026274,28.28469794828259,13895.75775,32619.70722,12501.42891,13895.75775,-9999,14139.44485,50.58783749836627,3.2676068680591612,41.56829247045087,60.06817903810858,49.708161845072894,47.0496228814056,-9999,-9999,12.86474938602617,15.50296720080192,80.17420404925623,60255.12023,210.0490894,74.0918064042711,64.18432787266993,35.83311996450631,14.884536978854062,5.191383683719872,22.23580005408097,33.56234042584601,56.16562479997458,2000
13215002500,11.317637339942173,87.8975629904998,0.53696819496076,0.16522098306484923,0.041305245766212306,0.0,0.0,0.041305245766212306,0.0,0.0,0.0,0.0,1.4598540145985401,21.16788321167883,26.054002842254857,11.274277593557557,23.076923076923077,0.0,0.0,0.0,-9999,-9999,0.12391573729863693,0.041305245766212306,0.041305245766212306,0.0,0.3723624327678941,0.9102192800992966,0.0,0.0,1.9445593711212246,0.2896152254861398,0.9515928837401738,5.65684899485741,0.748013090229079,0.0,0.0,1.1998345055854365,0.0,0.0,76.1371588523443,6.648005598320504,26.483050847457626,40.11834319526627,15.561959654178674,20.7492795389049,3.7463976945244957,8.849045691150954,36.86224489795919,9307.0,8438.0,9295.0,9307.0,27500.0,8343.0,63.60911270983213,8.513189448441247,55.303030303030305,54.205607476635514,64.82106684672519,100.0,-9999,0.0,11.547085201793722,5.7034220532319395,82.30088495575221,70400.0,165.0,69.24778761061947,75.96996245306633,25.857083849648905,12.226352746798844,4.254440313919868,12.200557103064067,41.00278551532033,68.29896907216495,2000
13215002700,4.098360655737705,94.44444444444444,1.04735883424408,0.22768670309653916,0.0,0.0,0.0,0.0,0.0,0.0,0.0,0.0,7.777777777777778,41.111111111111114,38.569357177380375,8.941517641372643,43.47826086956522,4.3478260869565215,50.0,0.0,-9999,-9999,0.4553734061930783,0.0,0.04553734061930783,0.0,0.2222222222222222,0.0,0.0,0.0,0.8,0.0,0.5333333333333333,4.479114242576749,0.6039255158530448,0.0,0.0,0.0,0.0,0.0,77.28155339805825,4.271844660194175,12.330456226880395,55.33175355450237,8.579465541490858,26.863572433192687,2.250351617440225,13.121118012422361,24.939855653568564,17065.0,18942.0,16621.0,17065.0,17500.0,8050.0,45.422222222222224,1.6888888888888889,36.702127659574465,0.0,46.4106081390032,100.0,100.0,0.0,9.90888382687927,27.68647281921618,47.559591373439275,44300.0,201.0,82.29284903518729,80.47858942065491,41.16575591985428,10.245901639344263,3.9617486338797816,22.082459818308873,30.468204053109712,57.60286225402505,2000
13215002800,1.2767709706012182,96.70511142151345,1.482701792507116,0.041186161456742164,0.3294892916539373,0.0,0.0,0.12355848927174841,0.041186161456742164,0.0,0.0,0.12355848927174841,12.903226155697455,16.129032307495915,22.374626238648116,24.646377608738234,36.1111125772708,11.111111260505066,0.0,0.0,14.285714042838876,14.285714042838876,0.16474464582696866,0.20593080234099964,0.12355848927174841,0.0,0.0,0.0,0.0,0.0,2.2325189705455624,1.76916599486838,0.4633529756771826,2.4597494932207082,0.8050089405048788,0.0,0.0,0.0,0.0,0.0,73.71871457084139,5.661501624789381,17.204301433333303,42.48848204782159,14.574314259100204,20.202020418632472,3.463203580120361,14.972375298374093,28.01204717993908,17410.99988,28749.99951,17411.00037,17410.99988,42499.99928,9488.999924,34.079390761537425,7.179054081355631,23.214284934571463,30.00000191014373,33.46337419434164,85.2941117045706,-9999,0.0,19.72140857736507,29.863014523112014,41.1462179590042,45699.99998,208.9999917,86.70095896555061,61.538463241181915,25.247118166359368,24.382206558096847,10.17298164862,23.957784133480832,44.90765184864659,36.56462682486278,2000
13215002901,22.73407119353874,70.89440622195633,3.888722704157942,0.4187855219862399,1.6751420879449597,0.08973975471133712,0.0,0.17947950942267424,0.3888722704157942,0.32904576727490276,0.7777445408315884,0.17947950942267424,13.68421052631579,20.0,26.557799742157282,7.262569832402234,23.846153846153847,9.23076923076923,0.0,0.0,13.333333333333334,20.0,0.7777445408315884,0.05982650314089141,1.316183069099611,0.0,0.23937761819269898,1.9150209455415919,1.0472770795930582,0.0,2.633153800119689,0.5984440454817475,1.1370436864153202,6.725432582435521,1.0447273914462945,0.0,0.0,1.4661879114302814,0.0,0.0,51.10426296866975,17.46276322547509,8.213820078226858,64.6923076923077,24.50284090909091,13.494318181818182,5.326704545454546,21.06715731370745,32.36763236763237,28575.0,25208.0,29635.0,28575.0,30000.0,14905.0,17.456961643008153,1.6007248565388101,12.399540757749714,7.594936708860759,21.49493243243243,28.02547770700637,0.0,12.280701754385966,7.921462423832092,39.338235294117645,52.14190093708166,62000.0,458.0,38.35341365461847,71.89781021897811,26.293748130421775,10.32007179180377,3.170804666467245,46.12403100775194,24.651162790697676,25.49019607843137,2000
13215002902,20.275930032027592,73.09682187730968,4.533136240453314,0.34491254003449123,1.3057403301305741,0.0,0.07390983000739099,0.2463661000246366,0.02463661000246366,0.14781966001478197,1.1086474501108647,0.02463661000246366,19.07654921020656,23.086269744835967,31.148671955846844,9.279061745429459,38.04347826086956,3.260869565217391,16.666666666666668,0.0,16.666666666666668,10.416666666666666,1.6752894801675289,0.0,1.6506528701650653,0.0,0.3815822945815314,1.8570338336301195,2.009666751462732,0.0,2.5184431442381072,0.2798270160264564,2.238616128211651,4.94275342083217,0.13962580284836637,0.0,0.0,1.577206817603663,0.0,0.0,57.99170888991248,9.028097650852143,12.400906002265005,57.91610284167794,13.768584356819652,25.85649644473174,5.300581771170006,25.677769171185126,27.77120315581854,27560.0,23906.0,29375.0,27560.0,-9999,15210.0,33.486707566462165,0.7924335378323109,27.374872318692542,22.809457579972182,33.94808743169399,21.8978102189781,-9999,57.69230769230769,17.976318622174382,51.574803149606296,15.481400437636761,53000.0,359.0,30.962800875273523,73.56624917600527,33.0869672333087,11.702389751170239,2.5622074402562207,36.634009797060884,29.111266620013996,32.93532338308458,2000
13215003000,7.842356687898089,90.72452229299363,0.9952229299363057,0.19904458598726116,0.19904458598726116,0.0,0.0,0.03980891719745223,0.0,0.07961783439490445,0.0,0.03980891719745223,16.243654822335024,37.055837563451774,27.745919717688576,13.76268195853551,24.0,4.0,50.0,0.0,25.0,0.0,0.1592356687898089,0.1592356687898089,0.03980891719745223,0.0,0.31834460803820136,2.6661360923199364,0.8754476721050537,0.0,0.5571030640668524,0.238758456028651,0.0,3.7275064267352187,0.0,0.0,0.31834460803820136,0.0,0.0,0.0,79.71758664955071,2.503209242618742,12.691466083150985,49.056603773584904,10.902255639097744,13.784461152882205,4.887218045112782,17.807424593967518,32.47282608695652,17500.0,14663.0,17649.0,17500.0,-9999,9218.0,38.110882956878854,5.0513347022587265,27.540983606557376,41.509433962264154,38.01115241635688,0.0,0.0,-9999,14.663256606990622,33.166833166833165,33.477508650519034,43700.0,262.0,79.23875432525952,66.29667003027245,29.777070063694268,15.406050955414013,4.697452229299363,28.30499177180472,35.3812397147559,36.303630363036305,2000
13215003200,8.083858153996147,85.08793092833213,6.032015775126476,0.3674207100340044,0.3675314821051786,0.06124126063872145,0.27557560273049214,1.6783654569977107e-05,1.5105276866069954e-05,3.3567247905407025e-06,4.867258600602417e-05,0.03062734379955908,20.075437733361433,26.1357650794061,37.77202132744867,6.567418974633724,21.319673228804785,2.030763061710845,24.999543195846954,8.334551481908047,10.004657840346274,0.005479807467881889,3.6130145110626377,8.391827284988554e-06,0.7043164566348079,8.391829538307985e-06,0.18371376110203302,1.2248675011104735,0.1531417951596931,5.0351038464411535e-06,5.664636867433716,4.011166024702892,0.8880404770018195,7.537014973041049,1.1864960700289875,0.0,0.18370369089434016,0.45930118638354195,0.0,0.0,83.01833813183988,2.452920507632346,18.677236176064746,49.92463957185007,6.373856011806544,13.077618244586915,6.263760774746103,9.100202512134958,31.158966228657572,12057.338,17159.33563,11159.28288,12057.338,8750.000111,9689.019842,59.5555647552895,1.9390460251458626,51.343626606729245,40.0719350679826,62.124123990753034,53.175685024659,0.0,99.95946118244494,15.710014553738013,11.136663962389909,63.28234668189701,36000.62346,243.0014818,78.28873293996408,81.81811952026838,37.50740214305184,7.8383627492305274,2.204542722420004,20.663591304221583,34.19596158410458,59.346740652481266,2000
13215003301,17.16029847457424,76.19262991298665,4.951390336389854,0.1356545330967692,1.1756725875983505,0.0,0.0,0.022609088815530646,0.22609088849461534,0.11304544421337677,0.7460999559535041,0.0,13.833991828076016,36.36363608969184,29.23677903967771,14.122595875980464,26.02739708078695,12.785389094342666,0.0,0.0,15.789473391125231,28.94736881973178,0.949581715051251,0.04521817769892307,1.6278543320139316,0.0,0.51813472319357,1.4417661639817343,0.6307727289277802,0.13516557787328756,6.510475357388898,4.1901330266544985,1.4417661639817343,8.313136235293543,2.7387299773044393,0.0,0.3379139526958533,0.9011038524885838,0.0,0.0,68.83636439912631,6.327272756647001,8.748615865786643,49.29207716640958,16.01941860925767,22.754855339632947,7.70631090917905,21.335504158199296,30.938804767598096,25603.99989,19544.99958,26711.00086,25603.99989,25937.5009,12306.00001,24.333483954649033,2.3271576159309277,16.804408390352425,16.099475826018764,25.796568828305972,36.26373730236359,100.0,25.21739154435644,15.338043045351169,47.55661306668883,31.70731718103313,59200.00271,273.9999911,83.72324515702985,61.08490414271804,30.1831331347574,17.815961463016738,5.65227206612327,35.97506465880695,29.47461914335279,32.099908250480745,2000
13215003302,17.160298151035768,76.19263022817546,4.95139066608032,0.13565452907250525,1.1756726282248522,0.0,0.0,0.022609088856946874,0.22609089253691536,0.11304544628541259,0.7460999420791791,0.0,13.833992101531845,36.36363663489568,29.236778566456646,14.122595667685669,26.027396045830706,12.78538808385435,0.0,0.0,15.789473289102832,28.947368320302246,0.9495817033718974,0.04521817771389375,1.6278543487344237,0.0,0.5181347212232132,1.4417661636955772,0.6307727208594001,0.13516557381729202,6.510475340814569,4.19013285246487,1.4417661636955772,8.313136579920291,2.738730113637616,0.0,0.3379139343742922,0.9011038683588339,0.0,0.0,68.83636774939963,6.3272730104208925,8.748615459673601,49.292080207588434,16.019417203142567,22.754853600015363,7.706310588518584,21.33550468815699,30.938808072297682,25604.00004,19545.00003,26711.00094,25604.00004,25937.50037,12305.99994,24.333484427527882,2.3271577749812633,16.804407544813373,16.099476798328833,25.796567361926304,36.26373764901021,100.0,25.217390779492213,15.33804267092823,47.55661470204771,31.70731607460693,59200.00198,274.0000058,83.72324436953029,61.08490900124116,30.183132940911154,17.815961440230392,5.652272022646348,35.97506526049865,29.47462116065876,32.09990831250297,2000
13215003400,22.535803683007266,63.437234255515,10.362257830280793,0.3369839932237666,3.1171018969848574,0.1684919966118833,0.5054759896250234,0.42122999150864554,0.37910697229349627,0.08424599828487898,1.221566955268662,0.2527379948967623,17.19626269749654,20.747664070742097,33.963536980446634,4.186360530849975,19.512195049173084,6.50406501639103,0.0,74.99999999374965,23.076923299420482,15.384615046253643,4.422914810224477,0.21061499577538545,2.990733040277134,0.21204410519549544,0.2544529262006656,4.452926107361063,1.3994911547091897,0.1272264631003328,11.111110827427664,7.633587707135234,3.5199320043629743,16.854990851205073,5.461393463547926,0.0,0.0,1.0602205058321823,0.0,0.0,70.37037258052057,4.609053588824441,15.588235516736539,54.716980720652046,10.80139445625527,26.480837742801366,6.736353179335443,19.973973856762516,19.80127830700927,21136.00002,20000.00026,21983.00064,21136.00002,8750.000199,10186.99977,28.485627335196426,1.6302016710717295,22.007042100362316,21.759258210762138,31.812255027067344,12.499999999080831,0.0,37.28813691360299,38.42592521907255,18.904404129734132,65.18518342277406,45499.99803,284.9999926,80.2020197499327,80.17524267764045,31.171018969848575,8.550968527225713,2.4852569701927703,33.966744305818445,28.8598569785637,38.1720429169024,2000
13215010104,66.8741024413595,20.807403861496727,5.728418701132918,0.6701771182383915,5.425243338120313,0.04786979415988511,1.0690920695707675,0.47869794159885115,0.5584809318653263,0.829743098771342,2.010531354715175,0.14360938247965535,18.420424719637317,8.852302553089954,25.058915946582875,4.399057344854674,29.805013927576603,3.8997214484679668,16.0,12.0,21.122112211221122,7.260726072607261,1.1488750598372428,0.19147917663954045,2.0743577469283547,0.5240590757503573,2.8267428934413212,11.116404637128792,4.605367635381928,1.461013180879784,7.813244402096236,3.430204859456884,3.8430998888359538,11.061946902654867,1.123213070115725,0.0,0.0,1.7468635858345243,0.09528346831824679,0.11116404637128792,23.741188318227593,44.284994964753274,3.0560806553245117,64.69353484466835,54.59863503412415,11.309717257068574,6.174845628859279,20.528997816064063,17.767653758542142,49733.0,51865.0,47396.0,49733.0,45833.33333,26526.0,3.647658489964957,0.15928639694170119,1.4784151389710232,4.475825753949258,2.15311004784689,0.0,0.0,2.077151335311573,8.20114748565643,34.9264705882353,64.72568158869068,147100.0,583.0,2.4234264557388085,87.79411764705883,23.520025530556886,7.451731290888783,1.5158768150630286,58.65062142434405,15.545472479779049,11.468446601941748,2000
13215010106,76.41802641802641,14.005439005439005,3.5353535353535355,0.7575757575757576,5.031080031080031,0.0,0.7381507381507382,0.6021756021756022,0.7575757575757576,0.3885003885003885,1.3597513597513597,0.7187257187257188,23.43670564311134,10.726995424504322,31.17816091954023,3.3045977011494254,34.065934065934066,4.395604395604396,36.666666666666664,0.0,17.48878923766816,6.278026905829597,0.9906759906759907,0.13597513597513597,1.2820512820512822,0.3310613437195716,2.317429406037001,8.49074975657254,6.932814021421616,1.0905550146056475,6.095423563777994,2.0642648490749758,2.5705939629990264,8.637803590285111,1.583949313621964,0.0,0.2726387536514119,1.2463485881207401,0.0,0.0,38.99602081420263,21.45699418426691,4.3705640642510275,64.12825651302605,33.203125,14.53125,13.125,20.821529745042493,21.79795550210463,48516.0,49018.0,48221.0,48516.0,23055.55556,20327.0,5.419103313840156,0.4093567251461988,3.8461538461538463,4.0081695174878735,12.105263157894736,0.0,-9999,12.941176470588236,3.5196687370600412,75.10729613733906,10.102564102564102,95700.0,578.0,17.487179487179485,73.34766254701773,28.457653457653457,9.12975912975913,2.525252525252525,63.43418670804241,16.0848202741143,12.65993265993266,2000
13215010107,82.56775943983956,13.782856585986858,1.258422337020082,0.28313500767850663,1.918949276789991,0.0,0.22032137971760601,0.15721625551178328,0.31446895697867344,0.22017563159514494,0.7865549698961066,0.0,23.209704807237216,14.48126086217153,21.362292329004738,15.259673389979813,27.502244173116924,7.504560380632803,66.66666666666667,33.333333333333336,22.645426159872994,15.09330852600141,0.4088351290990633,0.18873238201640521,0.25172819653122824,0.18869786109842257,1.6350902485889267,8.612178903385399,8.92798565964187,0.6289564686236907,3.1759043599735257,0.943489305492113,1.3834931004576967,8.159073000946808,0.5079944636433351,0.0,0.15724821758201882,0.37717731511550256,0.0,0.0,30.03936632887761,38.10856806171994,0.8251879122912282,56.87575545462304,44.94047658773727,9.666474420851529,11.32887705940286,20.75254236700834,15.772193227706657,72767.64738,70721.84532,81631.25773,72767.64738,64991.98394,31632.52972,2.7969433767535077,0.43978537310290877,1.6424815563749287,1.7000691492125921,6.574222478199823,0.0,0.0,0.0,3.393499845109268,93.99274611947412,0.0,186883.2385,258.7197839,14.337024000913821,71.17953994122925,27.3447722227927,14.505869166847962,3.3352801757524584,71.33888571999042,13.850723762783558,4.325564239562394,2000
13215010201,86.99126092384519,6.866416978776529,2.571785268414482,0.599250936329588,2.7715355805243447,0.049937578027465665,0.6242197253433208,0.09987515605493133,0.47440699126092384,0.32459425717852686,1.0736579275905118,0.19975031210986266,26.3203214695752,11.423650975889782,26.717557251908396,8.778625954198473,29.12621359223301,5.825242718446602,16.666666666666668,0.0,21.348314606741575,5.617977528089888,0.8489388264669163,0.32459425717852686,0.8739076154806492,0.0,1.5147689977278465,9.13910628629134,4.443322393335016,1.0603382984094925,5.049229992426155,0.6816460489775309,3.0547841454178237,8.943528776006485,0.8916509051607674,0.0,0.0,1.6409997475385003,0.0,0.0,29.458917835671343,37.19438877755511,2.1457085828343314,63.46153846153846,46.965833758286585,13.870474247832739,8.822029576746559,19.714703730797368,19.642130947539652,61122.0,61181.0,77417.0,61122.0,55000.0,27873.0,2.679254911967339,0.33171727481500385,1.8518518518518519,2.824694234129295,3.686635944700461,0.0,0.0,0.0,2.2840827980014278,91.81884587289993,0.0,126700.0,572.0,12.134189864382584,70.05113221329438,30.0374531835206,10.786516853932584,2.64669163545568,70.07299270072993,10.94890510948905,6.102877070619006,2000
13215010203,83.26141267317738,9.584374290256644,2.3393141040199863,0.3861003861003861,4.088121735180558,0.06813536225300931,0.9766068589598002,0.6586418351124234,0.7267771973654327,0.20440608675902794,1.3172836702248467,0.04542357483533954,24.358974358974358,10.474631751227497,28.365384615384617,3.3653846153846154,22.33009708737864,7.766990291262136,21.428571428571427,7.142857142857143,33.75,3.75,0.5677946854417443,0.11355893708834885,0.8857597092891211,0.34067681126504656,0.9084714967067908,8.92573245514422,5.9959118782648195,0.6132182602770838,6.086759027935498,1.589825119236884,2.9979559391324098,9.394982784062961,0.9591736350221348,0.0,0.0,0.6586418351124234,0.0,0.0,30.48053314626447,37.88144510698001,1.832126118449084,63.24736225087925,47.439236111111114,10.112847222222221,9.418402777777779,18.078913324708925,19.16046039268788,60019.0,59028.0,78541.0,60019.0,72500.0,25235.0,4.337951396774926,0.7494889847831024,1.7133956386292835,4.137180185084377,0.0,0.0,0.0,13.966480446927374,5.1237766263673,71.6626213592233,18.94070236039148,144900.0,612.0,14.738054116292458,82.03883495145631,28.117192823075175,9.402679990915285,2.3393141040199863,65.03067484662577,15.483494011101373,7.974481658692185,2000
13215010204,77.43890888425838,14.434551998484562,4.508429626823262,0.530403485508619,2.765675317294942,0.0,0.4167455957567721,0.43568857738207994,0.17048683462777042,0.18942981625307823,1.1934078423943928,0.13260087137715476,24.217221135029355,13.478473581213308,25.377229080932786,14.814814814814815,30.252100840336134,5.882352941176471,8.333333333333334,16.666666666666668,14.912280701754385,7.894736842105263,0.7766622466376207,0.24625876112900172,1.8942981625307824,0.11365788975184694,1.496495548399318,8.54328471301383,10.134495169539685,1.4207236218980868,3.9969691229399507,1.382837658647471,2.0837279787838607,8.10920945395273,1.1409942950285248,0.0,0.0,1.174464860769085,0.0,0.0,41.6073546856465,27.55041518386714,1.450381679389313,58.54597977852672,44.92641363284276,16.150271107668473,6.429124709527498,19.98923863330643,13.442325158946412,57341.0,59444.0,51000.0,57341.0,34062.5,20487.0,5.312868949232586,0.4329004329004329,2.4255024255024256,3.2506203473945408,11.127379209370424,26.694915254237287,-9999,0.0,3.4096963239211506,86.26585769442913,2.1843367075119873,96200.0,672.0,15.503462972828983,70.27027027027027,27.94089789732904,13.14642924796363,4.69785944307634,65.49347772581837,14.545902042825498,8.071135430916552,2000
13215010205,85.71428571428571,9.074941451990632,3.278688524590164,0.351288056206089,1.3466042154566744,0.0,0.117096018735363,0.2927400468384075,0.0585480093676815,0.1756440281030445,0.468384074941452,0.234192037470726,20.560109289617486,21.243169398907103,25.0,3.3783783783783785,26.785714285714285,19.642857142857142,20.0,0.0,14.285714285714286,9.523809523809524,0.585480093676815,0.0,1.405152224824356,0.0,3.37013364323068,6.042998256827426,5.694363742010459,0.5229517722254503,6.333527019174898,2.2080185938407904,6.333527019174898,5.0795593635250915,0.0,0.0,0.0,1.568855316676351,0.0,0.0,31.527093596059114,36.04269293924467,1.1943539630836049,61.67979002624672,46.48351648351648,13.186813186813186,7.472527472527473,20.242608036391207,8.652094717668488,54336.0,53868.0,72917.0,54336.0,59545.45455,25034.0,1.461133839859731,0.9935710111046172,0.0,1.7135023989033584,0.0,0.0,-9999,0.0,2.8885832187070153,77.19546742209631,19.746121297602258,118800.0,148.0,12.976022566995768,70.23977433004231,23.594847775175644,19.320843091334893,6.850117096018735,59.06183368869936,22.885572139303484,6.512605042016807,2000
13215010301,87.03371075047502,4.765973793389921,2.7050249440413063,0.3435316971500228,4.937099623733512,0.0,2.3182173840396825,0.12882569521189416,0.6439763883865126,0.3864193958598141,0.5152031170837637,1.0490913441551225e-05,20.276058973864668,23.039621482771846,25.225657449654957,16.21410441230226,39.68107900801593,6.348910816022624,42.856643674712096,14.284966364585946,21.358988135847362,8.73816679712337,0.558237709508448,0.08585931973226221,1.159321133232328,0.8972856718810338,5.255707766535509,4.188215178535744,6.710204632808248,0.6411115010646652,4.614872926872522,0.683708850297355,3.931148372596015,8.516420588979651,1.5319674107208565,0.0,0.0,0.5555565252121141,0.0,0.0,11.684438003252545,64.44228287198892,1.5579731003064996,52.935546415715756,63.85779785276413,5.6629698657766045,27.641296795418732,22.251934544257146,7.336757176223442,125882.7878,118238.9699,199991.5549,125882.7878,106253.4927,69355.30667,2.6074557969061494,0.00019839063189102863,0.7816437096673865,1.5452501970241017,0.0,0.01763180481975316,0.0,36.24745381036818,2.947574781346649,88.74909789195576,13.057025454912576,313061.183,828.8702844,18.289941321515805,63.56238813110149,24.43079085282496,21.42608572034432,6.269025972743316,76.24790907506694,9.604122576460586,3.3885709883686403,2000
13215010302,84.69652065277522,9.410540652775216,2.6219684989858014,0.5167627634150839,2.5326505974552833,0.018439977872026555,0.9249917281947261,0.16612606944495667,0.35119092255209294,0.11113867302231238,0.9226639679144386,0.05531993361607966,20.60126880336826,18.253576224931592,23.722906346572227,6.754921214491595,38.733659645766565,4.931467964488933,5.304740410272444,31.559819418424656,25.6089618858272,9.090008145762614,0.590799789231053,0.11075071296330445,0.9603752666420801,0.185562527555175,1.924562978074648,12.950216953702208,6.905211016026809,0.7199860905070764,4.726591187431709,1.0519590911171914,2.9923570748092185,7.134799598388798,0.3177434943661497,0.0,0.0,1.8815867694962616,0.0,0.0,23.522328234543846,44.54712971981406,2.847989478054025,59.28048126374258,51.14130404960264,11.306523716614873,11.983439485925295,20.592814517300752,16.168619677922926,58687.90406,59777.46276,52454.90376,58687.90406,36817.38391,29615.37378,1.1650922973849278,0.33191757811931255,0.0011054618641804276,1.1265920172926023,2.1760808629749557,0.0,0.0,0.06492966777719286,5.062383575064322,78.10596988503025,20.56443985824041,119877.0313,673.1009843,11.70692860658355,68.69039612393298,25.01770562419325,16.586756138668633,5.779804812834223,66.56318938482988,16.878574101796236,5.860349937236801,2000
13215010401,87.50376392652815,7.151460403492924,2.6799156880457695,0.5570611261668172,2.0174646190906356,0.030111412225233364,0.27100271002710025,0.18066847335140018,0.36133694670280037,0.31616982836495033,0.6775067750677507,0.09033423667570009,18.99518238128011,23.34824501032347,27.3542600896861,5.15695067264574,37.640449438202246,4.49438202247191,21.73913043478261,17.391304347826086,23.636363636363637,12.727272727272727,0.7377295995182174,0.13550135501355012,0.8431195423065342,0.0,1.1141222523336345,6.067449563384523,8.265582655826558,0.31616982836495033,4.576934658235471,0.5269497139415839,3.0111412225233365,6.338363780778396,0.6513105639396346,0.0,0.0,0.7979524239686842,0.0,0.0,39.378691752351784,26.011813607525706,2.1893491124260356,56.837606837606835,39.23169993950393,11.584996975196612,12.613430127041742,22.043443282381336,14.570179698882953,48494.0,48681.0,44554.0,48494.0,69107.14286,22484.0,4.265617909544698,0.7411889275450008,2.456140350877193,4.000698812019567,0.0,8.085106382978724,0.0,8.839779005524862,2.4817518248175183,77.24550898203593,10.875912408759124,92300.0,493.0,45.10948905109489,55.875748502994014,23.486901535682023,21.243601324902137,6.233062330623306,63.34012219959267,19.644510275874836,9.402985074626866,2000
13215010402,75.07861635220125,15.041928721174004,4.219077568134172,0.9171907756813418,4.376310272536688,0.0,1.310272536687631,0.07861635220125786,0.6551362683438156,0.4979035639412998,1.0482180293501049,0.6027253668763103,18.708551483420592,20.80279232111693,28.214285714285715,4.464285714285714,26.08695652173913,6.832298136645963,23.529411764705884,5.882352941176471,14.893617021276595,4.25531914893617,1.59853249475891,0.07861635220125786,1.9392033542976939,0.15723270440251572,3.092243186582809,5.39832285115304,7.730607966457023,0.5241090146750524,5.4245283018867925,1.9392033542976939,3.249475890985325,8.830950378469302,1.0372862349313148,0.0,0.15723270440251572,1.650943396226415,0.0,0.18343815513626835,39.24901185770751,22.56916996047431,3.6566785170137126,62.857142857142854,29.731154454401686,14.074855034264628,5.166051660516605,21.047046338875134,18.93466500208073,38190.0,36813.0,36800.0,38190.0,58571.42857,18064.0,7.332457293035479,0.10512483574244415,4.716981132075472,6.151142355008787,15.263157894736842,10.759493670886076,0.0,0.0,3.727064220183486,49.73198332340679,40.768348623853214,80000.0,542.0,47.075688073394495,70.27992852888624,23.21802935010482,16.850104821802937,6.1582809224318655,52.48868778280543,22.786037491919846,14.825306893295561,2000
13215010501,73.39870314724024,19.531867784279616,3.352838842321683,0.6167958247667247,2.704412462438716,0.03163055511624229,0.5060888818598767,0.26885971848805945,0.5219041594179978,0.34793610627866517,0.7907638779060573,0.15815277558121146,19.047619047619047,23.91725921137686,28.023352793994995,6.33861551292744,34.905660377358494,7.547169811320755,28.0,4.0,21.16788321167883,11.678832116788321,0.6958722125573303,0.04744583267436343,1.628973588486478,0.6081946222791293,2.464788732394366,4.545454545454546,7.4103713188220235,1.8565941101152368,4.5614596670934695,1.264404609475032,2.7848911651728554,7.483221476510067,0.8221476510067114,0.0,0.08002560819462227,0.8802816901408451,0.1440460947503201,0.0,37.58325404376784,28.877259752616556,6.076445606011108,56.61846496106785,35.095652173913045,15.68695652173913,9.321739130434782,19.817866435385948,14.566037735849056,45738.0,46186.0,41591.0,45738.0,74423.07692,23044.0,6.022161554520636,0.46571382688292917,4.636871508379889,4.962171784601691,10.09490940465919,13.88888888888889,0.0,0.0,3.8712150249137602,75.43859649122807,15.033716779055931,100200.0,451.0,42.32447441491472,59.14858780188293,25.36770520322632,19.3737150086984,5.8674679740629445,59.28402832415421,17.977970102281667,12.222823147647377,2000
13215010502,73.56893970193966,19.4467731318114,2.7397830499292297,0.32248461872531475,2.418541416610856,0.05369564540230851,0.1611490854799574,0.21509332792069774,0.054254988752204025,0.32248461872531475,1.3968325716290124,0.05369564540230851,15.198411980621868,31.104981629938216,28.60911276624851,2.9539033732846303,17.64999440173671,3.9197005327626586,0.0,0.0,30.75668593439313,0.01482572065292226,1.0209009043250383,0.16133553324535738,0.9130124197657316,0.0,1.7038675595174264,4.498999134208359,6.716416611911724,1.445360014980331,2.117168959870407,0.0,1.6006318259176706,2.7132055072687997,0.0,0.0,0.0,0.6713907343523702,0.5161786679987793,0.0,49.595066831765955,21.94074566232283,7.034249125677489,39.83402629245509,27.22662557154598,12.208889850140787,5.422738763102734,17.233325287259643,21.661369618348207,27932.26834,26546.78111,36063.82671,27932.26834,87500.0,15634.67782,9.965653719197121,3.04629056226821,3.9708528263405105,8.5870463727871,14.1379754276985,-9999,0.0,0.0,5.436503254092648,36.416945442382264,50.733938883514746,36921.19472,537.9701304,12.235833871778167,86.03076298937656,21.013890728941707,23.905251879418334,18.04440927133864,40.16610765270727,38.03990247022249,21.573825353673012,2000
13215010602,36.88026650989614,54.81089555163629,5.486968449931413,0.62708210856359,1.9400352733686066,0.0,0.1763668430335097,0.058788947677836566,0.411522633744856,0.27434842249657065,0.6858710562414266,0.1959631589261219,13.974495217853347,30.871413390010627,32.43636363636364,4.872727272727273,30.357142857142858,11.785714285714286,11.11111111111111,11.11111111111111,14.117647058823529,25.88235294117647,1.0582010582010581,0.1763668430335097,2.5475210660395846,0.0,0.43111894963746816,5.99647266313933,2.9786400156770525,0.6074857926709779,6.192435822065452,0.0,5.36939055457574,10.331793364132718,1.7009659806803863,0.0,0.1567705271408975,3.507740544777582,0.0,0.0,56.650093225605964,7.395898073337476,8.624229979466119,63.89943074003795,17.662921348314608,19.910112359550563,5.168539325842697,24.073550212164072,23.5423197492163,33190.0,35025.0,32034.0,33190.0,112500.0,14199.0,12.173058013765978,1.022615535889872,9.317211948790897,7.97675647120972,14.633260711692085,15.057915057915057,0.0,7.2727272727272725,3.8581856100104277,65.99783080260303,11.366006256517206,60600.0,441.0,55.78727841501564,57.4295010845987,28.98295120517343,15.167548500881834,3.4685479129923573,48.238621753664184,24.427873489328878,23.605150214592275,2000
13215010605,3.1126351886045898,94.51332102347665,1.5299393299920865,0.15826958586125034,0.3956739646531258,0.0,0.05275652862041678,0.0,0.0,0.0,0.3165391717225007,0.05275652862041678,16.949152542372882,26.271186440677965,27.408450704225352,12.985915492957746,36.206896551724135,8.620689655172415,0.0,50.0,0.0,20.0,0.1846478501714587,0.02637826431020839,0.8441044579266684,0.0,0.0,0.553213909378293,0.0,0.2107481559536354,3.6880927291886194,1.1327713382507902,1.1591148577449948,3.4285714285714284,0.6,0.0,0.0,0.553213909378293,0.0,0.0,52.286102308736986,12.539610683567226,9.88875154511743,55.99505562422744,23.73113854595336,18.244170096021946,3.0864197530864197,22.045364106645444,27.884206045125584,37036.0,61447.0,36179.0,37036.0,-9999,16646.0,19.397463002114165,2.8276955602536997,15.881809787626961,0.0,20.777364961417547,35.38461538461539,-9999,0.0,4.535479151426482,77.16475095785441,7.461594732991953,80300.0,352.0,22.457937088514996,48.888888888888886,31.838565022421523,13.24188868372461,2.743339488261672,43.29896907216495,29.434767152506222,30.545112781954888,2000
13215010606,36.80048661800487,61.982968369829685,0.9124087591240876,0.12165450121654502,0.18248175182481752,0.0,0.0,0.0,0.0,0.0,0.06082725060827251,0.12165450121654502,1.487603305785124,26.115702479338843,3.045186640471513,9.233791748526523,0.0,0.0,0.0,0.0,0.0,0.0,0.18248175182481752,0.0,0.30413625304136255,0.0,2.867602196461257,2.2574740695546063,1.9524100061012812,0.0,0.6711409395973155,0.0,0.0,5.003050640634533,1.0372178157413057,0.0,0.0,0.0,0.0,0.0,76.38190954773869,6.532663316582915,-9999,0.0,-9999,-9999,-9999,10.860280658938377,-9999,-9999,-9999,-9999,-9999,-9999,2252.0,-9999,-9999,-9999,-9999,-9999,-9999,-9999,-9999,-9999,-9999,-9999,-9999,-9999,-9999,-9999,4.014598540145985,15.328467153284672,11.61800486618005,19.890176937156802,27.88285539963392,-9999,2000
13215010607,20.579378956205225,72.19395874607991,4.693178410761513,0.5191568848956867,1.4951718058464043,0.020766275568780548,0.09344823786080045,0.08306510227512219,0.3945592227249539,0.29072786668417877,0.6541376825601015,0.05191568672323934,16.599394564771046,25.630676293897853,31.734693640034063,6.734693628409936,23.893804077540807,7.0796458166818175,35.48387140641694,6.4516128587866834,10.924369395156837,21.84873879329188,0.6022220047237067,0.11421451782700505,2.055861268227398,0.0,0.35302668019824823,3.59256575625092,1.3498079076469087,0.0,4.0701899941120825,0.24919530686216512,3.2499221425491145,7.37218921888898,0.35798186880553484,0.0,0.0,1.3082753653041959,0.0,0.0,56.547408090542206,11.699463309563834,7.358571232562939,67.08322234019015,18.89347968497217,22.19926535486178,6.749311114707963,23.389776816899293,22.177822390014978,39592.9993,35707.00066,41685.00103,39592.9993,40833.33429,15621.00016,11.11923162289961,0.6786385444308168,8.878856781855339,8.48670752498312,11.466628005712218,6.331878083471665,89.28570883023329,9.523809492601384,3.266787496772974,74.42151758219389,6.5335749956899685,70999.99725,448.999991,38.142770250371775,60.16260515112576,32.53037012801635,10.788079984375242,1.972796183541972,47.6156986440093,22.54888181605542,23.65918664742605,2000
13215010608,20.5793792643052,72.19395477003226,4.693178107128492,0.5191568948026557,1.4951718863738794,0.020766275568083345,0.09344824290432552,0.08306510227233338,0.39455925273829295,0.2907278466566938,0.6541376776181715,0.05191569176815883,16.599394529223034,25.630675807937855,31.734694198585853,6.7346936916833595,23.893806905772024,7.079646278073069,35.48387039953443,6.451612960786971,10.924370204799693,21.848740405741772,0.6022219743390497,0.11421451277650792,2.0558612981849604,0.0,0.35302669044864665,3.5925655659619253,1.3498079175259894,0.0,4.0701900338419525,0.2491953067693357,3.2499221056352625,7.372189365852567,0.35798188799852476,0.0,0.0,1.3082753549980208,0.0,0.0,56.54740348103814,11.699463350434693,7.358570287743334,67.08322281532429,18.893480998204602,22.19926541504815,6.749311527991433,23.389776923695205,22.177821902972834,39593.0009,35706.99915,41684.99867,39593.0009,40833.33209,15620.99979,11.119231506881633,0.6786385495691115,8.878855636657292,8.486707007724027,11.466628126855252,6.331877752783389,89.28572135209703,9.523809564232845,3.2667878686755802,74.42150808824475,6.533575738045437,71000.00356,449.0000117,38.14277132807851,60.16260144530153,32.53037139042688,10.788080382488223,1.9727961733673456,47.61569810796084,22.548881547964378,23.659185166639592,2000
13215010701,22.21494102228047,71.0353866317169,4.226736566186108,0.45871559633027525,1.7693315858453473,0.0327653997378768,0.08191349934469201,0.2129750982961992,0.3440366972477064,0.22935779816513763,0.6225425950196593,0.1965923984272608,14.306784660766962,32.9646017699115,29.084967320261438,5.905695611577965,28.68217054263566,4.651162790697675,53.333333333333336,0.0,12.5,22.727272727272727,1.0484927916120577,0.0163826998689384,1.802096985583224,0.0,0.1474442988204456,3.6533420707732636,2.86697247706422,0.11467889908256881,5.144167758846658,0.7863695937090432,3.669724770642202,7.2392638036809815,0.7186678352322524,0.0,0.0,1.7857142857142858,0.0,0.0,50.60043668122271,11.517467248908297,8.319068812050668,64.76074614760746,21.321882001493652,13.890963405526513,6.534727408513816,24.579529072561268,28.098537336412626,36704.0,35711.0,38869.0,36704.0,17656.25,16166.0,9.190694626474443,0.45871559633027525,5.0,8.308383233532934,9.407096171802054,3.345724907063197,-9999,9.89010989010989,3.9048473967684023,71.22839794488557,11.894075403949731,73200.0,403.0,39.67684021543985,63.52171882297991,30.02948885976409,12.139580602883354,3.0799475753604195,50.20460908895111,21.60241223346974,20.64752596212584,2000
13215010702,8.67297662739038,88.29437898396755,1.5646127100637435,0.09658103148541626,1.0044427274483292,0.05794861889124976,0.0,0.0,0.2511106818620823,0.13521344407958277,0.4635889511299981,0.038632412594166506,9.57683741648107,48.99777282850779,24.81285777190665,13.650374284456186,23.45679012345679,9.876543209876543,25.0,0.0,15.555555555555555,33.333333333333336,0.3670079196445818,0.038632412594166506,0.5022213637241646,0.0,0.0,0.9658103148541627,1.2362372030133282,0.21247826926791577,1.5646127100637435,0.0,1.5646127100637435,4.315811004295357,0.7158928206177132,0.0,0.0,0.5022213637241646,0.0,0.0,50.19750835612276,11.455484655120024,9.228321400159109,61.11611161116112,24.62751971954426,20.639789658194566,4.557405784399649,25.0,28.23600240818784,38958.0,36971.0,39167.0,38958.0,-9999,16713.0,11.667315932995715,1.0128554733151538,7.7308518253400145,2.797202797202797,12.628809471607104,10.638297872340425,46.15384615384615,0.0,3.7153322867608582,79.34782608695652,5.442176870748299,76900.0,431.0,44.165358451072734,45.27173913043478,27.660807417423218,16.74715085957118,3.438284720880819,39.264560710760115,28.948667324777887,20.3136136849608,2000
13215010703,6.359712230215828,89.09352517985612,3.1223021582733814,0.2446043165467626,0.8201438848920863,0.014388489208633094,0.10071942446043165,0.11510791366906475,0.4316546762589928,0.10071942446043165,0.302158273381295,0.08633093525179857,11.990950226244344,20.361990950226243,28.547909120842938,12.117220941718802,29.953917050691246,4.608294930875576,27.272727272727273,9.090909090909092,20.833333333333332,4.166666666666667,0.5323741007194245,0.02877697841726619,1.4676258992805755,0.0,0.7194244604316546,0.8201438848920863,1.0071942446043165,0.0,3.6258992805755397,0.935251798561151,2.172661870503597,5.81140350877193,0.09398496240601503,0.0,0.0,1.0359712230215827,0.0,0.0,39.965525732578186,19.157842895838463,10.305810397553516,68.55045871559633,25.093760654619842,17.047391749062392,3.579952267303103,26.90199517649638,22.8827553668318,33702.0,33500.0,34057.0,33702.0,34750.0,15402.0,13.592233009708737,1.1592522822779308,11.093161012385568,8.857808857808857,13.802083333333334,14.220183486238533,0.0,0.0,7.442196531791907,54.37158469945355,28.504335260115607,78600.0,406.0,32.65895953757225,65.92505854800937,31.107913669064747,12.215827338129497,2.3597122302158273,44.23712342079689,23.634596695821184,28.890097932535365,2000
13215010801,53.190931866158294,26.945636785935903,15.01356964302232,1.3394029439127189,3.274096085306303,0.07878840766974173,0.13131401723604222,0.21885669095889676,1.1993346871747084,0.323907896843874,0.7441127467113391,0.18383962680234273,18.202763978673453,0.09874917471381751,30.854374337458726,0.4842615132267965,27.87171774520429,0.1749271074813424,17.92452808622666,0.0,12.267657892986271,0.0,5.252560688323746,0.28013656657831004,4.490939463391031,0.22725287245830517,3.3039070634815015,9.693208734142924,6.223232113461309,1.6781749846400373,6.782624094794729,4.221658966960033,1.5208460565645718,18.893092961474743,1.3637268951424715,0.10488593652605004,0.0,0.45450574502822877,0.0,0.0,34.61070507636378,10.948905463646842,7.4876238782298685,48.62433853676897,29.030100721637037,6.086956512268673,5.484950128209922,28.45585524420045,12.114014239121211,27774.0002,25847.99865,34463.99958,27774.0002,30340.91047,9950.999785,11.139430495877807,0.0,9.225091927590235,12.010888153356321,8.286778452764228,11.717352597381948,5.85106390793933,12.549019150156173,6.1271151467383955,1.55869453618505,51.71467673519196,32500.0,430.0000034,61.545496221076206,99.51290062235596,26.0526999969813,0.20134815888061974,0.05252560624042028,48.50619072631423,4.634783632213867,9.880394561061157,2000
13215010802,53.18902149616928,26.9482476594901,15.013035028233235,1.3393390527114928,3.2739849033210078,0.07878422999207887,0.131307047904903,0.21884628759559308,1.1992830834785075,0.3238967094516641,0.7441128641774858,0.18382987196144213,18.202688855158225,0.09936991804879901,30.854120175394904,0.48641248298518724,27.871688924241166,0.17514776761234863,17.9244366554608,0.0,12.267725691267856,0.0005603313761000034,5.252332492226296,0.2801241030215688,4.490787371461668,0.2272407764524388,3.303758774266819,9.692770306617561,6.222934976819041,1.6780929046481836,6.782609531412126,4.221657454075265,1.5208418373075598,18.89249583268496,1.3638042738740352,0.10488035743462737,1.796457897262912e-05,0.45452945842335213,0.0,0.0,34.61462978099227,10.948375925185632,7.487817340169193,48.62443098635103,29.02813428781203,6.089473511930826,5.485285027530766,28.454801165694352,12.116316556291029,27773.75255,25847.65089,34462.16436,27773.75255,30340.61158,9951.124733,11.140630122733402,0.00021158489212079703,9.225688570278201,12.011034010654203,8.290423558107221,11.717900342564635,5.851475717641649,12.549802094277439,6.1282588123921915,1.563845783277057,51.71215998487405,32590.92754,429.990691,61.54828985894784,99.50856167474755,26.05292014141631,0.20228270628805983,0.0528226993950054,48.505534046686165,4.636086360923241,9.88210723959806,2000
13215011100,49.178403755868544,47.24178403755869,2.112676056338028,0.7629107981220657,0.528169014084507,0.0,0.11737089201877934,0.05868544600938967,0.176056338028169,0.176056338028169,0.0,0.0,6.563245823389021,37.47016706443914,13.283208020050125,26.19047619047619,19.444444444444443,11.11111111111111,40.0,20.0,0.0,16.666666666666668,0.528169014084507,0.0,0.9976525821596244,0.0,0.0,4.278074866310161,3.0303030303030303,0.29708853238265004,5.466428995840761,5.16934046345811,0.0,8.384710234278668,0.36991368680641185,0.0,0.0,0.29708853238265004,0.0,0.0,64.62530217566479,20.064464141821112,11.857142857142858,41.796875,30.79416531604538,7.6175040518638575,4.700162074554295,15.5359565807327,33.20039880358923,18050.81575,22529.09955,13461.87805,18050.81575,-9999,13470.43016,43.37931034482759,6.689655172413793,16.901408450704224,33.577712609970675,54.44264943457189,23.853211009174313,-9999,-9999,22.277722277722276,20.69408740359897,62.92929292929293,81581.36646,355.5332253,93.53535353535354,77.3635153129161,11.208920187793428,31.338028169014084,17.136150234741784,25.689307330195025,41.89643577673167,21.008403361344538,2000
13215011200,50.34642032332564,45.81986143187067,2.355658198614319,0.8775981524249422,0.5080831408775982,0.0,0.13856812933025403,0.0,0.09237875288683603,0.23094688221709006,0.3233256351039261,0.0,11.559633027522937,21.28440366972477,22.085889570552148,18.098159509202453,29.41176470588235,3.9215686274509802,20.0,0.0,12.5,12.5,0.6928406466512702,0.0,0.5080831408775982,0.0,2.9036515618125827,3.827540695116586,8.446986361636604,0.5719313682358117,4.839419269687638,3.1236251649802025,0.3519577650681918,6.685236768802229,2.3212627669452184,0.0,0.0,0.3959524857017158,0.0,0.0,55.884203901825046,21.271239773442417,8.91891891891892,45.39147670961348,23.44213649851632,7.4183976261127595,8.209693372898121,14.885496183206106,25.233022636484687,20185.45687,26996.32425,11421.04762,20185.45687,-9999,14721.97552,27.67267927848658,6.159260888693357,14.25891181988743,13.659359190556492,48.29424307036248,8.51063829787234,100.0,-9999,11.859219586840092,33.767361111111114,40.98240469208211,70659.89717,282.3460026,82.55131964809384,76.26137303556658,19.4919168591224,19.168591224018474,9.099307159353348,29.6239837398374,35.21341463414634,26.175869120654397,2000
13215011400,85.36404722322797,9.72797128013966,2.7918774104867117,1.6658360181629304,0.31518582156610464,0.0,9.055508594238307e-06,0.04502137136810701,0.13513203037375643,0.1801035964896165,0.09004274273621402,2.2638771485595767e-05,20.305879681681485,21.149806234562323,42.24596793208849,1.4143379748153888,19.353279720584894,4.838887546850707,12.499450039822559,12.500078568418088,0.0,33.32774767575991,1.6663069043397023,0.04502589912240412,0.5402745676145579,0.0,0.0,2.361395671765401,3.6066515114024105,0.5152032384081872,2.7053826316863576,1.8895794038156226,0.7728696242407169,5.920172491200778,0.9639116089618628,0.0,0.0,0.8157686852109441,0.0,0.0,81.77243876272337,2.6242999075703772,8.564296435638672,43.8654138410061,11.609860895542282,16.886357627674915,7.388016112135132,11.863555117654144,33.024232860389425,21496.20446,22182.85815,15703.26405,21496.20446,-9999,10532.58637,25.371988033116402,3.105953278189567,16.19332554126805,22.100268530090975,40.483959820461564,38.280616294910885,45.833333333333336,0.0,13.218375959447416,39.73502670893935,15.207358317736912,38591.46889,328.2902009,87.28130115420566,70.42060890292136,25.48378051588564,18.640264933626362,8.689600086219887,41.37736508194827,30.910965866600293,20.25798571213307,2000
13215011500,37.78838504375497,41.54335719968178,15.449482895783612,0.700079554494829,4.200477326968974,0.12728719172633254,0.07955449482895784,0.0477326968973747,1.4160700079554496,0.39777247414478917,1.8297533810660302,0.1431980906921241,15.157894736842104,34.357894736842105,34.738085860575026,4.608113430484443,19.05252317198764,6.90010298661174,25.925925925925927,7.407407407407407,11.790393013100436,20.087336244541486,8.862370723945903,0.0477326968973747,3.054892601431981,0.17552257858624543,1.0371788734641774,6.143290250518589,1.4520504228498483,1.1329184617839476,16.610818573480135,7.499601085048668,7.515557683101963,23.258196721311474,4.627732240437158,0.0,0.14360938247965535,2.8402744534865167,0.0,0.0,65.98445595854922,9.015544041450777,6.91588785046729,47.30563554092966,14.859437751004016,17.188755020080322,4.859437751004016,23.12785388127854,25.080818965517242,34890.99017,37496.89051,32492.32486,34890.99017,33387.22502,14226.59586,16.456101071485687,0.19190788421557653,9.833024118738404,7.854485324514262,23.01748678324522,24.702058504875406,0.0,13.274336283185841,9.581320450885668,64.51469278717721,5.193236714975845,60573.56798,397.2421581,69.64573268921094,62.42208370436331,27.844073190135244,16.913285600636435,5.011933174224343,49.61466361174755,23.016038325348887,19.736015084852294,2000
01113030200,33.57245337159254,62.792922046867524,2.8216164514586324,0.5260640841702535,0.28694404591104733,0.04782400765184122,0.0,0.04782400765184122,0.04782400765184122,0.04782400765184122,0.04782400765184122,0.0,19.515669515669515,18.945868945868945,34.06766325727774,9.520062942564909,40.67796610169491,5.084745762711864,12.5,12.5,50.0,25.0,0.430416068866571,0.430416068866571,1.291248206599713,0.0,0.26833631484794274,7.155635062611807,8.273703041144902,0.0,0.5813953488372093,0.13416815742397137,0.0,2.6930894308943087,0.0,0.0,0.0,0.4472271914132379,0.0,0.0,63.30998248686515,2.714535901926445,28.352098259979527,66.58795749704841,10.857142857142858,10.428571428571429,2.5714285714285716,5.223880597014926,-9999,16335.0,22833.0,15182.0,16335.0,-9999,8733.0,51.78890876565295,2.1019677996422184,40.289256198347104,30.41871921182266,59.02555910543131,100.0,-9999,-9999,16.986301369863014,19.03190319031903,50.40723981900452,59800.0,312.0,92.94117647058823,74.52153110047847,33.428981348637016,12.434241989478718,3.9215686274509802,-9999,39.32273669661368,52.67175572519084,2010
01113030300,66.82638105975197,29.340473506200677,2.1984216459977453,0.7609921082299888,0.7609921082299888,0.08455467869222097,0.11273957158962795,0.02818489289740699,0.08455467869222097,0.19729425028184894,0.25366403607666294,0.0,17.671868409953607,25.347954449599325,30.239520958083833,7.584830339321357,34.61538461538461,8.974358974358974,14.285714285714286,23.80952380952381,4.761904761904762,38.095238095238095,0.9864712514092446,0.02818489289740699,0.6200676437429538,0.0,0.7751937984496124,4.623477297895903,5.509413067552602,0.0,1.937984496124031,0.0,1.937984496124031,2.2679797075499852,0.0,0.0,0.0,1.937984496124031,0.0,0.0,51.13383726100489,16.76300578034682,12.629652226967663,55.98726114649681,27.096327096327098,6.999306999307,3.3957033957033955,9.816653934300993,-9999,30128.0,32424.0,25071.0,30128.0,-9999,17252.0,22.36180904522613,1.5633724176437744,17.245657568238215,14.684756584197926,43.825910931174086,0.0,-9999,-9999,9.596577017114914,49.22244759972955,14.745145631067961,86600.0,561.0,78.15533980582525,65.04599211563732,25.225479143179257,19.72942502818489,7.356257046223225,-9999,41.75313059033989,26.50334075723831,2010
01113030401,68.44990548204159,24.877126654064273,4.083175803402646,0.7561436672967864,1.7391304347826086,0.01890359168241966,0.0945179584120983,0.1890359168241966,0.4158790170132325,0.20793950850661624,0.5293005671077504,0.1323251417769376,16.21099143882905,24.026512013256006,27.567140600315955,4.265402843601896,32.407407407407405,4.166666666666667,0.0,40.0,4.081632653061225,14.285714285714286,1.5879017013232515,0.07561436672967864,1.1531190926275992,0.0,0.5341880341880342,5.395299145299146,6.588319088319088,0.6944444444444444,2.207977207977208,0.19586894586894588,1.6559829059829059,6.220367912004551,0.3223971173904798,0.0,0.0,0.0,0.0,0.0,33.556072051133064,27.454968041836143,4.756833510827121,62.36275801493193,34.00576368876081,5.547550432276657,6.664265129682997,11.902414982750123,-9999,47103.0,48242.0,31974.0,47103.0,100104.0,25930.0,14.176663031624864,0.9632860777898946,11.009174311926605,13.260091977516607,19.364833462432223,0.0,-9999,0.0,10.522331566994701,45.5160744500846,44.57206372730641,144300.0,609.0,48.165987402741756,66.85667752442997,22.381852551984878,18.034026465028354,6.767485822306238,-9999,28.675525075010714,20.78291814946619,2010
01113030402,78.68393419670984,15.260763038151907,3.6051802590129505,0.56002800140007,1.8200910045502274,0.1400070003500175,0.1400070003500175,0.03500175008750438,0.7350367518375919,0.07000350017500875,0.17500875043752187,0.280014000700035,15.169039145907472,30.0711743772242,28.705882352941178,10.117647058823529,43.689320388349515,3.883495145631068,0.0,33.333333333333336,17.94871794871795,12.820512820512821,0.9800490024501225,0.10500525026251313,1.5050752537626881,0.0,0.0,6.6400580551523944,6.204644412191582,4.970972423802612,1.3788098693759072,1.3062409288824384,1.3788098693759072,0.9400705052878966,0.3525264394829612,0.0,0.0,0.0,0.0,0.0,38.51132686084142,25.35059331175836,5.655296229802514,55.22107243650047,43.806921675774134,5.373406193078324,8.287795992714026,15.875613747954173,-9999,47333.0,46667.0,108088.0,47333.0,-9999,25097.0,6.494920174165457,2.6850507982583456,4.154727793696275,7.29594163246694,4.042553191489362,-9999,-9999,-9999,8.462104488594555,71.54340836012862,11.511354737666405,128400.0,534.0,44.63586530931872,52.376599634369285,21.351067553377668,25.691284564228212,8.575428771438572,-9999,28.713811105837685,12.70236612702366,2010
01113030500,69.68796433878157,25.656265477959387,2.526002971768202,0.79247152055473,1.0401188707280833,0.0,0.2971768202080238,0.2971768202080238,0.396235760277365,0.04952947003467063,0.09905894006934125,0.0,15.849324804548685,31.982942430703623,32.93650793650794,8.531746031746032,37.254901960784316,3.9215686274509802,75.0,0.0,6.666666666666667,13.333333333333334,0.4952947003467063,0.0,0.8420009905894007,0.0,0.5676855895196506,8.34061135371179,7.379912663755459,0.0,0.3930131004366812,0.0,0.3930131004366812,1.6143911439114391,0.0,0.0,0.0,0.08733624454148471,0.0,0.0,51.54946364719905,19.606674612634087,7.968127490039841,45.796241345202766,22.019334049409238,15.359828141783028,4.940923737916219,20.0,-9999,37708.0,38015.0,39821.0,37708.0,-9999,21872.0,17.929515418502202,1.6740088105726871,7.049180327868853,16.41337386018237,25.092936802973977,0.0,-9999,-9999,10.707070707070708,54.29864253393665,24.666666666666668,140100.0,608.0,55.55555555555556,60.78199052132702,24.071322436849925,24.715205547300645,8.766716196136702,-9999,32.1186881832379,20.26266416510319,2010
01113030600,25.824340527577938,67.16127098321343,5.710431654676259,0.539568345323741,0.6894484412470024,0.11990407673860912,0.01498800959232614,0.044964028776978415,0.3147482014388489,0.01498800959232614,0.20983213429256595,0.0,16.07661056297156,20.719674985490425,27.400045177320983,11.091032301784503,38.05774278215223,2.3622047244094486,13.636363636363637,13.636363636363637,14.814814814814815,3.7037037037037037,3.672062350119904,0.10491606714628297,0.7344124700239808,0.0,0.6567893691767221,1.7870780510157325,1.7565297082633267,0.16801588513823126,1.5426913089964869,0.5193218267908966,0.6109668550481137,4.475873544093178,0.9151414309484193,0.0,0.0,0.21383839926683978,0.0,0.0,63.04178562159356,7.5006488450558,10.672679443818113,62.26993865030675,17.548978741142143,5.2105043768236765,6.5860775323051275,12.802996914940502,-9999,28179.0,31167.0,26540.0,28179.0,-9999,15828.0,31.697931697931697,1.8598685265351933,26.16883116883117,17.647058823529413,37.46739388190657,32.40418118466899,-9999,0.0,14.688478941872606,52.87637698898409,24.400656814449917,94200.0,476.0,49.6551724137931,72.34848484848484,28.68705035971223,13.069544364508394,3.776978417266187,-9999,22.697692762768686,31.861012956419316,2010
01113030700,27.23437911943053,66.4381755866069,4.798312681254943,0.5272871078302136,0.7118375955707883,0.052728710783021354,0.0,0.15818613234906406,0.3163722646981281,0.18455048774057475,0.15818613234906406,0.0,17.81219748305905,20.90997095837367,27.529222087867794,12.253123740427247,26.373626373626372,4.945054945054945,28.571428571428573,0.0,22.22222222222222,5.555555555555555,1.6345900342736621,0.07909306617453203,1.5291326127076192,0.0,0.0,2.5808068153345025,2.4304685542470557,0.0,2.1297920320721624,3.257328990228013,0.3006765221748935,6.717904924565898,3.358952462282949,0.0,0.0,0.9020295665246806,0.0,0.0,58.917060593038244,10.098839707778255,15.722120658135283,57.5,12.653651482284888,7.664497469269704,2.6030368763557483,13.221884498480243,-9999,27191.0,39081.0,25052.0,27191.0,-9999,14231.0,38.55702094647013,3.310059477631239,33.53151010701546,22.71505376344086,44.537509104151496,11.363636363636363,-9999,35.294117647058826,14.648552864737153,40.55363321799308,37.110481586402265,85300.0,516.0,59.60339943342776,68.4856753069577,28.710783021355127,14.184023200632744,5.378328499868179,-9999,35.21677327647477,39.89528795811518,2010
01113030800,3.0868167202572345,95.88424437299035,0.45016077170418006,0.45016077170418006,0.12861736334405144,0.0,0.03215434083601286,0.03215434083601286,0.09646302250803858,0.0,0.03215434083601286,0.0,20.833333333333332,14.583333333333334,23.543360433604335,19.61382113821138,21.428571428571427,14.285714285714286,57.142857142857146,0.0,50.0,0.0,0.1607717041800643,0.0,0.03215434083601286,0.0,0.0,0.0,0.0,0.0,0.9331727874774233,0.0,0.0,0.7751937984496124,0.0,0.0,0.0,0.0,0.0,0.0,61.90917516218721,11.121408711770158,23.929961089494164,58.02707930367505,24.63768115942029,16.624040920716112,1.619778346121057,11.857252494244053,-9999,23846.0,8889.0,24354.0,23846.0,-9999,14189.0,21.824202287778448,2.4683925346177,12.844036697247706,96.61016949152543,20.251997541487402,0.0,100.0,-9999,18.969849246231156,41.47286821705426,34.72474289171204,86000.0,389.0,80.8227465214761,42.69230769230769,27.588424437299036,19.19614147909968,5.305466237942122,-9999,28.939724037763252,35.64993564993565,2010
01113030901,80.18774000853364,14.93386431517565,2.6738728488124024,1.5360546152752097,0.5831318446878111,0.0,0.042668183757644716,0.02844545583842981,0.15645000711136395,0.042668183757644716,0.11378182335371924,0.014222727919214905,19.06704505143668,20.273146505853138,27.335984095427435,11.033797216699801,34.04255319148936,10.106382978723405,6.666666666666667,11.11111111111111,20.0,4.0,1.0240364101834731,0.18489546294979378,0.6542454842838856,0.3012501882813677,2.9974393733996085,4.865190540744088,11.568007230004518,0.0,0.9188130742581714,1.1296882060551288,0.7531254707034192,1.4592556156747007,0.0,0.0,0.0,0.43681277300798316,0.0,0.0,61.00266193433895,10.95829636202307,8.923375363724539,59.18658580092758,19.169890960253255,9.602532536053465,7.034822370735139,13.345410628019323,-9999,32966.0,33379.0,28173.0,32966.0,-9999,18498.0,21.17788823618015,1.9882512426570267,11.878109452736318,24.729827089337174,2.503293807641634,0.0,-9999,-9999,11.591914087176248,66.38085030367989,3.6363636363636362,104900.0,446.0,40.5103668261563,63.345588235294116,23.865737448442612,18.26198264827194,4.5939411179064145,-9999,33.6496488897324,16.40625,2010
01113030902,46.861503023322776,42.787215663691335,6.996832709473078,0.7774258566081198,2.2602936942124963,0.05758710048949035,0.08638065073423554,0.10077742585660812,0.5902677800172761,0.0,0.5902677800172761,0.014396775122372588,25.56067588325653,12.964669738863288,22.05217391304348,16.208695652173912,40.946502057613166,4.526748971193416,43.47826086956522,0.0,20.952380952380953,10.476190476190476,2.8217679239850275,0.10077742585660812,2.4330549956809673,0.13197835554968984,1.0558268443975187,8.143064537415864,3.8141744753860367,0.0,2.745149795433549,2.283225551009634,1.2537943777220535,7.732575530960215,0.3589590188453485,0.0,0.0,0.3299458888742246,0.0,0.0,39.924749163879596,17.913879598662206,10.354565422026985,53.57015985790409,27.476373818690934,10.815540777038851,11.900595029751488,22.235481304693714,-9999,50557.0,51861.0,29629.0,50557.0,-9999,19363.0,13.368770764119601,0.26578073089701,7.355242566510172,9.905227759095078,18.61086375779163,6.814580031695721,0.0,0.0,13.830155979202774,78.55993563958165,0.0,158000.0,517.0,22.79528812480102,73.91653290529695,29.167866397926865,13.34581053843939,3.181687302044342,-9999,14.863216588255794,13.859275053304904,2010
01113031000,73.24926214113228,23.289508988462572,2.1464985242822645,0.778105715052321,0.4024684733029246,0.0,0.026831231553528307,0.026831231553528307,0.21464985242822646,0.0,0.08049369466058492,0.0,19.5970695970696,21.64835164835165,16.608187134502923,19.883040935672515,23.75,11.25,0.0,26.666666666666668,33.333333333333336,33.333333333333336,1.1269117252481888,0.0,0.6707807888382077,0.0,2.085070892410342,1.58465387823186,4.197942730052822,0.0,1.6958576591604115,0.0,1.6958576591604115,3.499562554680665,0.0,0.0,0.0,0.0,0.0,0.0,64.0079365079365,16.58730158730159,15.649717514124294,55.541069100391134,21.681997371879106,24.441524310118265,12.54927726675427,12.282533054975644,-9999,38971.0,41739.0,29948.0,38971.0,-9999,21174.0,20.346562325321408,1.6769144773616547,10.279329608938548,20.20497803806735,11.652173913043478,0.0,0.0,100.0,11.663597298956415,80.88950660180681,0.0,107600.0,337.0,39.322916666666664,49.92877492877493,21.786960021464985,20.95519184330561,5.285752616045077,-9999,24.071661237785015,8.333333333333334,2010
01113031100,20.1281366791244,77.41591030432461,1.97544046983449,0.2669514148424987,0.10678056593699947,0.0,0.1601708489054992,0.1601708489054992,0.1601708489054992,0.0,0.0,0.053390282968499736,11.405835543766578,42.705570291777185,17.585484996510818,24.005582693649686,16.216216216216218,13.513513513513514,50.0,0.0,0.0,0.0,1.2813667912439937,0.0,0.053390282968499736,0.0,0.0,1.8044237485448196,2.3282887077997674,0.0,0.0,0.0,0.0,0.0,0.0,0.0,0.0,0.0,0.0,0.0,70.53061224489795,13.63265306122449,13.881019830028329,47.6123595505618,23.909531502423263,16.962843295638127,7.1082390953150245,9.131736526946108,-9999,29271.0,44479.0,23194.0,29271.0,-9999,16730.0,24.272409778812573,5.646100116414435,11.699779249448124,4.924242424242424,27.430555555555557,-9999,64.28571428571429,-9999,20.31686859273066,80.58479532163743,5.13595166163142,59200.0,225.0,48.23766364551863,36.427566807313646,19.273892151628402,27.495995728777363,9.022957821676455,-9999,31.294452347083926,18.0327868852459,2010
01113031200,59.899749373433586,36.44110275689223,1.7794486215538847,1.0275689223057645,0.8020050125313283,0.0,0.10025062656641603,0.02506265664160401,0.37593984962406013,0.02506265664160401,0.10025062656641603,0.02506265664160401,18.15899581589958,21.631799163179917,18.124562631210637,24.84254723582925,28.169014084507044,7.042253521126761,23.076923076923077,15.384615384615385,20.0,25.0,0.8020050125313283,0.07518796992481203,0.37593984962406013,0.0,1.6348773841961852,5.177111716621253,5.796383453059202,0.0,1.3871686896210056,1.0403765172157542,1.3871686896210056,4.0110998990918265,1.4883955600403633,0.0,0.0,0.19816695566014367,0.0,0.0,60.47381546134663,8.447630922693266,9.810587663914522,57.53880266075388,25.318471337579616,20.54140127388535,5.626326963906582,15.560165975103734,-9999,34446.0,56979.0,26010.0,34446.0,-9999,21028.0,18.42952687639336,3.4679217240525144,10.80074487895717,7.096474953617811,26.746268656716417,100.0,-9999,50.0,19.26605504587156,82.57575757575758,0.33621517771373677,66200.0,348.0,40.20172910662824,40.938799762329175,22.230576441102755,22.481203007518797,6.290726817042606,-9999,27.650551314673454,12.634408602150538,2010
13053020100,60.047281323877066,33.7048294495103,2.634245187436677,1.4184397163120568,1.8912529550827424,0.0,0.5065856129685917,0.37149611617696726,0.10131712259371833,0.06754474839581223,0.4728132387706856,0.16886187098953057,20.528683914510687,21.428571428571427,23.583934088568487,20.185375901132854,38.46153846153846,6.410256410256411,23.80952380952381,9.523809523809524,22.22222222222222,26.666666666666668,0.9456264775413712,0.0,1.2495778453225261,0.389242745930644,0.8138711960368011,7.607926397735315,12.986553432413306,0.9907997169143666,2.583156404812456,1.9815994338287333,1.3446567586694975,5.355191256830601,0.1092896174863388,0.0,0.0,0.07077140835102619,0.0,0.0,50.3003823047515,11.687602403058438,8.940397350993377,37.48939779474131,26.465364120781526,6.927175843694494,4.618117229129663,15.8123370981755,-9999,29274.0,29824.0,27292.0,29274.0,32500.0,17631.0,29.311568488289566,4.506742370475514,13.793103448275861,22.067363530778167,38.12566560170394,0.0,-9999,48.113207547169814,17.083333333333332,71.0217755443886,1.1149228130360205,81800.0,409.0,34.476843910806174,43.83838383838384,25.80209388720027,20.466058763931105,4.86322188449848,-9999,29.241435562805872,19.0176322418136,2010
13053020201,66.82335477486393,11.726867887184563,16.69965363681346,0.8411677387431964,3.809995051954478,0.12370113805047006,0.3958436417615042,0.3711034141514102,0.9153884215734784,0.3958436417615042,0.7669470559129143,0.1979218208807521,6.442058496853018,0.11106997408367271,3.9260969976905313,0.4618937644341801,10.518518518518519,0.14814814814814814,0.0,0.0,0.0,0.0,5.764473033151905,0.6432459178624443,3.537852548243444,0.1009421265141319,4.542395693135935,14.670255720053836,9.185733512786003,1.009421265141319,8.00807537012113,5.248990578734858,4.744279946164199,14.856945880730782,2.378490175801448,0.0,0.0,0.0,0.0,0.0,23.479005998286205,43.01628106255355,2.5641025641025643,55.09641873278237,51.31578947368421,0.0,0.0,16.120218579234972,-9999,56406.0,50647.0,-9999,56406.0,-9999,26328.0,0.3755868544600939,0.0,0.0,0.5056890012642224,0.0,0.0,-9999,-9999,17.24137931034483,0.5555555555555556,36.87258687258687,-9999,1197.0,74.13127413127413,100.0,7.619990103908956,0.14844136566056407,0.024740227610094014,-9999,5.921539600296077,13.08411214953271,2010
13053020203,59.246275197195445,19.807186678352323,14.198071866783524,1.4899211218229622,4.995617879053462,0.35056967572305,0.175284837861525,0.35056967572305,1.0517090271691498,0.43821209465381245,0.8764241893076249,0.0,42.751479289940825,0.591715976331361,53.0,0.5,55.55555555555556,0.6172839506172839,11.11111111111111,0.0,51.16279069767442,2.3255813953488373,5.433829973707274,0.35056967572305,4.732690622261174,0.43308791684711995,5.500216543958423,8.791684711996535,14.98484192291035,3.854482459939368,7.3191857947163275,5.500216543958423,5.716760502381984,19.565217391304348,2.608695652173913,0.0,0.0,0.0,0.0,0.0,17.62208067940552,38.004246284501065,10.267857142857142,29.09090909090909,5.970149253731344,5.472636815920398,0.0,22.709923664122137,-9999,44693.0,44176.0,43889.0,44693.0,-9999,16639.0,2.5448235974551765,0.0,2.8011204481792715,3.9355992844364938,0.0,0.0,0.0,-9999,37.94749403341289,3.076923076923077,39.47826086956522,-9999,1273.0,90.6086956521739,100.0,49.86853637160386,0.6134969325153374,0.0,-9999,2.2758620689655173,17.6,2010
13053020205,61.42514559780747,15.7930798218568,16.272696128811237,1.1647824597464884,5.275779376498801,0.0,0.10277492291880781,0.513874614594039,2.4665981500513876,0.17129153819801302,1.8499486125385407,0.41109969167523125,41.940881204684885,0.6134969325153374,45.31645569620253,0.5063291139240507,51.1578947368421,0.631578947368421,9.090909090909092,0.0,42.04545454545455,0.0,7.913669064748201,0.8221993833504625,4.5906132237067485,0.0,1.9201462968607133,9.082596769277659,10.332215787869552,1.7982322462663822,4.114599207558671,5.821395915879305,1.5544041450777202,12.1030345800988,3.705010585744531,0.0,0.0,0.15239256324291375,0.0,0.0,28.209069946195235,26.518063028439663,21.12970711297071,26.88588007736944,29.44297082228117,3.4482758620689653,2.387267904509284,13.096200485044463,-9999,52971.0,59500.0,50000.0,52971.0,-9999,14356.0,10.576043889058214,0.0,13.183730715287517,9.757383966244726,11.684370257966616,3.7735849056603774,0.0,68.6046511627907,19.941348973607038,0.2442002442002442,61.141804788213626,-9999,1234.0,77.44014732965009,100.0,47.276464542651595,0.5481329222336416,0.0685166152792052,-9999,3.6779324055666005,17.866323907455012,2010
13053020206,69.11764705882354,24.50980392156863,3.9215686274509802,1.9607843137254901,0.49019607843137253,0.0,0.0,0.0,0.0,0.9803921568627451,0.0,0.0,12.76595744680851,10.638297872340425,10.416666666666666,8.333333333333334,12.5,0.0,50.0,25.0,0.0,0.0,2.9411764705882355,0.0,0.9803921568627451,0.0,6.427221172022684,22.68431001890359,5.293005671077505,3.780718336483932,7.3724007561436675,7.3724007561436675,5.293005671077505,21.361058601134214,3.213610586011342,0.0,0.0,0.7561436672967864,0.0,0.0,7.258064516129032,50.0,0.0,100.0,20.634920634920636,0.0,0.0,16.0,-9999,60179.0,-9999,60179.0,60179.0,-9999,30464.0,0.0,0.0,0.0,-9999,0.0,-9999,-9999,-9999,10.169491525423728,83.01886792452831,0.0,34600.0,-9999,0.0,100.0,15.686274509803921,9.803921568627452,2.9411764705882355,-9999,7.214428857715431,19.35483870967742,2010
13145120198,67.62144377782079,28.856202825624152,2.0321269595509968,0.5419005225469324,0.7934971937294368,0.0,0.30965744145539,0.05806077027288562,0.11612154054577124,0.019353590090961874,0.154828720727695,0.11612154054577124,16.685746994848312,31.31081854607899,22.857142857142858,20.476190476190474,27.61904761904762,14.285714285714286,8.333333333333334,25.0,5.714285714285714,40.0,1.219276175730598,0.03870718018192375,0.30965744145539,0.0,0.5741626794258373,4.30622009569378,10.602870813397129,0.7081339712918661,1.9521531100478469,0.36363636363636365,0.8995215311004785,5.62003665241295,1.262472001628996,0.0,0.0,0.0,0.0,0.0,41.692229038854805,31.160531697341515,12.92790978654853,54.986020503261884,45.85812356979405,9.977116704805493,14.050343249427918,12.295276525041539,-9999,47024.0,59964.0,25134.0,47024.0,201500.0,32180.0,13.316679477325135,3.61260568793236,2.873938602220771,5.339506172839506,25.540386803185438,17.647058823529413,-9999,0.0,17.316017316017316,75.58305568776773,7.378277153558052,180800.0,453.0,40.823970037453186,54.28713858424726,21.521192181149605,27.753048190439326,7.896264757112444,-9999,20.260690601417792,10.848126232741617,2010
13145120200,80.50974512743628,16.611694152923537,1.7391304347826086,0.8095952023988006,0.29985007496251875,0.0,0.0,0.05997001499250375,0.0,0.0,0.14992503748125938,0.05997001499250375,18.435754189944134,23.202979515828677,16.08133086876155,16.45101663585952,29.310344827586206,17.24137931034483,22.22222222222222,33.333333333333336,12.5,12.5,1.0794602698650675,0.1199400299850075,0.2698650674662669,0.0,1.6408386508659982,6.715284108173807,13.430568216347615,0.24308720753570343,1.6712245518079611,0.6381039197812215,0.7596475235490733,2.6089723194400256,0.5727012408526885,0.0,0.0,0.2127013065937405,0.0,0.0,46.06647034076567,15.986537652503156,13.636363636363637,62.01923076923077,45.18888096935139,14.326443335709195,8.2679971489665,11.179173047473201,-9999,52642.0,56463.0,19053.0,52642.0,-9999,23901.0,16.144501278772378,0.7033248081841432,7.861271676300578,13.766730401529637,29.41176470588235,0.0,-9999,0.0,14.118457300275482,82.75862068965517,0.46475600309837334,128900.0,513.0,48.56700232378002,53.626943005181346,21.88905547226387,21.88905547226387,5.607196401799101,-9999,23.286180631120782,6.737967914438503,2010
13145120300,80.87502707385748,13.721030972492962,2.8481698072341346,0.855533896469569,1.5269655620532814,0.03248862897985705,0.2599090318388564,0.29239766081871343,0.21659085986571366,0.2707385748321421,0.37903400476499893,0.08663634394628547,19.670594536689876,19.295661489019817,18.114754098360656,20.57377049180328,30.418250950570343,8.365019011406844,21.05263157894737,15.789473684210526,16.822429906542055,7.4766355140186915,0.9096816114359974,0.1949317738791423,0.9421702404158544,0.05259282633848743,1.3253392237298833,5.069948459030188,6.184916377406122,0.27348269696013466,1.556747659619228,0.4838540023140844,1.2622278321236984,2.921572983781382,0.5998666962897135,0.0,0.0,0.49437256758178183,0.0,0.0,35.98478846458564,31.54809063539851,6.506024096385542,56.14128980465614,42.91904218928164,7.890535917901938,13.683010262257696,17.43904177955226,-9999,68953.0,72931.0,44474.0,68953.0,-9999,31428.0,7.689856611789697,1.699415825809878,4.0138942493245855,6.631692224912564,15.12,0.0,0.0,0.0,13.281452658884566,88.18426562967394,3.439742637960901,224000.0,863.0,19.846572630536997,57.579388855602154,23.651721897335932,18.82174572233052,3.9744422785358458,-9999,14.923036785807462,6.947052196770559,2010
13145120401,83.60474308300395,10.972332015810277,3.225296442687747,0.5691699604743083,1.5019762845849802,0.015810276679841896,0.23715415019762845,0.30039525691699603,0.26877470355731226,0.26877470355731226,0.2845849802371542,0.09486166007905138,22.276853252647502,17.851739788199698,17.194570135746606,21.116138763197586,33.8235294117647,6.862745098039215,4.3478260869565215,17.391304347826086,14.285714285714286,19.642857142857142,1.0592885375494072,0.23715415019762845,0.5533596837944664,0.504116955133591,2.2685262981011594,15.106704755503277,14.938665770458746,0.7729793312048395,2.8062510502436564,0.0,2.8062510502436564,4.348594661481351,0.1590949266395616,0.0,0.0,1.1090573012939002,0.0,0.0,37.26693415152231,28.60514514987019,5.00823723228995,61.430395913154534,47.80238500851789,8.313458262350936,8.99488926746167,13.017086330935252,-9999,84919.0,86125.0,53245.0,84919.0,-9999,34591.0,2.8951354990742297,0.2861471132805925,0.0,2.4277242401779096,5.044510385756676,0.0,50.0,-9999,5.904211395540876,90.30276437033787,0.0,226900.0,1933.0,24.46106467223933,58.61746847267632,25.343873517786562,17.73913043478261,3.8735177865612647,-9999,16.131774707757703,5.8982683982683985,2010
13145120402,74.25593369333166,20.13060404370212,3.0390556322993847,0.552555569508979,1.7706894386537737,0.07534848675122441,0.012558081125204068,0.07534848675122441,0.22604546025367322,0.28883586587969357,0.6530202185106115,0.025116162250408136,21.25824454591578,19.025875190258752,20.473448496481126,20.793346129238643,29.33884297520661,9.917355371900827,5.555555555555555,55.55555555555556,16.483516483516482,14.285714285714286,0.8037171920130604,0.10046464900163254,1.3939470048976517,0.25329280648429586,2.7102330293819654,8.371327254305978,6.661600810536981,0.8738601823708206,3.2041540020263426,1.53242147922999,2.811550151975684,4.939919893190921,0.5340453938584779,0.0,0.0,0.4432624113475177,0.0,0.0,34.84057971014493,26.995169082125603,3.8461538461538463,59.76976673735232,38.98035050451407,11.550716941051514,14.152947424322889,15.951539626451288,-9999,77515.0,81057.0,50194.0,77515.0,35714.0,33418.0,6.98180886497566,0.5764796310530361,3.5633739287325215,6.498007277768151,8.85135135135135,0.0,0.0,11.607142857142858,8.762392069075792,88.36312653347353,1.8345671065336338,232100.0,589.0,22.33665915674284,68.85553470919325,24.978023358030892,18.92502825568253,4.709280421951526,-9999,16.051289973737063,7.518470230334637,2010
13197920100,86.0048640282998,8.025646694671678,2.6531063453460093,1.0833517576829539,2.1003758567322572,0.044218439089100156,0.24320141499005085,0.022109219544550078,0.11054609772275038,0.06632765863365023,0.33163829316825116,0.9728056599602034,17.840616966580978,22.056555269922878,26.345609065155806,17.847025495750707,35.0,9.166666666666666,0.0,30.76923076923077,21.05263157894737,9.210526315789474,1.5255361485739554,0.0,1.0612425381384036,0.0,0.0,7.388730541547906,5.766279324709494,0.0,2.828327121245341,0.591975443981583,2.1486516114887086,5.971173644474948,0.6863417982155113,0.0,0.0,0.0,0.0,0.0,65.8459595959596,7.733585858585859,13.16793893129771,56.17114646187603,16.254036598493002,18.083961248654468,9.418729817007534,13.696655132641292,-9999,45721.0,46619.0,45469.0,45721.0,26068.0,18467.0,21.9350563286945,2.032250938811575,16.019417475728154,21.077908217716114,23.752969121140143,42.78606965174129,-9999,0.0,14.629451395572666,84.16009019165728,0.0,77200.0,317.0,26.38758231420508,45.74269732753263,22.17554720318373,21.158523104134424,3.449038248949812,-9999,34.988901220865706,9.203402938901778,2010
13197920200,28.67978193884807,59.77719838824366,10.66603460535672,0.4503436833372837,0.355534486845224,0.02370229912301493,0.0,0.02370229912301493,0.16591609386110454,0.0,0.0711068973690448,0.0,17.024793388429753,32.14876033057851,22.906602254428343,17.673107890499196,36.888888888888886,3.3333333333333335,28.571428571428573,28.571428571428573,21.428571428571427,14.285714285714286,5.759658686892629,0.23702299123014933,0.47404598246029866,0.0,0.0493339911198816,5.624074987666503,1.8746916625555008,0.1973359644795264,7.153428712382832,3.8973852984706463,0.7646768623581648,11.418953909891249,3.314344899016054,0.0,0.0,0.2713369511593488,0.0,0.0,70.7801950487622,9.18979744936234,23.825887743413517,48.25396825396825,16.76342525399129,22.35123367198839,5.732946298984035,18.3504471679364,-9999,28098.0,31524.0,22119.0,28098.0,-9999,14478.0,30.846019465934614,2.146244072872473,23.104265402843602,20.330578512396695,39.741451209341115,9.01639344262295,-9999,-9999,20.78922040423484,62.21142162818955,22.03132895401718,70300.0,262.0,48.50934815563416,57.48587570621469,25.90661294145532,20.21806115193174,5.546337994785494,-9999,28.98059747459193,23.410138248847925,2010
13215000200,76.14091273018414,13.530824659727783,7.005604483586869,0.6405124099279423,2.6421136909527623,0.0,0.28022417934347477,0.3602882305844676,1.4011208967173738,0.16012810248198558,0.600480384307446,0.040032025620496396,15.825446898002102,29.44269190325973,27.79552715654952,7.667731629392971,38.285714285714285,4.0,14.285714285714286,0.0,18.0,12.0,3.2826261008807047,0.2401921537229784,1.5612489991993594,0.0,7.150755621083671,3.5753778105418355,7.187615186140803,0.0,2.69074824917066,0.07371913011426465,1.5112421673424254,5.173084402956048,0.3500583430571762,0.0,0.2580169553999263,0.3317360855141909,0.0,0.0,53.903133903133906,13.048433048433049,7.950116913484022,66.47887323943662,22.493681550126368,10.614995787700085,28.13816343723673,7.0287539936102235,-9999,50116.0,50439.0,29597.0,50116.0,-9999,22223.0,6.450423884998157,0.9952082565425728,2.823179791976226,4.60093896713615,0.8797653958944281,34.375,-9999,-9999,5.898123324396783,71.1301044634378,7.526881720430108,128200.0,656.0,87.72401433691756,49.72477064220183,22.177742193755005,23.939151321056844,10.928742994395517,-9999,30.132288094071534,14.349775784753364,2010
13215000300,33.88856978747846,32.05054566341183,32.7972429638139,0.1723147616312464,0.5743825387708213,0.0,0.05743825387708214,0.05743825387708214,0.05743825387708214,0.1723147616312464,0.22975301550832855,0.402067777139575,17.45762711864407,21.52542372881356,16.69724770642202,20.36697247706422,17.68826619964974,2.626970227670753,0.0,33.333333333333336,0.0,33.333333333333336,24.353819643882826,0.0,1.0913268236645606,0.0,0.0,0.6139154160982264,4.297407912687586,0.4092769440654843,19.099590723055936,13.710777626193725,0.0,20.808823529411764,20.441176470588236,0.0,0.0,0.0,0.0,0.0,81.7560975609756,2.1463414634146343,29.587482219061165,55.18867924528302,10.371819960861057,1.9569471624266144,9.980430528375734,6.27208480565371,-9999,19023.0,24318.0,11585.0,19023.0,-9999,11167.0,39.76807639836289,4.638472032742156,24.915824915824917,32.94117647058823,62.84658040665435,17.515923566878982,0.0,-9999,15.09433962264151,34.12698412698413,18.0327868852459,63800.0,371.0,91.93989071038251,58.468335787923415,20.562894887995405,14.704192992533027,3.676048248133257,-9999,30.062794348508636,22.131147540983605,2010
13215000400,82.96374516015487,10.313269975360788,4.540654699049631,0.598380851812742,1.5487504399859204,0.03519887363604365,0.17599436818021824,0.03519887363604365,0.3167898627243928,0.2815909890883492,0.4575853572685674,0.1407954945441746,17.098005939753925,25.753075943996606,34.46969696969697,7.196969696969697,31.007751937984494,3.875968992248062,0.0,0.0,13.043478260869565,26.08695652173913,2.0767335445265753,0.1407954945441746,1.8655403027103132,0.0,1.8609950626661602,5.355108241549563,8.46942650968477,0.0,2.354728446638815,0.0,2.354728446638815,4.892601431980907,0.5568814638027049,0.0,0.0,0.94948727687049,0.0,0.0,56.66857469948483,6.811677160847166,11.54700222057735,66.39004149377594,21.85483870967742,9.193548387096774,12.016129032258064,11.924257932446263,-9999,39528.0,40938.0,55625.0,39528.0,24732.0,18931.0,8.58336498290923,2.354728446638815,0.9247027741083224,8.841201716738198,13.043478260869565,0.0,-9999,0.0,5.422647527910685,74.53625632377741,0.0,93800.0,528.0,95.88581024349287,38.40304182509506,22.245688137979585,22.527279127067935,9.433298134459697,-9999,29.5561850802644,14.78029294274301,2010
13215000800,64.99382969971205,26.203208556149733,6.869600987248046,1.2751953928424518,0.6170300287947347,0.0,0.3290826820238585,0.2879473467708762,0.16454134101192924,0.0,0.2879473467708762,0.04113533525298231,16.772151898734176,17.40506329113924,25.91973244147157,10.033444816053512,21.55688622754491,3.592814371257485,47.61904761904762,4.761904761904762,9.090909090909092,9.090909090909092,4.771698889345948,0.0,1.0283833813245578,0.0,0.8466603951081844,2.1636876763875823,7.337723424270932,0.0,11.335841956726247,7.055503292568203,3.668861712135466,8.811475409836065,2.9200819672131146,0.0,0.0,0.5644402634054563,0.0,0.0,50.13297872340426,14.893617021276595,20.11400651465798,63.429752066115704,31.818181818181817,8.080808080808081,5.353535353535354,5.607476635514018,-9999,30227.0,39602.0,14927.0,30227.0,-9999,18794.0,30.385700846660395,0.7525870178739417,31.293706293706293,15.112540192926046,45.5005055611729,18.69158878504673,0.0,-9999,9.957805907172995,45.17338331771322,32.244556113902846,97500.0,474.0,80.98827470686767,78.80859375,22.665569724393254,14.315096668037844,5.224187577128753,-9999,21.875,24.406779661016948,2010
13215000900,58.15503332164153,31.497720098211154,7.541213609259909,0.5612065941774815,1.9642230796211855,0.0,0.701508242721852,0.035075412136092596,0.24552788495264818,0.350754121360926,0.3156787092248334,0.3156787092248334,15.379975874547648,25.63329312424608,19.121140142517813,19.358669833729216,24.651162790697676,6.976744186046512,36.36363636363637,18.181818181818183,16.3265306122449,10.204081632653061,2.069449316029463,0.175377060680463,2.6657313223430377,0.0,3.7294015611448397,8.196010407632263,5.030355594102342,0.4770164787510841,3.7294015611448397,1.5611448395490026,1.7779705117085862,6.715063520871143,0.0,0.0,0.0,0.13009540329575023,0.0,0.0,47.271714922049,19.599109131403118,7.973102785782901,44.26508071367884,31.6751269035533,6.091370558375634,7.614213197969543,8.6053412462908,-9999,34960.0,33935.0,28750.0,34960.0,-9999,21031.0,15.280561122244489,2.1042084168336674,5.9405940594059405,14.158686730506156,13.271604938271604,9.574468085106384,100.0,0.0,7.615384615384615,28.892589508742713,55.10033444816054,101900.0,657.0,72.5752508361204,80.28747433264887,20.589266923886356,21.536303051560857,11.259207295685725,-9999,32.003844305622295,29.132569558101473,2010
13215001000,66.78832116788321,24.29288321167883,5.086678832116788,0.8211678832116789,2.7372262773722627,0.0,0.5474452554744526,0.36496350364963503,0.479014598540146,0.20529197080291972,0.7299270072992701,0.02281021897810219,13.763661202185792,25.887978142076502,10.617760617760618,3.474903474903475,28.251121076233183,6.278026905829597,31.57894736842105,10.526315789473685,13.402061855670103,6.185567010309279,1.7335766423357664,0.04562043795620438,1.4598540145985401,0.46875,1.6294642857142858,5.022321428571429,6.71875,2.299107142857143,2.299107142857143,2.1651785714285716,1.1607142857142858,7.828342372082056,1.4619193586418298,0.0,0.0,0.13392857142857142,0.0,0.0,33.52673021135516,29.38251139660174,12.189404594467886,52.38287560581583,32.802547770700635,9.341825902335456,13.747346072186836,11.564625850340136,-9999,39635.0,49727.0,16200.0,39635.0,51719.0,20259.0,20.777404921700224,0.8389261744966443,16.750250752256772,11.73365814047909,61.750405186385734,10.187667560321715,-9999,0.0,7.671528903295516,60.91281451141018,27.89001122334456,140500.0,620.0,74.18630751964085,60.53119209388512,16.01277372262774,18.7271897810219,7.960766423357664,-9999,21.88560981979629,14.917127071823204,2010
13215001100,92.0015455950541,4.598145285935085,1.8160741885625966,0.11591962905718702,1.3523956723338486,0.07727975270479134,0.38639876352395675,0.23183925811437403,0.07727975270479134,0.3091190108191654,0.0,0.07727975270479134,23.225535489290213,26.03947921041579,26.0,7.0,38.297872340425535,4.25531914893617,0.0,0.0,20.0,10.0,0.8887171561051005,0.03863987635239567,0.23183925811437403,1.2509773260359656,1.7982799061767005,9.538702111024238,13.64347146207975,0.9382329945269742,2.7756059421422985,0.8600469116497264,1.4464425332290851,3.8397328881469117,1.2103505843071787,0.0,0.0,0.0,0.0,0.0,14.3342776203966,67.02549575070822,2.835696413678065,52.450980392156865,65.4911838790932,4.534005037783375,23.005877413937867,17.172264355362948,-9999,90000.0,92000.0,61484.0,90000.0,-9999,50849.0,2.3846755277560594,0.7818608287724785,1.3062409288824384,2.628120893561104,0.6329113924050633,0.0,-9999,0.0,7.447774750227066,90.48086359175663,2.9596412556053813,237200.0,975.0,91.74887892376681,52.37154150197628,26.584234930448222,24.45904173106646,9.891808346213292,-9999,15.881147540983607,5.241935483870968,2010
13215001200,70.95817264906556,22.930881044200532,3.915752002373183,0.4746366063482646,1.6315633343221596,0.029664787896766538,0.26698309107089885,0.14832393948383268,0.4746366063482646,0.14832393948383268,0.385642242657965,0.0,15.510033444816054,23.536789297658864,21.5633423180593,5.929919137466308,25.0,2.272727272727273,0.0,16.666666666666668,13.793103448275861,0.0,1.6315633343221596,0.17798872738059923,1.0382675763868288,0.0,0.7132243684992571,7.578008915304606,6.864784546805349,0.17830609212481427,0.7429420505200595,0.0,0.4160475482912333,2.80970625798212,0.44699872286079184,0.0,0.0,0.20802377414561665,0.0,0.0,22.789425706472198,43.846855059252505,10.757180156657963,68.44444444444444,46.09600925390399,6.1885482938114516,10.931174089068826,13.113466823714173,-9999,52049.0,69167.0,38669.0,52049.0,-9999,40528.0,13.800298062593145,0.7749627421758569,9.95085995085995,5.072126570497906,29.663330300272975,31.46067415730337,-9999,-9999,11.517275913870806,40.63384267119412,45.82701062215478,224100.0,610.0,81.99291856348002,79.73896830329397,19.845743102936815,18.24384455651142,6.822901216256303,-9999,26.815031010580082,21.645569620253166,2010
13215001400,38.970588235294116,54.1289592760181,5.260180995475113,0.39592760180995473,0.9049773755656109,0.05656108597285068,0.22624434389140272,0.0,0.0,0.0,0.45248868778280543,0.05656108597285068,13.497822931785196,25.689404934687953,25.18837459634015,12.378902045209903,33.333333333333336,5.376344086021505,0.0,20.0,42.857142857142854,0.0,2.7149321266968327,0.0,1.414027149321267,0.0,0.29779630732578916,1.786777843954735,3.394877903513996,1.1316259678379987,1.4889815366289458,1.1911852293031566,0.714711137581894,4.958677685950414,1.4462809917355373,0.0,0.0,0.11911852293031566,0.0,0.0,59.726027397260275,12.237442922374429,13.75186846038864,52.509179926560584,19.587628865979383,17.18213058419244,1.8900343642611683,13.38199513381995,-9999,22523.0,23083.0,15875.0,22523.0,64160.91016,15118.0,32.69803454437165,3.513996426444312,28.329297820823246,22.126436781609197,42.761692650334076,32.35294117647059,-9999,0.0,13.672654690618762,15.953757225433526,60.48834628190899,89900.0,501.0,42.28634850166482,88.93081761006289,24.09502262443439,16.91176470588235,4.638009049773756,-9999,29.083665338645417,40.53398058252427,2010
13215001600,28.9559839941797,65.04183339396144,3.601309567115315,1.4186977082575483,0.5456529647144416,0.036376864314296105,0.036376864314296105,0.0,0.29101491451436884,0.10913059294288832,0.29101491451436884,0.0,16.08040201005025,11.306532663316583,35.751295336787564,5.814622913068509,28.282828282828284,3.0303030303030303,28.571428571428573,0.0,36.36363636363637,0.0,1.0913059294288832,0.14550745725718442,0.9457984721716988,0.0,0.0,6.134969325153374,5.6967572304995615,0.8326029798422436,0.0,0.0,0.0,5.034213098729228,0.0,0.0,0.0,0.0,0.0,0.0,71.64835164835165,7.032967032967033,8.719346049046322,71.10091743119266,19.582504970178928,3.479125248508946,3.7773359840954273,7.810650887573964,-9999,14223.0,21087.0,12543.0,14223.0,-9999,10143.0,55.433829973707276,4.163014899211218,46.777546777546775,42.87812041116006,62.987490802060336,63.73626373626374,-9999,42.22222222222222,21.699544764795146,10.174418604651162,69.93557623478884,79500.0,393.0,71.4387974230494,94.01088929219601,33.28483084758094,7.20261913423063,1.4186977082575483,-9999,34.266886326194395,54.02684563758389,2010
13215001800,48.58490566037736,43.003144654088054,5.4245283018867925,1.2578616352201257,1.10062893081761,0.07861635220125786,0.31446540880503143,0.0,0.0,0.15723270440251572,0.31446540880503143,0.0,15.533980582524272,17.79935275080906,25.891181988742964,10.694183864915573,33.333333333333336,5.797101449275362,28.571428571428573,21.428571428571427,0.0,0.0,4.009433962264151,0.15723270440251572,0.550314465408805,0.0,6.132542037586548,2.472799208704253,7.31948565776459,0.0,0.0,0.0,0.0,2.4266936299292214,0.3033367037411527,0.0,0.0,0.0,0.0,0.0,51.111111111111114,9.86111111111111,22.17659137577002,46.398305084745765,42.480211081794195,10.026385224274406,15.03957783641161,12.607099143206854,-9999,26271.0,25244.0,27105.0,26271.0,-9999,15000.0,31.15727002967359,3.264094955489614,9.836065573770492,30.8,32.359550561797754,0.0,100.0,-9999,16.927899686520377,26.41509433962264,51.570247933884296,102400.0,444.0,92.56198347107438,77.90927021696253,23.5062893081761,13.836477987421384,4.323899371069182,-9999,41.26268320180383,32.25806451612903,2010
13215002000,1.8677281077770973,93.90691977954684,2.9393753827311695,0.21432945499081446,0.7348438456827924,0.0,0.0,0.0,0.3674219228413962,0.03061849357011635,0.2449479485609308,0.0,8.19672131147541,14.754098360655737,23.8110964332893,21.631439894319684,39.583333333333336,7.291666666666667,25.0,0.0,15.789473684210526,21.05263157894737,0.8266993263931415,0.0,0.9491733006736068,0.0,0.0,2.6063511084481727,0.8987417615338527,0.0,1.048532055122828,0.0,1.048532055122828,1.492537313432836,0.6164828033744322,0.0,0.0,0.2995805871779509,0.0,0.0,53.59028511087645,10.03167898627244,15.457413249211356,56.98847262247838,14.365671641791044,12.593283582089553,6.529850746268656,13.535911602209945,-9999,28818.0,41000.0,27928.0,28818.0,-9999,12874.0,30.613478392263524,2.0247809005741915,18.072289156626507,1.5873015873015872,34.054982817869416,11.290322580645162,-9999,0.0,10.478199718706048,50.03927729772192,37.58620689655172,100000.0,418.0,77.65517241379311,53.51257588898525,27.49540722596448,20.789957134109002,7.011635027556644,-9999,29.74444909928781,32.37327188940092,2010
13215002100,50.4409911801764,40.40319193616128,5.753884922301554,1.3859722805543888,1.6799664006719865,0.0,0.25199496010079797,0.5039899202015959,0.5039899202015959,0.041999160016799666,0.5039899202015959,0.12599748005039899,17.568692756036636,25.811823480432974,29.10694597574421,8.930540242557884,27.73722627737226,9.489051094890511,11.764705882352942,11.764705882352942,12.121212121212121,24.242424242424242,1.9319613607727846,0.12599748005039899,1.5959680806383871,0.0,0.6428284451586983,5.825632784250703,5.383688228204098,1.004419445560466,2.691844114102049,1.3660104459622338,1.3258336681398153,4.175453395191902,0.0,0.0,0.0,0.0,0.0,0.0,47.69526248399488,17.861715749039693,5.964912280701754,58.79873551106428,26.549491211840888,8.140610545790935,5.365402405180388,26.08695652173913,-9999,39792.0,36477.0,48365.0,39792.0,115833.0,19009.0,9.057824504650222,1.334411645774363,6.075533661740558,12.322628827483197,6.197478991596639,0.0,-9999,0.0,9.925093632958802,58.00415800415801,12.87223823246878,104100.0,659.0,84.0537944284342,65.80645161290323,26.081478370432592,17.68164636707266,7.51784964300714,-9999,18.41286307053942,25.3781512605042,2010
13215002200,4.758497316636851,92.73703041144901,1.5026833631484795,0.3935599284436494,0.46511627906976744,0.0,0.17889087656529518,0.03577817531305903,0.14311270125223613,0.2146690518783542,0.1073345259391771,0.1073345259391771,9.022556390977444,26.31578947368421,16.7774736018772,25.615956198670318,38.095238095238095,4.761904761904762,0.0,40.0,0.0,12.5,0.35778175313059035,0.14311270125223613,0.6082289803220036,0.0,0.6050826946349335,0.5647438483259378,0.0,0.0,2.016942315449778,0.0,2.016942315449778,3.867640739149119,0.6875805758487322,0.0,0.0,0.0,0.0,0.0,74.5872641509434,5.247641509433962,24.379719525350595,45.62446898895497,17.97432239657632,17.261055634807416,2.8530670470756063,9.346246973365618,-9999,21068.0,38500.0,19329.0,21068.0,-9999,12083.0,40.57327412192168,3.391199031085991,20.379965457685664,14.705882352941176,43.812104787714546,-9999,-9999,0.0,14.513788098693759,52.03735144312394,9.12981455064194,65700.0,495.0,96.14835948644793,50.964187327823694,20.858676207513415,24.973166368515205,10.089445438282647,-9999,41.9953596287703,26.70299727520436,2010
13215002300,31.708683473389357,64.593837535014,2.9131652661064424,0.22408963585434175,0.4481792717086835,0.0,0.11204481792717087,0.0,0.0,0.2801120448179272,0.22408963585434175,0.0,17.314487632508833,27.208480565371026,30.07985803016859,10.913930789707187,25.0,1.9230769230769231,0.0,0.0,0.0,14.285714285714286,1.0644257703081232,0.0,1.0084033613445378,0.0,3.4759358288770055,3.4759358288770055,4.010695187165775,0.5347593582887701,3.0080213903743314,1.3368983957219251,1.804812834224599,5.388760585065435,0.0,0.0,0.0,0.0,0.0,0.0,42.32008592910849,24.167561761546725,7.887700534759358,72.44094488188976,36.075036075036074,0.0,15.584415584415584,17.635658914728683,-9999,35060.0,78438.0,21131.0,35060.0,-9999,25905.0,18.315508021390375,0.8689839572192514,13.189448441247002,0.19230769230769232,30.777903043968433,45.67901234567901,0.0,0.0,10.760233918128655,34.6002621231979,59.37873357228196,295500.0,525.0,84.46833930704898,72.51051893408135,28.96358543417367,15.742296918767506,5.042016806722689,-9999,30.91743119266055,35.37117903930131,2010
13215002400,5.629348513598988,92.53636938646426,1.454775458570525,0.2530044275774826,0.06325110689437065,0.06325110689437065,0.06325110689437065,0.0,0.0,0.0,0.06325110689437065,0.0,15.730337078651685,22.471910112359552,28.941836019621583,13.875262789067975,30.434782608695652,8.695652173913043,50.0,25.0,0.0,100.0,0.3162555344718533,0.06325110689437065,0.3162555344718533,0.0,0.0,0.4484304932735426,0.0,0.0,1.195814648729447,0.0,0.5979073243647235,1.9327731092436975,0.0,0.0,0.0,0.0,0.0,0.0,62.42774566473989,3.5838150289017343,9.325396825396826,50.88,2.1881838074398248,12.910284463894968,0.0,10.421052631578947,-9999,20063.0,22778.0,20375.0,20063.0,-9999,13606.0,41.106128550074736,4.260089686098655,50.56603773584906,31.57894736842105,39.74255832662912,100.0,-9999,-9999,11.696658097686376,9.315866084425036,78.78017789072427,71900.0,302.0,95.67979669631512,73.06501547987617,32.25806451612903,14.104996837444656,4.680581910183428,-9999,47.16796875,53.86666666666667,2010
13215002500,15.993907083015994,81.87357197258187,1.7136329017517136,0.3427265803503427,0.07616146230007616,0.0,0.0,0.0,0.0,0.0,0.03808073115003808,0.0,3.5714285714285716,12.857142857142858,22.81279397930386,11.571025399811854,17.77777777777778,4.444444444444445,0.0,0.0,-9999,-9999,0.5712109672505712,0.15232292460015232,0.49504950495049505,0.21810250817884405,0.3635041802980734,1.7448200654307524,2.435478007997092,0.2544529262086514,1.7811704834605597,0.5816066884769174,1.5630679752817158,6.920684292379471,0.38880248833592534,0.0,0.0,0.1817520901490367,0.0,0.0,74.43526170798899,6.446280991735537,32.95454545454545,35.208333333333336,32.20338983050848,5.084745762711864,6.497175141242938,12.203844434510506,-9999,10855.0,13125.0,10726.0,10855.0,-9999,8065.0,64.66795615731786,12.056737588652481,48.648648648648646,43.162393162393165,68.343653250774,58.53658536585366,-9999,-9999,8.943965517241379,4.023668639053255,78.73015873015873,-9999,240.0,80.74074074074075,81.30952380952381,22.124904798172125,11.576542269611577,3.274942878903275,-9999,33.21829163071614,65.92178770949721,2010
13215002700,3.9483394833948338,92.619926199262,2.177121771217712,0.36900369003690037,0.7011070110701108,0.0,0.14760147601476015,0.07380073800738007,0.25830258302583026,0.0,0.03690036900369004,0.0,24.299065420560748,19.626168224299064,34.41033925686591,9.81421647819063,32.20338983050848,6.779661016949152,44.44444444444444,11.11111111111111,38.888888888888886,33.333333333333336,0.922509225092251,0.03690036900369004,0.44280442804428044,0.0,0.0,0.0,0.7521938988717092,0.0,0.3760969494358546,0.0,0.0,0.39770216526734425,0.0,0.0,0.0,0.0,0.0,0.0,73.45932621199671,5.99835661462613,16.315205327413985,51.234042553191486,18.56763925729443,13.925729442970823,0.5305039787798409,7.654921020656136,-9999,13596.0,22778.0,13154.0,13596.0,-9999,8913.0,50.94024237358963,4.220643543669035,39.341421143847484,67.36842105263158,51.25771238728049,-9999,-9999,-9999,10.37489102005231,16.634241245136188,58.98078529657477,66500.0,382.0,61.73767752715121,71.52709359605912,38.30258302583026,10.18450184501845,2.5461254612546127,-9999,28.266965787997755,56.752873563218394,2010
13215002800,3.0374940673943995,94.06739439962031,2.5154247745609872,0.09492168960607499,0.28476506881822494,0.18984337921214997,0.09492168960607499,0.04746084480303749,0.14238253440911247,0.09492168960607499,0.09492168960607499,0.0,14.0625,10.9375,22.188139059304703,19.529652351738243,33.9622641509434,15.09433962264151,0.0,0.0,20.0,80.0,0.6169909824394875,0.09492168960607499,0.9966777408637874,0.0,0.0,0.8849557522123894,0.0,0.0,1.9595448798988622,1.1378002528445006,0.0,3.6496350364963503,0.8626410086264101,0.0,0.0,0.0,0.0,0.0,70.81581160639193,8.32632464255677,12.36413043478261,44.50402144772118,18.6046511627907,23.72093023255814,2.4806201550387597,11.692307692307692,-9999,18015.0,22045.0,16923.0,18015.0,-9999,13126.0,30.278128950695322,4.867256637168142,21.25,17.5,32.574189095928226,0.0,-9999,-9999,26.018808777429467,28.389830508474578,40.23166023166023,59000.0,307.0,83.01158301158301,62.9861982434128,25.154247745609872,19.174181300427147,7.546274323682962,-9999,39.24528301886792,39.63782696177062,2010
13215002901,15.705350938151494,76.23349548297429,5.072967338429465,0.34746351633078526,2.36275191104934,0.0,0.34746351633078526,0.3127171646977067,0.4864489228630994,0.34746351633078526,1.0423905489923557,0.03474635163307853,10.84070796460177,23.893805309734514,21.940928270042193,14.627285513361462,28.767123287671232,9.58904109589041,0.0,0.0,11.320754716981131,37.735849056603776,2.189020152883947,0.13898540653231412,1.1466296038915913,0.0,0.0,4.119072343371409,3.115264797507788,0.0,7.649705780546902,4.499826929733472,4.153686396677051,9.663536776212833,0.0,0.0,0.27691242644513675,1.8691588785046729,0.0,0.0,51.62064825930372,16.086434573829532,5.428796223446105,58.17524841915086,15.632754342431761,12.572373862696443,1.3234077750206783,22.266401590457257,-9999,36146.0,23934.0,41441.0,36146.0,-9999,18245.0,23.29525787469713,1.592246452059536,21.656050955414013,5.851979345955249,25.36372453928225,67.83625730994152,-9999,-9999,11.44038594073053,35.719844357976655,51.43620574482298,80900.0,568.0,70.20708082832331,59.60474308300395,23.870743571924947,15.844336344683809,3.7178596247394022,-9999,25.879732739420934,32.87671232876713,2010
13215002902,9.20409070698088,85.37127612272121,4.001778568252557,0.48910626945309027,0.889284126278346,0.0,0.0,0.17785682525566918,0.08892841262783459,0.08892841262783459,0.5780346820809249,0.0,9.66183574879227,39.130434782608695,20.456960680127523,17.32199787460149,32.22222222222222,8.88888888888889,20.0,20.0,0.0,29.41176470588235,1.778568252556692,0.0,0.5780346820809249,0.0,0.0,1.6013628620102214,2.1465076660988074,0.0,6.780238500851789,4.258943781942079,2.5553662691652472,9.502090459901178,3.6488027366020526,0.0,0.0,0.44293015332197616,0.0,0.0,52.60845689181768,6.260296540362439,16.446280991735538,51.63511187607573,14.243323442136498,8.506429277942631,7.6162215628091,19.948849104859335,-9999,29012.0,27727.0,29375.0,29012.0,-9999,14403.0,38.43270868824531,3.1005110732538332,31.875881523272213,51.80327868852459,36.45788336933045,46.25407166123779,-9999,-9999,22.531645569620252,57.734204793028326,26.964671953857245,95800.0,559.0,44.70079307858688,66.3167104111986,23.69942196531792,18.897287683414852,6.047132058692752,-9999,31.252932895354295,28.762541806020067,2010
13215003000,4.334828101644245,82.0627802690583,12.96711509715994,0.2615844544095665,0.336322869955157,0.0,0.0,0.0,0.0,0.0,0.03736920777279522,0.0,6.896551724137931,36.206896551724135,24.583333333333332,15.231481481481481,37.752161383285305,2.881844380403458,50.0,0.0,14.285714285714286,14.285714285714286,6.278026905829597,0.03736920777279522,0.8968609865470852,0.0,0.0,0.43440486533449174,0.3475238922675934,0.0,10.599478714161599,9.730668983492615,0.8688097306689835,10.662282761860029,1.503053076561766,0.0,0.0,0.39096437880104257,0.0,0.0,79.12923289564617,4.14651002073255,16.161616161616163,56.32563256325633,16.205533596837945,5.006587615283268,6.719367588932807,10.996119016817595,-9999,23425.0,36810.0,21136.0,23425.0,-9999,10074.0,41.44222415291051,1.259774109470026,26.12966601178782,6.545454545454546,51.25958378970427,24.427480916030536,-9999,-9999,17.51937984496124,27.913533834586467,48.949919224555735,57100.0,343.0,67.2859450726979,61.00917431192661,29.110612855007474,14.387144992526158,3.961136023916293,-9999,42.91545189504373,36.58536585365854,2010
13215003200,6.823394495412844,76.03211009174312,16.28440366972477,0.3440366972477064,0.3440366972477064,0.0,0.11467889908256881,0.0,0.0,0.0,0.0,0.11467889908256881,17.647058823529413,28.571428571428573,23.670007710100233,12.181958365458751,28.169014084507044,1.7605633802816902,0.0,66.66666666666667,16.666666666666668,0.0,9.747706422018348,0.11467889908256881,0.8027522935779816,0.0,0.0,1.5873015873015872,0.0,0.0,14.17233560090703,6.122448979591836,0.5102040816326531,18.294190358467244,12.978986402966626,0.0,0.0,1.5873015873015872,0.0,0.0,68.63057324840764,4.140127388535032,22.359550561797754,62.17391304347826,18.234442836468887,9.985528219971057,0.4341534008683068,8.284883720930232,-9999,18569.0,11518.0,19661.0,18569.0,-9999,13490.0,26.802952867688813,2.2146507666098807,16.3265306122449,54.43037974683544,23.8061797752809,34.5679012345679,-9999,-9999,20.045045045045047,19.014084507042252,48.89123548046462,58300.0,381.0,69.2713833157339,87.51696065128901,28.38302752293578,11.639908256880734,2.6376146788990824,-9999,34.21768707482993,37.36842105263158,2010
13215003301,17.91951404707669,74.4874715261959,5.239179954441913,0.683371298405467,1.6704631738800304,0.15186028853454822,0.07593014426727411,0.0,0.37965072133637057,0.07593014426727411,0.8352315869400152,0.0,15.677966101694915,23.305084745762713,24.733475479744136,11.087420042643924,30.434782608695652,7.246376811594203,20.0,0.0,11.11111111111111,22.22222222222222,1.5945330296127562,0.0,2.5816249050873195,0.0,0.0,1.5345268542199488,3.9215686274509802,0.0,2.47229326513214,0.0,1.1935208866155158,3.470319634703196,0.0,0.0,0.0,0.5967604433077579,0.0,0.0,44.34628975265018,6.360424028268551,19.522776572668114,59.038901601830666,25.336927223719677,13.20754716981132,2.6954177897574123,21.908602150537636,-9999,36932.0,23385.0,44886.0,36932.0,-9999,13876.0,37.254901960784316,0.42625745950554134,29.181494661921707,52.4822695035461,28.864569083447332,-9999,100.0,-9999,14.128440366972477,52.35042735042735,6.374501992031872,78700.0,443.0,60.756972111553786,44.56233421750663,28.32194381169324,12.75626423690205,3.340926347760061,-9999,19.28406466512702,30.46153846153846,2010
13215003302,11.853360488798371,81.22199592668025,5.94704684317719,0.24439918533604887,0.6924643584521385,0.04073319755600815,0.0,0.0,0.0,0.0814663951120163,0.570264765784114,0.0,11.34020618556701,36.08247422680412,22.608695652173914,21.63682864450128,28.767123287671232,9.58904109589041,0.0,0.0,0.0,46.666666666666664,2.1995926680244398,0.1629327902240326,1.7107942973523422,0.0,0.6894390473205891,3.697900344719524,0.31338138514572234,0.0,1.6295832027577561,0.0,1.4102162331557506,6.08725059181603,0.2367264119039567,0.0,0.0,1.0968348480100283,0.0,0.0,68.39050131926122,7.229551451187335,10.261026102610261,52.305366591080876,13.577799801783945,9.910802775024777,1.4866204162537167,21.47154095326238,-9999,22759.0,30694.0,20931.0,22759.0,-9999,12526.0,33.165829145728644,2.512562814070352,28.60927152317881,44.73007712082262,32.72241313478427,0.0,-9999,-9999,18.503620273531777,39.88153998025666,19.53488372093023,56600.0,358.0,93.10077519379846,69.34426229508196,25.74338085539715,22.64765784114053,8.35030549898167,-9999,40.15444015444015,33.39070567986231,2010
13215003400,12.104362703165098,74.03763900769889,12.061591103507272,0.5988023952095808,0.9837467921300257,0.0427715996578272,0.0427715996578272,0.0855431993156544,0.0855431993156544,0.0,0.6843455945252352,0.0427715996578272,8.480565371024735,22.968197879858657,31.799410029498524,6.548672566371682,27.30496453900709,4.25531914893617,18.181818181818183,27.272727272727273,10.526315789473685,42.10526315789474,6.544054747647562,0.0427715996578272,1.1120615911035072,0.0,2.210610932475884,2.3311897106109325,0.7636655948553055,0.0,7.676848874598071,5.667202572347267,1.2459807073954985,12.870835235052487,5.385668644454587,0.0,0.0,0.6430868167202572,0.0,0.0,65.97774244833069,4.133545310015898,27.138914443422262,65.26005888125613,8.646616541353383,7.142857142857143,11.278195488721805,12.075471698113208,-9999,21356.0,21484.0,21642.0,21356.0,42969.0,9405.0,53.29581993569132,0.522508038585209,47.262773722627735,27.096774193548388,57.08061002178649,50.617283950617285,-9999,27.77777777777778,16.93548387096774,12.297734627831716,60.458958517210945,56800.0,423.0,70.16769638128861,85.97081930415264,32.634730538922156,8.554319931565441,2.095808383233533,-9999,20.091585575271896,48.88475836431227,2010
13215010104,52.12798530312308,34.629516227801595,7.225964482547458,0.352112676056338,5.327617881200245,0.015309246785058175,1.9748928352725046,0.5511328842620943,0.4898958971218616,0.6889161053276179,1.3931414574402938,0.1837109614206981,16.06461086637298,14.977973568281937,21.741154562383613,7.867783985102421,23.093220338983052,5.508474576271187,12.5,12.5,17.421602787456447,9.059233449477352,2.189222290263319,0.3214941824862217,2.464788732394366,0.23011176857330704,1.692965154503616,7.034845496383958,6.673241288625904,0.13149243918474687,7.166337935568705,4.503616042077581,3.484549638395792,17.456934825075475,2.575031077961286,0.23011176857330704,0.0,0.5752794214332676,0.0,0.0,24.51108213820078,36.662320730117344,11.077943615257048,65.60270371761172,53.13311086392288,9.121245828698553,7.823507601038191,19.898206495395055,-9999,51471.0,54271.0,45114.0,51471.0,65750.0,28415.0,8.138957816377172,0.0,5.190311418685121,5.695317959468903,6.8277310924369745,11.830985915492958,0.0,0.0,9.028642590286426,33.983572895277206,65.01158556769282,208400.0,767.0,36.04766633565045,84.90272373540856,22.15248009797918,11.313533374157991,2.5719534598897735,-9999,16.551579828415985,17.309941520467838,2010
13215010106,60.17244542285819,25.738396624472575,7.521555677857274,0.8805723720418271,5.265088974500092,0.1467620620069712,0.5870482480278848,0.642084021280499,1.008989176297927,0.275178866263071,1.1374059805540269,1.192441753806641,19.603658536585368,18.99390243902439,32.207207207207205,4.804804804804805,36.58536585365854,5.853658536585366,40.0,6.666666666666667,19.246861924686193,12.133891213389122,2.4215740231150247,0.2935241240139424,2.8251696936341957,0.0,0.36319612590799033,4.635074368730543,4.980975441023867,0.0,7.644413697682463,3.1476997578692494,4.012452438602559,9.741331865712713,1.0456796917996698,0.0,0.0,0.4150812867519889,0.0,0.0,34.08679927667269,28.028933092224232,7.525807525807526,67.03703703703704,33.87096774193548,11.00358422939068,4.265232974910394,15.722952477249747,-9999,50161.0,63750.0,43246.0,50161.0,105337.0,20928.0,11.679085080575291,0.3985444463697799,5.90851334180432,6.652587117212249,18.823529411764707,12.07865168539326,0.0,10.749185667752442,5.530164533820841,65.2636671504596,22.883597883597883,133700.0,715.0,39.02116402116402,64.4114921223355,28.031553843331498,13.648871766648321,3.3204916529077235,-9999,19.07879882592007,20.742213386348574,2010
13215010107,64.21197522367515,24.50103234686855,5.271851342050929,0.41293874741913283,5.437026841018582,0.013764624913971095,1.8031658637302133,0.4817618719889883,0.9222298692360633,0.2339986235375086,1.2388162422573985,0.6331727460426704,22.465166130760988,16.613076098606644,24.603640634174987,10.628302994715208,36.81462140992167,4.177545691906006,25.0,15.0,29.310344827586206,8.333333333333334,1.4315209910529938,0.2615278733654508,1.9821059876118376,0.09418729817007535,3.4445640473627557,6.754574811625404,8.82669537136706,0.1883745963401507,7.104413347685684,3.4041980624327235,3.606027987082885,10.953377166766288,1.210400478182905,0.09418729817007535,0.1883745963401507,0.3094725511302476,0.0,0.0,21.572327044025158,40.524109014675055,7.313519813519814,62.38469422617014,58.165478772854044,9.07964053300279,12.82925317632476,20.024420024420024,-9999,85913.0,93897.0,67477.0,85913.0,68708.0,36379.0,2.6035343315796573,0.3777148253068933,0.8414526129317981,0.8419280151547043,6.922688226376958,3.5714285714285716,-9999,2.4725274725274726,5.087263275157817,84.19405320813772,7.282913165266106,254600.0,1082.0,14.355742296918768,72.23071046600458,28.437715072264282,13.874741913282863,3.1520991052993805,-9999,8.383017163504968,7.585213634181469,2010
13215010201,72.09198813056379,13.531157270029674,5.964391691394659,0.6231454005934718,7.1513353115727005,0.05934718100890208,2.9970326409495547,0.44510385756676557,0.6676557863501483,0.43026706231454004,1.6765578635014837,0.37091988130563797,22.165054537970775,14.550318995678124,25.11574074074074,6.018518518518518,28.35820895522388,9.45273631840796,25.0,0.0,27.294117647058822,11.529411764705882,1.7210682492581602,0.3560830860534125,1.4391691394658754,0.4197610590894414,3.374233128834356,7.539554407491121,9.654504359057151,0.8395221181788828,7.507265095253471,2.5992896351307717,3.2935098482402325,15.6025824964132,2.4031563845050217,0.11301259283177269,0.0,0.6457862447529867,0.0,0.0,27.31971449667733,43.51464435146443,6.995288147879666,55.45722713864307,52.406417112299465,4.583651642475172,11.726508785332316,19.492944271705333,-9999,72048.0,70631.0,111765.0,72048.0,95625.0,35421.0,3.6271958360442422,0.27651268705270005,2.1599532983070637,3.9566847147022073,0.0,1.9230769230769231,-9999,5.02092050209205,7.6840600428877766,60.43360433604336,31.254901960784313,218100.0,948.0,20.313725490196077,72.67241379310344,27.477744807121663,12.670623145400594,3.115727002967359,-9999,18.35229667088074,9.875876956287103,2010
13215010203,68.95247699483171,16.185554014874576,5.722929534854406,0.6176730114710702,8.294466154040085,0.17647800327744864,3.2648430606327996,0.8571788730618933,0.9580234463632926,0.41598386486827177,1.7395688894491366,0.8319677297365435,20.274223034734916,16.489945155393052,23.78964941569282,5.258764607679466,28.634361233480178,6.387665198237886,17.24137931034483,13.793103448275861,28.885135135135137,6.25,1.7899911760998362,0.27732257657884785,1.5252741711836633,0.0,2.289571201694018,12.347803070407624,8.800952885124405,0.10587612493382742,8.377448385389094,1.9984118581259926,5.373213340391741,11.792584332311124,0.45999442431000837,0.0,0.0,0.4235044997353097,0.0,0.0,24.103386094970947,45.08114606291324,6.489275047515612,64.54515161612795,49.30313588850174,8.855981416957027,10.656213704994192,16.371259767486183,-9999,72940.0,85068.0,53571.0,72940.0,86413.0,34540.0,6.388630628237482,1.447735423030947,2.3006134969325154,5.847731156255933,9.82905982905983,0.0,-9999,3.485838779956427,6.701179177451826,54.06905055487053,32.70889087124591,253100.0,839.0,14.48111804936069,77.80366056572379,25.425438043615276,13.071977814193874,4.033782932055969,-9999,17.483936422049375,12.187210379981464,2010
13215010204,68.48494927656743,19.873607184433727,6.618992183602195,0.6818559787127889,3.941460169632463,0.08315316813570597,0.6818559787127889,0.31598203891568266,0.432396474305671,0.2993514052885415,1.4136038583070014,0.5820721769499418,19.25692083535697,18.892666342884894,24.438454627133872,12.398921832884097,31.90954773869347,7.5376884422110555,42.857142857142854,7.142857142857143,20.670391061452513,10.05586592178771,1.729585897222684,0.23282887077997672,2.6276401130883085,0.26255907579205323,3.938386136880798,13.390512865394713,7.159110799929985,0.47260633642569577,6.7390162786626995,1.3302993173464028,4.358480658148084,13.563672260612043,2.1915103652517276,0.0,0.26255907579205323,0.49011027481183267,0.0,0.0,27.921247762720533,31.88442853490156,10.499490316004078,68.70955462504759,44.13092550790068,11.211437170805116,7.7125658389766745,16.889104586265468,-9999,62778.0,64065.0,45388.0,62778.0,67778.0,27134.0,4.2841648590021695,0.23499638467100506,2.0114942528735633,3.080433542498574,12.772277227722773,0.0,0.0,0.0,5.937372915819439,69.347168179853,13.133832086450541,139400.0,894.0,47.29842061512885,68.5504745470233,24.49692333277898,16.13171461832696,4.623316148345252,-9999,18.90447561790247,14.037192561487702,2010
13215010205,69.80419099965647,18.68773617313638,5.908622466506356,0.3435245620061834,4.568876674682239,0.13740982480247338,1.8893850910340089,0.3435245620061834,0.1717622810030917,0.3778770182068018,0.8588114050154586,0.13740982480247338,17.322834645669293,23.12992125984252,28.79377431906615,5.058365758754864,27.906976744186046,8.13953488372093,0.0,0.0,26.956521739130434,5.217391304347826,1.5458605290278256,0.10305736860185503,2.610786671246994,0.0,1.6766981943250214,7.996560619088564,6.0619088564058465,2.0206362854686155,1.2467755803955287,0.8168529664660361,1.2467755803955287,4.443426477324782,0.4122766834631241,0.0,0.0,0.945829750644884,0.0,0.0,29.929161747343567,43.80165289256198,7.450628366247756,59.16515426497278,51.785714285714285,11.56015037593985,7.424812030075188,13.966800228963939,-9999,61446.0,60956.0,53878.0,61446.0,70357.0,32225.0,6.706792777300086,0.472914875322442,7.434944237918216,6.1955965181771635,12.635379061371841,0.0,-9999,0.0,3.9341917024320456,37.081161578555474,54.26470588235294,177800.0,821.0,16.544117647058822,74.3207712532866,22.947440742013054,17.86327722432154,8.141532119546548,-9999,19.50185479597244,16.348773841961854,2010
13215010301,85.47215496368038,5.528652138821631,2.138821630347054,0.6053268765133172,5.9725585149313964,0.0,3.228410008071025,0.645682001614205,0.847457627118644,0.08071025020177562,0.6053268765133172,0.0,15.391879131255902,44.239848914069874,16.27906976744186,20.155038759689923,13.20754716981132,18.867924528301888,9.090909090909092,18.181818181818183,14.482758620689655,31.03448275862069,0.3228410008071025,0.4035512510088781,0.36319612590799033,0.5432511491851233,2.089427496865859,5.975762641036356,6.310071040534893,1.5461763476807355,9.90388633514417,2.4237358963643962,6.644379440033431,15.906183368869936,1.236673773987207,0.0,0.0,0.0,0.0,0.0,16.489063376332023,62.03028603477286,4.531085353003161,40.55013309671695,61.38002059732235,9.062821833161689,36.04531410916581,16.59729448491155,-9999,109667.0,107583.0,-9999,109667.0,89471.22656,84103.0,2.2794428028704092,1.9839594765723934,0.0,2.7327935222672064,-9999,0.0,-9999,0.0,7.096774193548387,85.21825396825396,18.767249310027598,465700.0,2001.0,35.32658693652254,61.84486373165618,18.926553672316384,41.24293785310734,18.84584342211461,-9999,11.790393013100436,2.0380434782608696,2010
13215010302,76.3228984586048,13.348164627363737,5.180359129191165,0.44493882091212456,4.481169553472112,0.01589067217543302,1.0011123470522802,0.41315747656125856,0.9057683139996822,0.3178134435086604,1.6526299062450343,0.17479739392976323,17.822194461794712,24.734540911930043,25.753768844221106,8.919597989949748,28.834355828220858,7.0552147239263805,8.333333333333334,33.333333333333336,19.457013574660632,10.85972850678733,1.3824884792626728,0.20657873828062928,1.7479739392976323,0.6528189910979229,2.477744807121662,6.112759643916914,4.525222551928783,0.3264094955489614,5.712166172106825,1.3204747774480712,4.109792284866469,9.521561221277935,0.6452628265659427,0.14836795252225518,0.0,0.23738872403560832,0.0,0.0,25.56342562781713,36.14509551405881,6.769230769230769,59.91133628879037,51.25366330185607,8.01042005861283,8.661673721914687,14.982790038469325,-9999,69162.0,67500.0,98884.0,69162.0,110260.0,38941.0,10.192878338278932,1.3649851632047478,5.061179087875417,10.185369742874228,2.237926972909305,20.218579234972676,0.0,0.0,6.292947558770344,72.01852566576612,25.25077827741266,192700.0,907.0,31.234866828087167,66.66666666666667,23.20038137613221,20.864452566343555,7.214365167646592,-9999,22.460684551341352,9.90990990990991,2010
13215010401,81.20606155288236,10.154663333854085,5.202312138728324,0.4842993282299641,2.6870801437275427,0.015622558975160131,0.20309326667708172,0.2499609436025621,0.6249023590064052,0.42180909232932357,0.6717700359318857,0.32807373847836274,18.0454020777222,27.164293959215083,24.365482233502537,11.16751269035533,34.83483483483484,5.7057057057057055,5.882352941176471,17.647058823529413,24.793388429752067,21.487603305785125,1.8590845180440556,0.17184814872676143,1.7497266052179348,0.0,1.035653650254669,9.083191850594227,9.796264855687607,0.7300509337860781,2.6315789473684212,1.4601018675721562,1.2903225806451613,7.478165938864628,0.8551673944687045,0.0,0.0,0.7809847198641766,0.0,0.0,33.30869672333087,31.879773343187978,6.420168067226891,61.05675146771037,37.468982630272954,5.565402339595888,8.436724565756824,14.772462077012836,-9999,55327.0,58494.0,48219.0,55327.0,50388.0,28639.0,6.061120543293718,1.035653650254669,3.1431897555296855,3.1080199956531187,31.259720062208398,0.0,0.0,7.878787878787879,3.937294932555596,73.32068311195447,7.0349907918968695,155500.0,732.0,76.83241252302025,58.66308106031502,22.215278862677707,23.88689267301984,8.592407436338073,-9999,26.27843873930286,12.072767364939361,2010
13215010402,66.26327488268709,19.60978019264016,6.8411953568782415,0.8397135095085206,5.976784391207706,0.0,1.8276117559891332,0.5433440355643369,0.7409236848604593,0.3210669301061991,0.8644109656705359,1.0125957026426278,16.73499813641446,20.760342899739097,23.2722143864598,3.8081805359661494,31.407942238267147,4.332129963898917,15.384615384615385,15.384615384615385,23.394495412844037,5.963302752293578,2.5685354408495926,0.1975796492961225,1.7041244751790565,0.0,3.580016029922522,3.820464867753139,7.160032059845044,0.8549292011755276,6.67913438418381,3.6334491049959925,3.8738979428266096,15.311418685121108,3.085351787773933,0.0,0.0,0.5343307507347048,0.0,0.0,33.80566801619433,19.59514170040486,4.074619538537064,66.9833729216152,33.98157625383828,4.554759467758444,7.420675537359263,12.669039145907472,-9999,40573.0,41335.0,55104.0,40573.0,13646.0,22192.0,13.879957127545552,0.0,10.819009100101113,9.94475138121547,22.646657571623464,0.0,0.0,71.95121951219512,12.279843444227005,44.22755158951478,39.148494288681206,139400.0,763.0,59.70924195223261,67.68837803320562,22.425290195109902,15.238330451963447,5.828599654235614,-9999,23.26490713587488,17.998075072184793,2010
13215010501,57.11829973433349,33.39584310048445,5.422722300359431,0.687607438662291,3.031723706829192,0.03125488357555868,0.875136740115643,0.2969213939678075,0.7188623222378496,0.2656665103922488,0.5625879043600562,0.23441162681669012,14.473324213406293,28.426812585499317,25.719863347974623,10.004880429477794,33.14121037463977,7.492795389048991,23.80952380952381,19.047619047619047,20.37037037037037,25.308641975308642,1.9534302234724175,0.10939209251445538,1.8909204563213002,0.0,1.5049036185322962,7.997970916469395,4.2441663848495095,0.5072708826513358,3.8721677375718633,1.0821778829895163,2.367264119039567,8.69410297523606,0.0,0.0,0.0,2.705444707473791,0.0,0.0,25.142857142857142,30.714285714285715,5.521692362854069,53.431372549019606,40.88397790055249,7.661141804788214,8.066298342541437,18.008244738555,-9999,48342.0,45625.0,70909.0,48342.0,36538.0,28474.0,11.580196676839607,1.0681586978636826,7.405177603853101,11.480865224625624,12.2397155916709,0.0,-9999,23.529411764705884,5.951532430506059,68.24554755589239,13.333333333333334,147800.0,576.0,57.1875,57.6908023483366,23.378652914517893,20.64385060165651,7.7355836849507735,-9999,20.663833232139243,17.816091954022987,2010
13215010502,43.741109530583216,47.93741109530583,5.2631578947368425,0.2844950213371266,2.5604551920341394,0.0,0.21337126600284495,0.21337126600284495,0.2844950213371266,0.35561877667140823,0.9246088193456614,0.07112375533428165,13.008130081300813,36.422764227642276,29.953917050691246,3.686635944700461,31.08108108108108,8.108108108108109,0.0,0.0,6.896551724137931,24.137931034482758,0.7823613086770982,0.4267425320056899,2.5604551920341394,0.0,0.4542873367404884,5.281090289608177,2.2146507666098807,1.7603634298693924,1.4196479273140261,1.5900056785917092,0.6814310051107325,3.8809831824062098,0.0,0.0,0.0,0.34071550255536626,0.0,0.0,42.413162705667276,23.03473491773309,7.434052757793765,61.394769613947695,33.75959079283887,3.836317135549872,5.370843989769821,12.64,-9999,35072.0,32250.0,35291.0,35072.0,-9999,20152.0,14.19647927314026,2.1578648495173196,11.229946524064172,15.16164994425864,14.12639405204461,0.0,0.0,0.0,9.375,14.068965517241379,70.45707915273132,12800.0,686.0,38.684503901895205,83.21678321678321,24.608819345661452,18.634423897581794,12.660028449502134,-9999,40.29503105590062,35.80246913580247,2010
13215010602,24.858184764991897,67.44327390599676,4.821717990275527,0.6077795786061588,1.9448946515397083,0.0,0.1620745542949757,0.1620745542949757,0.7090761750405187,0.3241491085899514,0.44570502431118314,0.08103727714748785,10.105949470252648,33.82233088834556,30.484773151025482,9.042883778744562,26.050420168067227,14.285714285714286,13.636363636363637,13.636363636363637,8.536585365853659,32.926829268292686,1.03322528363047,0.04051863857374392,2.4311183144246353,0.0,1.9885840545019333,5.523844595838704,3.406370834100534,0.2761922297919352,6.002577794144725,3.885104032406555,3.4984349106978456,13.524835427887492,1.9349690803909834,0.0,0.0,2.0622353157797826,0.0,0.0,44.1969887076537,10.194479297365119,7.883986928104576,60.338517840805125,25.566202090592334,11.890243902439025,2.8745644599303137,18.77444589308996,-9999,39124.0,37054.0,39537.0,39124.0,16996.4668,16693.0,18.76265881053213,1.4177867795986006,13.4785568413887,21.18380062305296,18.87072808320951,2.5157232704402515,0.0,0.0,8.963445167751628,65.07150715071508,8.179162609542356,86200.0,612.0,78.91918208373905,51.09919571045577,28.829011345218802,15.782009724473257,5.388978930307942,-9999,20.959280539595305,28.614916286149164,2010
13215010605,3.8350217076700432,90.5692233478051,4.245055475156778,0.1688374336710082,1.0612638687891944,0.0241196333815726,0.0241196333815726,0.1688374336710082,0.241196333815726,0.0,0.7959479015918958,0.361794500723589,13.836477987421384,23.89937106918239,23.85496183206107,17.557251908396946,48.29545454545455,3.977272727272727,75.0,25.0,26.31578947368421,7.894736842105263,0.6271104679208876,0.1929570670525808,2.074288470815244,0.0,0.0,1.1032656663724625,0.02206531332744925,0.0,0.353045013239188,0.0,0.353045013239188,1.2795750845002414,0.28971511347175277,0.0,0.0,0.15445719329214475,0.0,0.0,40.32921810699588,14.478114478114477,6.159068865179438,66.80919294494923,23.100616016427104,11.806981519507186,1.48870636550308,20.28647568287808,-9999,50521.0,25893.0,51276.0,50521.0,-9999,18862.0,8.9396628216504,0.1774622892635315,5.646481178396072,31.914893617021278,8.276349917472293,0.0,-9999,0.0,4.731457800511509,71.0738255033557,7.7250608272506085,109800.0,539.0,50.790754257907544,46.81274900398407,28.55764592378196,16.88374336710082,4.486251808972503,-9999,23.24561403508772,30.913748932536294,2010
13215010606,34.40567066521265,62.595419847328245,2.5081788440567068,0.16357688113413305,0.27262813522355506,0.0,0.10905125408942203,0.0,0.05452562704471101,0.0,0.05452562704471101,0.0,0.6339144215530903,27.099841521394612,2.6178010471204187,11.954624781849914,4.3478260869565215,13.043478260869565,66.66666666666667,0.0,0.0,0.0,1.4721919302071973,0.3271537622682661,0.5452562704471101,0.0,0.6234413965087282,4.8212801330008315,6.85785536159601,0.0,1.4131338320864506,0.0,0.24937655860349128,5.901911886949294,0.6650041562759768,0.0,0.0,0.0,0.0,0.0,79.83991995998,2.351175587793897,0.0,0.0,0.0,0.0,0.0,7.054823629409265,-9999,-9999,-9999,-9999,-9999,-9999,2637.0,34.69387755102041,6.122448979591836,-9999,100.0,28.88888888888889,-9999,-9999,-9999,43.39622641509434,0.0,100.0,-9999,2001.0,0.0,100.0,3.053435114503817,17.12104689203926,12.431842966194111,-9999,27.14704650188521,-9999,2010
13215010607,14.47072072072072,78.41591591591592,5.198948948948949,0.6006006006006006,1.1261261261261262,0.01876876876876877,0.11261261261261261,0.11261261261261261,0.1313813813813814,0.41291291291291293,0.3003003003003003,0.0,11.802853437094683,29.182879377431906,28.2667320421672,11.424368717822995,31.04693140794224,11.552346570397113,17.391304347826086,17.391304347826086,8.695652173913043,34.78260869565217,1.3513513513513513,0.11261261261261261,2.2522522522522523,0.0,0.23368385912201636,2.4202971123351693,4.156234351527291,0.0,4.42330161909531,0.0,4.022700717743281,6.344065536292627,0.8001524099828539,0.0,0.0,1.4521782674011017,0.0,0.0,52.44377811094453,13.823088455772114,11.694326514859128,57.22014148980441,25.379609544468547,9.587852494577007,8.112798264642082,14.72828847130523,-9999,33184.0,25491.0,36462.0,33184.0,-9999,16569.0,30.451634647792382,2.1739130434782608,24.412296564195298,40.28384279475983,27.27079344820251,49.81132075471698,-9999,0.0,9.70184571699006,66.9287211740042,6.207211319032405,103100.0,548.0,64.6736649931538,63.530507685142055,30.405405405405407,14.001501501501501,3.828828828828829,-9999,20.967741935483872,30.870165745856355,2010
13215010608,9.817131857555342,84.64870067372473,3.9220404234841193,0.3368623676612127,1.082771896053898,0.0,0.09624639076034648,0.02406159769008662,0.40904716073147257,0.16843118383060635,0.6496631376323387,0.12030798845043311,10.294117647058824,38.23529411764706,26.656976744186046,10.494186046511627,31.901840490797547,11.656441717791411,0.0,28.571428571428573,0.0,37.83783783783784,0.4571703561116458,0.2646775745909528,1.7083734359961502,0.0,0.2591283863368669,2.0023557126030624,0.0,0.0,4.287396937573616,0.7302709069493521,3.5100117785630154,4.457614017005926,0.7729966503478485,0.0,0.0,0.8951707891637221,0.0,0.0,46.20037807183365,9.678638941398866,8.878281622911695,68.08149405772495,22.5,15.989583333333334,9.0625,20.478632478632477,-9999,40446.0,39659.0,42292.0,40446.0,60139.0,19820.0,14.578370652691758,0.0,12.995780590717299,4.381443298969073,15.399943068602335,50.87719298245614,0.0,0.0,5.562742561448901,76.3013698630137,7.037037037037037,116900.0,612.0,49.074074074074076,56.19047619047619,29.716073147256978,13.402309913378248,3.3926852743022136,-9999,24.242424242424242,25.6993006993007,2010
13215010701,13.444259567387688,80.8153078202995,4.059900166389351,0.3826955074875208,1.098169717138103,0.04991680532445923,0.016638935108153077,0.16638935108153077,0.26622296173044924,0.26622296173044924,0.46589018302828616,0.11647254575707154,10.51980198019802,35.51980198019802,25.72988867884898,11.804242806133166,27.459016393442624,8.60655737704918,6.25,12.5,2.1739130434782608,39.130434782608695,1.098169717138103,0.11647254575707154,1.5973377703826954,0.0,0.0,0.8465966813410092,2.878428716559431,0.016931933626820182,2.878428716559431,1.6085336945479174,2.0826278360988826,2.2996766079770032,1.1318720804886813,0.0,0.0,0.5079580088046055,0.0,0.0,49.96205413609916,11.940298507462687,15.507649513212796,70.02979991485739,20.941558441558442,9.577922077922079,3.814935064935065,15.44186046511628,-9999,40277.0,21078.0,41535.0,40277.0,-9999,18822.0,16.70929241261722,1.8073316283034953,8.046722907203115,30.8843537414966,14.817001180637543,0.0,-9999,-9999,5.713094245204337,69.88058381247235,6.562625050020008,101900.0,565.0,55.58223289315726,54.5249887438091,27.653910149750416,14.891846921797004,4.4592346089850246,-9999,27.23204773066269,24.52948557089084,2010
13215010702,6.947942905121747,88.41309823677582,3.0856423173803527,0.20990764063811923,1.2174643157010916,0.06297229219143577,0.08396305625524769,0.041981528127623846,0.41981528127623846,0.08396305625524769,0.41981528127623846,0.3778337531486146,12.084592145015106,38.670694864048336,20.850446967866635,21.18869292099541,36.734693877551024,7.482993197278912,0.0,50.0,13.461538461538462,28.846153846153847,0.7136859781696053,0.041981528127623846,1.1964735516372795,0.0,0.0,0.8603031544448996,1.1265874641540352,0.0,4.444899631298648,1.1470708725931995,3.2158951249487915,6.426735218508997,0.8140531276778064,0.0,0.0,1.5772224498156493,0.0,0.0,53.63360044211108,12.959381044487428,6.7051509769094135,61.81214421252372,26.13851992409867,12.618595825426945,3.6053130929791273,24.12560633137605,-9999,44054.0,27240.0,46418.0,44054.0,-9999,22673.0,11.675542810323638,1.9664072101597705,4.252199413489736,11.96911196911197,12.524177949709864,10.24390243902439,-9999,0.0,5.592611595690098,72.98913043478261,1.741654571843251,106100.0,529.0,74.69762941461055,33.73921867072552,24.181360201511335,21.872376154492024,6.675062972292191,-9999,18.446368446368446,23.124516627996908,2010
13215010703,4.5037531276063385,91.0091743119266,3.4361968306922437,0.2835696413678065,0.5170975813177648,0.0,0.06672226855713094,0.16680567139282734,0.43369474562135113,0.016680567139282735,0.4670558798999166,0.0,12.592592592592593,29.25925925925926,22.894491129785248,18.8422035480859,28.155339805825243,10.194174757281553,7.6923076923076925,15.384615384615385,3.5714285714285716,39.285714285714285,0.4837364470391993,0.11676396997497915,1.3678065054211843,0.0,0.0,2.4503722084367245,1.4733250620347396,0.0,1.2406947890818858,0.0,1.2406947890818858,1.686056314280897,0.1686056314280897,0.0,0.0,0.5583126550868487,0.0,0.0,35.486194477791116,10.684273709483794,11.766677841099565,57.70825480588014,24.010554089709764,8.179419525065963,2.0731247644176403,22.792388283087448,-9999,34212.0,51000.0,34475.0,34212.0,-9999,19525.0,25.0,3.086228287841191,16.33254716981132,15.570175438596491,24.404761904761905,0.0,0.0,50.0,10.392948953360264,53.032786885245905,29.222695965890455,122500.0,470.0,57.29747458183011,63.11569301260023,26.788990825688074,18.83236030025021,6.271893244370308,-9999,25.078988941548182,27.882736156351793,2010
13215010801,52.27750525578136,20.672740014015417,23.055360896986684,1.4716187806587246,2.242466713384723,0.0,0.2102312543798178,0.0700770847932726,1.3314646110721795,0.0700770847932726,0.2803083391730904,0.1401541695865452,34.98659517426273,1.2064343163538873,30.15267175572519,5.7251908396946565,37.68996960486322,2.127659574468085,35.714285714285715,0.0,5.882352941176471,11.764705882352942,6.306937631394534,0.2803083391730904,5.1156271899089,0.0,2.596714361420244,13.407525172231054,9.167991520932697,0.0,1.9607843137254901,2.596714361420244,0.5829358770535241,8.290816326530612,0.0,0.0,0.0,1.0068892421833597,0.0,0.0,42.97520661157025,14.87603305785124,13.930348258706468,40.497737556561084,28.32369942196532,6.936416184971098,0.0,8.365758754863814,-9999,44167.0,47784.0,41458.0,44167.0,-9999,12777.0,17.973629424011104,0.0,13.333333333333334,15.74712643678161,27.72020725388601,0.0,100.0,-9999,54.079861111111114,0.0,60.362400906002264,-9999,1058.0,77.57644394110986,96.94835680751174,37.771548703573934,2.312543798177996,0.4905395935529082,-9999,10.379550735863672,18.556701030927837,2010
13215010802,56.724511930585685,20.994731949178803,15.804152463588473,1.7818407189339944,4.322900526805082,0.13944840409048653,0.37186241090796407,0.4493337465137899,1.6888751162070035,0.37186241090796407,0.5268050821196157,0.17043693833281687,30.019120458891013,0.19120458891013384,38.824503311258276,0.33112582781456956,42.15686274509804,0.19607843137254902,34.48275862068966,0.0,21.904761904761905,0.0,6.9879144716454915,0.4028509451502944,3.9665323830182833,0.176522506619594,5.714916151809356,16.019417475728154,11.937334510150045,2.6699029126213594,4.346866725507502,2.901588702559576,2.0189761694616064,17.0197904540163,0.919674039580908,0.0,0.0,0.353045013239188,0.0,0.0,34.52935694315005,12.022367194780989,13.958810068649885,48.611111111111114,27.26063829787234,5.053191489361702,4.787234042553192,17.95886075949367,-9999,49934.0,49286.0,71000.0,49934.0,39615.0,15977.0,2.700900300100033,0.0,2.21606648199446,2.1064950263311877,11.450381679389313,0.0,0.0,0.0,6.430868167202572,0.3436426116838488,1.1820330969267139,-9999,1348.0,2.482269503546099,100.0,36.38053920049582,0.23241400681747754,0.030988534242330338,-9999,1.9879675647397332,11.267605633802816,2010
13215011100,54.066265060240966,39.60843373493976,4.116465863453815,0.6024096385542169,1.5060240963855422,0.10040160642570281,0.0,0.3514056224899598,0.5020080321285141,0.15060240963855423,0.5522088353413654,0.25100401606425704,4.921077065923862,21.72701949860724,10.403120936280883,19.375812743823147,13.414634146341463,7.317073170731708,50.0,0.0,0.0,10.526315789473685,1.6566265060240963,0.45180722891566266,1.0040160642570282,0.0,2.091254752851711,4.119138149556401,10.64638783269962,0.0,2.091254752851711,0.19011406844106463,1.7743979721166032,6.154864328259431,0.0,0.0,0.0,0.8238276299112801,0.31685678073510776,0.0,55.943396226415096,16.60377358490566,22.696245733788395,39.3646408839779,35.58951965065502,10.262008733624453,5.021834061135372,11.151339608979,-9999,16657.0,14785.0,20523.0,16657.0,-9999,17681.0,46.12765957446808,0.6808510638297872,18.181818181818183,44.52887537993921,47.65625,0.0,-9999,-9999,23.523717328170378,22.025316455696203,66.80584551148226,160400.0,442.0,88.4133611691023,92.18106995884774,8.383534136546185,19.929718875502008,5.823293172690763,-9999,35.400696864111495,16.818181818181817,2010
13215011200,42.12152420185376,51.75077239958805,3.810504634397528,0.9268795056642637,1.132852729145211,0.0,0.10298661174047374,0.10298661174047374,0.46343975283213185,0.25746652935118436,0.05149330587023687,0.0,9.290953545232274,25.183374083129586,20.264765784114054,15.580448065173115,36.486486486486484,1.3513513513513513,0.0,14.285714285714286,20.0,6.666666666666667,2.008238928939238,0.2059732234809475,1.132852729145211,0.0,0.9327442317133039,5.547373588610702,6.774668630338733,0.0,4.074619538537064,2.847324496809033,1.2272950417280315,5.093833780160858,1.6621983914209115,0.0,0.0,1.0800196367206676,0.0,0.0,49.17562724014337,25.376344086021504,15.596330275229358,52.96367112810707,36.005434782608695,3.8043478260869565,1.4945652173913044,10.369881109643329,-9999,25000.0,31473.0,13636.0,25000.0,-9999,18778.0,35.77755905511811,7.923228346456693,21.122994652406415,20.66601371204701,46.76434676434676,97.14285714285714,0.0,-9999,15.990057995028998,34.319526627218934,40.17167381974249,122500.0,372.0,89.6137339055794,72.56554307116104,18.949536560247168,18.795056642636457,6.2306900102986615,-9999,40.373044524669076,29.330254041570438,2010
13215011400,62.5234521575985,26.50093808630394,8.818011257035648,1.2195121951219512,0.6097560975609756,0.0,0.14071294559099437,0.0,0.23452157598499063,0.0,0.42213883677298314,0.0,17.404351087771943,20.930232558139537,28.83817427385892,4.356846473029045,29.25531914893617,1.0638297872340425,40.0,10.0,9.090909090909092,0.0,5.487804878048781,0.14071294559099437,0.9849906191369606,0.0,2.911208151382824,9.364386220281418,11.06259097525473,0.0,2.8626880155264436,1.455604075691412,0.5822416302765647,5.9536354056902,3.530031612223393,0.0,0.0,0.38816108685104317,0.0,0.0,68.62589356632247,4.686258935663225,25.24390243902439,55.2901023890785,16.802610114192497,15.33442088091354,4.730831973898858,11.721854304635762,-9999,23424.0,22769.0,32179.0,23424.0,-9999,12059.0,34.297108673978066,0.3489531405782652,19.813084112149532,34.00696864111498,10.327455919395465,100.0,25.0,-9999,15.415821501014198,27.577937649880095,18.780727630285153,76100.0,498.0,92.62536873156343,80.40455120101137,25.844277673545967,14.399624765478425,4.5966228893058165,-9999,29.956763434218654,31.275720164609055,2010
13215011500,27.52911208151383,48.27147016011645,18.704512372634643,0.8733624454148472,4.275836972343523,0.1091703056768559,0.2547307132459971,0.14556040756914118,1.9286754002911208,0.309315866084425,1.5283842794759825,0.309315866084425,12.623925974884335,36.94646397884997,30.0,9.322709163346614,34.72762645914397,7.101167315175097,48.717948717948715,5.128205128205129,11.707317073170731,35.609756097560975,11.75400291120815,0.036390101892285295,3.3296943231441047,0.0,0.11560693641618497,10.189925681255161,4.971098265895954,0.33030553261767137,16.39966969446738,8.175061932287365,5.13625103220479,23.9477503628447,12.354862119013063,0.0,0.11560693641618497,1.7836498761354254,0.0,0.0,60.6765899864682,5.520974289580514,10.561976883220407,48.54406130268199,18.98846495119787,10.913930789707187,6.033717834960071,16.738095238095237,-9999,28354.0,35134.0,31111.0,28354.0,27500.0,14410.0,35.18174133558749,2.992392223161454,19.842406876790832,18.31081081081081,29.4866693195384,70.15781922525107,-9999,55.48780487804878,10.091743119266056,60.204081632653065,5.2030456852791875,78000.0,503.0,86.12521150592217,55.60999510044096,29.366812227074234,17.267103347889375,6.513828238719069,-9999,32.62269598045747,26.134699853587115,2010
01113030200,36.314847942754916,55.99284436493739,5.948121645796064,0.0,0.0,0.0,0.0,0.0,0.0,0.0,0.0,0.0,22.536945812807883,-9999,36.980830670926515,-9999,80.45112781954887,-9999,-9999,-9999,-9999,-9999,2.0572450805008944,0.0,0.6261180679785331,0.0,0.26833631484794274,7.155635062611807,8.273703041144902,0.0,0.5813953488372093,0.13416815742397137,0.0,2.6930894308943087,0.0,0.0,0.0,0.4472271914132379,0.0,0.0,63.30998248686515,2.714535901926445,28.352098259979527,66.58795749704841,10.857142857142858,10.428571428571429,0.42857142857142855,5.223880597014926,-9999,16335.0,22833.0,15182.0,16335.0,-9999,8733.0,51.78890876565295,2.1019677996422184,40.289256198347104,30.41871921182266,59.02555910543131,100.0,-9999,-9999,24.34389140271493,17.583732057416267,50.40723981900452,59800.0,312.0,92.94117647058823,74.52153110047847,40.07155635062612,40.07155635062612,1.9677996422182469,18.935729094678646,39.32273669661368,53.925619834710744,2012
01113030300,70.21040974529346,27.35326688815061,2.4363233665559245,0.0,0.0,0.0,0.0,0.0,0.0,0.0,0.0,0.0,17.941640378548897,-9999,36.63967611336032,-9999,0.0,-9999,-9999,-9999,-9999,-9999,0.4152823920265781,0.0,2.0210409745293467,0.0,0.7751937984496124,4.623477297895903,5.509413067552602,0.0,1.937984496124031,0.0,1.937984496124031,2.2679797075499852,0.0,0.0,0.0,1.937984496124031,0.0,0.0,51.13383726100489,16.76300578034682,12.545454545454545,55.98726114649681,27.096327096327098,6.999306999307,3.3957033957033955,9.816653934300993,-9999,30128.0,32424.0,25071.0,30128.0,-9999,17252.0,22.36180904522613,1.5633724176437744,17.245657568238215,14.684756584197926,43.825910931174086,0.0,-9999,-9999,7.645631067961165,56.04467805519054,14.745145631067961,86600.0,561.0,78.15533980582525,65.04599211563732,27.51937984496124,27.51937984496124,6.118493909191583,26.762075134168157,41.75313059033989,23.69727047146402,2012
01113030401,71.52777777777777,23.183760683760685,3.4188034188034186,0.0,0.9259259259259259,0.0,0.0,0.0,0.42735042735042733,0.0,0.0,0.0,14.662683594722429,-9999,27.72657450076805,-9999,0.0,-9999,-9999,-9999,0.0,-9999,0.8903133903133903,0.0,1.9943019943019944,0.0,0.5341880341880342,5.395299145299146,6.588319088319088,0.6944444444444444,2.207977207977208,0.19586894586894588,1.6559829059829059,6.220367912004551,0.3223971173904798,0.0,0.0,0.0,0.0,0.0,33.556072051133064,27.454968041836143,4.6048109965635735,62.36275801493193,34.00576368876081,5.547550432276657,3.3861671469740635,11.902414982750123,-9999,47103.0,48242.0,31974.0,47103.0,100104.0,25930.0,14.176663031624864,0.9632860777898946,11.009174311926605,13.260091977516607,19.364833462432223,0.0,-9999,0.0,9.003334568358651,46.94625407166124,44.57206372730641,144300.0,609.0,48.165987402741756,66.85667752442997,23.112535612535613,23.112535612535613,6.837606837606837,41.08444063437634,28.675525075010714,22.24770642201835,2012
01113030402,79.57184325108854,17.053701015965167,0.0,0.0,0.0,0.0,0.0,0.0,0.0,0.0,0.0,0.0,19.151846785225718,-9999,44.255319148936174,-9999,-9999,-9999,-9999,-9999,-9999,-9999,0.0,0.0,0.0,0.0,0.0,6.6400580551523944,6.204644412191582,4.970972423802612,1.3788098693759072,1.3062409288824384,1.3788098693759072,0.9400705052878966,0.3525264394829612,0.0,0.0,0.0,0.0,0.0,38.51132686084142,25.35059331175836,5.426356589147287,55.22107243650047,43.806921675774134,5.373406193078324,5.828779599271402,15.875613747954173,-9999,47333.0,46667.0,108088.0,47333.0,-9999,25097.0,6.494920174165457,2.6850507982583456,4.154727793696275,7.29594163246694,4.042553191489362,-9999,-9999,-9999,14.330462020360219,79.06764168190128,11.511354737666405,128400.0,534.0,44.63586530931872,52.376599634369285,30.297532656023222,30.297532656023222,9.978229317851959,56.715709539629806,28.713811105837685,10.458452722063038,2012
01113030500,72.53275109170306,23.49344978165939,3.5807860262008733,0.0,0.0,0.0,0.0,0.0,0.0,0.0,0.0,0.0,14.56953642384106,-9999,16.728624535315983,-9999,40.24390243902439,-9999,-9999,-9999,-9999,-9999,0.0,0.0,2.052401746724891,0.0,0.5676855895196506,8.34061135371179,7.379912663755459,0.0,0.3930131004366812,0.0,0.3930131004366812,1.6143911439114391,0.0,0.0,0.0,0.08733624454148471,0.0,0.0,51.54946364719905,19.606674612634087,7.9129574678536105,45.796241345202766,22.019334049409238,15.359828141783028,2.9001074113856067,20.0,-9999,37708.0,38015.0,39821.0,37708.0,-9999,21872.0,17.929515418502202,1.6740088105726871,7.049180327868853,16.41337386018237,25.092936802973977,0.0,-9999,-9999,6.222222222222222,49.052132701421804,24.666666666666668,140100.0,608.0,55.55555555555556,60.78199052132702,18.777292576419214,18.777292576419214,9.519650655021834,37.480478917230606,32.1186881832379,19.016393442622952,2012
01113030600,27.31021842065068,66.01496868794868,4.460058041851229,0.0,1.069191996334199,0.0,0.0,0.0,0.1527417137620284,0.0,0.0,0.0,19.351230425055927,-9999,24.016563146997928,-9999,23.28767123287671,-9999,-9999,-9999,0.0,-9999,2.8257217045975254,0.0,1.634336337253704,0.0,0.6567893691767221,1.7870780510157325,1.7565297082633267,0.16801588513823126,1.5426913089964869,0.5193218267908966,0.6109668550481137,4.475873544093178,0.9151414309484193,0.0,0.0,0.21383839926683978,0.0,0.0,63.04178562159356,7.5006488450558,10.585165859112934,62.26993865030675,17.548978741142143,5.2105043768236765,6.5860775323051275,12.802996914940502,-9999,28179.0,31167.0,26540.0,28179.0,-9999,15828.0,31.697931697931697,1.8598685265351933,26.16883116883117,17.647058823529413,37.46739388190657,32.40418118466899,-9999,0.0,21.970443349753694,50.08417508417509,24.400656814449917,94200.0,476.0,49.6551724137931,72.34848484848484,28.65434550175653,28.65434550175653,4.460058041851229,35.18043778347466,22.697692762768686,34.15584415584416,2012
01113030700,20.721623653219744,69.83212227511902,6.614883487847657,0.0,0.5512402906539714,0.3006765221748935,0.40090202956652465,0.0,0.0,0.0,0.15033826108744675,0.0,14.268440145102781,-9999,35.88087549336204,-9999,15.151515151515152,-9999,-9999,-9999,0.0,-9999,5.863192182410423,0.0,0.3006765221748935,0.0,0.0,2.5808068153345025,2.4304685542470557,0.0,2.1297920320721624,3.257328990228013,0.3006765221748935,6.717904924565898,3.358952462282949,0.0,0.0,0.9020295665246806,0.0,0.0,58.917060593038244,10.098839707778255,15.722120658135283,58.08080808080808,12.653651482284888,7.664497469269704,1.0845986984815619,13.221884498480243,-9999,27191.0,39081.0,25052.0,27191.0,-9999,14231.0,38.55702094647013,3.310059477631239,33.53151010701546,22.71505376344086,44.537509104151496,11.363636363636363,-9999,35.294117647058826,16.940509915014164,45.1568894952251,37.110481586402265,85300.0,516.0,59.60339943342776,68.4856753069577,32.52317714858432,32.52317714858432,5.7880230518667,26.936744847192607,35.21677327647477,42.568370986920335,2012
01113030800,1.7760385310054185,96.20710415412402,1.7459361830222757,0.27092113184828415,0.0,0.0,0.0,0.0,0.0,0.0,0.0,0.0,0.0,-9999,17.455439459127227,-9999,0.0,-9999,0.0,-9999,-9999,-9999,0.6622516556291391,0.0,1.0836845273931366,0.0,0.0,0.0,0.0,0.0,0.9331727874774233,0.0,0.0,0.7751937984496124,0.0,0.0,0.0,0.0,0.0,0.0,61.90917516218721,11.121408711770158,23.929961089494164,58.02707930367505,24.63768115942029,16.624040920716112,1.619778346121057,11.857252494244053,-9999,23846.0,8889.0,24354.0,23846.0,-9999,14189.0,21.824202287778448,2.4683925346177,12.844036697247706,96.61016949152543,20.251997541487402,0.0,100.0,-9999,21.35511191772535,50.15384615384615,34.72474289171204,86000.0,389.0,80.8227465214761,42.69230769230769,21.55328115593016,21.55328115593016,6.261288380493679,29.484386347131444,28.939724037763252,28.325688073394495,2012
01113030901,83.62705226690767,11.221569513480945,2.470251543907215,0.0,0.0,0.0,0.0,0.0,0.0,0.0,0.0,0.0,20.569164265129682,-9999,23.45191040843215,-9999,30.48780487804878,-9999,-9999,-9999,-9999,-9999,1.9280012050007531,0.0,0.0,0.3012501882813677,2.9974393733996085,4.865190540744088,11.568007230004518,0.0,0.9188130742581714,1.1296882060551288,0.7531254707034192,1.4592556156747007,0.0,0.0,0.0,0.43681277300798316,0.0,0.0,61.00266193433895,10.95829636202307,8.848990060916961,59.18658580092758,19.169890960253255,9.602532536053465,5.80372845585649,13.345410628019323,-9999,32966.0,33379.0,28173.0,32966.0,-9999,18498.0,21.17788823618015,1.9882512426570267,11.878109452736318,24.729827089337174,2.503293807641634,0.0,-9999,-9999,13.237639553429027,67.3529411764706,3.6363636363636362,104900.0,446.0,40.5103668261563,63.345588235294116,24.446452779032988,24.446452779032988,4.066877541798464,41.71569557790852,33.6496488897324,25.621890547263682,2012
01113030902,43.856407549161936,43.40768114029299,8.32783423518543,0.0,0.7390787910782631,0.0,0.0,0.0,0.22436320443447275,0.0,0.0,0.0,23.232019259705087,-9999,18.6702285544672,-9999,51.664025356576865,-9999,0.0,-9999,16.071428571428573,-9999,2.0852580176850997,0.0,1.4253662399366505,0.13197835554968984,1.0558268443975187,8.143064537415864,3.8141744753860367,0.0,2.745149795433549,2.0192688399102545,1.2537943777220535,7.732575530960215,0.3589590188453485,0.0,0.0,0.3299458888742246,0.0,0.0,39.924749163879596,17.913879598662206,10.354565422026985,54.578356858487155,27.476373818690934,10.815540777038851,10.01050052502625,22.235481304693714,-9999,50557.0,51861.0,29629.0,50557.0,-9999,19363.0,13.368770764119601,0.26578073089701,7.355242566510172,9.905227759095078,18.61086375779163,6.814580031695721,0.0,0.0,20.662209487424388,81.98234349919743,0.0,158000.0,517.0,22.79528812480102,73.91653290529695,27.71545466543487,27.71545466543487,2.705556288768642,58.59905906952431,14.863216588255794,10.693792383933229,2012
01113031000,76.48040033361134,15.985543508479289,2.7244926327495134,0.13900472616068946,0.8618293021962746,0.0,0.0,0.0,0.0,0.0,0.8618293021962746,0.0,17.23009814612868,-9999,5.913043478260869,-9999,19.387755102040817,-9999,0.0,-9999,0.0,-9999,2.7244926327495134,0.0,0.0,0.0,2.085070892410342,1.58465387823186,4.197942730052822,0.0,1.6958576591604115,0.0,1.6958576591604115,3.499562554680665,0.0,0.0,0.0,0.0,0.0,0.0,64.0079365079365,16.58730158730159,15.397443023902168,55.541069100391134,21.681997371879106,24.441524310118265,6.504599211563732,12.282533054975644,-9999,38971.0,41739.0,29948.0,38971.0,-9999,21174.0,20.346562325321408,1.6769144773616547,10.279329608938548,20.20497803806735,11.652173913043478,0.0,0.0,100.0,8.59375,76.63817663817663,0.0,107600.0,337.0,39.322916666666664,49.92877492877493,19.877675840978593,19.877675840978593,7.589658048373645,51.009771986970684,24.071661237785015,6.256983240223463,2012
01113031100,15.366705471478463,83.81839348079161,0.0,0.8149010477299186,0.0,0.0,0.0,0.0,0.0,0.0,0.0,0.0,4.166666666666667,-9999,20.27777777777778,-9999,-9999,-9999,64.28571428571429,-9999,-9999,-9999,0.0,0.0,0.0,0.0,0.0,1.8044237485448196,2.3282887077997674,0.0,0.0,0.0,0.0,0.0,0.0,0.0,0.0,0.0,0.0,0.0,70.53061224489795,13.63265306122449,13.668061366806137,47.6123595505618,23.909531502423263,16.962843295638127,4.523424878836834,9.131736526946108,-9999,29271.0,44479.0,23194.0,29271.0,-9999,16730.0,24.272409778812573,5.646100116414435,11.699779249448124,4.924242424242424,27.430555555555557,-9999,64.28571428571429,-9999,28.3987915407855,79.60618846694796,5.13595166163142,59200.0,225.0,48.23766364551863,36.427566807313646,22.235157159487777,22.235157159487777,9.138533178114086,40.54054054054054,31.294452347083926,11.920529801324504,2012
01113031200,53.40599455040872,41.49120634134258,2.2293782511766165,0.0,1.189001733960862,0.0,0.0,0.0,0.594500866980431,0.594500866980431,0.0,0.0,10.667903525046382,-9999,13.313432835820896,-9999,52.22222222222222,-9999,-9999,-9999,0.0,-9999,2.2293782511766165,0.0,0.0,0.0,1.6348773841961852,5.177111716621253,5.796383453059202,0.0,1.3871686896210056,1.0403765172157542,1.3871686896210056,4.0110998990918265,1.4883955600403633,0.0,0.0,0.19816695566014367,0.0,0.0,60.47381546134663,8.447630922693266,9.683604985618409,57.53880266075388,25.318471337579616,20.54140127388535,4.7239915074309975,15.560165975103734,-9999,34446.0,56979.0,26010.0,34446.0,-9999,21028.0,18.42952687639336,3.4679217240525144,10.80074487895717,7.096474953617811,26.746268656716417,100.0,-9999,50.0,19.164265129683,88.7106357694593,0.33621517771373677,66200.0,348.0,40.20172910662824,40.938799762329175,16.001981669556603,16.001981669556603,5.152340847163735,48.77014418999152,27.650551314673454,11.638733705772811,2012
13053020100,61.21726822363765,33.2271762208068,0.24769992922859166,0.0,3.750884642604388,0.0,1.2031139419674453,0.17692852087756547,0.0,0.0,0.6015569709837226,0.5307855626326964,7.167630057803469,-9999,17.57188498402556,-9999,0.0,-9999,-9999,-9999,45.283018867924525,-9999,0.0,0.0,0.0,0.389242745930644,0.8138711960368011,7.607926397735315,12.986553432413306,0.9907997169143666,2.583156404812456,1.9815994338287333,1.3446567586694975,5.355191256830601,0.1092896174863388,0.0,0.0,0.07077140835102619,0.0,0.0,50.3003823047515,11.687602403058438,8.752025931928687,37.48939779474131,26.465364120781526,6.927175843694494,4.085257548845471,15.8123370981755,-9999,29274.0,29824.0,27292.0,29274.0,32500.0,17631.0,29.311568488289566,4.506742370475514,13.793103448275861,22.067363530778167,38.12566560170394,0.0,-9999,48.113207547169814,15.09433962264151,73.33333333333333,1.1149228130360205,81800.0,409.0,34.476843910806174,43.83838383838384,18.223637650389243,18.223637650389243,3.0785562632696393,34.62479608482871,29.241435562805872,21.88905547226387,2012
13053020201,65.04037685060565,11.810228802153432,13.425302826379543,2.018842530282638,2.5908479138627185,0.0,0.0,0.3364737550471063,0.3364737550471063,0.0,1.2113055181695829,0.0,12.105535437144335,-9999,3.713527851458886,-9999,3.7593984962406015,-9999,0.0,-9999,0.0,-9999,6.325706594885599,0.3028263795423957,4.205921938088829,0.1009421265141319,4.542395693135935,14.670255720053836,9.185733512786003,1.009421265141319,8.00807537012113,4.441453566621804,4.744279946164199,14.856945880730782,0.5860048259220958,0.0,0.0,0.0,0.0,0.0,23.479005998286205,43.01628106255355,2.5641025641025643,82.98755186721992,51.31578947368421,0.0,0.0,16.120218579234972,-9999,56406.0,50647.0,-9999,56406.0,-9999,26328.0,0.3755868544600939,0.0,0.0,0.5056890012642224,0.0,0.0,-9999,-9999,19.884169884169886,0.0,36.87258687258687,-9999,1197.0,74.13127413127413,100.0,9.858681022880216,9.858681022880216,0.0,40.37749814951888,5.921539600296077,1.3888888888888888,2012
13053020203,63.92377652663491,13.772195755738414,18.146383715894327,2.1654395842356,1.2992637505413598,0.0,0.6496318752706799,0.0,0.0,0.0,0.6496318752706799,0.0,36.31436314363144,-9999,40.880503144654085,-9999,40.572792362768496,-9999,46.0,-9999,0.0,-9999,13.209181463837158,0.47639670853183197,2.1654395842356,0.43308791684711995,5.500216543958423,8.791684711996535,14.98484192291035,3.854482459939368,7.3191857947163275,4.244261585101776,5.716760502381984,19.565217391304348,0.9782608695652174,0.0,0.0,0.0,0.0,0.0,17.62208067940552,38.004246284501065,10.267857142857142,32.6530612244898,5.970149253731344,5.472636815920398,0.0,22.709923664122137,-9999,44693.0,44176.0,43889.0,44693.0,-9999,16639.0,2.5448235974551765,0.0,2.8011204481792715,3.9355992844364938,0.0,0.0,0.0,-9999,37.91304347826087,3.081232492997199,39.47826086956522,-9999,1273.0,90.6086956521739,100.0,38.24166305760069,38.24166305760069,0.0,67.44827586206897,2.2758620689655173,3.361344537815126,2012
13053020205,57.78725998171289,17.007010057909174,20.999695214873515,0.27430661383724475,2.0725388601036268,0.0,0.0,0.0,0.8229198415117343,0.0,0.0,0.0,35.75949367088607,-9999,58.2701062215478,-9999,37.15529753265602,-9999,47.05882352941177,-9999,20.930232558139537,-9999,5.851874428527887,0.0,6.583358732093874,0.0,1.9201462968607133,9.082596769277659,10.332215787869552,1.7982322462663822,4.114599207558671,3.870771106370009,1.5544041450777202,12.1030345800988,3.705010585744531,0.0,0.0,0.15239256324291375,0.0,0.0,28.209069946195235,26.518063028439663,21.12970711297071,27.335299901671583,29.44297082228117,3.4482758620689653,2.387267904509284,13.096200485044463,-9999,52971.0,59500.0,50000.0,52971.0,-9999,14356.0,10.576043889058214,0.0,13.183730715287517,9.757383966244726,11.684370257966616,3.7735849056603774,0.0,68.6046511627907,29.005524861878452,0.0,61.141804788213626,-9999,1234.0,77.44014732965009,100.0,43.55379457482475,43.55379457482475,0.0,67.2465208747515,3.6779324055666005,12.622720897615709,2012
13053020206,51.22873345935728,29.86767485822306,7.939508506616257,5.293005671077505,5.103969754253308,0.0,3.9697542533081287,0.5671077504725898,0.0,0.0,0.5671077504725898,0.0,0.0,-9999,18.9873417721519,-9999,0.0,-9999,0.0,-9999,0.0,-9999,5.482041587901701,0.0,0.7561436672967864,0.0,6.427221172022684,22.68431001890359,5.293005671077505,3.780718336483932,7.3724007561436675,5.293005671077505,5.293005671077505,21.361058601134214,0.0,0.0,0.0,0.7561436672967864,0.0,0.0,7.258064516129032,50.0,0.0,245.94594594594594,20.634920634920636,0.0,0.0,16.0,-9999,60179.0,-9999,60179.0,60179.0,-9999,30464.0,0.0,0.0,0.0,-9999,0.0,-9999,-9999,-9999,0.0,100.0,0.0,34600.0,-9999,0.0,100.0,5.671077504725898,5.671077504725898,0.0,34.2685370741483,7.214428857715431,0.0,2012
13145120198,62.2200956937799,33.83732057416268,1.3014354066985645,0.0,0.9186602870813397,0.0,0.5550239234449761,0.07655502392344497,0.28708133971291866,0.0,0.0,0.0,16.025838203629654,-9999,14.366515837104073,-9999,20.58823529411765,-9999,-9999,-9999,0.0,-9999,0.631578947368421,0.0,0.0,0.0,0.5741626794258373,4.30622009569378,10.602870813397129,0.7081339712918661,1.9521531100478469,0.36363636363636365,0.8995215311004785,5.62003665241295,1.262472001628996,0.0,0.0,0.0,0.0,0.0,41.692229038854805,31.160531697341515,12.80925778132482,54.986020503261884,45.85812356979405,9.977116704805493,5.720823798627002,12.295276525041539,-9999,47024.0,59964.0,25134.0,47024.0,201500.0,32180.0,13.316679477325135,3.61260568793236,2.873938602220771,5.339506172839506,25.540386803185438,17.647058823529413,-9999,0.0,24.868913857677903,85.64307078763709,7.378277153558052,180800.0,453.0,40.823970037453186,54.28713858424726,19.36842105263158,19.36842105263158,9.760765550239235,57.92362222730391,20.260690601417792,8.621815806662312,2012
13145120200,81.13035551504102,17.988453357642054,0.6381039197812215,0.0,0.18231540565177756,0.0,0.0,0.0,0.0,0.0,0.18231540565177756,0.0,17.827715355805243,-9999,9.797297297297296,-9999,0.0,-9999,-9999,-9999,0.0,-9999,0.45578851412944393,0.0,0.0,0.0,1.6408386508659982,6.715284108173807,13.430568216347615,0.24308720753570343,1.6712245518079611,0.6381039197812215,0.7596475235490733,2.6089723194400256,0.5727012408526885,0.0,0.0,0.2127013065937405,0.0,0.0,46.06647034076567,15.986537652503156,13.180693069306932,62.01923076923077,45.18888096935139,14.326443335709195,8.2679971489665,11.179173047473201,-9999,52642.0,56463.0,19053.0,52642.0,-9999,23901.0,16.144501278772378,0.7033248081841432,7.861271676300578,13.766730401529637,29.41176470588235,0.0,-9999,0.0,10.302091402013943,83.50604490500864,0.46475600309837334,128900.0,513.0,48.56700232378002,53.626943005181346,20.571254937708904,20.571254937708904,5.317532664843513,58.50562205295611,23.286180631120782,8.786127167630058,2012
13145120300,78.48953402755865,13.821394761754497,2.9451982749552963,0.17881560955085726,0.11570421794467235,0.0,0.0,0.0,0.0,0.0,0.11570421794467235,0.0,18.748324845885822,-9999,21.61339421613394,-9999,12.142857142857142,-9999,0.0,-9999,0.0,-9999,1.430524876406858,0.0,0.5469653939202693,0.05259282633848743,1.3253392237298833,5.069948459030188,6.184916377406122,0.27348269696013466,1.556747659619228,0.4838540023140844,1.2622278321236984,2.921572983781382,0.5998666962897135,0.0,0.0,0.49437256758178183,0.0,0.0,35.98478846458564,31.54809063539851,6.343442973088424,56.14128980465614,42.91904218928164,7.890535917901938,9.5096921322691,17.43904177955226,-9999,68953.0,72931.0,44474.0,68953.0,-9999,31428.0,7.689856611789697,1.699415825809878,4.0138942493245855,6.631692224912564,15.12,0.0,0.0,0.0,17.396683989111605,89.09526662672259,3.439742637960901,224000.0,863.0,19.846572630536997,57.579388855602154,25.802040601661933,25.802040601661933,2.398232881035027,60.73571614923037,14.923036785807462,2.3157082207641837,2012
13145120401,90.67383633002856,5.830952781045203,2.4869769786590488,0.7393715341959335,0.0,0.0,0.0,0.0,0.0,0.0,0.0,0.0,20.36693847294292,-9999,32.85302593659942,-9999,22.2972972972973,-9999,0.0,-9999,-9999,-9999,0.504116955133591,0.4369013611157789,0.0,0.504116955133591,2.2685262981011594,15.106704755503277,14.938665770458746,0.7729793312048395,2.8062510502436564,0.0,2.8062510502436564,4.348594661481351,0.1590949266395616,0.0,0.0,1.1090573012939002,0.0,0.0,37.26693415152231,28.60514514987019,4.9238743116294135,61.430395913154534,47.80238500851789,8.313458262350936,3.7478705281090288,13.017086330935252,-9999,84919.0,86125.0,53245.0,84919.0,-9999,34591.0,2.8951354990742297,0.2861471132805925,0.0,2.4277242401779096,5.044510385756676,0.0,50.0,-9999,5.807303123625165,86.64175618869687,0.0,226900.0,1933.0,24.46106467223933,58.61746847267632,24.684926903041507,24.684926903041507,4.167366829104353,68.69287991498406,16.131774707757703,3.684807256235828,2012
13145120402,73.87284701114488,19.098277608915907,4.673252279635259,0.39260385005065856,1.4184397163120568,0.0,0.07598784194528875,0.0,0.08865248226950355,0.0,1.2537993920972645,0.0,17.109549117092406,-9999,21.021220159151195,-9999,29.26829268292683,-9999,0.0,-9999,0.0,-9999,0.7092198581560284,0.0,1.2537993920972645,0.25329280648429586,2.7102330293819654,8.371327254305978,6.661600810536981,0.8738601823708206,3.2041540020263426,1.53242147922999,2.811550151975684,4.939919893190921,0.5340453938584779,0.0,0.0,0.4432624113475177,0.0,0.0,34.84057971014493,26.995169082125603,3.781297904956566,59.96960486322188,38.98035050451407,11.550716941051514,8.550185873605948,15.951539626451288,-9999,77515.0,81057.0,50194.0,77515.0,35714.0,33418.0,6.98180886497566,0.5764796310530361,3.5633739287325215,6.498007277768151,8.85135135135135,0.0,0.0,11.607142857142858,14.225941422594142,84.9155722326454,1.8345671065336338,232100.0,589.0,22.33665915674284,68.85553470919325,23.9741641337386,23.9741641337386,5.775075987841945,57.11416653792677,16.051289973737063,4.194857916102841,2012
13197920100,82.54768691076518,9.603157202367901,4.406928305196229,0.0,2.2582766937075203,1.775926331944749,0.0,0.0,0.0,0.0,0.789300591975444,1.183950887963166,19.12350597609562,-9999,28.538812785388128,-9999,26.865671641791046,-9999,-9999,-9999,40.93567251461988,-9999,1.7978513483885112,0.6139004604253453,1.8197763648322736,0.0,0.0,7.388730541547906,5.766279324709494,0.0,2.828327121245341,0.591975443981583,2.1486516114887086,5.971173644474948,0.6863417982155113,0.0,0.0,0.0,0.0,0.0,65.8459595959596,7.733585858585859,12.933458294283037,56.17114646187603,16.254036598493002,18.083961248654468,9.418729817007534,13.696655132641292,-9999,45721.0,46619.0,45469.0,45721.0,44688.0,18467.0,21.9350563286945,2.032250938811575,16.019417475728154,21.077908217716114,23.752969121140143,42.78606965174129,-9999,0.0,24.31796801505174,84.71100062150404,0.0,77200.0,317.0,26.38758231420508,45.74269732753263,23.964042973032228,23.964042973032228,2.6090769568077175,39.178690344062154,34.988901220865706,19.514563106796118,2012
13197920200,30.56240749876665,59.59546127281697,9.028120374938332,0.0,0.0,0.0,0.0,0.0,0.0,0.0,0.0,0.0,16.949152542372882,-9999,19.5364238410596,-9999,27.868852459016395,-9999,-9999,-9999,-9999,-9999,4.489393191909225,0.0,0.2220029600394672,0.0,0.0493339911198816,5.624074987666503,1.8746916625555008,0.1973359644795264,7.153428712382832,3.0833744449925997,0.7646768623581648,11.418953909891249,3.1071983428275507,0.0,0.0,0.2713369511593488,0.0,0.0,70.7801950487622,9.18979744936234,23.18840579710145,48.43849585723391,16.76342525399129,22.35123367198839,2.1044992743105952,18.3504471679364,-9999,28098.0,31524.0,22119.0,28098.0,-9999,14478.0,30.846019465934614,2.146244072872473,23.104265402843602,20.330578512396695,39.741451209341115,9.01639344262295,-9999,-9999,28.448711470439616,56.567796610169495,22.03132895401718,70300.0,262.0,48.50934815563416,57.48587570621469,25.30833744449926,25.30833744449926,4.810064134188456,33.199876809362486,28.98059747459193,27.843601895734597,2012
13215000200,78.51087357169186,12.569111684482124,7.077036490969406,0.0,0.0,0.0,0.0,0.0,0.0,0.0,0.0,0.0,19.812206572769952,-9999,51.61290322580645,-9999,35.416666666666664,-9999,-9999,-9999,-9999,-9999,3.7965352008846294,0.5160339107998526,2.027276078142278,0.0,7.150755621083671,3.5753778105418355,7.187615186140803,0.0,2.69074824917066,0.07371913011426465,1.5112421673424254,5.173084402956048,0.3500583430571762,0.0,0.2580169553999263,0.3317360855141909,0.0,0.0,53.903133903133906,13.048433048433049,7.91311093871218,66.47887323943662,22.493681550126368,10.614995787700085,28.13816343723673,7.0287539936102235,-9999,50116.0,50439.0,29597.0,50116.0,-9999,22223.0,6.450423884998157,0.9952082565425728,2.823179791976226,4.60093896713615,0.8797653958944281,34.375,-9999,-9999,2.3297491039426523,80.64220183486239,7.526881720430108,128200.0,656.0,87.72401433691756,49.72477064220183,29.81938813122005,29.81938813122005,9.472908219683008,42.92013718765311,30.132288094071534,21.99108469539376,2012
13215000300,40.58663028649386,36.35743519781719,21.41882673942701,0.0,0.0,0.0,0.0,0.0,0.0,0.0,0.0,0.0,22.857142857142858,-9999,7.024029574861368,-9999,8.280254777070065,-9999,0.0,-9999,-9999,-9999,11.596180081855389,0.0,0.0,0.0,0.0,0.6139154160982264,4.297407912687586,0.4092769440654843,19.099590723055936,13.710777626193725,0.0,20.808823529411764,15.220588235294118,0.0,0.0,0.0,0.0,0.0,81.7560975609756,2.1463414634146343,28.92906815020862,55.18867924528302,10.371819960861057,1.9569471624266144,9.980430528375734,6.27208480565371,-9999,19023.0,24318.0,11585.0,19023.0,-9999,11167.0,39.76807639836289,4.638472032742156,24.915824915824917,32.94117647058823,62.84658040665435,17.515923566878982,0.0,-9999,7.240437158469946,31.22238586156112,18.0327868852459,63800.0,371.0,91.93989071038251,58.468335787923415,22.78308321964529,22.78308321964529,4.024556616643929,20.09419152276295,30.062794348508636,44.44444444444444,2012
13215000400,88.49221420432966,3.494113178883403,2.9624003038359286,0.0,1.2153437143942272,0.0,0.0,0.0,0.41777440182301556,0.0,0.0,0.7975693125712116,17.253218884120173,-9999,29.347826086956523,-9999,37.17948717948718,-9999,-9999,-9999,21.875,-9999,0.0,0.0,1.139384732244588,0.0,1.8609950626661602,5.355108241549563,8.46942650968477,0.0,2.354728446638815,0.0,2.354728446638815,4.892601431980907,0.5568814638027049,0.0,0.0,0.94948727687049,0.0,0.0,56.66857469948483,6.811677160847166,11.174785100286533,66.39004149377594,21.85483870967742,9.193548387096774,12.016129032258064,11.924257932446263,-9999,39528.0,40938.0,55625.0,39528.0,24732.0,18931.0,8.58336498290923,2.354728446638815,0.9247027741083224,8.841201716738198,13.043478260869565,0.0,-9999,0.0,11.670864819479428,84.79087452471482,0.0,93800.0,528.0,95.88581024349287,38.40304182509506,25.256361564755032,25.256361564755032,9.45689327763008,49.15014164305949,29.5561850802644,17.569352708058123,2012
13215000800,43.88523047977422,45.48447789275635,5.032925682031985,1.4111006585136407,0.0,0.0,0.0,0.0,0.0,0.0,0.0,0.0,4.608788853161844,-9999,28.2103134479272,-9999,0.0,-9999,0.0,-9999,-9999,-9999,4.609595484477893,0.0,0.4233301975540922,0.0,0.8466603951081844,2.1636876763875823,7.337723424270932,0.0,11.335841956726247,6.4440263405456255,3.668861712135466,8.811475409836065,0.0,0.0,0.0,0.5644402634054563,0.0,0.0,50.13297872340426,14.893617021276595,19.967663702506062,63.429752066115704,31.818181818181817,8.080808080808081,5.353535353535354,5.607476635514018,-9999,30227.0,39602.0,14927.0,30227.0,-9999,18794.0,30.385700846660395,0.7525870178739417,31.293706293706293,15.112540192926046,45.5005055611729,18.69158878504673,0.0,-9999,14.23785594639866,35.15625,32.244556113902846,97500.0,474.0,80.98827470686767,78.80859375,19.47318908748824,19.47318908748824,1.975540921919097,29.545454545454547,21.875,33.91608391608391,2012
13215000900,67.90980052038161,22.636600173460536,4.076322636600174,0.4336513443191674,2.9488291413703385,0.0,0.0,2.9488291413703385,0.0,0.0,0.0,0.0,5.683269476372924,-9999,17.735849056603772,-9999,8.51063829787234,-9999,0.0,-9999,47.05882352941177,-9999,0.8673026886383348,0.0,1.1274934952298352,0.0,3.7294015611448397,8.196010407632263,5.030355594102342,0.4770164787510841,3.7294015611448397,1.5611448395490026,1.7779705117085862,6.715063520871143,0.0,0.0,0.0,0.13009540329575023,0.0,0.0,47.271714922049,19.599109131403118,7.771535580524344,44.26508071367884,31.6751269035533,6.091370558375634,5.583756345177665,8.6053412462908,-9999,34960.0,33935.0,28750.0,34960.0,-9999,21031.0,15.280561122244489,2.1042084168336674,5.9405940594059405,14.158686730506156,13.271604938271604,9.574468085106384,100.0,0.0,18.561872909698998,25.872689938398356,55.10033444816054,101900.0,657.0,72.5752508361204,80.28747433264887,10.928013876843018,10.928013876843018,12.705984388551604,39.25997116770783,32.003844305622295,11.881188118811881,2012
13215001000,60.044642857142854,27.321428571428573,9.263392857142858,0.0,0.49107142857142855,0.0,0.0,0.0,1.8080357142857142,0.0,0.0,0.0,13.82899628252788,-9999,13.581244947453516,-9999,23.85542168674699,-9999,-9999,-9999,28.395061728395063,-9999,4.486607142857143,0.17857142857142858,3.7723214285714284,0.46875,1.6294642857142858,5.022321428571429,6.71875,2.299107142857143,2.299107142857143,1.8526785714285714,1.1607142857142858,7.828342372082056,0.8724357462862532,0.0,0.0,0.13392857142857142,0.0,0.0,33.52673021135516,29.38251139660174,12.126865671641792,52.531389226407455,32.802547770700635,9.341825902335456,6.050955414012739,11.564625850340136,-9999,39635.0,49727.0,16200.0,39635.0,51719.0,20259.0,20.777404921700224,0.8389261744966443,16.750250752256772,11.73365814047909,61.750405186385734,10.187667560321715,-9999,0.0,9.14702581369248,60.09882643607165,27.89001122334456,140500.0,620.0,74.18630751964085,60.53119209388512,16.941964285714285,16.941964285714285,7.477678571428571,34.42151997910682,21.88560981979629,22.668004012036107,2012
13215001100,89.24941360437842,6.1767005473025804,0.8991399530883503,0.0,0.8600469116497264,0.0,0.0,0.8600469116497264,0.0,0.0,0.0,0.0,23.34647393780114,-9999,18.9873417721519,-9999,0.0,-9999,-9999,-9999,100.0,-9999,0.0,0.0,0.8991399530883503,1.2509773260359656,1.7982799061767005,9.538702111024238,13.64347146207975,0.9382329945269742,2.7756059421422985,0.3127443315089914,1.4464425332290851,3.8397328881469117,0.5425709515859767,0.0,0.0,0.0,0.0,0.0,14.3342776203966,67.02549575070822,2.7755102040816326,52.450980392156865,65.4911838790932,4.534005037783375,5.793450881612091,17.172264355362948,-9999,90000.0,92000.0,61484.0,90000.0,-9999,50849.0,2.3846755277560594,0.7818608287724785,1.3062409288824384,2.628120893561104,0.6329113924050633,0.0,-9999,0.0,9.237668161434977,84.28853754940711,2.9596412556053813,237200.0,975.0,91.74887892376681,52.37154150197628,27.834245504300235,27.834245504300235,10.281469898358091,64.75409836065573,15.881147540983607,6.821480406386066,2012
13215001200,63.86329866270431,32.451708766716195,2.6448736998514115,0.0,0.0,0.0,0.0,0.0,0.0,0.0,0.0,0.0,15.030246626337831,-9999,26.478616924476796,-9999,7.865168539325842,-9999,-9999,-9999,-9999,-9999,1.0401188707280833,0.0,1.1292719167904903,0.0,0.7132243684992571,7.578008915304606,6.864784546805349,0.17830609212481427,0.7429420505200595,0.0,0.4160475482912333,2.80970625798212,0.3831417624521073,0.0,0.0,0.20802377414561665,0.0,0.0,22.789425706472198,43.846855059252505,10.645994832041344,68.75,46.09600925390399,6.1885482938114516,6.882591093117409,13.113466823714173,-9999,52049.0,69167.0,38669.0,52049.0,-9999,40528.0,13.800298062593145,0.7749627421758569,9.95085995085995,5.072126570497906,29.663330300272975,31.46067415730337,-9999,-9999,18.6140617096611,42.510876320696084,45.82701062215478,224100.0,610.0,81.99291856348002,79.73896830329397,22.466567607726596,22.466567607726596,7.132243684992571,37.75994162714338,26.815031010580082,18.304668304668304,2012
13215001400,41.45324597974985,53.48421679571173,2.0250148898153664,0.0,1.36986301369863,0.0,0.4169148302561048,0.0,0.05955926146515783,0.0,0.0,0.7742703990470519,12.931034482758621,-9999,33.630289532293986,-9999,50.0,-9999,-9999,-9999,0.0,-9999,1.5485407980941037,0.0,0.0,0.0,0.29779630732578916,1.786777843954735,3.394877903513996,1.1316259678379987,1.4889815366289458,0.7742703990470519,0.714711137581894,4.958677685950414,0.13774104683195593,0.0,0.0,0.11911852293031566,0.0,0.0,59.726027397260275,12.237442922374429,13.649851632047477,52.509179926560584,19.587628865979383,17.18213058419244,1.8900343642611683,13.38199513381995,-9999,22523.0,23083.0,15875.0,22523.0,70577.0,15118.0,32.69803454437165,3.513996426444312,28.329297820823246,22.126436781609197,42.761692650334076,32.35294117647059,-9999,0.0,11.764705882352942,21.50943396226415,60.48834628190899,89900.0,501.0,42.28634850166482,88.93081761006289,25.431804645622393,25.431804645622393,4.050029779630733,30.199203187250998,29.083665338645417,45.76271186440678,2012
13215001600,29.84224364592463,57.84399649430324,3.9877300613496933,0.0,1.971954425942156,0.0,0.0,0.0,0.0,0.0,0.0,0.0,8.66372980910426,-9999,22.516556291390728,-9999,19.78021978021978,-9999,-9999,-9999,0.0,-9999,0.0,1.0955302366345312,2.0595968448729183,0.0,0.0,6.134969325153374,5.6967572304995615,0.8326029798422436,0.0,0.0,0.0,5.034213098729228,0.0,0.0,0.0,0.0,0.0,0.0,71.64835164835165,7.032967032967033,8.711433756805807,71.69287696577243,19.582504970178928,3.479125248508946,3.7773359840954273,7.810650887573964,-9999,14223.0,21087.0,12543.0,14223.0,-9999,10143.0,55.433829973707276,4.163014899211218,46.777546777546775,42.87812041116006,62.987490802060336,63.73626373626374,-9999,42.22222222222222,21.11667859699356,12.79491833030853,69.93557623478884,79500.0,393.0,71.4387974230494,94.01088929219601,24.101665205959684,24.101665205959684,2.0595968448729183,13.563975837451949,34.266886326194395,60.70686070686071,2012
13215001800,49.45598417408507,44.01582591493571,4.8466864490603365,0.29673590504451036,0.0,0.0,0.0,0.0,0.0,0.0,0.0,0.0,6.8,-9999,20.224719101123597,-9999,0.0,-9999,0.0,-9999,-9999,-9999,0.0,2.472799208704253,2.373887240356083,0.0,6.132542037586548,2.472799208704253,7.31948565776459,0.0,0.0,0.0,0.0,2.4266936299292214,0.0,0.0,0.0,0.0,0.0,0.0,51.111111111111114,9.86111111111111,22.17659137577002,46.398305084745765,42.480211081794195,10.026385224274406,15.03957783641161,12.607099143206854,-9999,26271.0,25244.0,27105.0,26271.0,-9999,15000.0,31.15727002967359,3.264094955489614,9.836065573770492,30.8,32.359550561797754,0.0,100.0,-9999,16.198347107438018,22.682445759368836,51.570247933884296,102400.0,444.0,92.56198347107438,77.90927021696253,19.188921859545005,19.188921859545005,2.6706231454005933,17.13641488162345,41.26268320180383,40.43715846994535,2012
13215002000,1.9173157579388855,87.38765727980827,5.572198921509886,0.0,0.5692031156381067,0.0,0.0,0.0,0.0,0.0,0.7789095266626722,0.0,15.625,-9999,26.17426820966644,-9999,50.0,-9999,-9999,-9999,0.0,-9999,4.943079688436189,0.0,0.0,0.0,0.0,2.6063511084481727,0.8987417615338527,0.0,1.048532055122828,0.0,1.048532055122828,1.492537313432836,0.6164828033744322,0.0,0.0,0.2995805871779509,0.0,0.0,53.59028511087645,10.03167898627244,15.457413249211356,56.98847262247838,14.365671641791044,12.593283582089553,6.529850746268656,13.535911602209945,-9999,28818.0,41000.0,27928.0,28818.0,-9999,12874.0,30.613478392263524,2.0247809005741915,18.072289156626507,1.5873015873015872,34.054982817869416,11.290322580645162,-9999,0.0,20.482758620689655,57.06851691240243,37.58620689655172,100000.0,418.0,77.65517241379311,53.51257588898525,34.93109646494907,34.93109646494907,6.860395446375075,32.92836196062002,29.74444909928781,40.36144578313253,2012
13215002100,54.43953394937726,38.248292486942546,1.6070711128967456,0.0,3.696263559662515,0.44194455604660504,0.040176777822418644,0.0,0.12053033346725593,0.0,0.0,0.0,17.047970479704798,-9999,28.361344537815125,-9999,22.5,-9999,-9999,-9999,26.08695652173913,-9999,0.0,0.4017677782241864,0.0,0.0,0.6428284451586983,5.825632784250703,5.383688228204098,1.004419445560466,2.691844114102049,1.3660104459622338,1.3258336681398153,4.175453395191902,0.0,0.0,0.0,0.0,0.0,0.0,47.69526248399488,17.861715749039693,5.918189730200174,58.79873551106428,26.549491211840888,8.140610545790935,4.440333024976873,26.08695652173913,-9999,39792.0,36477.0,48365.0,39792.0,115833.0,19009.0,9.057824504650222,1.334411645774363,6.075533661740558,12.322628827483197,6.197478991596639,0.0,-9999,0.0,10.662824207492795,55.913978494623656,12.87223823246878,104100.0,659.0,84.0537944284342,65.80645161290323,27.681799919646444,27.681799919646444,8.477300120530334,50.67427385892116,18.41286307053942,18.0623973727422,2012
13215002200,9.600645421540944,89.39088342073417,0.0,0.0,1.008471157724889,0.0,0.0,0.0,0.0,0.0,1.008471157724889,0.0,10.504201680672269,-9999,13.492779783393502,-9999,-9999,-9999,-9999,-9999,0.0,-9999,0.0,0.0,0.0,0.0,0.6050826946349335,0.5647438483259378,0.0,0.0,2.016942315449778,0.0,2.016942315449778,3.867640739149119,0.6875805758487322,0.0,0.0,0.0,0.0,0.0,74.5872641509434,5.247641509433962,24.379719525350595,45.62446898895497,17.97432239657632,17.261055634807416,2.8530670470756063,9.346246973365618,-9999,21068.0,38500.0,19329.0,21068.0,-9999,12083.0,40.57327412192168,3.391199031085991,20.379965457685664,14.705882352941176,43.812104787714546,-9999,-9999,0.0,22.325249643366618,46.464646464646464,9.12981455064194,65700.0,495.0,96.14835948644793,50.964187327823694,16.700282371924164,16.700282371924164,9.842678499394918,14.895591647331786,41.9953596287703,27.979274611398964,2012
13215002300,34.75935828877005,56.283422459893046,5.4144385026737964,0.7352941176470589,1.4705882352941178,0.0,0.5347593582887701,0.0,0.0,0.40106951871657753,0.5347593582887701,0.0,24.615384615384617,-9999,27.846674182638107,-9999,51.851851851851855,-9999,0.0,-9999,0.0,-9999,0.6684491978609626,0.0,2.5401069518716577,0.0,3.4759358288770055,3.4759358288770055,4.010695187165775,0.5347593582887701,3.0080213903743314,1.3368983957219251,1.804812834224599,5.388760585065435,0.0,0.0,0.0,0.0,0.0,0.0,42.32008592910849,24.167561761546725,7.845744680851064,72.44094488188976,36.075036075036074,0.0,12.987012987012987,17.635658914728683,-9999,35060.0,78438.0,21131.0,35060.0,-9999,25905.0,18.315508021390375,0.8689839572192514,13.189448441247002,0.19230769230769232,30.777903043968433,45.67901234567901,0.0,0.0,14.814814814814815,34.78260869565217,59.37873357228196,295500.0,525.0,84.46833930704898,72.51051893408135,29.745989304812834,29.745989304812834,7.152406417112299,37.88990825688074,30.91743119266055,39.80815347721823,2012
13215002400,4.260089686098655,92.89985052316891,2.8400597907324365,0.0,0.0,0.0,0.0,0.0,0.0,0.0,0.0,0.0,8.771929824561404,-9999,22.767497988736928,-9999,68.42105263157895,-9999,-9999,-9999,-9999,-9999,1.9431988041853512,0.0,0.0,0.0,0.0,0.4484304932735426,0.0,0.0,1.195814648729447,0.0,0.5979073243647235,1.9327731092436975,0.0,0.0,0.0,0.0,0.0,0.0,62.42774566473989,3.5838150289017343,9.325396825396826,50.88,2.1881838074398248,12.910284463894968,0.0,10.421052631578947,-9999,20063.0,22778.0,20375.0,20063.0,-9999,13606.0,41.106128550074736,4.260089686098655,50.56603773584906,31.57894736842105,39.74255832662912,100.0,-9999,-9999,17.916137229987292,8.823529411764707,78.78017789072427,71900.0,302.0,95.67979669631512,73.06501547987617,28.998505231689087,28.998505231689087,6.053811659192825,12.20703125,47.16796875,66.41509433962264,2012
13215002500,22.137404580152673,73.7549981824791,3.3442384587422755,0.14540167211922936,0.6179571065067249,0.0,0.0,0.0,0.6179571065067249,0.0,0.0,0.0,5.254515599343185,-9999,19.022004889975552,-9999,30.434782608695652,-9999,0.0,-9999,0.0,-9999,0.21810250817884405,0.0,1.490367139222101,0.21810250817884405,0.3635041802980734,1.7448200654307524,2.435478007997092,0.2544529262086514,1.7811704834605597,0.5816066884769174,1.5630679752817158,6.920684292379471,0.2332814930015552,0.0,0.0,0.1817520901490367,0.0,0.0,74.43526170798899,6.446280991735537,32.95454545454545,35.208333333333336,32.20338983050848,5.084745762711864,4.80225988700565,12.203844434510506,-9999,10855.0,13125.0,10726.0,10855.0,-9999,8065.0,64.66795615731786,12.056737588652481,48.648648648648646,43.162393162393165,68.343653250774,58.53658536585366,-9999,-9999,11.11111111111111,1.4285714285714286,78.73015873015873,-9999,240.0,80.74074074074075,81.30952380952381,18.684114867320975,18.684114867320975,2.0719738276990185,8.757549611734254,33.21829163071614,62.46246246246246,2012
13215002700,7.939824488090263,88.04847471792729,0.0,0.0,0.0,0.0,0.0,0.0,0.0,0.0,0.0,0.0,8.421052631578947,-9999,27.337446606549598,-9999,-9999,-9999,-9999,-9999,-9999,-9999,0.0,0.0,0.0,0.0,0.0,0.0,0.7521938988717092,0.0,0.3760969494358546,0.0,0.0,0.39770216526734425,0.0,0.0,0.0,0.0,0.0,0.0,73.45932621199671,5.99835661462613,16.315205327413985,51.234042553191486,18.56763925729443,13.925729442970823,0.5305039787798409,7.654921020656136,-9999,13596.0,22778.0,13154.0,13596.0,-9999,8913.0,50.94024237358963,4.220643543669035,39.341421143847484,67.36842105263158,51.25771238728049,-9999,-9999,-9999,15.2046783625731,16.84729064039409,58.98078529657477,66500.0,382.0,61.73767752715121,71.52709359605912,31.048892603426662,31.048892603426662,2.7162557459256162,27.257431295569265,28.266965787997755,49.566724436741765,2012
13215002800,2.5284450063211126,91.59292035398231,2.8445006321112514,0.0,0.0,0.0,0.0,0.0,0.0,0.0,0.0,0.0,0.0,-9999,17.184265010351968,-9999,0.0,-9999,-9999,-9999,-9999,-9999,0.0,0.0,0.8849557522123894,0.0,0.0,0.8849557522123894,0.0,0.0,1.9595448798988622,0.0,0.0,3.6496350364963503,0.8626410086264101,0.0,0.0,0.0,0.0,0.0,70.81581160639193,8.32632464255677,12.36413043478261,44.50402144772118,18.6046511627907,23.72093023255814,2.4806201550387597,11.692307692307692,-9999,18015.0,22045.0,16923.0,18015.0,-9999,13126.0,30.278128950695322,4.867256637168142,21.25,17.5,32.574189095928226,0.0,-9999,-9999,38.455598455598455,31.242158092848182,40.23166023166023,59000.0,307.0,83.01158301158301,62.9861982434128,17.825537294563844,17.825537294563844,10.99873577749684,24.22641509433962,39.24528301886792,26.5,2012
13215002901,20.110764970578053,71.09726548978885,5.919003115264798,0.0,0.0,0.0,0.0,0.0,0.0,0.0,0.0,0.0,22.203098106712563,-9999,21.823472356935014,-9999,16.95906432748538,-9999,-9999,-9999,-9999,-9999,0.380754586362063,0.0,0.27691242644513675,0.0,0.0,4.119072343371409,3.115264797507788,0.0,7.649705780546902,4.499826929733472,4.153686396677051,9.663536776212833,0.0,0.0,0.27691242644513675,1.8691588785046729,0.0,0.0,51.62064825930372,16.086434573829532,5.39906103286385,59.57446808510638,15.632754342431761,12.572373862696443,0.5789909015715468,22.266401590457257,-9999,36146.0,23934.0,41441.0,36146.0,-9999,18245.0,23.29525787469713,1.592246452059536,21.656050955414013,5.851979345955249,25.36372453928225,67.83625730994152,-9999,-9999,15.497661990647963,44.74308300395257,51.43620574482298,80900.0,568.0,70.20708082832331,59.60474308300395,26.272066458982348,26.272066458982348,4.153686396677051,25.657015590200444,25.879732739420934,31.687898089171973,2012
13215002902,10.391822827938672,77.206132879046,10.459965928449744,0.0,0.0,0.0,0.0,0.0,0.0,0.0,0.0,0.0,21.639344262295083,-9999,25.442764578833692,-9999,40.06514657980456,-9999,-9999,-9999,-9999,-9999,8.620102214650766,0.0,1.839863713798978,0.0,0.0,1.6013628620102214,2.1465076660988074,0.0,6.780238500851789,3.8841567291311754,2.5553662691652472,9.502090459901178,3.6488027366020526,0.0,0.0,0.44293015332197616,0.0,0.0,52.60845689181768,6.260296540362439,16.446280991735538,51.63511187607573,14.243323442136498,8.506429277942631,5.143422354104847,19.948849104859335,-9999,29012.0,27727.0,29375.0,29012.0,-9999,14403.0,38.43270868824531,3.1005110732538332,31.875881523272213,51.80327868852459,36.45788336933045,46.25407166123779,-9999,-9999,17.591925018024515,50.39370078740158,26.964671953857245,95800.0,559.0,44.70079307858688,66.3167104111986,31.686541737649062,31.686541737649062,7.086882453151619,38.57343969967152,31.252932895354295,33.85049365303244,2012
13215003000,11.946133796698524,77.93223284100782,5.690703735881842,0.0,0.0,0.0,0.0,0.0,0.0,0.0,0.0,0.0,29.818181818181817,-9999,25.903614457831324,-9999,0.0,-9999,-9999,-9999,-9999,-9999,5.690703735881842,0.0,0.0,0.0,0.0,0.43440486533449174,0.3475238922675934,0.0,10.599478714161599,6.950477845351868,0.8688097306689835,10.662282761860029,1.503053076561766,0.0,0.0,0.39096437880104257,0.0,0.0,79.12923289564617,4.14651002073255,15.946843853820598,56.32563256325633,16.205533596837945,5.006587615283268,4.61133069828722,10.996119016817595,-9999,23425.0,36810.0,21136.0,23425.0,-9999,10074.0,41.44222415291051,1.259774109470026,26.12966601178782,6.545454545454546,51.25958378970427,24.427480916030536,-9999,-9999,29.563812600969307,27.98165137614679,48.949919224555735,57100.0,343.0,67.2859450726979,61.00917431192661,32.841007819287576,32.841007819287576,1.737619461337967,18.250728862973762,42.91545189504373,35.75638506876228,2012
13215003200,4.478458049886621,80.66893424036282,13.775510204081632,0.0,0.0,0.0,0.0,0.0,0.0,0.0,0.0,0.0,5.063291139240507,-9999,18.640504555010512,-9999,8.641975308641975,-9999,-9999,-9999,-9999,-9999,6.462585034013605,0.22675736961451248,0.0,0.0,0.0,1.5873015873015872,0.0,0.0,14.17233560090703,6.122448979591836,0.5102040816326531,18.294190358467244,12.978986402966626,0.0,0.0,1.5873015873015872,0.0,0.0,68.63057324840764,4.140127388535032,22.359550561797754,62.17391304347826,18.234442836468887,9.985528219971057,0.4341534008683068,8.284883720930232,-9999,18569.0,11518.0,19661.0,18569.0,-9999,13490.0,26.802952867688813,2.2146507666098807,16.3265306122449,54.43037974683544,23.8061797752809,34.5679012345679,-9999,-9999,22.1752903907075,12.618724559023066,48.89123548046462,58300.0,381.0,69.2713833157339,87.51696065128901,20.238095238095237,20.238095238095237,2.2108843537414966,12.857142857142858,34.21768707482993,25.170068027210885,2012
13215003301,36.0613810741688,62.31884057971015,0.0,0.3410059676044331,0.0,0.0,0.0,0.0,0.0,0.0,0.0,0.0,32.38770685579196,-9999,21.887824897400822,-9999,-9999,-9999,0.0,-9999,-9999,-9999,0.0,0.0,0.0,0.0,0.0,1.5345268542199488,3.9215686274509802,0.0,2.47229326513214,0.0,1.1935208866155158,3.470319634703196,0.0,0.0,0.0,0.5967604433077579,0.0,0.0,44.34628975265018,6.360424028268551,19.522776572668114,59.038901601830666,25.336927223719677,13.20754716981132,0.0,21.908602150537636,-9999,36932.0,23385.0,44886.0,36932.0,-9999,13876.0,37.254901960784316,0.42625745950554134,29.181494661921707,52.4822695035461,28.864569083447332,-9999,100.0,-9999,24.900398406374503,72.14854111405836,6.374501992031872,78700.0,443.0,60.756972111553786,44.56233421750663,36.146632566069904,36.146632566069904,2.813299232736573,33.48729792147806,19.28406466512702,29.893238434163703,2012
13215003302,12.409902851770605,82.07458476966468,3.2591664055155123,0.0,0.0,0.0,0.0,0.0,0.0,0.0,0.0,0.0,12.373737373737374,-9999,29.133256968308515,-9999,0.0,-9999,-9999,-9999,-9999,-9999,0.0,0.0,2.5697273581949234,0.0,0.6894390473205891,3.697900344719524,0.31338138514572234,0.0,1.6295832027577561,0.0,1.4102162331557506,6.08725059181603,0.0,0.0,0.0,1.0968348480100283,0.0,0.0,68.39050131926122,7.229551451187335,10.151380231522706,52.305366591080876,13.577799801783945,9.910802775024777,1.4866204162537167,21.47154095326238,-9999,22759.0,30694.0,20931.0,22759.0,-9999,12526.0,33.165829145728644,2.512562814070352,28.60927152317881,44.73007712082262,32.72241313478427,0.0,-9999,-9999,5.426356589147287,39.50819672131148,19.53488372093023,56600.0,358.0,93.10077519379846,69.34426229508196,32.2782826700094,32.2782826700094,4.575368223127546,21.02102102102102,40.15444015444015,43.311258278145694,2012
13215003400,12.459807073954984,73.31189710610933,9.766881028938906,0.0,0.7234726688102894,0.0,0.522508038585209,0.0,0.0,0.0,0.20096463022508038,0.0,8.709677419354838,-9999,33.98692810457516,-9999,25.51440329218107,-9999,-9999,-9999,0.0,-9999,7.194533762057878,0.0,1.607717041800643,0.0,2.210610932475884,2.3311897106109325,0.7636655948553055,0.0,7.676848874598071,4.702572347266881,1.2459807073954985,12.870835235052487,5.385668644454587,0.0,0.0,0.6430868167202572,0.0,0.0,65.97774244833069,4.133545310015898,26.98993595608417,65.26005888125613,8.646616541353383,7.142857142857143,11.278195488721805,12.075471698113208,-9999,21356.0,21484.0,21642.0,21356.0,42969.0,9405.0,53.29581993569132,0.522508038585209,47.262773722627735,27.096774193548388,57.08061002178649,50.617283950617285,-9999,27.77777777777778,21.359223300970875,15.26374859708193,60.458958517210945,56800.0,423.0,70.16769638128861,85.97081930415264,36.09324758842444,36.09324758842444,3.3360128617363345,23.983972524327417,20.091585575271896,46.167883211678834,2012
13215010104,47.68244575936884,31.295200525969758,11.669953977646285,1.0190664036817882,5.407626561472715,0.0,2.8106508875739644,0.23011176857330704,0.42735042735042733,0.2465483234714004,1.5614727153188692,0.0,17.821440882454326,-9999,21.271008403361346,-9999,28.87323943661972,-9999,58.064516129032256,-9999,16.717325227963524,-9999,1.7751479289940828,0.23011176857330704,6.574621959237344,0.23011176857330704,1.692965154503616,7.034845496383958,6.673241288625904,0.13149243918474687,7.166337935568705,4.0105193951347795,3.484549638395792,17.456934825075475,2.575031077961286,0.23011176857330704,0.0,0.5752794214332676,0.0,0.0,24.51108213820078,36.662320730117344,11.019465522929726,67.66072811773819,53.13311086392288,9.121245828698553,3.967371153133111,19.898206495395055,-9999,51471.0,54271.0,45114.0,51471.0,65750.0,28415.0,8.138957816377172,0.0,5.190311418685121,5.695317959468903,6.8277310924369745,11.830985915492958,0.0,0.0,14.928831512744125,32.490272373540854,65.01158556769282,208400.0,767.0,36.04766633565045,84.90272373540856,26.692965154503614,26.692965154503614,2.0710059171597632,53.92341494036409,16.551579828415985,22.491349480968857,2012
13215010106,49.32549290902802,29.90314769975787,12.314078173642338,0.44967139398132133,4.1335178139052235,0.0,1.8159806295399517,0.2767208578346593,0.0,0.2940159114493255,1.4873746108612937,0.0,22.510518934081347,-9999,20.61624649859944,-9999,40.30898876404494,-9999,46.15384615384615,-9999,9.446254071661238,-9999,5.396056727775856,0.588031822898651,3.7357315807679004,0.0,0.36319612590799033,4.635074368730543,4.980975441023867,0.0,7.644413697682463,1.9543410584572811,4.012452438602559,9.741331865712713,0.9906439185470556,0.0,0.0,0.4150812867519889,0.0,0.0,34.08679927667269,28.028933092224232,7.493368700265252,67.03703703703704,33.87096774193548,11.00358422939068,3.4408602150537635,15.722952477249747,-9999,50161.0,63750.0,43246.0,50161.0,105337.0,20928.0,11.679085080575291,0.3985444463697799,5.90851334180432,6.652587117212249,18.823529411764707,12.07865168539326,0.0,10.749185667752442,4.850088183421517,69.0454124189064,22.883597883597883,133700.0,715.0,39.02116402116402,64.4114921223355,31.061916291940506,31.061916291940506,3.9086821169145622,47.55023707383157,19.07879882592007,22.55400254129606,2012
13215010107,64.03390742734123,26.77610333692142,2.63724434876211,0.0,4.897739504843918,0.0,2.045209903121636,0.2691065662002153,0.44402583423035524,0.1883745963401507,1.3858988159311088,0.36329386437029065,24.47993275898298,-9999,25.92964824120603,-9999,10.204081632653061,-9999,-9999,-9999,23.9010989010989,-9999,0.13455328310010764,0.09418729817007535,1.1840688912809472,0.09418729817007535,3.4445640473627557,6.754574811625404,8.82669537136706,0.1883745963401507,7.104413347685684,3.256189451022605,3.606027987082885,10.953377166766288,0.9713090257023311,0.09418729817007535,0.1883745963401507,0.3094725511302476,0.0,0.0,21.572327044025158,40.524109014675055,7.2167912593444505,64.70588235294117,58.165478772854044,9.07964053300279,4.493337465137899,20.024420024420024,-9999,85913.0,93897.0,67477.0,85913.0,68708.0,36379.0,2.6035343315796573,0.3777148253068933,0.8414526129317981,0.8419280151547043,6.922688226376958,3.5714285714285716,-9999,2.4725274725274726,8.333333333333334,85.4087089381207,7.282913165266106,254600.0,1082.0,14.355742296918768,72.23071046600458,30.1264800861141,30.1264800861141,1.7222820236813778,74.23667570009033,8.383017163504968,7.395925597874225,2012
13215010201,78.02712302227962,6.021956732321602,7.5556990636099455,0.0,7.717145624798192,0.0,4.681950274459154,0.19373587342589602,0.0,0.16144656118824668,2.001937358734259,0.0,20.442789157872955,-9999,11.083123425692696,-9999,49.35897435897436,-9999,-9999,-9999,33.05439330543933,-9999,4.778818211172102,0.38747174685179203,1.8404907975460123,0.4197610590894414,3.374233128834356,7.539554407491121,9.654504359057151,0.8395221181788828,7.507265095253471,2.2118178882789796,3.2935098482402325,15.6025824964132,1.95480631276901,0.11301259283177269,0.0,0.6457862447529867,0.0,0.0,27.31971449667733,43.51464435146443,6.865884027036642,55.97618034878775,52.406417112299465,4.583651642475172,3.896103896103896,19.492944271705333,-9999,72048.0,70631.0,111765.0,72048.0,95625.0,35421.0,3.6271958360442422,0.27651268705270005,2.1599532983070637,3.9566847147022073,0.0,1.9230769230769231,-9999,5.02092050209205,9.019607843137255,67.28448275862068,31.254901960784313,218100.0,948.0,20.313725490196077,72.67241379310344,28.446884081369067,28.446884081369067,3.503390377784953,61.96797302991993,18.35229667088074,9.982486865148863,2012
13215010203,69.81206987824245,18.409211222869242,4.724722075172049,0.0,5.915828480677607,0.0,3.123345685547909,0.4764425622022234,0.9528851244044468,0.10587612493382742,0.21175224986765484,0.9925886712546321,19.601895734597157,-9999,26.774420238931835,-9999,21.288515406162464,-9999,-9999,-9999,25.70806100217865,-9999,0.43673901535203813,0.0,3.1101111699311805,0.0,2.289571201694018,12.347803070407624,8.800952885124405,0.10587612493382742,8.377448385389094,1.760190577024881,5.373213340391741,11.792584332311124,0.45999442431000837,0.0,0.0,0.4235044997353097,0.0,0.0,24.103386094970947,45.08114606291324,6.489275047515612,65.15304406323578,49.30313588850174,8.855981416957027,5.342624854819976,16.371259767486183,-9999,72940.0,85068.0,53571.0,72940.0,86413.0,34540.0,6.388630628237482,1.447735423030947,2.3006134969325154,5.847731156255933,9.82905982905983,0.0,-9999,3.485838779956427,10.645257210823669,60.63227953410982,32.70889087124591,253100.0,839.0,14.48111804936069,77.80366056572379,25.622022233986236,25.622022233986236,4.830598200105876,58.167061210686505,17.483936422049375,10.991820040899796,2012
13215010204,62.5065639768948,19.499387362156487,12.480308069315596,0.1750393838613688,1.9779450376334675,0.0,0.4551023980395589,0.0,1.1027481183266234,0.0,0.42009452126728514,0.0,15.401848221786615,-9999,24.236983842010773,-9999,33.66058906030855,-9999,0.0,-9999,0.0,-9999,5.968842989672677,0.49011027481183267,3.7458428146332925,0.26255907579205323,3.938386136880798,13.390512865394713,7.159110799929985,0.47260633642569577,6.7390162786626995,1.3302993173464028,4.358480658148084,13.563672260612043,1.579466929911155,0.0,0.26255907579205323,0.49011027481183267,0.0,0.0,27.921247762720533,31.88442853490156,10.414560161779574,68.70955462504759,44.13092550790068,11.211437170805116,5.8690744920993225,16.889104586265468,-9999,62778.0,64065.0,45388.0,62778.0,67778.0,27134.0,4.2841648590021695,0.23499638467100506,2.0114942528735633,3.080433542498574,12.772277227722773,0.0,0.0,0.0,3.657522859517872,71.9585849870578,13.133832086450541,139400.0,894.0,47.29842061512885,68.5504745470233,23.84036408191843,23.84036408191843,5.338701207771749,57.82676464039189,18.90447561790247,14.25287356321839,2012
13215010205,83.96388650042992,11.349957007738608,3.1384350816852966,0.0,0.9028374892519346,0.0,0.3009458297506449,0.0,0.3869303525365434,0.0,0.0,0.21496130696474636,22.01740911418331,-9999,3.2490974729241877,-9999,0.0,-9999,-9999,-9999,0.0,-9999,0.5588993981083406,0.0,2.0206362854686155,0.0,1.6766981943250214,7.996560619088564,6.0619088564058465,2.0206362854686155,1.2467755803955287,0.8168529664660361,1.2467755803955287,4.443426477324782,0.0,0.0,0.0,0.945829750644884,0.0,0.0,29.929161747343567,43.80165289256198,7.2362685265911075,59.16515426497278,51.785714285714285,11.56015037593985,6.860902255639098,13.966800228963939,-9999,61446.0,60956.0,53878.0,61446.0,70357.0,32225.0,6.706792777300086,0.472914875322442,7.434944237918216,6.1955965181771635,12.635379061371841,0.0,-9999,0.0,16.102941176470587,48.37861524978089,54.26470588235294,177800.0,821.0,16.544117647058822,74.3207712532866,20.851246775580396,20.851246775580396,9.845227858985382,54.054054054054056,19.50185479597244,13.382899628252789,2012
13215010301,82.57417467613874,1.0029251984956122,4.471374843292938,0.0,11.951525282072712,0.9611366485582951,5.223568742164647,0.7521938988717092,1.420810697868784,0.0,0.0,0.0,14.119433198380566,-9999,0.0,-9999,0.0,-9999,-9999,-9999,18.53146853146853,-9999,1.880484747179273,0.5432511491851233,1.2118679481821981,0.5432511491851233,2.089427496865859,5.975762641036356,6.310071040534893,1.5461763476807355,9.90388633514417,2.4237358963643962,6.644379440033431,15.906183368869936,1.236673773987207,0.0,0.0,0.0,0.0,0.0,16.489063376332023,62.03028603477286,4.240631163708087,40.55013309671695,61.38002059732235,9.062821833161689,13.18228630278064,16.59729448491155,-9999,109667.0,107583.0,-9999,109667.0,129821.0,84103.0,2.2794428028704092,1.9839594765723934,0.0,2.7327935222672064,-9999,0.0,-9999,0.0,12.235510579576816,90.56603773584905,18.767249310027598,465700.0,2001.0,35.32658693652254,61.84486373165618,19.09736732135395,19.09736732135395,15.545340576681989,73.65356622998544,11.790393013100436,0.0,2012
13215010302,74.43620178041543,12.596439169139465,5.43026706231454,0.34124629080118696,4.154302670623146,0.0,1.0979228486646884,0.6231454005934718,0.5637982195845698,0.14836795252225518,1.7210682492581602,0.0,19.19473789117002,-9999,26.03062426383981,-9999,22.950819672131146,-9999,0.0,-9999,10.714285714285714,-9999,0.0,0.20771513353115728,2.7299703264094957,0.6528189910979229,2.477744807121662,6.112759643916914,4.525222551928783,0.3264094955489614,5.712166172106825,0.14836795252225518,4.109792284866469,9.521561221277935,0.6452628265659427,0.14836795252225518,0.0,0.23738872403560832,0.0,0.0,25.56342562781713,36.14509551405881,6.684898207231845,60.7773851590106,51.25366330185607,8.01042005861283,3.353956366004559,14.982790038469325,-9999,69162.0,67500.0,98884.0,69162.0,110260.0,38941.0,10.192878338278932,1.3649851632047478,5.061179087875417,10.185369742874228,2.237926972909305,20.218579234972676,0.0,0.0,5.2576962988585265,67.72544724351954,25.25077827741266,192700.0,907.0,31.234866828087167,66.66666666666667,24.851632047477747,24.851632047477747,7.299703264094956,53.54301572617946,22.460684551341352,12.180200222469411,2012
13215010401,78.11544991511036,9.711375212224109,5.00848896434635,0.7640067911714771,2.801358234295416,0.0,0.0,0.22071307300509338,0.5942275042444821,0.5432937181663837,1.4431239388794568,0.0,13.279721799608781,-9999,45.41213063763608,-9999,45.08474576271186,-9999,33.333333333333336,-9999,11.515151515151516,-9999,2.3769100169779285,0.0,0.7640067911714771,0.0,1.035653650254669,9.083191850594227,9.796264855687607,0.7300509337860781,2.6315789473684212,1.4601018675721562,1.2903225806451613,7.478165938864628,0.8551673944687045,0.0,0.0,0.7809847198641766,0.0,0.0,33.30869672333087,31.879773343187978,6.341301460823373,61.39315230224321,37.468982630272954,5.565402339595888,5.388160226869904,14.772462077012836,-9999,55327.0,58494.0,48219.0,55327.0,50388.0,28639.0,6.061120543293718,1.035653650254669,3.1431897555296855,3.1080199956531187,31.259720062208398,0.0,0.0,7.878787878787879,4.125230202578269,74.99039569727238,7.0349907918968695,155500.0,732.0,76.83241252302025,58.66308106031502,22.63157894736842,22.63157894736842,9.083191850594227,56.66875391358798,26.27843873930286,13.50407450523865,2012
13215010402,62.86401282393802,18.888592038471813,10.579748864547154,0.6411969008816457,4.381512156024579,0.0,1.2022441891530857,0.8816457387122629,1.6029922522041145,0.32059845044082286,0.37403152551429336,0.0,14.57713557161071,-9999,17.204301075268816,-9999,24.494949494949495,-9999,0.0,-9999,22.5609756097561,-9999,4.702110606465402,0.0,5.236441357200107,0.0,3.580016029922522,3.820464867753139,7.160032059845044,0.8549292011755276,6.67913438418381,3.6334491049959925,3.8738979428266096,15.311418685121108,2.825836216839677,0.0,0.0,0.5343307507347048,0.0,0.0,33.80566801619433,19.59514170040486,4.074619538537064,67.30310262529832,33.98157625383828,4.554759467758444,4.503582395087001,12.669039145907472,-9999,40573.0,41335.0,55104.0,40573.0,13646.0,22192.0,13.879957127545552,0.0,10.819009100101113,9.94475138121547,22.646657571623464,0.0,0.0,71.95121951219512,18.69158878504673,55.04469987228608,39.148494288681206,139400.0,763.0,59.70924195223261,67.68837803320562,21.21293080416778,21.21293080416778,6.305102858669517,47.60508308895405,23.26490713587488,25.37917087967644,2012
13215010501,60.97396009469057,31.501521812647955,5.4277984443692935,0.0,0.5749070003381805,0.0,0.21981738248224553,0.0,0.0,0.0,0.35508961785593507,0.0,13.72712146422629,-9999,17.470797359065514,-9999,34.890965732087224,-9999,-9999,-9999,26.470588235294116,-9999,2.181264795400744,0.5918160297598918,2.6547176192086575,0.0,1.5049036185322962,7.997970916469395,4.2441663848495095,0.5072708826513358,3.8721677375718633,1.0821778829895163,2.367264119039567,8.69410297523606,0.0,0.0,0.0,2.705444707473791,0.0,0.0,25.142857142857142,30.714285714285715,5.367723945625653,53.431372549019606,40.88397790055249,7.661141804788214,3.720073664825046,18.008244738555,-9999,48342.0,45625.0,70909.0,48342.0,36538.0,28474.0,11.580196676839607,1.0681586978636826,7.405177603853101,11.480865224625624,12.2397155916709,0.0,-9999,23.529411764705884,11.284722222222221,75.3816046966732,13.333333333333334,147800.0,576.0,57.1875,57.6908023483366,20.730470071017923,20.730470071017923,7.676699357456882,51.95304594211698,20.663833232139243,15.833835039133053,2012
13215010502,50.936967632027255,43.04372515616127,5.337876206700738,0.4542873367404884,0.2271436683702442,0.0,0.0,0.0,0.2271436683702442,0.0,0.0,0.0,22.073578595317727,-9999,29.8636926889715,-9999,57.4468085106383,-9999,100.0,-9999,0.0,-9999,2.271436683702442,0.0,3.0664395229982966,0.0,0.4542873367404884,5.281090289608177,2.2146507666098807,1.7603634298693924,1.4196479273140261,1.5900056785917092,0.6814310051107325,3.8809831824062098,0.0,0.0,0.0,0.34071550255536626,0.0,0.0,42.413162705667276,23.03473491773309,7.345971563981043,61.394769613947695,33.75959079283887,3.836317135549872,5.370843989769821,12.64,-9999,35072.0,32250.0,35291.0,35072.0,-9999,20152.0,14.19647927314026,2.1578648495173196,11.229946524064172,15.16164994425864,14.12639405204461,0.0,0.0,0.0,4.3478260869565215,17.94871794871795,70.45707915273132,12800.0,686.0,38.684503901895205,83.21678321678321,28.67688813174333,28.67688813174333,11.641113003975015,22.049689440993788,40.29503105590062,35.56149732620321,2012
13215010602,23.642054870189654,61.84864665807402,5.855275271589026,0.6996869821395691,2.4673172528079546,0.0,0.2761922297919352,0.0,0.07365126127784938,0.0,0.1288897072362364,0.20254096851408582,8.644859813084112,-9999,30.193164933135215,-9999,26.41509433962264,-9999,60.526315789473685,-9999,0.0,-9999,3.2774811268642976,0.0,0.7733382434174185,0.0,1.9885840545019333,5.523844595838704,3.406370834100534,0.2761922297919352,6.002577794144725,3.885104032406555,3.4984349106978456,13.524835427887492,0.07979253939756632,0.0,0.0,2.0622353157797826,0.0,0.0,44.1969887076537,10.194479297365119,7.754118119726798,60.338517840805125,25.566202090592334,11.890243902439025,1.7421602787456445,18.77444589308996,-9999,39124.0,37054.0,39537.0,39124.0,92708.0,16693.0,18.76265881053213,1.4177867795986006,13.4785568413887,21.18380062305296,18.87072808320951,2.5157232704402515,0.0,0.0,9.201557935735151,65.46916890080429,8.179162609542356,86200.0,612.0,78.91918208373905,51.09919571045577,29.05542257411158,29.05542257411158,5.505431780519241,41.893579815138644,20.959280539595305,24.23417290673928,2012
13215010605,2.0741394527802295,94.10856134157105,0.7281553398058253,0.0,0.19858781994704325,0.0,0.0,0.0,0.19858781994704325,0.0,0.0,0.0,0.0,-9999,29.58968347010551,-9999,33.333333333333336,-9999,-9999,-9999,0.0,-9999,0.0,0.0,0.7281553398058253,0.0,0.0,1.1032656663724625,0.02206531332744925,0.0,0.353045013239188,0.0,0.353045013239188,1.2795750845002414,0.28971511347175277,0.0,0.0,0.15445719329214475,0.0,0.0,40.32921810699588,14.478114478114477,6.120481927710843,66.80919294494923,23.100616016427104,11.806981519507186,1.48870636550308,20.28647568287808,-9999,50521.0,25893.0,51276.0,50521.0,-9999,18862.0,8.9396628216504,0.1774622892635315,5.646481178396072,31.914893617021278,8.276349917472293,0.0,-9999,0.0,8.394160583941606,73.63877822045153,7.7250608272506085,109800.0,539.0,50.790754257907544,46.81274900398407,32.89938217122683,32.89938217122683,3.1553398058252426,42.512531328320804,23.24561403508772,30.687397708674304,2012
13215010606,32.9592684954281,62.801330008312554,2.950955943474647,0.41562759767248547,0.0,0.0,0.0,0.0,0.0,0.0,0.0,0.0,0.7566204287515763,-9999,0.8547008547008547,-9999,0.0,-9999,0.0,-9999,-9999,-9999,2.5353283458021614,0.0,0.1662510390689942,0.0,0.6234413965087282,4.8212801330008315,6.85785536159601,0.0,1.4131338320864506,0.0,0.24937655860349128,5.901911886949294,0.0,0.0,0.0,0.0,0.0,0.0,79.83991995998,2.351175587793897,0.0,0.0,0.0,0.0,0.0,7.054823629409265,-9999,-9999,-9999,-9999,-9999,-9999,2637.0,34.69387755102041,6.122448979591836,-9999,100.0,28.88888888888889,-9999,-9999,-9999,17.94871794871795,0.0,100.0,-9999,2001.0,0.0,100.0,2.202826267664173,2.202826267664173,7.231920199501247,8.630079597821533,27.14704650188521,-9999,2012
13215010607,15.28960106826907,78.01702553830746,4.42330161909531,0.0,0.801201802704056,0.0,0.0,0.0,0.0,0.2837589717910199,0.3171423802370222,0.0,25.436681222707424,-9999,30.62211013030685,-9999,46.41509433962264,-9999,-9999,-9999,0.0,-9999,0.4339843097980304,0.0,1.5523284927391086,0.0,0.23368385912201636,2.4202971123351693,4.156234351527291,0.0,4.42330161909531,0.0,4.022700717743281,6.344065536292627,0.8001524099828539,0.0,0.0,1.4521782674011017,0.0,0.0,52.44377811094453,13.823088455772114,11.618098159509202,57.22014148980441,25.379609544468547,9.587852494577007,6.507592190889371,14.72828847130523,-9999,33184.0,25491.0,36462.0,33184.0,-9999,16569.0,30.451634647792382,2.1739130434782608,24.412296564195298,40.28384279475983,27.27079344820251,49.81132075471698,-9999,0.0,2.008215426745778,59.94410805775501,6.207211319032405,103100.0,548.0,64.6736649931538,63.530507685142055,33.58370889667835,33.58370889667835,2.3702219996661658,37.85578747628084,20.967741935483872,37.79385171790235,2012
13215010608,9.140164899882214,82.5206124852768,1.342756183745583,0.5889281507656066,0.8244994110718492,0.0,0.0,0.0,0.0,0.6124852767962309,0.0,0.0,3.865979381443299,-9999,21.96629213483146,-9999,0.0,-9999,0.0,-9999,0.0,-9999,0.0,0.0,0.0,0.0,0.2591283863368669,2.0023557126030624,0.0,0.0,4.287396937573616,0.7302709069493521,3.5100117785630154,4.457614017005926,0.7729966503478485,0.0,0.0,0.8951707891637221,0.0,0.0,46.20037807183365,9.678638941398866,8.831908831908832,69.8200812536274,22.5,15.989583333333334,4.322916666666667,20.478632478632477,-9999,40446.0,39659.0,42292.0,40446.0,60139.0,19820.0,14.578370652691758,0.0,12.995780590717299,4.381443298969073,15.399943068602335,50.87719298245614,0.0,0.0,9.25925925925926,69.79591836734694,7.037037037037037,116900.0,612.0,49.074074074074076,56.19047619047619,28.62190812720848,28.62190812720848,4.122497055359246,45.754575457545755,24.242424242424242,27.59493670886076,2012
13215010701,12.444971215712835,85.60785641720284,1.5408059600406367,0.0,0.0,0.0,0.0,0.0,0.0,0.0,0.0,0.0,10.612244897959183,-9999,21.68651180948663,-9999,17.582417582417584,-9999,-9999,-9999,-9999,-9999,0.4063664070436844,0.0,0.0,0.0,0.0,0.8465966813410092,2.878428716559431,0.016931933626820182,2.878428716559431,1.6085336945479174,2.0826278360988826,2.2996766079770032,1.1318720804886813,0.0,0.0,0.5079580088046055,0.0,0.0,49.96205413609916,11.940298507462687,15.326460481099657,71.21212121212122,20.941558441558442,9.577922077922079,3.2873376623376624,15.44186046511628,-9999,40277.0,21078.0,41535.0,40277.0,-9999,18822.0,16.70929241261722,1.8073316283034953,8.046722907203115,30.8843537414966,14.817001180637543,0.0,-9999,-9999,11.124449779911965,70.10355695632597,6.562625050020008,101900.0,565.0,55.58223289315726,54.5249887438091,25.516423975618014,25.516423975618014,4.893328818151033,36.52248028979331,27.23204773066269,25.17845554834523,2012
13215010702,5.305202785743548,84.5759934453093,4.199098730028677,0.0,0.4916018025399426,0.0,0.0,0.0,0.3072511265874642,0.0,0.0,0.0,0.0,-9999,13.781431334622823,-9999,44.8780487804878,-9999,-9999,-9999,0.0,-9999,3.2978287587054487,0.0,0.9012699713232282,0.0,0.0,0.8603031544448996,1.1265874641540352,0.0,4.444899631298648,0.4916018025399426,3.2158951249487915,6.426735218508997,0.8140531276778064,0.0,0.0,1.5772224498156493,0.0,0.0,53.63360044211108,12.959381044487428,6.684373616644533,61.81214421252372,26.13851992409867,12.618595825426945,3.6053130929791273,24.12560633137605,-9999,44054.0,27240.0,46418.0,44054.0,-9999,22673.0,11.675542810323638,1.9664072101597705,4.252199413489736,11.96911196911197,12.524177949709864,10.24390243902439,-9999,0.0,4.644412191582003,80.61897513952309,1.741654571843251,106100.0,529.0,74.69762941461055,33.73921867072552,19.274887341253585,19.274887341253585,9.442851290454731,51.61135161135161,18.446368446368446,15.395894428152493,2012
13215010703,7.07196029776675,87.9652605459057,0.6203473945409429,0.20161290322580644,1.1476426799007444,0.0,0.0,0.0,0.0,0.0,0.0,0.0,27.412280701754387,-9999,20.64075630252101,-9999,0.0,-9999,0.0,-9999,0.0,-9999,0.0,0.0,0.0,0.0,0.0,2.4503722084367245,1.4733250620347396,0.0,1.2406947890818858,0.0,1.2406947890818858,1.686056314280897,0.1686056314280897,0.0,0.0,0.5583126550868487,0.0,0.0,35.486194477791116,10.684273709483794,11.684420772303595,57.86092214663643,24.010554089709764,8.179419525065963,2.0731247644176403,22.792388283087448,-9999,34212.0,51000.0,34475.0,34212.0,-9999,19525.0,25.0,3.086228287841191,16.33254716981132,15.570175438596491,24.404761904761905,0.0,0.0,50.0,14.102984585109873,52.04276441389843,29.222695965890455,122500.0,470.0,57.29747458183011,63.11569301260023,25.852977667493796,25.852977667493796,7.16501240694789,38.665086887835706,25.078988941548182,22.58254716981132,2012
13215010801,62.90408055113937,21.197668256491784,7.8961314255431905,0.1589825119236884,2.861685214626391,0.0,0.0,0.0,1.1128775834658187,0.0,0.0,0.0,31.592249368155013,-9999,29.901960784313726,-9999,34.22818791946309,-9999,0.0,-9999,0.0,-9999,6.200317965023848,0.0,1.6428192898781133,0.0,2.596714361420244,13.407525172231054,9.167991520932697,0.0,1.9607843137254901,1.8018018018018018,0.5829358770535241,8.290816326530612,0.0,0.0,0.0,1.0068892421833597,0.0,0.0,42.97520661157025,14.87603305785124,13.930348258706468,47.48010610079576,28.32369942196532,6.936416184971098,0.0,8.365758754863814,-9999,44167.0,47784.0,41458.0,44167.0,-9999,12777.0,17.973629424011104,0.0,13.333333333333334,15.74712643678161,27.72020725388601,0.0,100.0,-9999,51.75537938844847,0.0,60.362400906002264,-9999,1058.0,77.57644394110986,96.94835680751174,33.969263381028085,33.969263381028085,0.0,48.2571649883811,10.379550735863672,19.365079365079364,2012
13215010802,66.4386584289497,7.215357458075904,16.780670785525153,0.23168578993821712,5.052956751985878,0.0,0.0,0.25375110326566636,2.5485436893203883,0.03309796999117388,0.18755516328331862,0.18755516328331862,13.23480571238791,-9999,19.35953420669578,-9999,21.104536489151872,-9999,0.0,-9999,9.282700421940929,-9999,11.628420123565755,0.3971756398940865,3.0450132391879965,0.176522506619594,5.714916151809356,16.019417475728154,11.937334510150045,2.6699029126213594,4.346866725507502,1.9748455428067078,2.0189761694616064,17.0197904540163,0.17462165308498254,0.0,0.0,0.353045013239188,0.0,0.0,34.52935694315005,12.022367194780989,13.958810068649885,50.17921146953405,27.26063829787234,5.053191489361702,3.0585106382978724,17.95886075949367,-9999,49934.0,49286.0,71000.0,49934.0,39615.0,15977.0,2.700900300100033,0.0,2.21606648199446,2.1064950263311877,11.450381679389313,0.0,0.0,0.0,12.529550827423169,0.0,1.1820330969267139,-9999,1348.0,2.482269503546099,100.0,19.318181818181817,19.318181818181817,0.0,28.65550614700497,1.9879675647397332,7.479224376731302,2012
13215011100,51.330798479087456,45.247148288973385,2.1546261089987326,0.0,0.5069708491761724,0.0,0.0,0.0,0.5069708491761724,0.0,0.0,0.0,5.802469135802469,-9999,13.168724279835391,-9999,0.0,-9999,-9999,-9999,0.0,-9999,0.7604562737642585,0.0,1.394169835234474,0.0,2.091254752851711,4.119138149556401,10.64638783269962,0.0,2.091254752851711,0.0,1.7743979721166032,6.154864328259431,0.0,0.0,0.0,0.8238276299112801,0.31685678073510776,0.0,55.943396226415096,16.60377358490566,22.504230118443317,39.3646408839779,35.58951965065502,10.262008733624453,1.7467248908296944,11.151339608979,-9999,16657.0,14785.0,20523.0,16657.0,-9999,17681.0,46.12765957446808,0.6808510638297872,18.181818181818183,44.52887537993921,47.65625,0.0,-9999,-9999,23.903966597077243,16.598079561042525,66.80584551148226,160400.0,442.0,88.4133611691023,92.18106995884774,11.723700887198985,11.723700887198985,9.82256020278834,13.658536585365853,35.400696864111495,35.60606060606061,2012
13215011200,50.1227295041728,40.40255277368679,5.154639175257732,1.129111438389789,0.0,0.0,0.0,0.0,0.0,0.0,0.0,0.0,13.809990205680705,-9999,21.506682867557714,-9999,44.76190476190476,-9999,0.0,-9999,-9999,-9999,4.418262150220913,0.14727540500736377,0.0,0.0,0.9327442317133039,5.547373588610702,6.774668630338733,0.0,4.074619538537064,2.847324496809033,1.2272950417280315,5.093833780160858,1.6621983914209115,0.0,0.0,1.0800196367206676,0.0,0.0,49.17562724014337,25.376344086021504,15.596330275229358,52.96367112810707,36.005434782608695,3.8043478260869565,1.4945652173913044,10.369881109643329,-9999,25000.0,31473.0,13636.0,25000.0,-9999,18778.0,35.77755905511811,7.923228346456693,21.122994652406415,20.66601371204701,46.76434676434676,97.14285714285714,0.0,-9999,8.32618025751073,33.70786516853933,40.17167381974249,122500.0,372.0,89.6137339055794,72.56554307116104,23.07314678448699,23.07314678448699,6.8728522336769755,22.86401925391095,40.373044524669076,26.737967914438503,2012
13215011400,69.62639495390587,21.93110140708394,6.453178068898593,0.970402717127608,0.0,0.0,0.0,0.0,0.0,0.0,0.0,0.0,16.37630662020906,-9999,24.336283185840706,-9999,64.66165413533835,-9999,0.0,-9999,-9999,-9999,5.870936438622028,0.0,0.5822416302765647,0.0,2.911208151382824,9.364386220281418,11.06259097525473,0.0,2.8626880155264436,1.1159631246967492,0.5822416302765647,5.9536354056902,3.530031612223393,0.0,0.0,0.38816108685104317,0.0,0.0,68.62589356632247,4.686258935663225,25.24390243902439,56.380510440835266,16.802610114192497,15.33442088091354,2.7732463295269167,11.721854304635762,-9999,23424.0,22769.0,32179.0,23424.0,-9999,12059.0,34.297108673978066,0.3489531405782652,19.813084112149532,34.00696864111498,10.327455919395465,100.0,25.0,-9999,22.22222222222222,28.31858407079646,18.780727630285153,76100.0,498.0,92.62536873156343,80.40455120101137,25.473071324599708,25.473071324599708,6.550218340611353,33.10685608400247,29.956763434218654,28.785046728971963,2012
13215011500,26.226259289843107,39.0916597853014,23.55078447563997,0.0,5.41701073492981,0.0,0.0,0.0,0.9413707679603633,0.26424442609413706,3.8480594549958713,0.3633360858794385,13.790931989924433,-9999,25.467568643056108,-9999,40.18232819074334,-9999,-9999,-9999,11.585365853658537,-9999,14.797687861271676,0.0,4.327002477291495,0.0,0.11560693641618497,10.189925681255161,4.971098265895954,0.33030553261767137,16.39966969446738,8.175061932287365,5.13625103220479,23.9477503628447,12.354862119013063,0.0,0.11560693641618497,1.7836498761354254,0.0,0.0,60.6765899864682,5.520974289580514,10.520047637951569,48.54406130268199,18.98846495119787,10.913930789707187,5.146406388642413,16.738095238095237,-9999,28354.0,35134.0,31111.0,28354.0,27500.0,14410.0,35.18174133558749,2.992392223161454,19.842406876790832,18.31081081081081,29.4866693195384,70.15781922525107,-9999,55.48780487804878,13.663282571912013,62.17540421362077,5.2030456852791875,78000.0,503.0,86.12521150592217,55.60999510044096,30.008257638315442,30.008257638315442,6.028075970272502,32.04530313124584,32.62269598045747,28.008595988538683,2012
01113030200,31.82261208576998,62.42690058479532,0.7797270955165692,1.5594541910331383,0.0,0.0,0.0,0.0,0.0,0.0,0.0,0.0,12.404287901990811,-9999,35.831381733021075,-9999,37.5,-9999,0.0,-9999,-9999,-9999,0.0,0.0,0.4873294346978557,0.0,0.5847953216374269,0.3898635477582846,0.4873294346978557,0.0,0.29239766081871343,0.29239766081871343,0.29239766081871343,-9999,-9999,0.0,0.0,0.0,0.0,0.0,64.77935054121565,2.9975020815986677,13.153961136023916,46.60574412532637,16.351118760757316,14.974182444061961,4.130808950086059,6.166419019316494,-9999,27065.0,26793.0,27548.0,27065.0,-9999,13303.0,40.52319842053307,1.3820335636722607,31.954887218045112,30.781010719754978,44.26229508196721,62.5,23.68421052631579,-9999,25.278810408921935,29.850746268656717,46.00371747211896,72700.0,438.0,94.70260223048327,62.56218905472637,34.40545808966861,34.40545808966861,2.3391812865497075,30.428769017980635,26.48686030428769,47.744360902255636,2019
01113030300,53.77189846263854,29.102609939220592,12.048623525205578,0.0,0.0,0.0,0.0,0.0,0.0,0.42903110475509476,0.0,0.0,5.784574468085107,-9999,22.35872235872236,-9999,30.56379821958457,-9999,0.0,-9999,-9999,-9999,9.474436896675009,0.0,0.42903110475509476,0.0,0.0,1.0725777618877368,0.3575259206292456,0.0,6.900250268144441,0.0,1.3585984983911334,-9999,-9999,0.0,0.0,1.0010725777618876,0.0,0.0,58.6837294332724,13.254113345521024,11.271186440677965,49.60876369327074,14.040114613180515,10.983763132760268,0.6685768863419294,12.647554806070826,-9999,34274.0,35566.0,-9999,34274.0,-9999,24114.0,29.37792161093132,3.9913700107874863,14.94413407821229,16.622340425531913,47.24310776942356,17.80415430267062,0.0,-9999,21.000581733566026,58.026509572901325,14.194299011052937,68400.0,558.0,91.91390343222804,58.17378497790869,14.944583482302466,14.944583482302466,9.259921344297462,40.04123711340206,25.7319587628866,15.921787709497206,2019
01113030401,68.93315772143563,23.11491603556141,2.173197234112611,0.0,2.9963780046098125,0.0,0.0,0.5103720777082648,4.247612775765558,0.2963450773789924,0.3951267698386566,0.0,12.323859565321232,-9999,14.216701173222912,-9999,0.0,-9999,-9999,-9999,0.0,-9999,0.7737899242673691,0.0,1.399407309845242,0.0,0.740862693447481,4.774448468883767,5.0049390846229835,0.8396443859071452,2.025024695423115,0.0,1.481725386894962,-9999,-9999,0.0,0.0,0.23049061573921634,0.0,0.0,30.2,28.35,2.2770919067215365,69.76241900647948,42.30769230769231,9.376754632229085,4.46378439079169,13.334812513867318,-9999,56607.0,53772.0,68413.0,56607.0,-9999,30245.0,6.492397061336067,0.5467281735861951,1.5091863517060367,3.1881236310537844,16.221910112359552,13.636363636363637,-9999,0.0,8.074981975486661,36.90196078431372,38.57245854361932,150600.0,751.0,67.48377793799567,68.19607843137256,22.077708264734937,22.077708264734937,5.449456700691472,47.11501719526175,18.570882690103172,20.73490813648294,2019
01113030402,64.70759383183008,20.890311318009893,5.2080302589467555,1.5711376200174572,2.0657550189118417,0.669188245562991,0.0,0.3782368344486471,0.7855688100087286,0.0,0.23276112889147513,0.0,18.030575539568346,-9999,15.877437325905293,-9999,31.28491620111732,-9999,0.0,-9999,32.394366197183096,-9999,2.0366598778004072,0.814663951120163,1.251091067791679,0.0,0.6400931044515565,0.3491416933372127,1.629327902240326,0.2618562700029095,3.636892638929299,0.523712540005819,3.433226651149258,-9999,-9999,0.0,0.0,0.0,0.0,0.0,37.807986406117244,29.566694987255733,5.8566978193146415,61.9541080680977,40.50297816015883,9.066843150231636,5.162144275314361,9.211553473848555,-9999,53139.0,52944.0,-9999,53139.0,-9999,32989.0,11.66421207658321,2.7982326951399115,4.590818363273453,11.869844179651695,9.052924791086351,5.58659217877095,27.77777777777778,47.88732394366197,13.560334528076464,72.63303386316517,14.994026284348864,143500.0,649.0,62.84348864994026,53.28265376641327,21.559499563572885,21.559499563572885,6.720977596741344,56.84133915574964,21.83406113537118,8.682634730538922,2019
01113030500,63.50806451612903,26.129032258064516,0.3225806451612903,0.8870967741935484,1.2096774193548387,0.0,0.8064516129032258,0.0,0.16129032258064516,0.0,0.5645161290322581,0.0,16.825396825396826,-9999,31.944444444444443,-9999,0.0,-9999,0.0,-9999,30.0,-9999,0.3225806451612903,0.0,0.0,0.28225806451612906,0.8064516129032258,1.532258064516129,2.2580645161290325,0.24193548387096775,3.3870967741935485,1.25,1.7338709677419355,-9999,-9999,0.0,0.0,1.3306451612903225,0.0,0.0,45.92457420924574,16.849148418491485,5.475206611570248,48.25581395348837,31.256830601092897,13.770491803278688,3.4972677595628414,12.372304199772985,-9999,38875.0,34868.0,44271.0,38875.0,-9999,21854.0,15.119578435346575,2.432103769760843,8.360655737704919,18.373879641485274,10.185185185185185,0.0,0.0,66.66666666666667,12.76207839562443,59.3521421107628,22.060164083865086,169200.0,378.0,56.88240656335461,59.56112852664577,27.661290322580644,27.661290322580644,8.548387096774194,45.49713690786049,23.373243102550756,24.75409836065574,2019
01113030600,25.513313021592264,54.98741555172871,15.233805802092993,0.0,0.1987018148099086,0.0,0.0,0.1987018148099086,0.0,0.0,0.0,0.0,19.1588785046729,-9999,19.706094916887498,-9999,54.43478260869565,-9999,-9999,-9999,0.0,-9999,0.2384421777718903,0.0,0.6225990197377136,0.0,0.07948072592396344,0.3709100543118294,1.0464962246655185,0.0,9.564180686183601,5.576897602331434,2.410915353026891,-9999,-9999,0.0,0.0,0.29142932838786595,0.0,0.0,54.080774084981066,17.26966764829617,7.264814194844325,49.36215450035436,23.501805054151625,8.447653429602887,8.483754512635379,12.625324916450056,-9999,31204.0,34969.0,32031.0,31204.0,-9999,17715.0,36.09958506224066,2.143845089903181,30.097087378640776,11.409395973154362,27.67879548306148,94.75982532751091,-9999,100.0,16.35343618513324,45.439302481556005,28.162692847124823,110200.0,565.0,54.137447405329596,59.15492957746479,27.97721552523513,27.97721552523513,6.371704861571069,32.04092622509424,27.858553222042723,28.964401294498384,2019
01113030700,17.39480032162959,72.33985526668454,7.4242830340391315,0.0,1.0184937014205306,0.0,0.0,0.0,1.0184937014205306,0.0,0.777271508978826,0.0,7.550077041602465,-9999,22.079824240205053,-9999,53.42960288808664,-9999,-9999,-9999,42.10526315789474,-9999,5.414098097024926,0.0,1.6885553470919326,0.0,0.13401232913428035,0.0,0.8576789064593943,0.6432591798445457,4.851246314660949,0.42883945322969713,2.7874564459930316,-9999,-9999,0.0,0.0,1.1793084963816671,0.0,0.0,53.57864941366761,15.446825717751718,11.038607939097336,59.8676293622142,18.581907090464547,25.977995110024448,1.2836185819070904,7.818779685787359,-9999,28933.0,47857.0,26542.0,28933.0,-9999,16909.0,29.95850622406639,2.8492392807745506,13.602550478214665,31.504424778761063,28.936643201185625,44.765342960288805,-9999,0.0,15.949632738719831,40.76154806491885,37.565582371458554,96500.0,626.0,53.77754459601259,57.55305867665418,25.43554006968641,25.43554006968641,5.306888233717502,31.05696636925189,28.963623884694577,23.273113708820404,2019
01113030800,3.5469819539514624,93.9016801493466,0.37336652146857496,0.0,0.0,0.0,0.0,0.0,0.0,0.0,0.0,0.0,7.017543859649122,-9999,23.492379058979456,-9999,0.0,-9999,-9999,-9999,-9999,-9999,0.0,0.0,0.3422526446795271,0.0,0.0,0.24891101431238333,0.0,0.0,0.0,0.0,0.0,-9999,-9999,0.0,0.0,0.0,0.0,0.0,63.46153846153846,4.881656804733728,12.674825174825175,46.90201729106628,20.02002002002002,22.22222222222222,2.8028028028028027,9.234608985024959,-9999,21728.0,-9999,21636.0,21728.0,-9999,14326.0,46.78362573099415,6.692657569850552,31.35593220338983,16.666666666666668,46.46079111727967,100.0,-9999,-9999,16.046369737644905,56.758720930232556,25.503355704697988,94800.0,400.0,74.43563148261134,35.68313953488372,25.202240199128813,25.202240199128813,6.627255756067206,22.163907953169158,24.384335890189746,36.610169491525426,2019
01113030901,67.84770784770785,23.558663558663557,2.4864024864024863,0.0,1.7871017871017871,0.0,0.0,0.0,1.2742812742812744,0.3108003108003108,1.4763014763014763,0.43512043512043513,20.888685295464956,-9999,9.630606860158311,-9999,9.375,-9999,-9999,-9999,43.47826086956522,-9999,0.40404040404040403,0.0,0.5283605283605284,0.0,0.29526029526029524,1.9580419580419581,1.5850815850815851,0.17094017094017094,1.8803418803418803,0.9324009324009324,0.6993006993006993,-9999,-9999,0.0,0.0,0.24864024864024864,0.0,0.0,53.33483551149166,10.950878774222623,3.2334119232064666,49.18856259659969,22.206752523494604,13.261399234249913,4.002784545770971,8.917069243156199,-9999,34766.0,36392.0,25256.0,34766.0,-9999,20831.0,23.19201995012469,3.5224438902743143,9.538850284270373,19.262482821804856,27.655310621242485,16.25,-9999,0.0,19.988119988119987,64.5879732739421,4.98960498960499,83700.0,588.0,71.81467181467181,49.925760950259836,22.797202797202797,22.797202797202797,3.5586635586635587,42.96949932860157,28.026088624592365,12.760581174984207,2019
01113030902,37.509788566953794,52.11868093622205,5.690420255807883,0.37414078134516665,0.3828417297485426,0.0,0.0,0.0,0.3828417297485426,0.0,0.4089445749586705,0.0,25.075388540941777,-9999,22.026285143902843,-9999,22.93577981651376,-9999,0.0,-9999,0.0,-9999,1.862002958322457,0.09571043243713565,3.73270686504829,0.0,0.548159749412686,6.43000087009484,1.2094318280692595,0.5220569042025581,3.845819194292178,1.366048899330027,1.5400678673975463,-9999,-9999,0.0,0.0,0.7569825110937092,0.0,0.0,36.14490772385509,24.784688995215312,8.01791713325868,53.94828791055206,43.29194058923789,11.2490869247626,2.7027027027027026,27.653783342406097,-9999,64457.0,63708.0,75789.0,64457.0,-9999,27826.0,9.431798129521793,0.741132874536792,6.640497219496238,8.559498956158665,9.476734276461565,15.805946791862285,100.0,51.64835164835165,10.215664018161181,76.3590391908976,1.0669693530079456,176800.0,802.0,23.33711691259932,59.06447534766119,29.86165492038632,29.86165492038632,3.3846689289132517,63.52927589790969,14.343457674096316,9.813542688910697,2019
01113031000,69.52408256880734,18.979357798165136,4.787844036697248,0.0,0.0,0.0,0.0,0.0,2.7236238532110093,0.0,0.0,0.0,17.195876288659793,-9999,11.764705882352942,-9999,16.766467065868262,-9999,-9999,-9999,-9999,-9999,1.4621559633027523,0.0,3.010321100917431,0.0,0.4873853211009174,0.7454128440366973,4.243119266055046,0.0,1.0321100917431192,0.0,1.0321100917431192,-9999,-9999,0.0,0.716743119266055,0.0,0.0,0.0,53.32541567695962,12.351543942992874,2.939412117576485,49.24491135915955,22.867737948084056,16.687268232385662,6.736711990111249,7.978142076502732,-9999,56984.0,51667.0,58205.0,56984.0,-9999,26710.0,11.926605504587156,2.981651376146789,4.891304347826087,11.835051546391753,12.5,0.0,-9999,-9999,11.145898559799624,83.72093023255815,0.0,160700.0,500.0,45.898559799624294,28.61169837914024,20.69954128440367,20.69954128440367,6.76605504587156,61.88970846505093,15.103617843343871,12.228260869565217,2019
01113031100,27.205882352941178,70.1923076923077,1.4705882352941178,0.0,0.7352941176470589,0.0,0.2828054298642534,0.0,0.0,0.0,0.45248868778280543,0.0,13.92931392931393,-9999,12.943962115232834,-9999,0.0,-9999,-9999,-9999,0.0,-9999,0.0,0.0,0.0,0.0,0.16968325791855204,1.414027149321267,0.0,0.22624434389140272,1.3574660633484164,0.0,1.3574660633484164,-9999,-9999,0.0,0.0,0.0,0.0,0.0,65.03067484662577,7.745398773006135,3.2116788321167884,39.583333333333336,21.568627450980394,27.90346907993967,4.374057315233785,8.250166333998669,-9999,32829.0,33906.0,32132.0,32829.0,-9999,20118.0,19.739819004524886,3.4502262443438916,7.746478873239437,14.345114345114345,21.54696132596685,0.0,-9999,0.0,32.65895953757225,70.10014306151645,2.697495183044316,72700.0,325.0,76.30057803468208,25.03576537911302,14.819004524886878,14.819004524886878,8.653846153846153,39.037085230969424,27.325959661678596,9.389671361502348,2019
01113031200,66.42399534071055,29.586488060570762,1.8637157833430402,0.05824111822947001,0.6115317414094351,0.0,0.6115317414094351,0.0,0.0,0.0,0.0,0.0,16.96624287593161,-9999,4.232283464566929,-9999,0.0,-9999,0.0,-9999,0.0,-9999,0.844496214327315,0.0,1.019219569015725,0.0,0.0,1.8637157833430402,1.659871869539895,0.7571345369831101,1.8928363424577752,1.135701805474665,1.7763541059988353,-9999,-9999,0.0,0.0,0.553290623179965,0.0,0.0,45.640074211502785,18.181818181818183,5.923836389280677,42.94996751137102,29.610194902548727,15.517241379310345,6.896551724137931,15.543136570031436,-9999,45893.0,55032.0,-9999,45893.0,-9999,25820.0,15.521258008153756,1.4269073966220152,6.640237859266601,16.571679088119247,13.28740157480315,0.0,0.0,0.0,22.161272627537027,83.43904157857646,3.730115194733955,106600.0,489.0,62.47942951179375,28.823114869626497,15.230052417006407,15.230052417006407,5.736750145602795,55.39544235924933,22.218498659517426,8.225966303270566,2019
13053020100,60.642092746730086,35.354736424891,0.0,0.0,0.0,0.0,0.0,0.0,0.0,0.0,0.0,0.0,16.601307189542485,-9999,27.017937219730943,-9999,-9999,-9999,-9999,-9999,-9999,-9999,0.0,0.0,0.0,0.0,0.9908838684106223,3.2104637336504163,1.426872770511296,0.0,0.4359889021006738,0.0,0.4359889021006738,-9999,-9999,0.0,0.0,0.4359889021006738,0.0,0.0,61.74927113702624,14.810495626822158,11.428571428571429,54.13022351797862,28.82414151925078,3.121748178980229,5.306971904266389,13.28374070138151,-9999,36406.0,42005.0,16386.0,36406.0,-9999,22158.0,30.202140309155766,0.4359889021006738,23.68421052631579,20.522875816993466,50.224215246636774,-9999,-9999,-9999,21.03293413173653,59.71563981042654,3.143712574850299,70700.0,397.0,67.73952095808383,43.127962085308056,25.406262386048354,25.406262386048354,5.390408244153785,39.0992835209826,32.958034800409415,27.339181286549707,2019
13053020201,52.826018313861695,14.903694347963372,25.607830754657403,0.947268708556994,4.8626460372592355,0.0,0.0,2.2734449005367856,0.8525418377012945,0.0,3.504894221660878,0.5052099778970635,7.591153616258219,-9999,0.0,-9999,2.342786683107275,-9999,0.0,-9999,29.22374429223744,-9999,12.346068834859489,0.2841806125670982,4.988948531733501,0.9788443321755604,1.547205557309757,2.5892011367224503,4.8626460372592355,0.0,4.957372908114936,2.368171771392485,3.9785285759393747,-9999,-9999,0.34733185980423115,0.0,0.3157562361856647,0.0,0.0,12.049180327868852,39.59016393442623,10.773480662983426,97.57281553398059,30.65015479876161,8.359133126934985,2.7863777089783284,10.505050505050505,-9999,64400.0,69773.0,-9999,64400.0,61630.0,29575.0,7.43801652892562,0.0,6.542056074766355,8.98661567877629,0.0,0.0,-9999,5.147058823529412,26.31578947368421,0.0,19.29824561403509,-9999,1353.0,90.22556390977444,100.0,6.630880959898958,6.630880959898958,0.0,25.05918160297599,1.048359824146094,0.0,2019
13053020203,50.715137067938024,21.63289630512515,17.044100119189512,0.0,3.4564958283671037,0.0,0.0,0.9535160905840286,2.1454112038140645,0.0,3.1585220500595947,0.0,27.849588719153935,-9999,32.712765957446805,-9999,30.41958041958042,-9999,-9999,-9999,29.310344827586206,-9999,5.542312276519667,1.0727056019070322,4.886769964243147,0.7747318235995232,1.0131108462455305,3.9928486293206196,2.32419547079857,0.5959475566150179,7.210965435041716,3.7544696066746126,4.350417163289631,-9999,-9999,0.7747318235995232,0.0,0.8939213349225268,0.0,0.0,23.249669749009247,31.175693527080583,12.688172043010752,70.27707808564232,40.64039408866995,5.172413793103448,1.477832512315271,27.77777777777778,-9999,53214.0,48333.0,79706.0,53214.0,-9999,20634.0,12.216884008236102,0.0,8.81542699724518,13.774834437086092,3.5714285714285716,18.303571428571427,-9999,16.666666666666668,18.996415770609318,0.0,45.51971326164875,-9999,1257.0,82.43727598566308,96.01769911504425,31.34684147794994,31.34684147794994,0.0,55.216284987277355,7.039864291772688,21.487603305785125,2019
13053020205,67.20977596741344,7.128309572301426,17.718940936863543,0.0,4.3991853360488795,0.0,1.1812627291242364,0.285132382892057,4.276985743380855,0.4073319755600815,0.0,0.0,28.848484848484848,-9999,29.714285714285715,-9999,49.42528735632184,-9999,0.0,-9999,17.5,-9999,6.843177189409369,0.5295315682281059,6.965376782077393,0.7331975560081466,3.4623217922606924,1.2219959266802445,1.4663951120162932,0.8553971486761711,6.720977596741344,8.676171079429736,1.9144602851323829,-9999,-9999,0.0,0.0,1.1812627291242364,0.0,0.0,24.892334194659774,43.238587424633934,11.07011070110701,48.48084544253633,50.62240663900415,4.979253112033195,4.564315352697095,27.069133398247324,-9999,49798.0,53750.0,52292.0,49798.0,-9999,20233.0,17.270875763747455,0.0,15.84,16.242424242424242,6.857142857142857,30.804597701149426,0.0,10.0,26.62213740458015,0.26007802340702213,55.43893129770992,-9999,1299.0,78.81679389312977,100.0,35.35641547861507,35.35641547861507,0.4073319755600815,75.5421686746988,8.614457831325302,6.88,2019
13053020206,51.01763907734057,26.72998643147897,19.402985074626866,0.0,0.0,0.0,0.0,0.0,0.0,0.0,0.0,0.0,0.0,-9999,0.0,-9999,0.0,-9999,-9999,-9999,-9999,-9999,5.970149253731344,0.0,6.919945725915875,0.0,0.0,4.341926729986431,5.156037991858887,0.0,3.2564450474898234,2.1709633649932156,3.2564450474898234,-9999,-9999,0.0,0.0,0.0,0.0,0.0,27.509293680297397,13.011152416356877,0.0,-9999,34.04255319148936,34.04255319148936,0.0,25.53191489361702,-9999,-9999,-9999,-9999,-9999,-9999,23253.0,-9999,-9999,-9999,-9999,-9999,-9999,-9999,-9999,-9999,-9999,-9999,-9999,-9999,-9999,-9999,0.0,0.0,0.0,3.2564450474898234,2.5780189959294435,-9999,2019
13145120198,64.38877755511022,29.178356713426854,2.565130260521042,0.0,0.30060120240480964,0.0,0.0,0.42084168336673344,0.0,0.0,0.0,0.0,11.142234671646436,-9999,12.293956043956044,-9999,18.75,-9999,-9999,-9999,0.0,-9999,0.32064128256513025,0.20040080160320642,0.30060120240480964,0.0,0.12024048096192384,2.6452905811623246,5.050100200400801,0.4408817635270541,1.783567134268537,0.12024048096192384,1.122244488977956,-9999,-9999,0.0,0.0,0.9819639278557114,0.0,0.0,31.48493735003999,31.671554252199414,7.301173402868318,49.42528735632184,33.286451007969994,21.894045944678854,7.079231129864041,11.237864077669903,-9999,57813.0,64430.0,35742.0,57813.0,-9999,33207.0,9.66497461928934,1.8071065989847717,3.7774725274725274,6.626884422110553,17.439446366782008,0.0,-9999,-9999,24.600638977635782,74.81167608286252,8.66169684061058,186000.0,578.0,58.359957401490945,38.74764595103578,17.23446893787575,17.23446893787575,12.725450901803606,50.15290519877676,25.946836038579157,13.530219780219781,2019
13145120200,76.16986746010278,17.635921017040843,2.434406275358399,0.21639166892074654,1.1090073032188261,0.0,0.4327833378414931,0.676223965377333,0.0,0.0,0.0,0.0,14.488636363636363,-9999,21.319018404907975,-9999,47.77777777777778,-9999,100.0,-9999,60.97560975609756,-9999,0.21639166892074654,0.0,0.0,0.0,0.9467135515282662,1.622937516905599,6.43765215039221,0.18934271030565322,1.0819583446037329,0.21639166892074654,0.4327833378414931,-9999,-9999,0.0,0.0,0.4327833378414931,0.0,0.0,42.776310826103355,19.76612599019238,10.309973045822103,45.05566470203012,30.954169797145003,15.55221637866266,7.813673929376408,10.51353226925746,-9999,52906.0,59554.0,-9999,52906.0,-9999,23211.0,17.814793901750424,2.5409373235460193,13.943355119825709,15.018181818181818,38.72113676731794,0.0,0.0,0.0,13.816230717639169,80.77821011673151,0.0,132400.0,447.0,58.28303152246814,40.856031128404666,22.044901271301054,22.044901271301054,7.681904246686503,51.96404793608522,24.201065246338217,9.912854030501089,2019
13145120300,78.26308287517817,11.749134595805335,5.477499490938709,0.0,1.4457340663815923,0.0,1.8529830991651395,0.35634290368560373,0.3257992262268377,0.11199348401547546,0.2952555487680717,0.20362451639177356,15.68882528944972,-9999,9.37231298366294,-9999,45.16728624535316,-9999,-9999,-9999,0.0,-9999,2.0769700671960902,0.1832620647525962,1.4457340663815923,0.15271838729383017,1.018122581958868,5.609855426593362,2.820199552026064,0.7941356139279169,3.39034819792303,1.262472001628996,1.8224394217063735,-9999,-9999,0.0,0.0,0.16289961311341886,0.0,0.0,27.57304360593158,36.77874027308765,6.599506578947368,60.26404348951592,41.77856042262822,8.012326656394453,8.694695135373102,16.072647821930904,-9999,88830.0,93452.0,75000.0,88830.0,-9999,41996.0,2.221526908635795,0.4693366708385482,0.799721835883171,1.8422796554009278,3.3423667570009035,4.563492063492063,-9999,5.633802816901408,13.545108005082593,92.21046443268665,3.7865311308767473,224600.0,843.0,31.512071156289707,37.65432098765432,22.897576868254937,22.897576868254937,4.225208715129302,64.72839506172839,11.82716049382716,5.1460361613351875,2019
13145120401,84.71750995722083,7.582239268328662,4.9712346953828,0.23602301224369376,1.0178492403009294,0.0,0.7228204749963122,0.0,0.0,0.2950287653046172,0.0,0.0,18.352777294097162,-9999,16.342412451361866,-9999,13.946587537091988,-9999,0.0,-9999,20.28985507246377,-9999,1.7111668387667798,0.0,1.2833751290750848,0.0,0.634311845404927,3.820622510694793,8.58533707036436,0.0,1.6079067709101638,1.4456409499926244,1.3866351969317008,-9999,-9999,0.0,0.0,0.5163003392830801,0.0,0.0,32.377049180327866,32.95944779982744,4.04068946029952,56.8436798803291,41.6077738515901,7.12603062426384,2.7974087161366312,10.42508174648971,-9999,98152.0,104135.0,61667.0,98152.0,-9999,40446.0,4.169130691898285,0.7096392667060911,1.5987622485817432,3.2561379070172385,12.17564870259481,10.149253731343284,0.0,0.0,10.892710892710893,93.56617647058823,0.0,240700.0,636.0,31.285831285831286,27.481617647058822,23.189260952942913,23.189260952942913,3.9091311402861777,67.8673835125448,7.293906810035843,3.816400206291903,2019
13145120402,76.67006918452988,19.394351820347058,1.3610071452875128,0.0,0.9867301803334467,0.04536690484291709,0.011341726210729272,0.15878416695020983,0.31756833390041966,0.15878416695020983,0.13610071452875128,0.124758988318022,21.198224852071007,-9999,8.187134502923977,-9999,2.5,-9999,-9999,-9999,14.851485148514852,-9999,0.4196438697969831,0.0,0.7712373823295906,0.0,0.40830214358625383,3.0055574458432575,4.706816377452649,0.3289100601111489,2.1095610751956446,0.31756833390041966,1.8033344675059544,-9999,-9999,0.0,0.0,0.249517976636044,0.0,0.0,30.430479960415635,28.995546759030184,8.4009009009009,57.1589946342841,44.258667322350625,10.966314236537988,8.114089009097615,13.166006164685161,-9999,81300.0,82663.0,73583.0,81300.0,-9999,33902.0,5.47143840330351,0.5849965588437716,2.9264214046822743,5.860423501342082,3.9592081583683263,1.694915254237288,-9999,0.9900990099009901,9.015216767154751,90.05995582202587,0.6316393913293138,231400.0,422.0,34.2807924203273,29.504575575891447,22.32051718271521,22.32051718271521,5.909039355789951,61.34722222222222,17.52777777777778,4.1806020066889635,2019
13197920100,83.83275261324042,4.065040650406504,6.295005807200929,0.3252032520325203,2.9965156794425085,0.0,0.30197444831591175,0.0,0.0,0.0,0.2787456445993031,0.0,18.37073981712386,-9999,11.16751269035533,-9999,14.022140221402214,-9999,0.0,-9999,0.0,-9999,5.063879210220674,0.6736353077816493,0.5574912891986062,0.0,0.0,1.5331010452961673,2.067363530778165,0.23228803716608595,4.041811846689895,0.5574912891986062,3.8559814169570266,-9999,-9999,0.0,0.0,0.5807200929152149,0.0,0.0,59.02131492044431,14.19993995797058,9.129287598944591,45.38341158059468,25.493612078977932,10.452961672473867,12.020905923344948,15.00709219858156,-9999,49951.0,51061.0,32222.0,49951.0,-9999,23351.0,16.79888007466169,1.6565562295846943,8.2319255547602,16.685236768802227,7.106598984771574,8.85608856088561,100.0,53.48837209302326,11.046511627906977,87.69063180827887,0.0,93500.0,422.0,40.98837209302326,33.38779956427015,17.86295005807201,17.86295005807201,9.639953542392567,64.0677025527192,22.086570477247502,5.654974946313529,2019
13197920200,33.55948630966804,57.98400775381633,8.31112188030046,0.0,0.0,0.0,0.0,0.0,0.0,0.0,0.0,0.0,12.057761732851986,-9999,20.083160083160084,-9999,30.612244897959183,-9999,-9999,-9999,-9999,-9999,0.0,0.0,0.969227041434456,0.0,0.0,0.8965350133268718,1.4780712381875454,0.0,2.3988369275502786,0.0,0.1453840562151684,-9999,-9999,0.0,0.0,0.0,0.0,0.0,56.008820286659315,12.458654906284455,3.6703155183515777,49.40662086196127,22.66042780748663,17.17914438502674,12.967914438502675,14.146341463414634,-9999,41222.0,52000.0,33459.0,41222.0,-9999,21697.0,16.567312468951812,2.4341778440139095,8.90890890890891,6.413124533929903,24.744463373083477,0.0,-9999,-9999,26.40449438202247,67.55725190839695,13.014981273408239,87200.0,296.0,62.172284644194754,31.615776081424936,25.490671189726193,25.490671189726193,6.760358614005331,39.21568627450981,19.548425430778373,18.31831831831832,2019
13215000200,66.5844201621431,21.219598167077898,7.155445893549524,0.0,1.0574550581600282,0.0,0.0,0.0,0.0,1.5509340853013747,0.14099400775467041,0.0,22.763366860772894,-9999,20.099667774086377,-9999,9.852216748768473,-9999,-9999,-9999,43.333333333333336,-9999,6.908706379978851,0.0,0.24673951357067325,0.0,0.0,3.771589707437434,1.9034191046880509,1.0927035600986958,3.8773352132534367,0.0,3.8773352132534367,-9999,-9999,0.0,0.0,0.7402185407120198,0.0,0.0,33.75506072874494,36.74089068825911,6.448683015440508,45.86038961038961,35.63106796116505,7.669902912621359,1.5533980582524272,19.37561942517344,-9999,51957.0,57941.0,-9999,51957.0,-9999,24633.0,9.19702865228157,3.0067209055535904,2.7576197387518144,8.893594494441503,8.783783783783784,0.0,-9999,86.66666666666667,18.70092790863669,45.82967515364355,20.77087794432548,129300.0,873.0,69.80728051391863,61.018437225636525,25.273175890024675,25.273175890024675,9.693338033133593,45.549028468142794,28.9652056032535,4.644412191582003,2019
13215000300,45.51519644180875,37.50926612305411,16.975537435137138,0.0,0.0,0.0,0.0,0.0,0.0,0.0,0.0,0.0,14.657980456026058,-9999,13.636363636363637,-9999,23.14410480349345,-9999,-9999,-9999,-9999,-9999,15.567086730911786,0.0,0.0,0.0,0.0,0.2223869532987398,2.0756115641215716,0.0,13.343217197924389,5.2631578947368425,7.116382505559674,-9999,-9999,0.0,0.0,0.2965159377316531,0.0,0.0,81.33068520357497,3.1777557100297913,23.076923076923077,46.61190965092403,14.545454545454545,19.772727272727273,6.590909090909091,5.607476635514018,-9999,25104.0,26094.0,-9999,25104.0,-9999,13606.0,33.209785025945145,3.40993328391401,13.732394366197184,32.24755700325733,37.944664031620555,25.32751091703057,-9999,-9999,17.282127031019204,39.642857142857146,27.91728212703102,60400.0,434.0,84.19497784342688,42.67857142857143,20.6819866567828,20.6819866567828,5.2631578947368425,32.365875109938436,31.31046613896218,14.43661971830986,2019
13215000400,77.57009345794393,9.158878504672897,5.009345794392523,0.0,4.186915887850467,0.0,0.0,0.0,3.4018691588785046,0.0,0.5233644859813084,0.0,18.40963855421687,-9999,13.46938775510204,-9999,59.701492537313435,-9999,-9999,-9999,11.607142857142858,-9999,1.1962616822429906,0.0,3.8130841121495327,0.0,0.822429906542056,4.074766355140187,3.514018691588785,0.0,2.205607476635514,0.0,1.3457943925233644,-9999,-9999,0.0,0.0,0.0,0.0,0.0,60.864618885096704,13.822525597269625,11.489040060468632,59.03954802259887,26.72929120409906,13.578138343296327,4.099060631938514,11.351079859367152,-9999,47292.0,46198.0,62344.0,47292.0,-9999,23103.0,13.532710280373832,1.308411214953271,12.439418416801292,15.373493975903614,4.489795918367347,23.880597014925375,-9999,0.0,18.218623481781375,70.89108910891089,0.0,98100.0,655.0,96.76113360323886,47.32673267326733,24.822429906542055,24.822429906542055,6.4672897196261685,43.233082706766915,20.018796992481203,18.25525040387722,2019
13215000800,50.650515926424404,35.35217586361597,6.056527590847914,0.0,0.0,0.0,0.0,0.0,0.0,0.0,2.8712427097353075,0.0,8.591674047829938,-9999,22.588832487309645,-9999,0.0,-9999,-9999,-9999,-9999,-9999,4.62090623598026,0.0,0.0,0.0,0.4037685060565276,0.8524001794526693,1.6599371915657246,0.0,5.607895917451772,0.0,0.31404217137729923,-9999,-9999,0.0,0.0,0.31404217137729923,0.0,0.0,55.68039950062422,7.17852684144819,13.93372982158029,67.48216106014272,16.090819348469893,15.498519249753208,7.7986179664363275,9.944444444444445,-9999,31853.0,33286.0,19764.0,31853.0,-9999,16853.0,34.72409152086137,5.248990578734858,19.879518072289155,25.775022143489814,47.84263959390863,23.703703703703702,-9999,-9999,10.125448028673835,26.91924227318046,37.54480286738351,94600.0,493.0,92.92114695340501,72.28315054835494,19.24629878869448,19.24629878869448,7.716464782413638,33.94396551724138,30.226293103448278,26.907630522088354,2019
13215000900,59.82042648709315,27.49719416386083,9.652076318742985,1.3468013468013469,0.14964459408903855,0.0,0.0,0.0,0.0,0.0,0.14964459408903855,0.0,18.323952470293932,-9999,16.0,-9999,19.767441860465116,-9999,0.0,-9999,0.0,-9999,4.040404040404041,0.0,1.2345679012345678,0.0,0.2618780396558174,2.9180695847362514,3.9655817433595213,0.0,4.526748971193416,4.377104377104377,2.0950243172465393,-9999,-9999,0.0,0.0,0.0,0.0,0.0,39.582089552238806,33.91044776119403,5.680224403927069,58.813700918964074,34.795539033457246,5.4275092936802976,1.1895910780669146,10.682926829268293,-9999,45164.0,45733.0,44500.0,45164.0,-9999,20297.0,20.031859816806055,0.35842293906810035,8.442776735459661,16.917047681254083,20.206489675516224,23.75,100.0,-9999,14.153132250580047,22.43243243243243,58.159319412219645,109700.0,725.0,81.9798917246713,74.77477477477477,20.838009726898616,20.838009726898616,5.948372615039282,31.11617312072893,24.236902050113894,20.637898686679176,2019
13215001000,56.52080189696055,32.11899116188834,8.2129769346842,0.0,2.543651649062298,0.0,0.495796507868075,0.0,0.0,0.0,0.99159301573615,0.0,9.610983981693364,-9999,12.550066755674232,-9999,32.808398950131235,-9999,-9999,-9999,5.932203389830509,-9999,5.151972407846519,0.17245095925846088,0.3233455486096141,0.0,0.6035783574046131,5.173528777753826,1.3580513041603794,0.0,4.699288639793059,0.6898038370338435,2.4143134296184523,-9999,-9999,0.0,0.0,0.3233455486096141,0.0,0.0,34.624233128834355,32.93711656441718,9.249902837155071,57.44471744471745,27.96573875802998,5.182012847965739,8.565310492505354,11.258955987717503,-9999,62500.0,64003.0,36328.0,62500.0,-9999,25450.0,8.591248665955176,0.8271077908217717,2.1889400921658986,6.082214765100671,16.046511627906977,10.893854748603353,-9999,0.0,15.801483171705648,64.76964769647697,24.07301768397034,158000.0,726.0,81.28921848260126,57.859078590785906,14.766113386505712,14.766113386505712,6.380685492563052,35.56815380823269,15.035740695094898,6.797235023041475,2019
13215001100,83.70808678500987,9.940828402366863,4.930966469428008,0.7100591715976331,0.3155818540433925,0.0,0.0,0.0,0.7100591715976331,0.0,0.0,0.0,21.724787935909518,-9999,25.396825396825395,-9999,44.0,-9999,0.0,-9999,0.0,-9999,0.6706114398422091,0.0,0.0,0.0,0.27613412228796846,0.631163708086785,3.826429980276134,0.0,0.9861932938856016,0.0,0.5128205128205128,-9999,-9999,0.0,0.0,0.0,0.0,0.0,12.27390180878553,55.03875968992248,5.9689288634505315,57.797356828193834,45.91304347826087,6.782608695652174,5.826086956521739,9.075997813012576,-9999,76631.0,98092.0,-9999,76631.0,-9999,56224.0,19.068298460323728,1.5001973943939992,6.109324758842444,9.660697455230915,92.4,23.2,100.0,0.0,10.856573705179283,87.48603351955308,0.0,250200.0,916.0,95.81673306772909,50.94972067039106,27.25838264299803,27.25838264299803,7.6923076923076925,51.05398457583548,19.383033419023135,11.57556270096463,2019
13215001200,63.1794591641628,25.34826550122917,7.784758262769735,0.19120458891013384,2.403714832013111,0.0,0.8740781207320404,0.49166894291177277,0.0,0.24583447145588638,0.46435400163889645,0.24583447145588638,15.17509727626459,-9999,21.527041357370095,-9999,24.210526315789473,-9999,0.0,-9999,0.0,-9999,3.305107894018028,0.0,3.305107894018028,0.6282436492761541,0.0,3.2777929527451515,2.895383774924884,0.0,3.1958481289265226,0.9287080032777929,1.5023217700081946,-9999,-9999,0.6282436492761541,0.0,0.6009287080032778,0.0,0.0,19.407894736842106,50.57565789473684,5.128205128205129,68.41794569067297,46.74085850556439,4.87546369899311,2.437731849496555,8.999641448547866,-9999,51481.0,63911.0,30455.0,51481.0,2499.0,35874.0,16.74405900027315,0.6282436492761541,7.645631067961165,12.105490704712494,30.010604453870627,0.3508771929824561,0.0,55.68181818181818,7.68409818569904,36.64739884393064,51.707577374599786,176300.0,649.0,96.31803628601921,70.92485549132948,19.994537011745425,19.994537011745425,6.910680142037695,35.07560815253123,22.781065088757398,17.475728155339805,2019
13215001400,35.14180024660912,55.79531442663379,3.4525277435265105,0.3082614056720099,0.2466091245376079,0.0,0.0,0.0,0.2466091245376079,0.0,0.0,0.0,8.947368421052632,-9999,26.419213973799128,-9999,35.714285714285715,-9999,0.0,-9999,0.0,-9999,2.219482120838471,0.0,0.6781750924784217,0.0,0.4932182490752158,3.76078914919852,0.0,0.0,1.6646115906288532,0.2466091245376079,0.8631319358816276,-9999,-9999,0.0,0.0,0.6165228113440198,0.0,0.0,47.9890310786106,14.53382084095064,10.966542750929367,38.68312757201646,21.50313152400835,8.559498956158665,1.6701461377870563,12.182741116751268,-9999,17578.0,21667.0,16500.0,17578.0,-9999,14287.0,44.224830142063,4.261890055589871,33.72781065088758,32.10526315789474,44.90690032858708,83.92857142857143,100.0,0.0,20.470829068577277,14.543114543114543,61.31013306038894,67900.0,572.0,46.264073694984646,72.32947232947232,26.448828606658445,26.448828606658445,8.076448828606658,17.282958199356912,38.665594855305464,54.142011834319526,2019
13215001600,20.30623405030988,69.44950783813343,2.952971199416697,0.0,1.5676266861100985,0.0,0.0,0.0,0.0,1.5676266861100985,1.5676266861100985,0.0,10.951526032315979,-9999,27.145811789038262,-9999,19.753086419753085,-9999,-9999,-9999,0.0,-9999,2.3696682464454977,0.0,0.0,0.0,0.0,1.4582573824279985,0.18228217280349981,1.1301494713816989,2.8800583302952973,0.0,1.020780167699599,-9999,-9999,0.0,0.0,0.0,0.0,0.0,65.59604694255714,9.944410129709697,14.513274336283185,67.302192564347,23.80952380952381,4.554865424430642,1.3457556935817805,3.9473684210526314,-9999,17367.0,17194.0,16985.0,17367.0,-9999,13103.0,49.52485380116959,2.192982456140351,45.776031434184674,40.36363636363637,50.568769389865565,19.753086419753085,-9999,0.0,19.873317498020587,7.015810276679842,69.04196357878068,46800.0,458.0,82.42280285035629,77.07509881422925,30.33175355450237,30.33175355450237,2.916514764855997,16.82523785678518,26.690035052578867,61.29666011787819,2019
13215001800,31.090289608177173,46.16695059625213,16.524701873935264,1.959114139693356,0.0,0.0,0.0,0.0,0.0,0.0,0.0,0.0,9.863013698630137,-9999,26.568265682656826,-9999,35.56701030927835,-9999,0.0,-9999,-9999,-9999,12.776831345826235,0.0,2.299829642248722,0.0,0.0,1.2776831345826236,5.621805792163544,0.0,10.562180579216355,2.0442930153321974,1.2776831345826236,-9999,-9999,0.0,0.0,1.2776831345826236,0.0,0.0,67.21728081321474,2.0330368487928845,18.323586744639375,53.427895981087474,8.83054892601432,0.0,17.183770883054894,12.76595744680851,-9999,18250.0,20156.0,10714.0,18250.0,-9999,11732.0,47.87052810902896,2.6405451448040886,31.451612903225808,24.931506849315067,69.18819188191883,45.36082474226804,0.0,-9999,18.39622641509434,20.23121387283237,36.320754716981135,46700.0,455.0,95.59748427672956,74.95183044315992,26.66098807495741,26.66098807495741,3.0664395229982966,21.513513513513512,26.27027027027027,20.967741935483872,2019
13215002000,1.9129898179574205,96.45171243443382,1.6352977476087627,0.0,0.0,0.0,0.0,0.0,0.0,0.0,0.0,0.0,27.419354838709676,-9999,25.00786410821013,-9999,0.0,-9999,-9999,-9999,-9999,-9999,0.0,0.0,0.49367479173094725,0.0,0.0,0.46282011724776306,0.0,0.0,2.931194075902499,0.0,2.931194075902499,-9999,-9999,0.0,0.0,1.0182042579450787,0.0,0.0,54.26052889324192,7.296767874632713,17.526617526617528,53.065693430656935,24.32969215491559,10.427010923535253,4.270109235352532,9.87219039224328,-9999,29042.0,-9999,28734.0,29042.0,-9999,16710.0,28.48297213622291,1.8575851393188854,16.596931659693166,0.0,29.01292967518133,0.0,-9999,-9999,21.987315010570825,50.22583559168925,30.58491895701198,100000.0,590.0,77.94221282593375,39.65672990063234,29.28108608454181,29.28108608454181,5.060166615242209,23.054755043227665,27.13050638122684,36.95955369595537,2019
13215002100,32.455761760897715,48.29520932239966,12.127751402675875,0.0,0.8631851532153647,0.0,0.04315925766076824,0.9495036685369012,0.0,0.0,0.6042296072507553,0.0,6.648936170212766,-9999,30.384271671134943,-9999,22.775800711743774,-9999,-9999,-9999,0.0,-9999,2.977988778593008,0.0,4.40224428139836,0.0,1.0789814415192058,1.3379369874838152,2.4600776866637895,0.2589555459646094,8.372895986189038,0.561070349589987,3.3664220975399224,-9999,-9999,0.0,0.0,2.244281398359948,0.0,0.0,54.33726578764747,9.368494101318529,7.813798836242727,67.54478398314015,21.46077547339946,13.70604147880974,5.951307484220018,16.556688662267547,-9999,40093.0,41974.0,42550.0,40093.0,-9999,20403.0,22.48597324126025,0.9495036685369012,16.749585406301826,23.8031914893617,24.396782841823057,14.946619217081851,-9999,70.0,12.806539509536785,48.020833333333336,13.35149863760218,90500.0,706.0,90.37238873751136,57.916666666666664,27.751402675873976,27.751402675873976,4.229607250755287,34.660033167495854,29.132117191818683,36.48424543946932,2019
13215002200,6.582577847851794,89.31809223492314,0.7094994087504927,0.0,0.6700827749310209,0.0,0.0,0.0,1.2219156484036264,0.0,0.0,0.31533307055577453,25.748502994011975,-9999,14.518976169461606,-9999,100.0,-9999,-9999,-9999,0.0,-9999,0.7094994087504927,0.0,0.0,0.039416633819471816,0.0,0.0,0.0,0.0,0.6700827749310209,0.0,0.6700827749310209,-9999,-9999,0.0,0.0,0.0,0.0,0.35474970437524633,56.2884292901062,9.558412520961431,17.281553398058254,45.27363184079602,21.36150234741784,29.342723004694836,5.751173708920188,16.527709661598823,-9999,28074.0,-9999,28914.0,28074.0,-9999,15247.0,33.09636650868878,3.5545023696682465,16.17161716171617,51.515151515151516,30.048608042421563,100.0,-9999,47.05882352941177,27.5811209439528,43.788187372708755,10.545722713864306,76400.0,524.0,99.26253687315634,50.712830957230146,19.195900670082775,19.195900670082775,10.40599132834056,15.41705716963449,39.08153701968135,33.993399339933994,2019
13215002300,47.3397823458283,44.256348246674726,7.678355501813785,0.0,0.7255139056831923,0.0,0.7255139056831923,0.0,0.0,0.0,0.0,0.0,18.51851851851852,-9999,12.568306010928962,-9999,22.834645669291337,-9999,-9999,-9999,0.0,-9999,3.022974607013301,0.0,3.688029020556227,0.0,2.176541717049577,2.0556227327690446,0.7255139056831923,0.0,1.7533252720677146,1.7533252720677146,0.9673518742442564,-9999,-9999,0.0,0.0,0.0,0.0,0.0,26.20274914089347,31.701030927835053,6.225165562913907,57.205882352941174,37.570621468926554,5.790960451977401,3.389830508474576,9.822866344605474,-9999,33482.0,51667.0,28750.0,33482.0,-9999,28361.0,26.058041112454656,1.9951632406287787,15.856777493606138,15.581098339719029,39.75409836065574,14.173228346456693,-9999,0.0,9.23076923076923,37.15775749674055,61.18343195266272,196000.0,589.0,86.03550295857988,71.96870925684485,19.28657799274486,19.28657799274486,5.4413542926239415,36.23919308357349,25.720461095100866,18.925831202046037,2019
13215002400,3.28125,92.03125,0.0,0.0,0.0,0.0,0.0,0.0,0.0,0.0,0.0,0.0,0.0,-9999,25.97623089983022,-9999,-9999,-9999,-9999,-9999,-9999,-9999,0.0,0.0,0.0,0.0,0.0,0.0,0.46875,0.0,0.0,0.0,0.0,-9999,-9999,0.0,0.0,0.0,0.0,0.0,59.30521091811414,4.218362282878412,28.4,52.50403877221325,12.849162011173185,18.99441340782123,0.0,5.044843049327354,-9999,14521.0,28333.0,14233.0,14521.0,-9999,9290.0,63.828125,5.859375,49.23076923076923,14.285714285714286,68.08149405772495,-9999,-9999,-9999,13.733333333333333,7.109737248840804,88.26666666666667,72000.0,282.0,94.93333333333334,67.0788253477589,30.3125,30.3125,3.359375,14.68682505399568,32.073434125269976,61.92307692307692,2019
13215002500,13.397790055248619,84.5303867403315,2.0718232044198897,0.0,0.0,0.0,0.0,0.0,0.0,0.0,0.0,0.0,11.34020618556701,-9999,13.071895424836601,-9999,0.0,-9999,-9999,-9999,-9999,-9999,1.1049723756906078,0.0,0.9668508287292817,0.0,0.0,0.8287292817679558,0.0,0.0,0.0,0.0,0.0,-9999,-9999,0.0,0.0,0.0,0.0,0.0,63.81118881118881,7.6923076923076925,28.0,46.206896551724135,33.95061728395062,4.320987654320987,6.172839506172839,12.599681020733652,-9999,9300.0,63438.0,9042.0,9300.0,-9999,9190.0,68.0952380952381,10.158730158730158,41.34615384615385,20.58823529411765,75.86837294332724,0.0,-9999,-9999,29.182156133828997,6.036745406824147,87.54646840148699,-9999,326.0,80.66914498141264,74.54068241469817,12.569060773480663,12.569060773480663,6.906077348066298,15.639810426540285,37.12480252764613,25.0,2019
13215002700,2.1967526265520534,92.59789875835722,2.24450811843362,0.0,0.0,0.0,0.0,0.0,0.0,0.0,0.0,0.0,0.0,-9999,28.615071283095723,-9999,42.5531914893617,-9999,-9999,-9999,-9999,-9999,0.0,0.0,0.0,0.0,0.0,0.0,0.0,0.0,4.966571155682904,3.629417382999045,2.6743075453677174,-9999,-9999,0.0,0.0,0.0,0.0,0.0,77.2804054054054,1.6891891891891893,19.51530612244898,54.312354312354316,8.399366085578446,20.602218700475436,5.705229793977813,5.816398037841625,-9999,17903.0,-9999,18856.0,17903.0,-9999,12952.0,38.68194842406877,2.4355300859598854,29.71698113207547,100.0,34.623217922606926,100.0,-9999,-9999,23.598553345388787,21.183431952662723,67.0886075949367,60500.0,423.0,60.940325497287525,69.58579881656804,31.852913085004776,31.852913085004776,2.387774594078319,19.591836734693878,32.72108843537415,37.5,2019
13215002800,2.982233502538071,91.94162436548223,1.7766497461928934,0.38071065989847713,0.0,0.0,0.0,0.0,0.0,0.0,0.0,0.0,0.0,-9999,14.561766735679779,-9999,32.142857142857146,-9999,0.0,-9999,-9999,-9999,0.8248730964467005,0.0,0.0,0.0,0.0,0.31725888324873097,0.0,0.0,1.2690355329949239,0.0,0.9517766497461929,-9999,-9999,0.0,0.0,0.31725888324873097,0.0,0.0,65.85774058577405,2.1757322175732217,6.704707560627675,48.60088365243004,11.162079510703364,9.021406727828746,0.0,13.615023474178404,-9999,21223.0,2499.0,21087.0,21223.0,-9999,14431.0,33.248569612205976,4.38652256834075,20.23121387283237,48.93617021276596,33.19502074688797,53.57142857142857,0.0,-9999,34.885690093141406,33.159947984395316,43.43776460626588,50100.0,364.0,77.39204064352244,54.22626788036411,18.65482233502538,18.65482233502538,7.4238578680203045,21.535022354694487,37.1833084947839,25.722543352601157,2019
13215002901,15.662202380952381,77.97619047619048,1.0416666666666667,0.1488095238095238,2.6413690476190474,0.0,0.0,0.0,2.380952380952381,0.2604166666666667,0.0,0.0,24.228028503562946,-9999,10.257633587786259,-9999,0.0,-9999,0.0,-9999,26.760563380281692,-9999,0.4836309523809524,0.0,0.5580357142857143,0.0,0.0,0.2976190476190476,0.9300595238095238,0.0,5.059523809523809,1.7113095238095237,3.6086309523809526,-9999,-9999,0.0,0.0,1.0788690476190477,0.0,0.0,44.18726985796949,7.78537611783272,22.620016273393002,48.10756972111554,13.038906414300737,4.416403785488959,8.832807570977918,21.251819505094613,-9999,29583.0,58972.0,20250.0,29583.0,-9999,18355.0,28.125,2.34375,15.083798882681565,9.738717339667458,33.54007633587786,0.0,100.0,0.0,21.4427531436135,35.888795282224095,52.945069490403704,89200.0,641.0,87.95499669093316,57.62426284751474,18.824404761904763,18.824404761904763,5.915178571428571,32.11169284467714,28.839441535776615,18.435754189944134,2019
13215002902,6.825273010920437,89.54758190327613,2.4570982839313573,0.27301092043681746,0.0,0.0,0.0,0.0,0.0,0.0,0.0,0.0,6.857142857142857,-9999,27.426875794828316,-9999,41.26984126984127,-9999,0.0,-9999,-9999,-9999,0.0,0.0,1.0140405616224648,0.0,0.7020280811232449,0.0,0.31201248049922,0.0,1.7940717628705147,0.31201248049922,1.0530421216848673,-9999,-9999,0.0,0.0,0.8970358814352574,0.0,0.0,43.329015544041454,11.852331606217616,27.20348204570185,51.94805194805195,18.385650224215247,13.60239162929746,1.6442451420029895,9.331084879145587,-9999,25750.0,-9999,25071.0,25750.0,-9999,13423.0,41.18564742589704,3.549141965678627,26.460481099656356,32.57142857142857,41.373463331920306,58.73015873015873,0.0,-9999,23.016496465043204,32.44897959183673,39.4344069128044,96700.0,582.0,51.53181461115475,72.75510204081633,29.6801872074883,29.6801872074883,4.290171606864274,31.455897980871413,23.0605738575983,34.36426116838488,2019
13215003000,0.0,96.10951008645533,1.9692603266090298,0.0,0.0,0.0,0.0,0.0,0.0,0.0,0.0,0.0,-9999,-9999,25.51420176297747,-9999,0.0,-9999,-9999,-9999,-9999,-9999,1.9692603266090298,0.0,0.0,0.0,0.0,0.0,0.0,0.0,0.0,1.8731988472622478,0.0,-9999,-9999,0.0,0.0,0.0,0.0,0.0,71.03559870550161,1.6990291262135921,14.359637774902975,51.33120340788072,1.5105740181268883,11.329305135951662,1.8126888217522659,9.231805929919137,-9999,16982.0,-9999,16982.0,16982.0,-9999,15106.0,51.29682997118156,5.379442843419788,37.31958762886598,-9999,52.30166503428012,0.0,-9999,-9999,27.89598108747045,25.136612021857925,55.7919621749409,46200.0,384.0,65.09062253743105,66.33879781420765,28.7223823246878,28.7223823246878,4.995196926032661,25.509533201840895,35.042735042735046,34.43298969072165,2019
13215003200,5.228758169934641,88.12636165577342,5.93681917211329,0.0,0.0,0.0,0.0,0.7080610021786492,0.0,0.0,0.0,0.0,31.25,-9999,30.160692212608158,-9999,0.0,-9999,-9999,-9999,-9999,-9999,3.7037037037037037,0.0,1.0893246187363834,0.0,0.0,0.0,0.9259259259259259,0.0,5.827886710239651,0.32679738562091504,1.1437908496732025,-9999,-9999,0.0,0.0,0.2178649237472767,0.0,0.0,64.49207828518173,9.972041006523765,21.884057971014492,65.96701649175412,6.679035250463822,13.729128014842301,3.5250463821892395,9.616888193901486,-9999,20671.0,19844.0,19452.0,20671.0,-9999,11958.0,57.6797385620915,1.3071895424836601,55.94202898550725,60.416666666666664,61.06304079110012,0.0,-9999,-9999,23.73358348968105,17.466174661746617,51.688555347091935,32000.0,421.0,64.25891181988743,76.38376383763837,30.33769063180828,30.33769063180828,1.5250544662309369,11.340996168582375,29.961685823754788,35.94202898550725,2019
13215003301,3.1230863441518677,72.13717085119413,20.63686466625842,0.0,0.1837109614206981,0.0,0.0,0.0,0.0,0.0,1.5309246785058175,0.0,0.0,-9999,30.39049235993209,-9999,48.07121661721068,-9999,-9999,-9999,0.0,-9999,11.818738518064912,0.0,3.0006123698714022,0.0,0.0,0.3061849357011635,0.0,0.2449479485609308,7.042253521126761,0.7348438456827924,1.0410287813839558,-9999,-9999,0.0,0.0,0.3061849357011635,0.0,0.0,62.66968325791855,10.06787330316742,10.175438596491228,49.22010398613518,17.7734375,19.921875,19.3359375,12.22879684418146,-9999,28571.0,-9999,31250.0,28571.0,-9999,12683.0,37.23208818126148,1.9595835884874464,29.351535836177476,15.686274509803921,27.079796264855688,70.91988130563799,-9999,0.0,18.40607210626186,60.0,4.364326375711575,65600.0,610.0,92.22011385199241,46.04651162790697,37.905695039804044,37.905695039804044,2.1432945499081444,27.645985401459853,28.01094890510949,29.351535836177476,2019
13215003302,5.359957961114031,88.70204939569102,4.88702049395691,0.4729374671571203,0.0,0.0,0.0,0.0,0.0,0.0,0.0,0.0,8.823529411764707,-9999,16.61756040070713,-9999,0.0,-9999,0.0,-9999,-9999,-9999,0.6305832895428272,0.0,2.1544929059379925,0.0,0.0,0.3152916447714136,0.3678402522333158,0.0,3.7309511297950606,0.0,1.6815554387808722,-9999,-9999,0.0,0.0,1.62900683131897,0.0,0.0,62.86116983791403,8.597603946441156,32.43559718969555,45.64705882352941,14.558058925476603,31.542461005199307,2.079722703639515,9.587301587301587,-9999,21860.0,-9999,20250.0,21860.0,-9999,14359.0,39.10891089108911,5.390539053905391,14.600550964187327,29.41176470588235,40.32258064516129,43.01075268817204,0.0,-9999,20.263157894736842,36.41364136413642,18.333333333333332,67300.0,496.0,83.59649122807018,53.245324532453246,17.23594324750394,17.23594324750394,6.883867577509196,13.58560794044665,41.62531017369727,19.00826446280992,2019
13215003400,17.42562234365513,64.23800850030358,13.539769277474196,0.0,1.2750455373406193,0.0,0.0,0.6678809957498482,1.7607771706132362,0.0,0.0,0.0,3.484320557491289,-9999,20.63628546861565,-9999,0.0,-9999,-9999,-9999,52.38095238095238,-9999,0.3035822707953855,0.0,3.4608378870673953,0.0,0.0,0.9107468123861566,0.24286581663630843,0.0,11.293260473588342,3.6429872495446265,6.0109289617486334,-9999,-9999,0.0,0.0,0.0,0.0,0.0,60.774410774410775,19.36026936026936,2.7859237536656893,47.465437788018434,17.49622926093514,11.161387631975867,2.1116138763197587,11.481768813033359,-9999,19070.0,38438.0,16117.0,19070.0,-9999,14593.0,35.80246913580247,4.62962962962963,31.802120141342755,3.2490974729241877,43.717277486910994,40.35874439461883,-9999,0.0,36.272878535773714,21.409921671018278,59.73377703826955,50000.0,441.0,90.09983361064891,73.89033942558747,21.43290831815422,21.43290831815422,3.7037037037037037,18.013343217197924,28.83617494440326,36.74911660777385,2019
13215010104,42.063921993499456,36.21343445287107,10.536294691224269,4.117009750812568,2.3158179848320692,0.0,0.44691224268689056,0.2843986998916576,1.6522210184182016,0.0,1.9637053087757312,0.0,10.592401802962009,-9999,13.575168287210172,-9999,32.13367609254499,-9999,0.0,-9999,0.0,-9999,8.003791982665222,0.0,0.0,0.0,0.5687973997833152,2.07204767063922,2.5054171180931744,0.0,7.705850487540628,3.6836403033586134,3.101300108342362,-9999,-9999,0.0,0.0,1.205308775731311,0.0,0.0,24.90671641791045,36.343283582089555,3.5823709639406083,66.93017127799736,38.18137374725006,11.561965289660229,2.004399902224395,14.449309531828899,-9999,57738.0,68220.0,48943.0,57738.0,107063.0,37208.0,12.67605633802817,0.8396533044420368,4.880817253121453,11.622665808113329,9.760658189977562,28.020565552699228,0.0,15.2046783625731,10.902566933480541,30.173482032218093,65.47060447143251,211700.0,802.0,55.42368203146564,71.25154894671623,16.793066088840735,16.793066088840735,3.3179848320693393,43.54430379746835,21.518987341772153,16.174801362088537,2019
13215010106,43.31730769230769,29.743589743589745,17.259615384615383,0.8493589743589743,0.5448717948717948,0.0,0.5448717948717948,0.592948717948718,2.7564102564102564,0.0,2.1314102564102564,0.0,15.57528671846097,-9999,16.864224137931036,-9999,36.397400185701024,-9999,0.0,-9999,0.0,-9999,0.0,0.0,5.8493589743589745,0.0,1.2179487179487178,5.801282051282051,1.3621794871794872,0.20833333333333334,13.974358974358974,7.339743589743589,5.961538461538462,-9999,-9999,0.0,0.0,1.6666666666666667,0.0,0.0,29.053519641444765,24.88795148958608,7.700976709241172,56.15141955835962,39.1941391941392,6.471306471306471,4.314204314204314,12.538082962268573,-9999,55625.0,61094.0,42476.0,55625.0,-9999,22669.0,14.60619754680439,2.146546158812137,6.474820143884892,9.766925638179801,19.646799116997794,9.006499535747446,100.0,35.294117647058826,8.792710706150341,51.6983016983017,29.339407744874716,137900.0,843.0,57.995444191343964,56.693306693306695,29.55128205128205,29.55128205128205,5.384615384615385,41.458333333333336,21.645833333333332,27.534336167429693,2019
13215010107,59.68181322872398,25.17162471395881,9.218698921216083,0.0,4.925356870436962,0.0,0.0,0.0,0.8935381933093604,0.0,1.5364498202026806,0.4903563255966002,20.68650721197736,-9999,12.895377128953772,-9999,32.6241134751773,-9999,-9999,-9999,7.964601769911504,-9999,2.419091206276561,1.5364498202026806,2.920344339108641,0.0,0.0,2.517162471395881,2.593440122044241,0.6647052413642802,6.243870545930043,1.4383785550833605,3.8901601830663615,-9999,-9999,0.0,0.0,0.4140786749482402,0.0,0.4576659038901602,17.93136781053649,43.88593523441276,4.765115756349742,53.32609285908227,54.02407363700732,7.882936039650696,4.130280859098419,19.358617659979497,-9999,90316.0,94639.0,89726.0,90316.0,66750.0,39792.0,4.151683556717882,0.5557371690094802,2.6542056074766354,2.8117582618221655,2.068126520681265,14.539007092198581,-9999,11.725663716814159,3.0692779888921367,85.97708082026539,5.115463314820228,258200.0,1033.0,17.509500146156096,51.417370325693604,24.20180887000109,24.20180887000109,4.304238858014601,63.26972526728921,15.401272161320883,6.542056074766355,2019
13215010201,60.35663338088445,21.15549215406562,4.5934379457917265,0.0,9.871611982881598,0.0,7.004279600570613,2.0827389443651927,2.667617689015692,0.0,0.5563480741797432,0.0,18.293547624675018,-9999,25.69116655428186,-9999,7.453416149068323,-9999,-9999,-9999,16.329479768786126,-9999,2.5106990014265333,0.4992867332382311,0.5278174037089871,0.08559201141226819,0.0,0.9985734664764622,1.340941512125535,0.442225392296719,10.656205420827389,2.0684736091298146,8.059914407988588,-9999,-9999,0.0,0.0,0.7132667617689016,0.0,0.0,21.90617703247718,43.83358098068351,12.518237525532536,64.37740693196406,50.96731154102735,2.801867911941294,7.605070046697799,13.859577922077921,-9999,82686.0,79671.0,86659.0,82686.0,58438.0,43987.0,5.593902789761288,0.6758700028760426,0.8073817762399077,7.1223709369024855,1.7639077340569878,20.18633540372671,-9999,0.0,11.250447868147617,60.59749697214372,32.461483339304905,205400.0,1132.0,35.11286277319957,58.94226887363747,26.276747503566334,26.276747503566334,3.5092724679029956,55.92732505846375,14.588954847994243,15.916955017301039,2019
13215010203,56.657936092194866,18.95233106338397,7.574646411733892,0.0,8.968046097433211,0.0,6.254583551597695,0.0,0.785751702462022,0.0,1.927710843373494,0.6914614981665793,16.401627218934912,-9999,29.356357927786497,-9999,48.96265560165975,-9999,-9999,-9999,23.481308411214954,-9999,1.320062860136197,0.0,2.8391828182294394,0.6390780513357779,0.5343111576741749,4.2116291251964375,2.6610790990047146,0.39811419591409114,9.879518072289157,4.903090623363017,6.80984808800419,-9999,-9999,0.39811419591409114,0.0,0.4819277108433735,0.0,0.0,20.5078125,46.370442708333336,2.297355873428695,71.58426368952685,51.99645075421473,5.456965394853594,4.2147293700088735,16.517189835575486,-9999,76391.0,80833.0,77173.0,76391.0,177067.0,36996.0,8.318491356731274,0.5552645364064955,5.4207119741100325,2.7366863905325443,12.244897959183673,33.748271092669434,-9999,0.0,6.361323155216285,52.22826086956522,39.18575063613232,232100.0,979.0,16.59033078880407,65.43478260869566,27.019381875327397,27.019381875327397,5.3326348873755895,51.24506735610287,18.369846237583346,12.014563106796116,2019
13215010204,67.22829386763813,20.248937462052215,6.3296903460837886,0.0,1.1687917425622343,0.0,0.8803885853066181,0.0,0.0,1.1080752884031573,1.639344262295082,0.0,20.794761797245428,-9999,19.865067466266865,-9999,19.664268585131893,-9999,-9999,-9999,37.66233766233766,-9999,1.7759562841530054,0.9411050394656952,2.4893746205221614,0.0,0.18214936247723132,1.1687917425622343,2.3375834851244686,0.652701882210079,3.400121432908318,1.2902246508803885,2.079538554948391,-9999,-9999,0.0,0.0,0.31876138433515483,0.0,0.0,30.156102175969725,30.037842951750235,5.895618556701031,60.7773851590106,45.2927079767203,5.409106470386853,5.614515576857241,19.60742018981881,-9999,63681.0,68927.0,49205.0,63681.0,-9999,29920.0,10.235732009925558,0.0,10.2880658436214,8.369540361308026,19.873317498020587,3.4229828850855744,-9999,0.0,10.749542961608775,56.28840639082343,31.26142595978062,154000.0,984.0,47.09323583180987,50.102417042195825,26.214329083181543,26.214329083181543,4.766241651487553,49.2140500679216,21.24975742286047,20.870076425631982,2019
13215010205,57.77659005879209,21.940138963121324,7.72314270443613,0.0,7.482629609834313,0.0,3.7680384820951365,0.42757883484767506,1.1758417958311063,0.9086050240513095,3.0732228754676645,0.45430251202565475,13.413506012950972,-9999,21.16527942925089,-9999,24.913494809688583,-9999,-9999,-9999,36.785714285714285,-9999,4.676643506146446,0.0,2.672367717797969,0.0,2.1111704970603955,4.222340994120791,2.0309994655264565,0.774986638161411,8.337787279529664,6.92143238909674,1.9508284339925173,-9999,-9999,0.0,0.0,0.9620523784072689,0.0,0.0,23.50019105846389,41.99465036301108,4.110468850353244,51.90048375950242,44.27327528466176,9.444072337575351,2.143335565974548,14.610143830431491,-9999,58349.0,58462.0,42994.0,58349.0,100455.0,31394.0,4.997327632282202,2.4585783003741315,1.2222222222222223,4.949121184088806,4.9940546967895365,0.0,-9999,13.571428571428571,9.342177998894417,30.914634146341463,64.12382531785516,167100.0,989.0,35.43394140409066,74.57317073170732,21.245323356493852,21.245323356493852,6.814537680384821,50.1488587495865,21.60105855110817,10.0,2019
13215010301,74.34238896075895,6.85640362225097,2.026735661923243,0.0,11.513583441138422,0.0,1.3367830961621388,5.519620526088832,0.6468305304010349,0.8624407072013799,1.0780508840017249,0.0,14.791183294663574,-9999,0.0,-9999,0.0,-9999,-9999,-9999,19.10112359550562,-9999,1.6386373436826218,0.0,0.0,0.0,0.8193186718413109,2.2423458387235877,3.5360068995256575,0.344976282880552,10.349288486416558,0.7761966364812419,8.840017248814144,-9999,-9999,0.0,0.0,0.0,0.0,0.0,14.655172413793103,58.67456896551724,1.1305241521068858,39.26267281105991,76.1954261954262,12.577962577962579,6.548856548856548,11.454448588172616,-9999,127609.0,130556.0,-9999,127609.0,-9999,96547.0,4.374723817940787,0.7070260715863897,1.6666666666666667,1.352145796590241,0.0,80.85106382978724,-9999,0.0,8.452041785375119,90.56016597510373,8.641975308641975,417300.0,2528.0,51.661918328584996,33.81742738589212,17.895644674428635,17.895644674428635,13.583441138421733,64.23211605802902,21.31065532766383,8.055555555555555,2019
13215010302,78.10175542993157,10.116036893781613,7.319250223147873,0.17851829812555786,2.558762273132996,0.0,1.1454924129723296,0.0,1.0859863135971437,0.0,0.32728354656352276,0.2677774471883368,19.485714285714284,-9999,8.333333333333334,-9999,33.94308943089431,-9999,0.0,-9999,8.720930232558139,-9999,1.9934543290687294,0.0,2.2314787265694735,0.7140731925022314,0.19339482296935437,2.6628979470395717,2.8711692948527223,0.609937518595656,7.1407319250223145,1.8744421303183576,5.266289794703957,-9999,-9999,0.7140731925022314,0.0,0.6843201428146385,0.0,0.0,20.570476785342493,40.162398500936916,3.533685601056803,49.83618492901347,46.45669291338583,3.012666894899007,1.609038000684697,21.548202614379086,-9999,86532.0,86191.0,85809.0,86532.0,-9999,41799.0,7.706039869086581,0.19339482296935437,4.5203969128996695,8.19047619047619,5.649717514124294,0.2032520325203252,0.0,18.023255813953487,6.9386331938633194,64.51854627201199,27.370990237099022,205000.0,1033.0,52.266387726638776,51.667291120269766,23.86194584944957,23.86194584944957,8.256471288307052,57.25925925925926,21.40740740740741,11.907386990077178,2019
13215010401,71.55301892460199,15.950735956743767,6.308200660859117,0.0,3.6197056173024933,0.0,0.0,0.0,0.0,0.871132472213878,1.6972063682787624,0.0,16.47774979009236,-9999,32.674199623352166,-9999,57.857142857142854,-9999,-9999,-9999,56.84647302904564,-9999,3.9801742264944426,1.2316010814058276,0.0,0.0,0.22529288074496845,1.7272454190447581,1.036347251426855,0.22529288074496845,2.042655452087714,0.435566236106939,1.441874436767798,-9999,-9999,0.0,0.0,0.3454490838089516,0.0,0.0,25.914700151547954,31.543624161073826,3.8063439065108513,51.33980582524272,33.91183616799722,10.065949323151683,5.727178063172509,16.253276870336762,-9999,66743.0,58542.0,94291.0,66743.0,-9999,27655.0,9.477320516671673,1.171522979873836,5.640744797371303,6.0663308144416455,7.250470809792843,63.095238095238095,-9999,0.0,4.902723735408561,72.91325695581014,13.57976653696498,145100.0,813.0,94.5136186770428,45.99018003273322,25.29288074496846,25.29288074496846,8.591168519074797,60.50830889540567,17.341153470185727,8.817086527929902,2019
13215010402,57.927389705882355,23.920036764705884,14.545036764705882,0.0,2.34375,0.0,0.6204044117647058,0.29871323529411764,0.9420955882352942,0.41360294117647056,1.6544117647058822,0.0,25.545418484728284,-9999,22.698838248436104,-9999,18.009478672985782,-9999,-9999,-9999,0.0,-9999,3.0560661764705883,0.0,4.618566176470588,0.0,1.0799632352941178,4.1130514705882355,2.34375,0.0,7.6286764705882355,4.802389705882353,2.504595588235294,-9999,-9999,0.0,0.0,0.32169117647058826,0.0,0.0,32.839506172839506,25.855379188712522,7.2406181015452535,66.96578799775659,33.50785340314136,11.99428843407901,2.9985721085197525,11.135928525845564,-9999,52788.0,53083.0,52629.0,52788.0,-9999,25609.0,12.379835873388043,0.21101992966002345,7.303974221267454,5.505341002465078,12.600536193029491,38.23064770932069,-9999,10.784313725490197,11.10047846889952,32.29278794402583,48.708133971291865,122900.0,808.0,62.72727272727273,71.95909580193756,26.470588235294116,26.470588235294116,3.791360294117647,38.761536171479605,24.799047335516523,24.597207303974223,2019
13215010501,52.63847918715175,42.47787610619469,3.0973451327433628,0.0,1.2291052114060963,0.0,0.0,1.0324483775811208,0.0,0.0,0.2785971812520485,0.0,10.896637608966376,-9999,20.48611111111111,-9999,0.0,-9999,-9999,-9999,0.0,-9999,1.3274336283185841,0.0,0.0,0.6719108489019994,1.1635529334644379,1.4913143231727302,3.949524745984923,0.3277613897082924,2.6876433956079975,0.0,1.9501802687643395,-9999,-9999,0.0,0.0,0.6227466404457555,0.0,0.0,38.76481312670921,34.161349134001824,14.712389380530974,49.166110740493664,30.263726761781236,7.652399481193256,7.609165585819282,9.886339266566589,-9999,42209.0,40669.0,41667.0,42209.0,-9999,26455.0,27.77777777777778,3.2448377581120944,14.340344168260039,21.606475716064757,38.58024691358025,0.0,-9999,0.0,7.265425337714494,55.39370078740158,26.65206279664111,167500.0,718.0,73.38444687842278,66.41732283464567,19.960668633235006,19.960668633235006,6.948541461815798,44.74947206757535,22.36513726243041,13.957934990439771,2019
13215010502,28.163265306122447,55.374149659863946,7.551020408163265,0.0,4.35374149659864,0.0,4.35374149659864,0.0,0.0,0.0,0.0,0.0,8.93719806763285,-9999,23.34152334152334,-9999,0.0,-9999,-9999,-9999,54.6875,-9999,0.1360544217687075,4.081632653061225,1.2925170068027212,0.0,1.4965986394557824,0.06802721088435375,0.7482993197278912,0.3401360544217687,7.959183673469388,5.510204081632653,1.9727891156462585,-9999,-9999,0.0,0.0,0.0,0.0,0.0,42.26069246435845,26.680244399185337,6.46900269541779,62.982689747003995,26.80115273775216,9.798270893371757,0.4322766570605187,8.12937062937063,-9999,38653.0,32750.0,38390.0,38653.0,-9999,26211.0,27.61904761904762,3.4693877551020407,18.322981366459626,24.154589371980677,30.22113022113022,10.81081081081081,-9999,0.0,14.963503649635037,8.15450643776824,79.31873479318735,91300.0,719.0,54.50121654501216,85.69384835479256,22.17687074829932,22.17687074829932,12.108843537414966,26.75,30.583333333333332,27.018633540372672,2019
13215010602,18.94815367400224,65.31145095113763,7.9074972025363675,0.2424468481909735,2.1820216337187617,0.0,0.0,0.4662439388287952,1.268183513614323,0.37299515106303616,0.6713912719134651,0.0,8.070866141732283,-9999,32.53318271674668,-9999,16.50943396226415,-9999,0.0,-9999,0.0,-9999,0.8578888474449832,0.0,2.741514360313316,0.13054830287206268,0.0,1.3241327862737784,0.5221932114882507,0.0,5.781424841477061,0.8765386049981351,4.345393509884372,-9999,-9999,0.13054830287206268,0.0,0.7273405445729205,0.0,0.0,51.640811455847256,15.513126491646778,14.33292028087567,60.27140851661207,23.3847637415622,21.263259402121506,4.9662487945998075,17.50269687162891,-9999,42201.0,41979.0,45238.0,42201.0,-9999,16658.0,28.384930995897054,2.909362178291682,13.632286995515695,16.338582677165356,29.709121717029088,48.58490566037736,0.0,48.717948717948715,13.773314203730273,53.35551858014421,9.37350549976088,79900.0,629.0,96.84361549497848,44.42595673876872,30.84669899291309,30.84669899291309,3.0958597538232002,36.19817997977756,24.519716885743176,20.717488789237667,2019
13215010605,1.22537241710716,86.3767419509851,6.102835175396444,0.0,4.252763094666026,0.0,4.252763094666026,0.0,0.0,0.0,0.0,0.0,0.0,-9999,18.724559023066487,-9999,0.0,-9999,-9999,-9999,20.903954802259886,-9999,0.024026910139356077,0.0,6.078808265257088,0.0,0.0,0.0,0.0,0.0,6.054781355117732,4.276790004805382,1.77799135031235,-9999,-9999,0.0,0.0,0.0,0.0,0.0,47.1031746031746,16.23015873015873,11.148272017837236,53.23173935890699,19.00878293601004,9.284818067754077,1.0037641154328734,17.63738071734123,-9999,41900.0,25769.0,42350.0,41900.0,-9999,19631.0,21.941840903628936,0.8892093246815669,15.881809787626961,0.0,24.4842562432139,0.3937007874015748,-9999,0.0,5.72851805728518,70.3434610303831,8.84184308841843,105900.0,753.0,65.00622665006226,38.50726552179657,26.982220086496877,26.982220086496877,6.967803940413263,25.297619047619047,28.06547619047619,36.657433056325026,2019
13215010606,30.465631929046562,63.370288248337026,3.7694013303769403,0.31042128603104213,0.0,0.0,0.0,0.0,0.0,0.0,0.0,0.0,0.0,-9999,0.4824259131633356,-9999,0.0,-9999,0.0,-9999,-9999,-9999,1.1086474501108647,0.0,0.0,0.0,0.22172949002217296,1.1529933481152994,4.700665188470066,0.31042128603104213,1.8181818181818181,0.0,0.6651884700665188,-9999,-9999,0.0,0.0,0.0,0.0,0.0,84.50413223140495,1.084710743801653,-9999,0.0,-9999,-9999,-9999,7.96221322537112,-9999,-9999,-9999,-9999,-9999,-9999,4321.0,0.0,0.0,0.0,0.0,0.0,-9999,-9999,-9999,45.0,18.181818181818183,82.5,-9999,-9999,47.5,86.36363636363636,1.419068736141907,1.419068736141907,2.6607538802660753,16.23665480427046,21.530249110320284,0.0,2019
13215010607,16.934974747474747,75.75757575757575,3.6616161616161618,0.0,0.5839646464646465,0.0,0.3630050505050505,0.0,0.0,1.167929292929293,0.0,0.0,8.48089468779124,-9999,29.924164787866367,-9999,21.982758620689655,-9999,-9999,-9999,0.0,-9999,1.6571969696969697,0.0,0.07891414141414141,0.0,0.0,0.5050505050505051,0.6786616161616161,0.0,2.47790404040404,0.15782828282828282,1.183712121212121,-9999,-9999,0.0,0.0,0.44191919191919193,0.0,0.0,54.7025425820785,9.33102937546285,6.671474936891453,53.07402760351317,21.020092735703244,16.228748068006183,5.17774343122102,11.410880141530296,-9999,38304.0,38971.0,37342.0,38304.0,-9999,18164.0,23.439974659486854,2.1222679759265124,16.258992805755394,28.33178005591799,23.183034795141033,43.10344827586207,-9999,0.0,9.222170470423848,61.262185736275015,10.572892408011178,86300.0,757.0,60.503027480204935,44.535659312467935,27.809343434343436,27.809343434343436,4.513888888888889,33.6417157275021,22.771236333052986,21.58273381294964,2019
13215010608,5.432822362488729,89.40486925157799,2.6825969341749323,0.0,1.6456266907123536,0.0,0.2254283137962128,0.0,0.9017132551848512,0.7439134355275022,0.0,0.0,0.0,-9999,26.695128076343547,-9999,36.97478991596638,-9999,-9999,-9999,0.0,-9999,1.1045987376014428,0.0,0.0,0.0,0.0,0.5861136158701533,0.18034265103697025,0.0,5.342651036970244,0.3606853020739405,3.8773669972948603,-9999,-9999,0.0,0.0,1.217312894499549,0.0,0.0,43.11444652908067,14.934333958724203,16.586768935762226,57.42524075012671,20.57471264367816,13.10344827586207,2.1839080459770117,17.08265802269044,-9999,41284.0,25625.0,41993.0,41284.0,-9999,17398.0,29.350766456266907,2.006311992786294,18.156424581005588,36.09958506224066,30.51230537418383,0.0,-9999,0.0,10.775047258979207,67.2316384180791,4.221802142407057,106300.0,739.0,62.19281663516068,37.85310734463277,30.45536519386835,30.45536519386835,3.8773669972948603,37.45869630519675,20.156203063983178,34.72998137802607,2019
13215010701,22.274169310402403,70.16196359993322,3.806979462347637,1.7365169477375189,0.6678911337451995,0.0,0.6845884120888295,0.0,0.6845884120888295,1.335782267490399,0.0,0.0,17.24137931034483,-9999,23.465016658733937,-9999,17.982456140350877,-9999,27.884615384615383,-9999,0.0,-9999,1.7866087827684087,0.0,2.0203706795792287,0.0,0.0,1.2355985974286192,0.0,0.0,2.6548672566371683,0.0,2.3710135247954582,-9999,-9999,0.0,0.0,1.285690432459509,0.0,0.0,47.673568818514006,12.375152253349574,9.871953738124741,50.16326530612245,20.485792850595782,16.498625114573784,6.461961503208066,18.88032638259293,-9999,40928.0,40000.0,40294.0,40928.0,-9999,25838.0,25.14708354345268,0.45385779122541603,13.844936708860759,43.403298350824585,20.847215611613517,0.0,0.0,0.0,12.315875613747954,63.08912739150723,7.937806873977086,88200.0,668.0,60.801963993453356,44.610359309379376,25.847386875939222,25.847386875939222,6.912673234262815,35.82379615633772,23.601813863096524,22.310126582278482,2019
13215010702,6.256266292360136,86.32444355323842,2.446360537397233,0.10026067776218167,0.5013033888109084,0.0,0.0,0.0,0.300782033286545,0.0,0.782033286545017,0.0,18.91025641025641,-9999,12.953605879650896,-9999,43.442622950819676,-9999,0.0,-9999,12.0,-9999,0.0,0.0,1.6041708441949067,0.0,0.14036494886705433,0.2606777621816723,0.14036494886705433,0.0,1.7445357930619612,0.20052135552436334,0.9223982354120713,-9999,-9999,0.0,0.0,0.2606777621816723,0.0,0.0,42.58692628650904,16.16133518776078,2.1363636363636362,55.560599182932364,17.51045053413841,19.275429633070136,4.040873200185787,17.916666666666668,-9999,42850.0,53214.0,40985.0,42850.0,-9999,24942.0,13.23440946460798,3.5692801283336677,5.052264808362369,0.0,12.953605879650896,0.0,0.0,20.0,10.583047525722685,67.83561643835617,1.567858892699657,105000.0,624.0,84.27241548260656,29.36986301369863,22.37818327651895,22.37818327651895,6.055744936835773,30.205840114887508,29.152704643370033,17.073170731707318,2019
13215010703,5.176177112566261,91.76800748362956,1.387589647645775,0.608044901777362,0.2806361085126286,0.0,0.2806361085126286,0.0,0.0,0.0,0.0,0.0,5.72289156626506,-9999,21.55971029139296,-9999,0.0,-9999,0.0,-9999,0.0,-9999,0.2182725288431556,0.0,0.0,0.0,0.4677268475210477,0.09354536950420954,0.09354536950420954,0.0,2.7128157156220767,0.0,2.1359526036794514,-9999,-9999,0.0,0.0,0.7639538509510446,0.0,0.0,47.475439798949054,23.46355951564999,4.883546205860255,51.88845746558419,22.156398104265403,11.176935229067931,5.371248025276461,16.808998125390545,-9999,37696.0,45357.0,36875.0,37696.0,-9999,22244.0,21.437480511381352,4.349859681945744,9.819763828464884,26.204819277108435,20.953343439447533,38.20224719101124,20.512820512820515,0.0,19.14609739826551,56.76567656765677,27.184789859906605,127600.0,616.0,63.00867244829887,45.70957095709571,23.292797006548177,23.292797006548177,8.325537885874649,37.24799373654336,26.345664513603445,16.718458669981356,2019
13215010801,58.459672528805335,15.221346270466949,13.583990297149787,0.0,5.3972104305639785,0.0,1.5767131594906003,1.212856276531231,5.882352941176471,2.304426925409339,2.1224984839296543,0.0,34.232365145228215,-9999,20.58823529411765,-9999,38.392857142857146,-9999,-9999,-9999,34.831460674157306,-9999,9.520921770770164,0.0,3.0321406913280775,0.0,0.9096422073984233,3.820497271073378,1.5160703456640388,0.30321406913280774,5.154639175257732,0.8489993935718617,3.8811400848999393,-9999,-9999,0.0,0.0,0.8489993935718617,0.0,0.0,9.76933514246947,51.9674355495251,5.921052631578948,47.76902887139108,40.55944055944056,10.13986013986014,5.594405594405594,26.9811320754717,-9999,62326.0,60388.0,63750.0,62326.0,88750.0,27990.0,4.7907822922983625,0.0,3.8461538461538463,5.29045643153527,7.352941176470588,9.821428571428571,-9999,0.0,26.38888888888889,0.6861063464837049,43.93939393939394,-9999,1350.0,50.63131313131313,97.94168096054888,33.717404487568224,33.717404487568224,0.0,76.07739665787159,3.1662269129287597,1.9230769230769231,2019
13215010802,58.76172607879925,7.417135709818637,22.4390243902439,1.1757348342714196,3.527204502814259,0.31269543464665417,0.17510944340212634,0.41275797373358347,3.051907442151345,0.0,0.7129455909943715,0.0,27.39463601532567,-9999,16.45367412140575,-9999,41.583054626532885,-9999,55.46875,-9999,29.35483870967742,-9999,13.120700437773609,0.9380863039399625,7.442151344590369,1.1632270168855534,0.8630393996247655,5.328330206378987,3.252032520325203,0.31269543464665417,3.689806128830519,3.4771732332707943,2.5641025641025643,-9999,-9999,0.16260162601626016,0.0,0.21263289555972484,0.0,0.0,24.92997198879552,26.750700280112046,5.223410950283197,49.82155603140614,30.942895086321382,6.573705179282869,0.0,16.72458731537793,-9999,60610.0,63415.0,51250.0,60610.0,-9999,15370.0,12.327760426235532,0.0,8.284457478005866,7.18232044198895,31.901840490797547,25.499655410062026,0.0,6.7924528301886795,8.49673202614379,0.0,2.156862745098039,-9999,1704.0,1.1764705882352942,100.0,35.259537210756726,35.259537210756726,0.0,51.15469208211144,2.2910557184750733,3.0791788856304985,2019
13215011100,52.72192251103482,39.627268268759195,3.482099068170672,0.24521824423737126,0.7356547327121138,0.0,0.0,0.24521824423737126,0.6866110838646395,0.0,0.196174595389897,0.0,13.488372093023257,-9999,0.3712871287128713,-9999,0.0,-9999,0.0,-9999,0.0,-9999,1.2751348700343306,0.196174595389897,1.765571358509073,0.0,1.6184404119666502,1.4713094654242276,3.089749877390878,0.14713094654242276,2.746444335458558,0.24521824423737126,1.96174595389897,-9999,-9999,0.0,0.0,0.0,0.0,0.0,39.54512105649303,30.594277329420397,13.568376068376068,53.52862849533955,37.45364647713226,3.9555006180469716,2.8430160692212607,7.948139797068771,-9999,33306.0,55385.0,15417.0,33306.0,-9999,30947.0,36.50693568726356,0.8827238335435057,9.606986899563319,26.391982182628063,59.78062157221206,0.0,0.0,0.0,28.05391743892165,20.491803278688526,71.44060657118787,183700.0,603.0,91.575400168492,78.92271662763466,9.22020598332516,9.22020598332516,4.855321235899951,25.080385852090032,24.490889603429796,10.480349344978166,2019
13215011200,48.209366391184574,46.170798898071624,2.3140495867768593,0.0,1.2672176308539944,0.0,0.0,0.6060606060606061,0.0,0.0,0.6611570247933884,0.0,11.771428571428572,-9999,13.723150357995227,-9999,0.0,-9999,-9999,-9999,0.0,-9999,1.1019283746556474,0.0,1.2121212121212122,0.0,1.6528925619834711,2.369146005509642,1.8181818181818181,0.0,2.369146005509642,0.7713498622589532,1.5977961432506886,-9999,-9999,0.0,0.0,1.9283746556473829,0.0,0.0,50.75503355704698,23.154362416107382,10.710259301014656,54.70914127423823,29.671717171717173,8.080808080808081,14.267676767676768,8.355437665782494,-9999,34932.0,40000.0,14500.0,34932.0,-9999,22894.0,26.618705035971225,5.534034311012729,6.115107913669065,11.494252873563218,45.57416267942584,0.0,-9999,0.0,26.00349040139616,31.485849056603772,32.28621291448517,134200.0,556.0,91.2739965095986,63.089622641509436,14.049586776859504,14.049586776859504,4.132231404958677,21.79085785848466,32.748904195366315,17.62589928057554,2019
13215011400,52.7027027027027,21.673596673596673,12.88981288981289,1.4033264033264032,0.0,0.0,0.0,0.0,0.0,0.0,0.0,0.0,15.187376725838265,-9999,40.03944773175542,-9999,32.66129032258065,-9999,0.0,-9999,-9999,-9999,1.7671517671517671,0.0,8.731808731808732,0.2079002079002079,0.0,2.182952182952183,4.20997920997921,0.0,0.0,0.36382536382536385,0.0,-9999,-9999,0.0,0.0,0.0,0.0,0.0,61.31621187800963,4.012841091492777,15.995525727069351,52.05882352941177,17.842876165113182,11.051930758988016,1.7310252996005326,7.79401530967293,-9999,27056.0,27639.0,22292.0,27056.0,-9999,16189.0,48.43423799582463,0.31315240083507306,45.23809523809524,42.11045364891519,67.45562130177515,47.58064516129032,33.333333333333336,-9999,32.70042194092827,22.570532915360502,18.248945147679326,40500.0,520.0,95.14767932489451,74.60815047021944,25.31185031185031,25.31185031185031,3.586278586278586,16.2839248434238,30.758524704244955,44.04761904761905,2019
13215011500,17.81140861466822,54.21032207993791,21.0128055878929,0.23282887077997672,3.0655801319363603,0.0,0.0,0.0,0.7760962359332557,0.25223127667830814,2.92976329064804,0.0,4.466230936819172,-9999,30.550683970536653,-9999,29.732225300092335,-9999,0.0,-9999,8.227848101265822,-9999,16.70547147846333,0.0,2.4058983313930926,0.2910360884749709,0.0,2.1342646488164534,0.6984866123399301,0.15521924718665114,10.57431121459061,0.0,6.732634846720994,-9999,-9999,0.0,0.0,0.9507178890182383,0.0,0.0,58.45047401111474,11.180124223602485,12.494016275730015,48.98363906792266,18.7636761487965,10.22975929978118,5.962800875273523,14.948309583682592,-9999,32114.0,31000.0,29299.0,32114.0,-9999,15386.0,36.262665627435695,1.539360872954014,25.493562231759658,19.825708061002178,42.06433368681513,47.64542936288089,0.0,6.329113924050633,15.645241654210263,50.383933845245124,5.181863477827603,69600.0,610.0,97.85749875435974,48.78913171884229,30.442374854481955,30.442374854481955,6.111757857974389,27.106415872197886,25.302757021386242,33.90557939914163,2019
