tractid,period,pop19,nhwht19,nhblk19,hisp19,ntv19,asian19,haw19,india19,china19,filip19,japan19,korea19,viet19,agewht19,a15wht19,a65wht19,ageblk19,a15blk19,a65blk19,agehsp19,a15hsp19,a65hsp19,agentv19,a15ntv19,a65ntv19,ageasn19,a15asn19,a65asn19,mex19,cuban19,pr19,ruanc19,itanc19,geanc19,iranc19,scanc19,fb19,n10imm19,nat19,ag5up19,olang19,lep19,rufb19,itfb19,gefb19,irfb19,scfb19,ag25up19,hs19,col19,clf19,unemp19,dflabf19,flabf19,empclf19,prof19,manuf19,semp19,ag18cv19,vet19,hinc19,hh19,hincw19,hhw19,hincb19,hhb19,hinch19,hhh19,hinca19,hha19,incpc19,dpov19,npov19,n65pov19,dfmpov19,nfmpov19,dwpov19,nwpov19,dbpov19,nbpov19,dhpov19,nhpov19,dnapov19,nnapov19,dapov19,napov19,hu19,vac19,ohu19,own19,rent19,dmulti19,multi19,mhmval19,mrent19,h30old19,h10yrs19,a18und19,a60up19,a75up19,ag15up19,19-Mar,wds19,family19,fhh19,pnhwht19,pnhblk19,phisp19,pntv19,pasian19,phaw19,pindia19,pchina19,pfilip19,pjapan19,pkorea19,pviet19,p15wht19,p65wht19,p15blk19,p65blk19,p15hsp19,p65hsp19,p15ntv19,p65ntv19,p15asn19,p65asn19,pmex19,pcuban19,ppr19,pruanc19,pitanc19,pgeanc19,piranc19,pscanc19,pfb19,p10imm19,pnat19,polang19,plep19,prufb19,pitfb19,pgefb19,pirfb19,pscfb19,phs19,pcol19,punemp19,pflabf19,pprof19,pmanuf19,psemp19,pvet19,ppov19,p65pov19,pfmpov19,pwpov19,pbpov19,phpov19,pnapov19,papov19,pvac19,pown19,pmulti19,p30old19,p10yrs19,p18und19,p60up19,p75up19,pmar19,pwds19,pfhh19
21033920100,2019,2330,2275,31,0,0,0,0,0,0,0,0,0,0,2275,383,435,31,0,16,0,0,0,0,0,0,0,0,0,0,0,0,0,35,16,145,0,31,0,31,NA,NA,15,0,0,0,0,0,1640,1011,159,1027,37,933,464,990,202,266,53,1868,149,51053,862,51458,844,43438,18,NA,0,NA,0,26161,2330,413,48,528,33,2275,399,31,7,0,0,0,0,0,0,1090,228,862,751,111,1090,11,88800,382,761,279,462,658,146,1942,1011,399,528,14,97.63948498,1.330472103,0,0,0,0,0,0,0,0,0,0,16.83516484,19.12087912,0,51.61290323,NA,NA,NA,NA,NA,NA,0,0,0,0,1.502145923,0.686695279,6.223175966,0,1.330472103,0,1.330472103,NA,NA,0,0,0,0,0,61.64634146,9.695121951,3.602726388,49.73204716,20.4040404,26.86868687,5.353535354,7.976445396,17.72532189,2.060085837,6.25,17.53846154,22.58064516,NA,NA,NA,20.91743119,87.12296984,1.009174312,69.81651376,32.36658933,19.82832618,28.24034335,6.266094421,52.05973223,20.54582904,2.651515152
21033920200,2019,4644,3927,468,245,0,0,0,0,0,0,0,0,0,3927,478,906,468,142,76,245,41,0,0,0,0,0,0,0,70,0,0,0,0,95,132,13,175,0,72,NA,NA,0,0,0,0,0,0,3428,2046,493,2203,85,1995,1240,2118,484,361,27,3836,274,44814,1994,46799,1721,43016,201,NA,72,NA,0,30200,4563,660,65,1358,67,3846,340,468,248,245,72,0,0,0,0,2477,483,1994,1447,547,2477,228,87100,433,1744,1047,808,1228,464,3979,2070,1010,1358,162,84.56072351,10.07751938,5.275624462,0,0,0,0,0,0,0,0,0,12.17214158,23.0710466,30.34188034,16.23931624,16.73469388,0,NA,NA,NA,NA,1.507321275,0,0,0,0,2.045650301,2.842377261,0.279931094,3.768303187,0,1.550387597,NA,NA,0,0,0,0,0,59.68494749,14.38156359,3.858374943,62.15538847,22.85174693,17.04438149,1.274787535,7.142857143,14.46416831,1.424501425,4.933726068,8.840353614,52.99145299,29.3877551,NA,NA,19.49939443,72.56770311,9.204683084,70.40775131,52.50752257,17.39879414,26.44272179,9.991386736,52.02312139,25.38326213,11.92930781
21033920300,2019,5728,5342,297,73,0,0,0,25,49,24,0,0,0,5342,1167,1153,297,160,0,73,0,67,0,0,0,0,0,0,30,18,25,0,18,109,157,0,34,0,34,NA,NA,0,0,0,0,0,0,3889,2137,717,2267,137,2314,998,2130,736,505,200,4163,255,39464,2307,45613,2136,10899,137,NA,18,NA,0,28735,5694,1039,55,1663,188,5314,758,297,265,67,0,0,0,0,0,2724,417,2307,1745,562,2724,175,88300,280,1832,1069,1565,1570,538,4401,2672,912,1663,209,93.26117318,5.185055866,1.274441341,0,0,0,0.436452514,0.855446927,0.418994413,0,0,0,21.84575066,21.58367653,53.87205387,0,0,91.78082192,NA,NA,NA,NA,0.523743017,0.31424581,0.436452514,0,0.31424581,1.902932961,2.740921788,0,0.593575419,0,0.593575419,NA,NA,0,0,0,0,0,54.94985858,18.4366161,6.043228937,43.12878133,34.55399061,23.70892019,9.389671362,6.125390344,18.24727784,0.965929048,11.30487072,14.26420775,89.22558923,0,NA,NA,15.30837004,75.63935847,6.424375918,67.25403818,46.3372345,27.32192737,27.40921788,9.392458101,60.71347421,20.72256305,12.56764883
29025950100,2019,2494,2338,6,23,23,3,0,0,0,10,3,0,0,2338,390,574,6,0,0,23,0,0,23,2,3,3,0,0,23,0,0,0,7,100,117,28,3,3,0,NA,NA,2,0,0,0,0,0,1803,988,290,1183,33,1068,556,1150,329,200,62,2012,191,47703,1109,45815,1043,NA,0,NA,0,NA,0,23913,2460,418,63,720,67,2304,404,6,6,23,4,23,4,3,0,1531,422,1109,874,235,1531,119,86200,427,1187,421,479,739,304,2069,1053,546,720,55,93.74498797,0.240577386,0.922213312,0.922213312,0.120288693,0,0,0,0.40096231,0.120288693,0,0,16.68092387,24.5508982,0,0,0,0,8.695652174,13.04347826,0,0,0.922213312,0,0,0,0.280673617,4.009623095,4.691259022,1.122694467,0.120288693,0.120288693,0,NA,NA,0,0,0,0,0,54.79755962,16.08430394,2.789518174,52.05992509,28.60869565,17.39130435,5.391304348,9.49304175,16.99186992,2.56097561,9.305555556,17.53472222,100,17.39130435,17.39130435,0,27.56368387,78.8097385,7.772697583,77.53102547,37.96212804,19.20609463,29.63111468,12.18925421,50.89415176,26.38956017,7.638888889
29025950200,2019,6545,6202,46,124,40,34,0,0,0,19,24,3,2,6202,1238,1159,46,5,3,124,25,10,40,18,0,34,4,0,34,7,6,0,15,441,185,23,101,33,46,NA,NA,32,0,0,8,0,0,4376,2345,831,2799,95,2492,1268,2704,765,368,250,4865,560,51146,2530,50625,2439,NA,10,85446,37,NA,10,24835,6248,963,90,1628,98,5976,901,17,0,84,22,40,40,33,0,3153,623,2530,1896,634,3153,208,119800,448,2197,1048,1676,1628,464,5218,2804,1154,1628,125,94.75935829,0.702826585,1.894576012,0.611153552,0.519480519,0,0,0,0.290297937,0.366692131,0.045836516,0.030557678,19.96130281,18.68752015,10.86956522,6.52173913,20.16129032,8.064516129,45,0,11.76470588,0,0.519480519,0.106951872,0.091673033,0,0.229182582,6.737967914,2.82658518,0.351413293,1.54316272,0.504201681,0.702826585,NA,NA,0,0,0.12223071,0,0,53.58775137,18.98994516,3.39406931,50.88282504,28.29142012,13.60946746,9.24556213,11.51079137,15.41293214,1.440460948,6.01965602,15.07697456,0,26.19047619,100,0,19.75895972,74.94071146,6.596891849,69.67967016,41.4229249,25.60733384,24.87394958,7.089381207,53.73706401,22.11575316,7.678132678
37027030600,2019,4711,4261,20,289,1,24,0,0,22,0,39,8,16,4261,689,809,20,0,18,289,59,0,1,0,0,24,6,8,53,0,0,0,95,330,98,0,221,45,57,NA,NA,118,0,0,19,0,0,3420,1846,530,2347,80,1944,1063,2267,697,478,167,3724,318,46506,1907,46635,1777,NA,9,NA,77,NA,5,24466,4707,721,92,1460,137,4257,598,20,0,289,77,1,1,24,0,2011,104,1907,1522,385,2011,239,150300,460,1235,702,987,1184,443,3880,2391,812,1460,189,90.44788792,0.424538315,6.134578646,0.021226916,0.509445977,0,0,0.466992146,0,0.827849713,0.169815326,0.339630652,16.16991317,18.98615349,0,90,20.41522491,0,0,0,25,33.33333333,1.125026534,0,0,0,2.016556994,7.004882191,2.080237741,0,4.691148376,0.955211208,1.209934197,NA,NA,0,0,0.403311399,0,0,53.97660819,15.49707602,3.408606732,54.68106996,30.74547861,21.08513454,7.366563741,8.539205156,15.31761207,1.954535798,9.383561644,14.04745126,0,26.64359862,100,0,5.17155644,79.81122181,11.88463451,61.41223272,36.8117462,20.95096582,25.13266822,9.403523668,61.62371134,20.92783505,12.94520548
37027030900,2019,4695,4517,58,74,0,8,0,0,0,8,0,0,0,4517,671,913,58,0,21,74,47,0,0,0,0,8,0,0,0,15,0,0,33,223,204,17,64,0,20,NA,NA,0,0,0,20,0,0,3466,2158,415,2408,97,1988,1226,2311,545,646,257,3888,353,43695,1918,43199,1856,NA,20,NA,4,NA,0,24779,4663,568,147,1366,20,4485,560,58,0,74,0,0,0,8,8,2401,483,1918,1505,413,2401,84,75300,519,1775,525,807,1257,466,3977,2438,960,1366,36,96.20873269,1.235356763,1.576144835,0,0.170394036,0,0,0,0.170394036,0,0,0,14.85499225,20.21253044,0,36.20689655,63.51351351,0,NA,NA,0,0,0,0.319488818,0,0,0.702875399,4.749733759,4.345047923,0.362087327,1.36315229,0,0.425985091,NA,NA,0,0,0.425985091,0,0,62.26197346,11.97345643,4.028239203,61.67002012,23.58286456,27.95326698,11.12072696,9.079218107,12.18099936,3.152476946,1.464128843,12.48606466,0,0,NA,100,20.11661808,78.46715328,3.498542274,73.9275302,27.37226277,17.1884984,26.77316294,9.925452609,61.30248931,24.13879809,2.635431918
37027031100,2019,4252,3877,224,50,0,0,0,0,0,0,0,0,0,3877,501,842,224,91,41,50,0,0,0,0,0,0,0,0,42,0,0,0,0,97,102,32,121,56,91,NA,NA,5,0,0,0,0,0,3180,1625,491,2156,98,1728,978,2058,514,531,118,3440,240,48598,1729,49318,1624,50898,63,NA,42,NA,0,26921,4228,467,84,1228,72,3853,446,224,0,50,21,0,0,0,0,2160,431,1729,1405,324,2160,38,106600,511,1357,590,812,1201,339,3626,1839,895,1228,144,91.18062088,5.268109125,1.175917215,0,0,0,0,0,0,0,0,0,12.92236265,21.71782306,40.625,18.30357143,0,0,NA,NA,NA,NA,0.987770461,0,0,0,0,2.281279398,2.398871119,0.752587018,2.845719661,1.317027281,2.140169332,NA,NA,0,0,0,0,0,51.10062893,15.44025157,4.545454545,56.59722222,24.97570457,25.80174927,5.73372206,6.976744186,11.04541154,1.986754967,5.863192182,11.5753958,0,42,NA,NA,19.9537037,81.26084442,1.759259259,62.82407407,34.12377097,19.09689558,28.24553151,7.972718721,50.71704357,24.68284611,11.72638436
37027031000,2019,3226,3083,20,68,0,26,26,0,0,0,0,0,0,3083,462,771,20,15,0,68,0,40,0,0,0,26,0,0,68,0,0,0,9,39,122,11,61,15,31,NA,NA,17,0,0,0,0,0,2415,1189,452,1600,147,1310,693,1453,478,331,223,2644,232,47150,1291,48044,1251,NA,3,22434,37,NA,0,27973,3184,261,71,990,45,3041,261,20,0,68,0,0,0,26,0,1985,694,1291,1017,274,1985,38,138500,581,1512,456,582,1021,264,2749,1633,528,990,47,95.56726596,0.619962802,2.107873528,0,0.805951643,0.805951643,0,0,0,0,0,0,14.98540383,25.00810898,75,0,0,58.82352941,NA,NA,0,0,2.107873528,0,0,0,0.278983261,1.208927464,3.781773094,0.340979541,1.890886547,0.464972102,0.960942343,NA,NA,0,0,0,0,0,49.23395445,18.71635611,9.1875,52.90076336,32.89745354,22.78045423,15.34755678,8.774583964,8.197236181,2.229899497,4.545454545,8.582703058,0,0,NA,0,34.96221662,78.77614253,1.914357683,76.17128463,35.32145624,18.04091754,31.64910105,8.183508989,59.40341943,19.20698436,4.747474747
37027030200,2019,4712,4041,372,235,0,0,0,0,0,0,0,0,0,4041,666,933,410,0,118,235,107,0,0,0,0,0,0,0,129,0,62,0,0,252,26,0,50,44,0,NA,NA,6,0,0,0,0,0,3277,2202,249,2099,136,1974,959,1963,255,764,151,3793,260,34180,1871,34427,1692,31010,167,NA,12,NA,0,18658,4617,1228,187,1153,281,3985,1030,371,50,235,107,0,0,0,0,2180,309,1871,1276,595,2180,91,87000,481,1681,600,904,1175,466,3891,1143,1296,1153,283,85.75976231,7.894736842,4.987266553,0,0,0,0,0,0,0,0,0,16.48106904,23.08834447,0,28.7804878,45.53191489,0,NA,NA,NA,NA,2.737691002,0,1.315789474,0,0,5.348047538,0.551782683,0,1.061120543,0.933786078,0,NA,NA,0,0,0,0,0,67.19560574,7.598413183,6.479275846,48.58156028,12.99032094,38.92002038,7.692307692,6.854732402,26.59735759,4.050249079,24.37120555,25.84692597,13.47708895,45.53191489,NA,NA,14.17431193,68.19882416,4.174311927,77.11009174,32.06841261,19.18505942,24.93633277,9.889643463,29.37548188,33.307633,24.54466609
37027030300,2019,4170,3167,533,376,17,0,0,0,10,0,0,0,0,3167,647,554,533,0,153,376,115,0,17,6,0,0,0,0,319,0,18,0,5,236,141,9,223,5,35,NA,NA,39,0,0,0,0,0,2875,1776,303,1776,270,1476,743,1506,337,533,137,3197,217,34538,1529,38087,1177,31319,265,26199,87,NA,0,17060,3913,1016,96,1068,144,2998,715,461,90,360,211,17,0,0,0,1846,317,1529,984,545,1846,131,94500,502,1430,484,973,949,327,3393,1592,858,1068,55,75.94724221,12.78177458,9.016786571,0.407673861,0,0,0,0.239808153,0,0,0,0,20.42942848,17.49289548,0,28.7054409,30.58510638,0,35.29411765,0,NA,NA,7.649880096,0,0.431654676,0,0.119904077,5.659472422,3.381294964,0.215827338,5.347721823,0.119904077,0.839328537,NA,NA,0,0,0,0,0,61.77391304,10.53913043,15.2027027,50.33875339,22.37715803,35.39176627,9.096945551,6.787613388,25.96473294,2.453360593,13.48314607,23.84923282,19.52277657,58.61111111,0,NA,17.17226436,64.3557881,7.096424702,77.46478873,31.65467626,23.33333333,22.75779376,7.841726619,46.92012968,25.28735632,5.149812734
37027030400,2019,3947,3208,398,188,59,37,0,0,24,0,16,29,0,3208,377,670,398,70,9,188,31,0,59,0,0,37,8,0,55,8,23,0,13,140,82,0,154,24,74,NA,NA,61,0,0,7,0,0,2907,1479,209,1771,68,1643,858,1703,340,452,65,3212,325,27386,1800,28421,1554,NA,146,NA,85,NA,0,18283,3634,758,135,917,98,3040,597,308,63,156,39,59,59,37,0,2093,293,1800,1130,670,2093,490,97000,465,1730,851,735,962,390,3432,1445,1125,917,193,81.27691918,10.0836078,4.763111224,1.494806182,0.937420826,0,0,0.608056752,0,0.405371168,0.734735242,0,11.75187032,20.88528678,17.5879397,2.261306533,16.4893617,0,0,0,21.62162162,0,1.39346339,0.202685584,0.582721054,0,0.329364074,3.54699772,2.077527236,0,3.901697492,0.608056752,1.874841652,NA,NA,0,0,0.177349886,0,0,50.87719298,7.189542484,3.839638622,52.22154595,19.96476806,26.54139753,3.816793893,10.11830635,20.85855806,3.714914695,10.6870229,19.63815789,20.45454545,25,100,0,13.99904443,62.77777778,23.41137124,82.65647396,47.27777778,18.62173803,24.37294147,9.880922219,42.1037296,32.77972028,21.04689204
37027031300,2019,8912,8112,117,299,0,105,0,0,35,0,0,46,0,8112,1237,1695,117,0,0,299,120,47,0,0,0,105,0,35,86,0,75,0,31,437,492,0,228,55,183,NA,NA,75,0,0,29,0,0,6289,2622,1674,4825,428,3703,2240,4397,1330,1190,358,6888,713,64335,3509,70211,3270,9150,66,43601,133,NA,40,31414,8874,974,55,2517,114,8074,842,117,65,299,51,0,0,105,0,3656,147,3509,2936,573,3656,131,168100,583,1529,1285,2024,2409,568,7389,4235,1394,2517,184,91.02333932,1.312836625,3.35502693,0,1.178186715,0,0,0.392728905,0,0,0.516157989,0,15.24901381,20.89497041,0,0,40.13377926,15.71906355,NA,NA,0,33.33333333,0.964991023,0,0.841561939,0,0.347845601,4.903500898,5.52064632,0,2.558348294,0.617145422,2.053411131,NA,NA,0,0,0.32540395,0,0,41.6918429,26.61790428,8.870466321,60.49149338,30.24789629,27.06390721,8.141914942,10.35133566,10.97588461,0.619788145,4.52920143,10.42853604,55.55555556,17.05685619,NA,0,4.020787746,83.67056141,3.583150985,41.82166302,36.62011969,22.71095153,27.03096948,6.373429084,57.3149276,18.86588172,7.310290028
37027030100,2019,5448,3104,1384,938,22,0,0,0,0,0,0,0,0,3104,252,793,1396,400,173,938,261,37,22,0,0,0,0,0,553,0,188,0,112,30,144,0,344,120,0,NA,NA,222,0,0,0,0,0,3689,2220,556,2250,167,2458,1026,2083,410,473,83,4175,300,26737,2327,26821,1551,22147,600,NA,166,NA,0,16247,5434,1397,129,1323,227,3098,435,1389,723,937,251,22,0,0,0,2783,456,2327,1108,1219,2783,883,85900,450,2484,1315,1273,1266,324,4535,1699,888,1323,287,56.97503671,25.40381791,17.21732746,0.403817915,0,0,0,0,0,0,0,0,8.118556701,25.54768041,28.65329513,12.39255014,27.82515991,3.9445629,0,0,NA,NA,10.15051395,0,3.450807636,0,2.055800294,0.550660793,2.643171806,0,6.314243759,2.202643172,0,NA,NA,0,0,0,0,0,60.17891027,15.07183519,7.422222222,41.74125305,19.6831493,22.70763322,3.984637542,7.185628743,25.70850202,2.373941848,17.1579743,14.04131698,52.05183585,26.78762006,0,NA,16.38519583,47.61495488,31.7283507,89.25619835,56.51052858,23.36637298,23.23788546,5.947136564,37.46416759,19.58103638,21.69312169
37027030700,2019,7027,6376,84,336,11,78,0,0,0,0,0,0,0,6376,823,1020,84,0,0,336,207,15,11,0,0,78,0,0,312,0,0,0,46,82,202,0,185,29,93,NA,NA,95,0,0,0,0,0,5234,2717,712,3523,183,2891,1562,3340,806,946,109,5742,354,51439,2779,51179,2656,NA,24,NA,53,NA,0,23590,7016,1083,92,1941,106,6365,1083,84,0,336,0,11,0,78,0,3241,462,2779,1791,988,3241,508,111700,433,2511,1214,1285,1523,397,5997,3291,1286,1941,192,90.7357336,1.195389213,4.781556852,0.156539064,1.110004269,0,0,0,0,0,0,0,12.90777917,15.99749059,0,0,61.60714286,4.464285714,0,0,0,0,4.440017077,0,0,0,0.654617902,1.166927565,2.874626441,0,2.632702433,0.412693895,1.323466629,NA,NA,0,0,0,0,0,51.91058464,13.60336263,5.19443656,54.02974749,24.13173653,28.32335329,3.263473054,6.165099269,15.43614595,1.311288483,5.461102524,17.01492537,0,0,0,0,14.25485961,64.44764304,15.67417464,77.47608763,43.6847787,18.28660879,21.6735449,5.649637114,54.87743872,21.44405536,9.891808346
37027030500,2019,4940,3901,139,403,27,110,0,28,103,60,0,54,0,3901,526,1085,139,82,3,403,102,36,27,0,0,110,0,0,21,0,163,0,13,353,53,95,220,0,93,NA,NA,91,0,0,0,0,0,3594,1163,1198,2120,205,2148,980,1915,735,324,226,3910,331,56919,1905,56532,1695,NA,24,NA,130,NA,56,29104,4835,575,17,1319,89,3804,276,131,0,403,103,27,0,110,0,2034,129,1905,1388,517,2034,384,164600,488,1453,717,1030,1667,528,4125,2141,1009,1319,117,78.96761134,2.813765182,8.157894737,0.546558704,2.226720648,0,0.566801619,2.085020243,1.214574899,0,1.093117409,0,13.48372212,27.81338118,58.99280576,2.158273381,25.3101737,8.933002481,0,0,0,0,0.425101215,0,3.299595142,0,0.263157895,7.145748988,1.072874494,1.923076923,4.453441296,0,1.882591093,NA,NA,0,0,0,0,0,32.35948804,33.33333333,9.669811321,45.62383613,38.38120104,16.91906005,11.80156658,8.465473146,11.89245088,0.351602896,6.747536012,7.255520505,0,25.55831266,0,0,6.342182891,72.86089239,18.87905605,71.43559489,37.63779528,20.85020243,33.74493927,10.68825911,51.9030303,24.46060606,8.870356331
37027030800,2019,7646,7252,87,149,101,0,0,0,0,0,0,0,0,7252,1302,1307,87,0,0,149,58,0,101,0,13,0,0,0,83,31,0,0,29,222,152,0,89,2,55,NA,NA,30,0,0,40,0,0,5349,2863,538,3669,218,3326,1798,3451,561,929,217,6057,465,44713,2867,44633,2736,NA,49,NA,25,NA,0,21546,7585,612,66,2197,107,7191,505,87,32,149,2,101,73,0,0,3287,420,2867,2251,616,3287,73,113300,504,1820,1214,1589,2000,439,6262,3461,1473,2197,263,94.84697881,1.137849856,1.948731363,1.320952132,0,0,0,0,0,0,0,0,17.95366795,18.02261445,0,0,38.9261745,0,0,12.87128713,NA,NA,1.08553492,0.405440753,0,0,0.379283285,2.903478943,1.987967565,0,1.164007324,0.026157468,0.719330369,NA,NA,0,0,0.523149359,0,0,53.52402318,10.05795476,5.941673481,54.05892965,16.25615764,26.91973341,6.288032454,7.677067855,8.068556361,0.870138431,4.870277651,7.022667223,36.7816092,1.342281879,72.27722772,NA,12.77760876,78.51412626,2.220870094,55.36963797,42.3439135,20.78210829,26.15746796,5.741564217,55.26988183,23.52283615,11.97086937
37027031201,2019,4500,4232,185,29,34,0,0,0,0,0,0,0,0,4232,468,1152,185,108,22,29,0,8,34,0,0,0,0,0,0,0,0,0,6,112,38,63,128,0,47,NA,NA,29,16,0,2,0,63,3561,2144,462,2136,63,1928,1024,2073,673,563,156,3820,394,41489,1906,41390,1879,NA,10,NA,8,NA,0,24152,4500,459,72,1302,34,4232,426,185,33,29,0,34,0,0,0,2186,280,1906,1534,372,2186,143,122300,480,1373,558,680,1523,456,3915,2127,986,1302,72,94.04444444,4.111111111,0.644444444,0.755555556,0,0,0,0,0,0,0,0,11.05860113,27.22117202,58.37837838,11.89189189,0,27.5862069,0,0,NA,NA,0,0,0,0,0.133333333,2.488888889,0.844444444,1.4,2.844444444,0,1.044444444,NA,NA,0.355555556,0,0.044444444,0,1.4,60.2078068,12.97388374,2.949438202,53.1120332,32.46502653,27.15870719,7.525325615,10.31413613,10.2,1.6,2.611367127,10.06616257,17.83783784,0,0,NA,12.80878317,80.48268625,6.541628545,62.80878317,29.27597062,15.11111111,33.84444444,10.13333333,54.32950192,25.18518519,5.529953917
37027031202,2019,4387,4171,0,197,0,10,10,0,0,0,0,0,0,4171,686,741,0,0,0,197,124,0,0,0,0,10,0,10,89,0,0,0,9,137,161,57,73,0,58,NA,NA,0,0,0,0,0,0,3165,1573,377,2140,85,1861,1010,2055,468,532,127,3464,218,38857,1800,39518,1763,NA,0,NA,27,NA,10,21436,4356,784,107,1191,125,4140,688,0,0,197,86,0,0,10,10,2025,225,1800,1316,484,2025,107,121800,434,1215,629,923,1096,301,3577,1959,766,1191,112,95.07636198,0,4.490540233,0,0.227946205,0.227946205,0,0,0,0,0,0,16.44689523,17.76552386,NA,NA,62.94416244,0,NA,NA,0,100,2.028721222,0,0,0,0.205151584,3.122863004,3.669933896,1.299293367,1.664007294,0,1.322087987,NA,NA,0,0,0,0,0,49.69984202,11.91153239,3.971962617,54.27189683,22.77372263,25.88807786,6.180048662,6.29330254,17.99816345,2.456382002,10.49538203,16.61835749,NA,43.65482234,NA,100,11.11111111,73.11111111,5.283950617,60,34.94444444,21.03943469,24.98290403,6.861180761,54.76656416,21.41459323,9.403862301
37027031401,2019,3423,3310,0,6,27,16,0,0,0,0,60,0,0,3310,513,633,0,0,0,6,0,0,27,0,0,16,0,0,0,0,0,0,28,121,195,0,25,0,9,NA,NA,0,0,0,0,0,0,2496,1290,336,1772,77,1562,875,1695,495,457,102,2703,162,53900,1356,53983,1307,NA,0,NA,6,NA,16,32703,3415,302,33,951,28,3302,302,0,0,6,0,27,0,16,0,1506,150,1356,1067,289,1506,96,104100,536,1113,435,720,915,172,2868,1614,539,951,61,96.69880222,0,0.175284838,0.78878177,0.467426234,0,0,0,0,1.752848379,0,0,15.49848943,19.12386707,NA,NA,0,0,0,0,0,0,0,0,0,0,0.81799591,3.534910897,5.69675723,0,0.730353491,0,0.262927257,NA,NA,0,0,0,0,0,51.68269231,13.46153846,4.34537246,56.01792574,29.20353982,26.96165192,6.017699115,5.993340733,8.843338214,0.966325037,2.94426919,9.145972138,NA,0,0,0,9.960159363,78.68731563,6.374501992,73.90438247,32.07964602,21.03418054,26.73093777,5.024832019,56.27615063,18.79358438,6.414300736
37027031402,2019,3357,2911,30,371,0,37,0,0,0,37,0,0,0,2911,459,621,33,0,19,371,109,39,0,0,0,37,0,0,246,0,45,0,0,229,94,2,196,21,72,NA,NA,39,0,0,7,0,0,2484,1152,630,1538,44,1411,684,1494,438,365,38,2678,251,42349,1417,41853,1262,NA,3,55577,144,NA,11,24188,3242,391,103,1019,50,2831,365,6,1,371,25,0,0,37,0,1595,178,1417,1036,381,1595,170,148600,516,1108,610,679,883,323,2789,1622,571,1019,106,86.71432827,0.893655049,11.05153411,0,1.102174561,0,0,0,1.102174561,0,0,0,15.7677774,21.3328753,0,57.57575758,29.38005391,10.51212938,NA,NA,0,0,7.327971403,0,1.340482574,0,0,6.821566875,2.800119154,0.059577003,5.838546321,0.625558534,2.144772118,NA,NA,0,0,0.208519511,0,0,46.37681159,25.36231884,2.860858257,48.47625797,29.31726908,24.43105756,2.543507363,9.372666169,12.06045651,3.177051203,4.906771344,12.89297068,16.66666667,6.738544474,NA,0,11.15987461,73.11220889,10.65830721,69.46708464,43.04869442,20.22639261,26.30324695,9.621686029,58.15704554,20.47328792,10.40235525
37027031403,2019,2531,1966,75,480,0,0,0,0,0,21,0,0,0,1966,308,384,75,33,0,480,129,18,0,0,0,0,0,0,24,0,98,0,12,197,22,0,259,70,50,NA,NA,154,0,0,0,0,0,1609,983,162,1208,124,998,589,1084,253,193,65,1844,121,36603,953,36776,792,NA,23,43333,138,NA,0,19088,2463,600,35,634,105,1901,388,75,65,477,137,0,0,0,0,1078,125,953,553,400,1078,269,114300,409,778,474,687,482,181,2061,727,610,634,142,77.67680759,2.96325563,18.96483603,0,0,0,0,0,0.829711576,0,0,0,15.66632757,19.53204476,44,0,26.875,3.75,NA,NA,NA,NA,0.948241802,0,3.871987357,0,0.474120901,7.783484789,0.869221652,0,10.23310944,2.765705255,1.975503753,NA,NA,0,0,0,0,0,61.09384711,10.06836544,10.26490066,59.01803607,23.33948339,17.80442804,5.996309963,6.561822126,24.36053593,1.421031263,16.5615142,20.41031036,86.66666667,28.721174,NA,NA,11.59554731,58.02728227,24.95361781,72.17068646,49.73767051,27.14342157,19.04385618,7.151323588,35.27413877,29.59728287,22.39747634
38105953800,2019,2723,2337,111,167,43,0,0,0,0,0,0,0,0,2337,462,474,111,0,0,167,63,7,43,14,0,0,0,0,112,0,4,0,0,173,70,323,110,71,3,NA,NA,0,0,0,0,0,3,1689,830,237,1341,0,1009,558,1341,332,82,92,1886,150,80868,1079,81840,1031,NA,28,NA,10,NA,0,39832,2537,321,39,754,75,2161,147,108,88,160,35,43,0,0,0,1229,150,1079,736,343,1229,307,220800,562,1003,664,837,554,282,2136,766,600,754,214,85.82445832,4.076386339,6.132941609,1.579140654,0,0,0,0,0,0,0,0,19.76893453,20.28241335,0,0,37.7245509,4.191616766,32.55813953,0,NA,NA,4.11311054,0,0.146896805,0,0,6.353286816,2.570694087,11.861917,4.039662137,2.607418289,0.110172604,NA,NA,0,0,0,0,0.110172604,49.14150385,14.03197158,0,55.30227948,24.75764355,6.114839672,6.860551827,7.953340403,12.65273946,1.537248719,9.946949602,6.802406293,81.48148148,21.875,0,NA,12.20504475,68.21130677,24.97965826,81.61106591,61.53846154,30.73815645,20.34520749,10.35622475,35.86142322,28.08988764,28.38196286
38105953400,2019,1790,1750,9,14,4,0,0,0,0,0,0,0,0,1750,347,354,9,0,0,14,2,0,4,4,0,0,0,0,10,0,0,0,0,91,33,586,21,3,17,NA,NA,0,0,0,3,0,0,1300,563,194,881,10,555,244,871,232,0,63,1358,131,87042,831,86875,827,NA,0,NA,4,NA,0,46566,1764,91,24,524,8,1724,78,9,2,14,2,4,4,0,0,1233,402,831,569,262,1233,351,192100,1030,768,463,432,526,205,1437,910,283,524,3,97.76536313,0.502793296,0.782122905,0.223463687,0,0,0,0,0,0,0,0,19.82857143,20.22857143,0,0,14.28571429,0,100,0,NA,NA,0.558659218,0,0,0,0,5.083798883,1.843575419,32.73743017,1.173184358,0.167597765,0.94972067,NA,NA,0,0,0.167597765,0,0,43.30769231,14.92307692,1.13507378,43.96396396,26.63605052,0,7.233065442,9.646539028,5.158730159,1.360544218,1.526717557,4.524361949,22.22222222,14.28571429,100,NA,32.60340633,68.47172082,28.46715328,62.28710462,55.71600481,24.13407821,29.38547486,11.45251397,63.32637439,19.69380654,0.572519084
38105953500,2019,2292,1868,26,46,210,5,0,0,5,0,51,0,0,1868,582,189,26,0,0,46,12,0,210,12,57,5,0,0,41,0,0,0,13,139,62,530,48,11,8,NA,NA,1,0,0,1,0,3,1449,598,185,1126,6,733,411,1120,301,8,127,1569,121,99167,870,95192,654,NA,26,126563,15,NA,0,43465,2292,110,11,591,21,1868,83,26,0,46,7,210,11,5,3,1237,367,870,590,280,1237,160,223400,895,686,484,722,409,71,1622,1026,288,591,30,81.5008726,1.134380454,2.006980803,9.162303665,0.218150087,0,0,0.218150087,0,2.22513089,0,0,31.15631692,10.11777302,0,0,26.08695652,0,5.714285714,27.14285714,0,0,1.788830716,0,0,0,0.567190227,6.064572426,2.705061082,23.12390925,2.094240838,0.479930192,0.34904014,NA,NA,0,0,0.043630017,0,0.130890052,41.26984127,12.76742581,0.53285968,56.07094134,26.875,0.714285714,11.33928571,7.711918419,4.79930192,0.479930192,3.553299492,4.443254818,0,15.2173913,5.238095238,60,29.66855295,67.81609195,12.934519,55.4567502,55.63218391,31.5008726,17.84467714,3.097731239,63.25524044,17.75585697,5.076142132
38105953600,2019,2773,2572,17,44,77,28,0,0,0,22,6,0,0,2572,673,341,17,0,0,44,0,0,77,2,8,28,0,0,44,0,0,0,7,98,27,839,83,20,63,NA,NA,10,0,0,0,0,0,1864,705,277,1452,0,863,539,1452,506,72,213,2034,190,114464,1073,114821,1021,NA,0,NA,12,NA,6,51308,2762,181,35,767,6,2561,105,17,9,44,41,77,14,28,12,1360,287,1073,965,108,1360,18,297200,617,796,566,739,585,113,2088,1416,307,767,14,92.75153264,0.613054454,1.586729174,2.776776055,1.009736747,0,0,0,0.793364587,0.21637216,0,0,26.16640747,13.25816485,0,0,0,0,2.597402597,10.38961039,0,0,1.586729174,0,0,0,0.252434187,3.534078615,0.973674721,30.25604039,2.993148215,0.721240534,2.271907681,NA,NA,0,0,0,0,0,37.82188841,14.86051502,0,62.45654693,34.84848485,4.958677686,14.66942149,9.341199607,6.553222303,1.267197683,0.782268579,4.099960953,52.94117647,93.18181818,18.18181818,42.85714286,21.10294118,89.93476235,1.323529412,58.52941176,52.74930103,26.64983772,21.09628561,4.075009016,67.81609195,14.70306513,1.825293351
38105953700,2019,15799,11144,1104,2175,460,242,0,0,0,100,0,0,0,11144,2550,343,1104,331,0,2175,773,0,460,178,0,242,86,0,1191,0,443,0,80,741,277,907,1487,530,648,NA,NA,257,0,0,21,0,0,9409,3096,2553,8884,219,4981,3635,8665,2235,112,359,10951,806,83510,6415,86612,4860,61270,473,67727,746,NA,69,42176,15636,777,18,3641,117,11144,413,1104,38,2128,204,460,122,242,0,9435,3020,6415,1922,4493,9435,6379,253500,925,1490,5578,4829,1079,180,11512,5459,1548,3641,241,70.53610988,6.987784037,13.76669409,2.911576682,1.531742515,0,0,0,0.632951453,0,0,0,22.88226849,3.077889447,29.98188406,0,35.54022989,0,38.69565217,0,35.53719008,0,7.538451801,0,2.803974935,0,0.506361162,4.690170264,1.753275524,5.740869675,9.411988101,3.354642699,4.101525413,NA,NA,0,0,0.132919805,0,0,32.90466575,27.13359549,2.465105808,72.97731379,25.79342181,1.292556261,4.143104443,7.360058442,4.969301612,0.115118956,3.213402911,3.706030151,3.442028986,9.586466165,26.52173913,0,32.00847907,29.96102884,67.6099629,15.79226285,86.95245518,30.56522565,6.829546174,1.139312615,47.42008339,13.44683808,6.619060698
38105954100,2019,5832,4893,114,213,243,75,0,0,0,13,30,0,0,4893,1118,625,122,8,0,213,41,10,253,28,44,75,0,0,128,0,0,0,27,311,92,875,312,198,53,NA,NA,0,0,0,0,0,0,3831,1574,896,3250,138,2074,1157,3112,907,95,271,4426,276,84239,2358,90909,1996,NA,50,NA,11,NA,52,36288,5609,458,7,1387,91,4784,317,107,12,173,33,194,0,75,38,2848,490,2358,1527,831,2848,759,213900,739,2528,1187,1406,812,314,4599,2210,888,1387,120,83.89917695,1.95473251,3.652263374,4.166666667,1.28600823,0,0,0,0.222908093,0.514403292,0,0,22.84896791,12.77334968,6.557377049,0,19.24882629,4.694835681,11.06719368,17.39130435,0,0,2.19478738,0,0,0,0.462962963,5.332647462,1.577503429,15.00342936,5.349794239,3.395061728,0.90877915,NA,NA,0,0,0,0,0,41.08587836,23.38814931,4.246153846,55.78592093,29.14524422,3.052699229,8.708226221,6.235878897,8.165448387,0.124799429,6.560922855,6.626254181,11.21495327,19.07514451,0,50.66666667,17.20505618,64.75826972,26.6502809,88.76404494,50.33927057,24.10836763,13.92318244,5.384087791,48.05392477,19.30854534,8.651766402
38105953900,2019,3999,3439,183,50,34,38,9,0,48,19,0,0,0,3439,557,700,183,73,0,50,0,0,34,12,5,38,10,0,20,0,11,0,8,339,108,668,70,11,32,NA,NA,0,0,0,0,0,0,2808,809,924,2295,43,1441,885,2252,938,105,173,3084,381,104286,1694,113516,1449,NA,92,NA,31,NA,10,61447,3854,170,43,995,15,3323,170,157,0,50,0,31,0,38,0,1980,286,1694,1224,470,1980,698,296300,867,1603,840,915,934,313,3293,1852,611,995,15,85.99649912,4.576144036,1.250312578,0.850212553,0.950237559,0.225056264,0,1.200300075,0.47511878,0,0,0,16.19656877,20.35475429,39.89071038,0,0,0,35.29411765,14.70588235,26.31578947,0,0.500125031,0,0.275068767,0,0.200050013,8.47711928,2.700675169,16.70417604,1.750437609,0.275068767,0.80020005,NA,NA,0,0,0,0,0,28.81054131,32.90598291,1.873638344,61.41568355,41.65186501,4.662522202,7.682060391,12.3540856,4.411001557,1.115723923,1.507537688,5.115859163,0,0,0,0,14.44444444,72.25501771,35.25252525,80.95959596,49.58677686,22.88072018,23.35583896,7.826956739,56.24051017,18.55450957,1.507537688
39171950300,2019,4328,3963,15,189,0,124,0,0,0,0,0,0,25,3963,634,738,15,8,0,189,76,3,0,0,0,124,0,8,56,0,54,0,52,467,124,0,144,53,37,NA,NA,45,0,0,0,0,0,3018,1800,382,2270,219,1634,929,2051,639,916,141,3394,321,53727,1810,54464,1739,NA,0,13438,33,NA,38,28676,4248,774,15,1126,94,3886,720,15,0,186,54,0,0,124,0,2051,241,1810,1389,421,2051,243,83700,457,1774,907,934,1038,337,3581,1633,855,1126,164,91.56654344,0.346580407,4.366913124,0,2.865064695,0,0,0,0,0,0,0.577634011,15.99798133,18.62225587,53.33333333,0,40.21164021,1.587301587,NA,NA,0,6.451612903,1.293900185,0,1.247689464,0,1.201478743,10.79020333,2.865064695,0,3.327171904,1.224584104,0.854898336,NA,NA,0,0,0,0,0,59.64214712,12.657389,9.647577093,56.85434517,31.15553389,44.66114091,6.874695271,9.457866824,18.22033898,0.353107345,8.348134991,18.52804941,0,29.03225806,NA,0,11.75036568,76.74033149,11.84787908,86.49439298,50.11049724,21.58040665,23.98336414,7.78650647,45.60178721,23.87601229,14.56483126
39171950400,2019,4470,4012,7,374,2,49,5,0,0,16,0,37,1,4012,683,855,9,2,0,374,161,26,4,0,0,49,12,0,249,0,11,0,9,736,46,27,106,41,58,NA,NA,32,0,0,0,0,0,3130,1757,477,2197,37,1804,1124,2160,595,773,127,3430,313,52159,1853,53111,1768,NA,0,32155,68,NA,13,26667,4387,506,36,1204,90,3946,425,9,2,357,57,4,0,49,0,1913,60,1853,1444,409,1913,163,1.00E+05,476,1332,770,1034,1225,460,3601,1877,929,1204,118,89.75391499,0.156599553,8.36689038,0.044742729,1.096196868,0.111856823,0,0,0.357941834,0,0.827740492,0.022371365,17.02392822,21.3110668,22.22222222,0,43.04812834,6.951871658,0,0,24.48979592,0,5.570469799,0,0.246085011,0,0.201342282,16.46532438,1.029082774,0.604026846,2.371364653,0.917225951,1.29753915,NA,NA,0,0,0,0,0,56.1341853,15.23961661,1.684114702,62.3059867,27.5462963,35.78703704,5.87962963,9.125364431,11.53407796,0.820606337,7.475083056,10.77040041,22.22222222,15.96638655,0,0,3.136434919,77.92768484,8.520648197,69.6288552,41.55423637,23.13199105,27.4049217,10.29082774,52.12440989,25.79838934,9.800664452
39171950100,2019,5080,4847,9,159,14,9,0,0,9,0,0,0,0,4847,882,809,9,0,0,159,17,20,23,0,9,9,9,0,129,0,0,0,8,841,141,3,70,32,38,NA,NA,11,0,0,0,0,0,3428,1849,492,2834,104,2091,1352,2730,698,838,199,3911,347,54792,2041,54806,1980,NA,6,74444,46,NA,0,25256,4982,643,78,1399,78,4749,573,9,0,159,46,23,18,9,0,2302,261,2041,1552,489,2302,195,105600,487,1705,686,1169,1186,375,4159,2228,694,1399,137,95.41338583,0.177165354,3.12992126,0.275590551,0.177165354,0,0,0.177165354,0,0,0,0,18.19682278,16.69073654,0,0,10.6918239,12.57861635,0,39.13043478,100,0,2.539370079,0,0,0,0.157480315,16.55511811,2.775590551,0.059055118,1.377952756,0.62992126,0.748031496,NA,NA,0,0,0,0,0,53.93815636,14.35239207,3.669724771,64.65805835,25.56776557,30.6959707,7.289377289,8.872411148,12.90646327,1.565636291,5.575411008,12.06569804,0,28.93081761,78.26086957,0,11.33796699,76.0411563,8.470894874,74.06602954,33.61097501,23.01181102,23.34645669,7.381889764,53.57056985,16.68670353,9.792709078
39171950900,2019,2954,2765,16,112,0,0,0,0,0,9,8,0,0,2765,533,612,16,0,0,112,40,4,0,0,0,4,0,0,48,0,29,0,12,525,25,0,14,0,10,NA,NA,11,0,0,0,0,0,1976,1038,337,1520,73,1256,788,1447,403,465,99,2272,251,52708,1164,51793,1125,NA,0,55208,31,NA,0,25216,2870,201,32,759,27,2689,182,12,12,108,7,0,0,4,0,1317,153,1164,923,241,1317,87,105200,488,974,516,682,759,266,2369,1276,501,759,62,93.60189573,0.541638456,3.791469194,0,0,0,0,0,0.304671632,0.270819228,0,0,19.27667269,22.13381555,0,0,35.71428571,3.571428571,NA,NA,0,0,1.624915369,0,0.981719702,0,0.406228842,17.77251185,0.846310088,0,0.473933649,0,0.338524035,NA,NA,0,0,0,0,0,52.53036437,17.05465587,4.802631579,62.7388535,27.85072564,32.13545266,6.841741534,11.04753521,7.003484321,1.114982578,3.557312253,6.768315359,100,6.481481481,NA,0,11.61731207,79.29553265,6.605922551,73.95596052,44.32989691,23.0873392,25.69397427,9.004739336,53.86238919,21.14816378,8.168642951
39171950200,2019,3840,3684,4,112,17,1,0,0,0,0,0,0,0,3684,693,743,4,0,0,112,37,9,20,3,9,1,1,0,57,0,9,9,49,1191,95,45,26,0,26,NA,NA,0,0,0,16,0,0,2666,1357,420,1901,75,1533,821,1826,521,432,133,2940,268,58235,1538,59485,1482,NA,0,NA,34,NA,0,28042,3811,298,74,1145,31,3659,289,4,0,108,0,20,0,1,0,1920,382,1538,1362,176,1920,26,124100,460,1447,451,900,1165,295,3109,2102,340,1145,31,95.9375,0.104166667,2.916666667,0.442708333,0.026041667,0,0,0,0,0,0,0,18.81107492,20.16829533,0,0,33.03571429,8.035714286,15,45,100,0,1.484375,0,0.234375,0.234375,1.276041667,31.015625,2.473958333,1.171875,0.677083333,0,0.677083333,NA,NA,0,0,0.416666667,0,0,50.90022506,15.75393848,3.945291952,53.55512068,28.53231106,23.65826944,7.283680175,9.115646259,7.819469955,1.941747573,2.707423581,7.898332878,0,0,0,0,19.89583333,88.55656697,1.354166667,75.36458333,29.32379714,23.4375,30.33854167,7.682291667,67.61016404,10.93599228,2.707423581
39171950700,2019,4271,4069,6,101,42,7,0,0,0,0,7,0,0,4069,755,979,6,0,0,101,73,6,42,0,42,7,0,0,78,0,23,0,7,498,77,38,6,0,6,NA,NA,28,0,0,0,0,0,3030,1237,759,2044,30,1909,980,2014,752,508,69,3212,188,51750,1852,51167,1782,NA,0,NA,11,NA,7,28807,4142,319,96,1034,50,3951,318,1,1,95,0,42,0,7,0,1937,85,1852,1293,559,1937,384,135400,577,1603,847,1059,1340,509,3407,1703,897,1034,126,95.27042847,0.140482323,2.364785764,0.983376258,0.163896043,0,0,0,0,0.163896043,0,0,18.5549275,24.05996559,0,0,72.27722772,5.940594059,0,100,0,0,1.826270194,0,0.53851557,0,0.163896043,11.66003278,1.802856474,0.889721377,0.140482323,0,0.140482323,NA,NA,0,0,0,0,0,40.82508251,25.04950495,1.467710372,51.33577789,37.33862959,25.22343595,3.426017875,5.853051059,7.701593433,2.317720908,4.835589942,8.048595292,100,0,0,0,4.38822922,69.81641469,19.82447083,82.75684047,45.73434125,24.79512995,31.37438539,11.9175837,49.98532433,26.32814793,12.18568665
39171950600,2019,4370,4014,56,223,0,16,0,0,0,16,0,0,0,4014,643,627,56,0,0,223,31,4,0,0,0,16,0,0,143,0,4,0,0,680,44,0,16,0,16,NA,NA,0,0,0,0,0,0,3107,1596,129,2339,85,1767,1198,2254,345,744,76,3462,181,36943,2120,36539,1975,NA,44,71756,101,NA,0,26025,4333,616,34,982,110,3977,616,56,0,223,0,0,0,16,0,2333,213,2120,1273,847,2333,737,75800,542,1997,1274,908,1030,276,3667,1250,1010,982,106,91.85354691,1.281464531,5.102974828,0,0.366132723,0,0,0,0.366132723,0,0,0,16.01893373,15.62032885,0,0,13.90134529,1.793721973,NA,NA,0,0,3.272311213,0,0.091533181,0,0,15.56064073,1.006864989,0,0.366132723,0,0.366132723,NA,NA,0,0,0,0,0,51.36787898,4.151915031,3.634031637,67.79852858,15.30612245,33.0079858,3.371783496,5.228191797,14.21647819,0.784675744,11.20162933,15.48906211,0,0,NA,0,9.129875697,60.04716981,31.59022718,85.59794256,60.09433962,20.77803204,23.56979405,6.315789474,34.0878102,27.54295064,10.79429735
39171950500,2019,4255,3545,267,374,19,10,0,0,27,0,2,0,0,3545,548,618,276,6,7,374,69,21,19,0,0,10,0,0,334,0,25,0,30,697,61,0,44,10,22,NA,NA,2,0,0,0,0,0,3047,1585,436,1833,85,1600,821,1748,466,580,137,3425,237,62500,1444,62935,1322,NA,4,44489,103,NA,0,25015,3493,282,13,955,28,3127,185,20,6,286,72,19,14,10,0,1523,79,1444,1177,267,1523,54,118200,516,1198,529,830,963,353,3618,1714,753,955,57,83.31374853,6.274970623,8.789659224,0.44653349,0.235017626,0,0,0.634547591,0,0.047003525,0,0,15.4583921,17.43300423,2.173913043,2.536231884,18.44919786,5.614973262,0,0,0,0,7.849588719,0,0.587544066,0,0.705052879,16.38072855,1.433607521,0,1.034077556,0.235017626,0.517038778,NA,NA,0,0,0,0,0,52.01837873,14.30915655,4.637206765,51.3125,26.6590389,33.18077803,7.837528604,6.919708029,8.073289436,0.372172917,2.931937173,5.916213623,30,25.17482517,73.68421053,0,5.187130663,81.50969529,3.545633618,78.66053841,36.63434903,19.50646298,22.63219741,8.296122209,47.37423991,20.81260365,5.968586387
39171950800,2019,3248,3193,13,17,0,4,4,0,0,0,0,0,0,3193,766,648,13,0,0,17,0,7,0,0,0,4,0,0,0,0,0,0,0,359,102,6,22,0,22,NA,NA,0,0,0,0,0,0,2219,1055,475,1593,0,1259,715,1593,632,458,106,2405,268,59071,1268,60313,1240,NA,0,NA,7,NA,0,31282,3248,327,56,982,20,3193,306,13,0,17,0,0,0,4,0,1348,80,1268,1207,61,1348,15,142300,557,914,492,843,842,241,2482,1639,426,982,17,98.30665025,0.400246305,0.523399015,0,0.123152709,0.123152709,0,0,0,0,0,0,23.98997808,20.29439399,0,0,0,41.17647059,NA,NA,0,0,0,0,0,0,0,11.05295567,3.140394089,0.184729064,0.677339901,0,0.677339901,NA,NA,0,0,0,0,0,47.54393871,21.40603876,0,56.79110405,39.67357188,28.75078468,6.654111739,11.14345114,10.06773399,1.724137931,2.036659878,9.583463827,0,0,NA,0,5.934718101,95.18927445,1.112759644,67.8041543,38.80126183,25.9544335,25.92364532,7.419950739,66.03545528,17.16357776,1.731160896
48453002110,2019,4221,1007,1242,1877,0,48,0,12,28,0,0,0,28,1007,68,25,1348,326,259,1877,364,192,11,0,0,48,13,0,1609,0,36,6,0,93,37,6,661,305,165,NA,NA,411,0,0,0,0,0,3102,1715,865,2476,98,1785,1172,2378,826,114,162,3431,83,46265,1366,71719,445,21146,453,38846,450,146354,27,24866,4181,886,171,811,122,996,88,1332,506,1859,342,11,0,48,0,1635,269,1366,745,621,1635,379,260400,1091,1121,777,790,737,326,3519,1159,904,811,132,23.85690595,29.42430704,44.46813551,0,1.137171286,0,0.284292822,0.663349917,0,0,0,0.663349917,6.752730884,2.482621648,24.18397626,19.21364985,19.39264784,10.22908897,0,0,27.08333333,0,38.11892916,0,0.852878465,0.142146411,0,2.203269367,0.876569533,0.142146411,15.65979626,7.225775882,3.909026297,NA,NA,0,0,0,0,0,55.28691167,27.88523533,3.957996769,65.65826331,34.73507149,4.793944491,6.812447435,2.41911979,21.19110261,4.089930639,15.0431566,8.835341365,37.98798799,18.39698763,0,0,16.45259939,54.53879941,23.18042813,68.56269113,56.88140556,18.71594409,17.46031746,7.72328832,32.93549304,25.68911623,16.27620222
48453002315,2019,2954,871,167,1818,0,56,0,0,12,10,0,10,37,871,18,11,191,13,10,1818,285,99,0,0,0,56,0,0,1429,12,0,0,21,64,104,22,1147,369,184,NA,NA,746,0,0,0,44,0,2248,1007,757,2215,72,978,722,2143,724,16,146,2553,77,37843,1479,39848,586,28929,142,36929,709,NA,45,28540,2954,620,38,488,77,871,114,191,58,1818,462,0,0,56,10,1676,197,1479,227,1252,1676,1570,107100,940,1500,1170,401,221,77,2621,652,401,488,92,29.48544347,5.653351388,61.5436696,0,1.895734597,0,0,0.406228842,0.338524035,0,0.338524035,1.25253893,2.066590126,1.262916188,6.806282723,5.235602094,15.67656766,5.445544554,NA,NA,0,0,48.37508463,0.406228842,0,0,0.710900474,2.166553825,3.520649966,0.744752877,38.82870684,12.4915369,6.228842248,NA,NA,0,0,0,1.489505755,0,44.79537367,33.67437722,3.250564334,73.82413088,33.78441437,0.746616892,6.812879141,3.016059538,20.98849018,1.286391334,15.77868852,13.08840413,30.36649215,25.41254125,NA,17.85714286,11.75417661,15.34820825,93.67541766,89.49880668,79.10750507,13.57481381,7.481381178,2.606635071,24.87600153,15.29950401,18.85245902
48453001835,2019,6771,1609,1418,3136,0,564,0,267,59,18,10,56,190,1609,163,158,1434,396,108,3136,719,128,0,0,0,571,11,74,2726,0,18,0,9,204,116,13,2019,424,685,NA,NA,936,0,0,7,0,0,4684,1563,1776,4100,309,2874,1953,3791,1426,373,401,5172,193,60048,2435,73250,863,48421,432,49883,902,75521,217,26768,6771,674,0,1413,116,1609,100,1434,235,3136,324,0,0,571,31,2579,144,2435,1117,1318,2579,1187,163700,1105,1454,1564,1599,829,78,5484,2041,903,1413,245,23.76310737,20.94225373,46.31516763,0,8.329641117,0,3.94328755,0.871363166,0.26583961,0.147688672,0.827056565,2.806084773,10.13051585,9.819763828,27.61506276,7.531380753,22.92729592,4.081632653,NA,NA,1.926444834,12.95971979,40.25993206,0,0.26583961,0,0.132919805,3.012848914,1.713188598,0.191995274,29.81834293,6.261999705,10.11667405,NA,NA,0,0,0.103382071,0,0,33.36891546,37.91631085,7.536585366,67.95407098,37.61540491,9.839092588,10.57768399,3.731631864,9.954216512,0,8.209483369,6.215040398,16.38772664,10.33163265,NA,5.429071804,5.583559519,45.87268994,46.02559131,56.37844126,64.22997947,23.6154187,12.24339093,1.151971644,37.21735959,16.46608315,17.33899505
48453001840,2019,10880,3220,2002,4508,0,910,0,260,17,57,63,34,335,3220,599,277,2062,357,159,4508,996,203,0,0,0,910,190,60,4001,128,129,30,27,208,100,76,2546,556,813,NA,NA,1275,0,0,0,0,0,7259,3209,2238,6383,189,4530,2992,6194,2276,752,401,8209,433,68520,3961,86375,1509,62963,754,52619,1199,74235,378,29070,10859,1769,127,2582,243,3199,433,2062,406,4508,901,0,0,910,29,4342,381,3961,2256,1705,4342,1170,178500,1260,526,2475,2671,1247,200,8738,3330,1367,2582,357,29.59558824,18.40073529,41.43382353,0,8.363970588,0,2.389705882,0.15625,0.523897059,0.579044118,0.3125,3.079044118,18.60248447,8.602484472,17.31328807,7.710960233,22.09405501,4.50310559,NA,NA,20.87912088,6.593406593,36.77389706,1.176470588,1.185661765,0.275735294,0.248161765,1.911764706,0.919117647,0.698529412,23.40073529,5.110294118,7.472426471,NA,NA,0,0,0,0,0,44.20719107,30.83069293,2.96099013,66.04856512,36.74523733,12.1407814,6.474007104,5.274698502,16.2906345,1.16953679,9.411309063,13.53547984,19.68962173,19.98669033,NA,3.186813187,8.774758176,56.95531431,26.94610778,12.11423307,62.48422116,24.54963235,11.46139706,1.838235294,38.10940719,15.6443122,13.82649109
48453001850,2019,3782,2251,313,858,0,317,0,216,15,56,0,0,0,2251,230,339,327,15,20,858,169,16,15,0,0,317,67,0,601,145,0,0,19,145,276,0,605,292,223,NA,NA,158,0,0,0,0,0,2962,826,1386,2547,40,1765,1327,2507,1190,327,148,3301,221,60253,1933,62327,1235,60132,202,NA,331,NA,136,38317,3723,311,0,633,41,2203,11,325,0,849,265,15,0,317,35,2217,284,1933,372,1561,2217,1516,220900,979,1314,1605,481,607,62,3301,859,879,633,87,59.51877314,8.276044421,22.68640931,0,8.381808567,0,5.711263882,0.396615547,1.480698043,0,0,0,10.21768103,15.05997335,4.587155963,6.116207951,19.6969697,1.864801865,0,0,21.13564669,0,15.89106293,3.833950291,0,0,0.502379693,3.833950291,7.297726071,0,15.99682708,7.720782655,5.896351137,NA,NA,0,0,0,0,0,27.88656313,46.79270763,1.570475069,75.18413598,47.46709214,13.04347826,5.903470283,6.694940927,8.353478378,0,6.477093207,0.49931911,0,31.21319199,0,11.04100946,12.81010374,19.24469736,68.38069463,59.26928281,83.03155717,12.71813855,16.04970915,1.639344262,26.02241745,26.62829446,13.74407583
48453001853,2019,3293,1968,330,767,0,123,0,25,66,61,7,26,6,1968,295,226,330,43,81,767,231,44,0,0,0,123,0,0,691,0,10,11,7,159,191,14,444,188,249,NA,NA,95,0,0,48,0,0,2463,473,1228,1990,35,1322,923,1955,1106,255,171,2584,149,86597,1305,85114,901,44612,115,96419,204,231339,27,43723,3293,112,24,868,7,1968,62,330,42,767,8,0,0,123,0,1323,18,1305,880,425,1323,131,239400,1316,957,639,709,641,70,2693,1459,566,868,81,59.76313392,10.02125721,23.29183116,0,3.73519587,0,0.759186152,2.004251442,1.852414212,0.212572123,0.789553599,0.182204677,14.9898374,11.48373984,13.03030303,24.54545455,30.11734029,5.736636245,NA,NA,0,0,20.98390525,0,0.303674461,0.334041907,0.212572123,4.82842393,5.800182205,0.425144245,13.48314607,5.709079866,7.561494078,NA,NA,0,0,1.457637413,0,0,19.20422249,49.85789687,1.75879397,69.81845688,56.57289003,13.04347826,8.746803069,5.76625387,3.401153963,0.728818706,0.806451613,3.150406504,12.72727273,1.043024772,NA,0,1.360544218,67.43295019,9.901738473,72.33560091,48.96551724,21.53051928,19.46553295,2.125721227,54.17749722,21.01745266,9.331797235
48453002003,2019,4175,1796,182,2113,0,37,0,10,0,27,0,0,0,1796,279,235,182,30,12,2113,566,158,21,0,11,37,0,6,1905,0,23,0,34,61,24,7,1098,302,381,NA,NA,387,0,0,9,0,0,2802,932,850,2325,127,1770,1199,2198,748,54,249,3192,173,45183,1538,55417,751,NA,98,40700,652,NA,16,28231,4169,598,86,866,84,1790,204,182,92,2113,276,21,10,37,0,1697,159,1538,630,908,1697,762,275100,893,1217,888,983,701,216,3300,1495,613,866,156,43.01796407,4.359281437,50.61077844,0,0.886227545,0,0.239520958,0,0.646706587,0,0,0,15.53452116,13.08463252,16.48351648,6.593406593,26.78655939,7.477520114,0,52.38095238,0,16.21621622,45.62874251,0,0.550898204,0,0.814371257,1.461077844,0.574850299,0.167664671,26.2994012,7.233532934,9.125748503,NA,NA,0,0,0.215568862,0,0,33.26195575,30.33547466,5.462365591,67.74011299,34.03093722,2.45677889,11.32848044,5.419799499,14.34396738,2.062844807,9.699769053,11.39664804,50.54945055,13.06199716,47.61904762,0,9.369475545,40.96228869,44.90276959,71.71479081,57.7373212,23.54491018,16.79041916,5.173652695,45.3030303,18.57575758,18.01385681
48453002107,2019,4988,1656,1100,2039,0,50,0,0,7,7,0,112,0,1656,238,148,1132,220,281,2039,559,79,60,0,0,50,0,0,1711,77,35,0,14,66,78,28,730,267,187,NA,NA,589,0,0,0,7,0,3517,1571,1208,2721,71,1821,1199,2650,919,168,323,3841,131,58542,1594,80865,602,44315,439,52917,510,NA,14,28237,4894,516,60,918,61,1611,158,1098,107,2024,215,60,0,50,29,1693,99,1594,895,699,1693,407,280900,929,1373,899,1147,756,224,3910,1355,711,918,156,33.19967923,22.05292702,40.87810746,0,1.002405774,0,0,0.140336808,0.140336808,0,2.245388933,0,14.37198068,8.937198068,19.43462898,24.82332155,27.41539971,3.874448259,0,0,0,0,34.30232558,1.543704892,0.701684042,0,0.280673617,1.323175621,1.563753007,0.561347233,14.6351243,5.352846832,3.748997594,NA,NA,0,0,0,0.140336808,0,44.66875178,34.34745522,2.609334803,65.84294344,34.67924528,6.339622642,12.18867925,3.410570164,10.54352268,1.225991009,6.644880174,9.807572936,9.744990893,10.62252964,0,58,5.847607797,56.14805521,24.04016539,81.09864146,56.39899624,22.99518845,15.1563753,4.490777867,34.65473146,18.18414322,16.99346405
48055960101,2019,7888,2207,28,5418,121,0,0,0,1,32,0,0,0,2207,375,381,28,0,28,5418,1715,206,121,88,10,1,0,0,4663,0,51,0,52,92,200,18,1879,330,500,NA,NA,763,0,0,10,0,0,4339,2865,314,3561,112,2340,1347,3449,386,237,444,5236,284,53967,2250,62768,904,NA,17,50208,1283,NA,1,23370,7888,1087,81,1796,113,2207,132,28,11,5418,885,121,0,1,0,2452,202,2250,1750,500,2452,40,149700,837,872,1055,2652,960,171,5670,3022,879,1796,191,27.97920892,0.354969574,68.68661258,1.533975659,0,0,0,0.012677485,0.405679513,0,0,0,16.99139103,17.26325329,0,100,31.65374677,3.802141011,72.72727273,8.26446281,0,0,59.11511156,0,0.646551724,0,0.659229209,1.1663286,2.535496957,0.228194726,23.82099391,4.18356998,6.338742394,NA,NA,0,0,0.126774848,0,0,66.02903895,7.236690482,3.145183937,57.56410256,11.19164975,6.871556973,12.87329661,5.423987777,13.78042596,1.026876268,6.291759465,5.980969642,39.28571429,16.33444075,0,0,8.23817292,77.77777778,1.63132137,35.56280587,46.88888889,33.62068966,12.1703854,2.167849899,53.29805996,15.5026455,10.63474388
48055960102,2019,4309,2244,316,1724,0,0,0,0,0,0,0,0,0,2244,293,501,316,60,65,1724,457,129,0,0,0,0,0,0,1558,12,64,0,0,312,139,0,280,72,116,NA,NA,0,0,0,0,0,0,2996,1507,499,1829,75,1671,883,1754,579,211,217,3228,317,55938,1492,57788,957,NA,113,51875,406,NA,0,28799,4169,586,29,1070,105,2218,221,283,130,1643,235,0,0,0,0,1745,253,1492,1191,301,1745,20,119200,563,712,537,1081,1159,269,3499,1652,920,1070,137,52.07704804,7.333488048,40.0092829,0,0,0,0,0,0,0,0,0,13.057041,22.32620321,18.98734177,20.56962025,26.50812065,7.482598608,NA,NA,NA,NA,36.15688095,0.278486888,1.485263402,0,0,7.240659086,3.225806452,0,6.498027385,1.670921327,2.692039916,NA,NA,0,0,0,0,0,50.30040053,16.65554072,4.100601422,52.84260922,33.01026226,12.02964652,12.37172178,9.820322181,14.05612857,0.695610458,9.813084112,9.96393147,45.93639576,14.30310408,NA,NA,14.49856734,79.82573727,1.146131805,40.80229226,35.9919571,25.08702715,26.89719192,6.242747737,47.21348957,26.29322664,12.80373832
48055960500,2019,7676,2827,614,4125,4,6,6,0,0,0,0,0,0,2827,260,422,670,29,5,4125,908,271,4,0,0,6,0,0,3584,0,79,0,0,324,323,32,808,209,247,NA,NA,429,0,0,0,8,0,4061,2508,723,3808,67,2838,1649,3741,800,190,212,6036,471,54958,2080,53682,1066,50966,49,58696,948,NA,6,23542,7415,2052,38,1351,94,2774,583,558,340,4050,1132,4,0,6,0,2318,238,2080,1425,655,2318,184,131500,708,1301,871,1640,1135,179,6458,2361,1027,1351,175,36.82907764,7.998957791,53.73892652,0.052110474,0.078165711,0.078165711,0,0,0,0,0,0,9.197028652,14.92748497,4.328358209,0.746268657,22.01212121,6.56969697,0,0,0,0,46.69098489,0,1.029181866,0,0,4.220948411,4.207920792,0.416883794,10.52631579,2.722772277,3.217821782,NA,NA,0,0,0,0.104220948,0,61.75818764,17.80349668,1.759453782,58.1042988,21.38465651,5.078855921,5.666933975,7.803180915,27.67363452,0.512474713,6.95780903,21.01658255,60.93189964,27.95061728,0,0,10.26747196,68.50961538,7.937877481,56.12597066,41.875,21.36529442,14.78634706,2.331943721,36.55930629,15.90275627,12.95336788
48055960600,2019,2495,1981,28,450,0,0,0,0,0,0,0,0,0,1981,281,410,28,2,0,450,95,68,0,0,0,0,0,0,440,0,0,0,9,180,307,8,148,12,89,NA,NA,38,0,0,0,0,0,1896,928,498,1326,74,949,516,1252,460,117,112,2034,202,70221,1045,82639,885,NA,0,55658,152,NA,0,43383,2482,96,12,708,0,1968,39,28,0,450,57,0,0,0,0,1174,129,1045,876,169,1174,0,211200,776,538,315,461,715,187,2092,1284,389,708,37,79.3987976,1.122244489,18.03607214,0,0,0,0,0,0,0,0,0,14.18475517,20.69661787,7.142857143,0,21.11111111,15.11111111,NA,NA,NA,NA,17.63527054,0,0,0,0.360721443,7.214428858,12.30460922,0.320641283,5.931863727,0.480961924,3.567134269,NA,NA,0,0,0,0,0,48.94514768,26.26582278,5.580693816,54.37302424,36.74121406,9.345047923,8.945686901,9.931170108,3.867848509,0.483481064,0,1.981707317,0,12.66666667,NA,NA,10.98807496,83.8277512,0,45.82623509,30.14354067,18.47695391,28.65731463,7.49498998,61.37667304,18.59464627,5.225988701
48055960200,2019,5569,1896,561,3025,32,17,0,0,0,0,0,0,0,1896,189,349,574,19,21,3025,569,562,40,19,0,17,0,0,2728,0,85,0,6,160,119,9,492,138,72,NA,NA,352,0,0,0,0,0,4187,2946,545,1632,32,3116,864,1600,469,158,83,4561,223,55489,1395,75962,522,52063,99,44352,762,NA,0,18388,4085,954,231,969,156,1329,132,241,31,2472,791,40,0,0,0,1438,43,1395,876,519,1438,310,147200,669,871,596,1008,1213,363,4773,1868,1209,969,131,34.04560962,10.07362184,54.31854911,0.574609445,0.305261268,0,0,0,0,0,0,0,9.96835443,18.407173,3.31010453,3.658536585,18.80991736,18.5785124,47.5,0,0,0,48.9854552,0,1.526306339,0,0.107739271,2.873047226,2.136828874,0.161608906,8.834620219,2.478003232,1.292871252,NA,NA,0,0,0,0,0,70.36064008,13.01647958,1.960784314,27.72785623,29.3125,9.875,5.1875,4.889278667,23.35373317,5.654834761,16.09907121,9.93227991,12.86307054,31.99838188,0,NA,2.990264256,62.79569892,21.55771905,60.57023644,42.72401434,18.10019752,21.78128928,6.518225893,39.13681123,25.32998114,13.51909185
48055960300,2019,4426,2019,101,1939,0,367,0,117,43,0,53,0,21,2019,224,482,110,41,0,1939,452,124,63,8,0,367,240,0,1851,0,0,0,36,337,119,22,389,128,291,NA,NA,105,0,0,0,0,0,3021,1347,615,2313,81,1853,1084,2232,771,164,203,3285,188,56479,1589,55441,1016,NA,28,70833,492,NA,53,29160,4426,303,58,1147,59,2019,125,110,50,1939,128,63,5,367,0,1737,148,1589,1064,525,1737,247,163800,892,1241,911,1141,911,273,3478,1891,863,1147,131,45.61680976,2.281970176,43.80930863,0,8.291911432,0,2.643470402,0.971531857,0,1.197469498,0,0.474469047,11.09460129,23.87320456,37.27272727,0,23.31098504,6.395048994,12.6984127,0,65.39509537,0,41.82105739,0,0,0,0.813375508,7.614098509,2.68865793,0.497062811,8.788974243,2.892001808,6.574785359,NA,NA,0,0,0,0,0,44.58788481,20.35749752,3.501945525,58.49973017,34.54301075,7.347670251,9.094982079,5.722983257,6.845910529,1.310438319,5.143853531,6.191183754,45.45454545,6.601340897,7.936507937,0,8.520437536,66.96035242,14.2199194,71.44502015,57.33165513,25.77948486,20.58291911,6.168097605,54.37032777,24.81311098,11.42109852
48055960400,2019,3723,1039,244,2359,19,0,0,15,0,0,0,0,0,1039,158,205,353,109,28,2359,501,356,19,0,6,15,0,0,2280,0,7,0,0,254,44,3,145,16,31,NA,NA,116,0,0,0,0,0,2625,1628,331,1978,15,1359,884,1963,503,176,74,2931,204,52474,1311,56384,459,NA,129,60714,694,NA,8,23814,3640,513,92,814,78,986,127,346,68,2336,313,19,0,15,0,1464,153,1311,671,640,1464,302,107600,731,1103,774,792,860,263,3039,1265,715,814,136,27.9076014,6.553854418,63.3628794,0.510341123,0,0,0.402900886,0,0,0,0,0,15.20692974,19.73051011,30.87818697,7.932011331,21.23781263,15.09114031,0,31.57894737,0,0,61.24093473,0,0.188020414,0,0,6.822455009,1.1818426,0.080580177,3.894708568,0.429760945,0.832661832,NA,NA,0,0,0,0,0,62.01904762,12.60952381,0.758341759,65.04782929,25.62404483,8.965868569,3.769740194,6.960081883,14.09340659,2.527472527,9.582309582,12.88032454,19.65317919,13.3989726,0,0,10.45081967,51.18230359,20.6284153,75.34153005,59.0389016,21.2731668,23.09965082,7.064195541,41.62553472,23.52747614,16.70761671
48055960700,2019,6058,2505,468,2953,0,70,47,0,0,23,0,0,0,2505,277,866,482,84,20,2953,786,199,0,0,0,70,0,0,2783,0,4,0,4,333,57,0,572,101,49,NA,NA,420,0,0,0,0,0,4174,2548,470,2626,51,2560,1128,2575,858,165,102,4685,274,40682,2298,51333,1176,NA,220,35571,817,NA,23,23062,5851,1950,53,1764,442,2380,604,468,196,2885,1164,0,0,70,0,2561,263,2298,1218,1080,2561,527,123000,598,2012,1085,1373,1461,575,4911,2527,929,1764,280,41.35028062,7.725321888,48.74546055,0,1.155496864,0.775833608,0,0,0.379663255,0,0,0,11.05788423,34.57085828,17.42738589,4.149377593,26.61699966,6.738909583,NA,NA,0,0,45.93925388,0,0.066028392,0,0.066028392,5.496863651,0.940904589,0,9.442060086,1.667216903,0.808847805,NA,NA,0,0,0,0,0,61.04456157,11.26018208,1.942117289,44.0625,33.32038835,6.40776699,3.961165049,5.848452508,33.3276363,0.905828064,25.05668934,25.37815126,41.88034188,40.34662045,NA,0,10.26942601,53.00261097,20.57789926,78.5630613,47.21496954,22.66424563,24.11687025,9.49158138,51.45591529,18.91671757,15.87301587
48453002409,2019,3586,1752,127,1611,0,12,0,0,24,9,0,0,12,1752,113,209,127,35,6,1611,275,105,116,22,0,12,0,0,1444,16,28,0,46,206,113,54,467,20,317,NA,NA,251,0,6,0,0,19,2907,971,1240,2281,31,1398,969,2250,973,161,332,3076,255,72000,1450,72004,791,NA,33,71204,598,NA,6,38441,3551,407,51,703,30,1752,150,127,47,1576,210,116,0,12,0,1510,60,1450,934,516,1510,229,256400,1239,1339,735,501,602,157,3144,1022,651,703,92,48.85666481,3.541550474,44.92470719,0,0.33463469,0,0,0.669269381,0.250976018,0,0,0.33463469,6.449771689,11.92922374,27.55905512,4.724409449,17.07014277,6.517690875,18.96551724,0,0,0,40.26770775,0.446179587,0.780814278,0,1.282766313,5.744562186,3.151143335,1.505856107,13.0228667,0.557724484,8.839933073,NA,NA,0,0.167317345,0,0,0.52983826,33.40213278,42.65565875,1.359053047,69.31330472,43.24444444,7.155555556,14.75555556,8.289986996,11.46156012,1.436215151,4.26742532,8.561643836,37.00787402,13.3248731,0,0,3.973509934,64.4137931,15.16556291,88.67549669,50.68965517,13.97099833,16.78750697,4.3781372,32.50636132,20.70610687,13.08677098
48453002410,2019,4419,1797,153,2187,23,0,0,0,0,0,9,0,0,1797,109,229,172,13,0,2187,445,112,23,0,0,0,0,0,2010,11,12,0,44,165,153,28,846,33,151,NA,NA,488,0,0,60,0,0,3402,1460,998,2687,78,1645,1011,2609,717,110,284,3640,283,56029,1830,54375,998,63356,71,50093,676,NA,0,30657,4415,662,77,802,52,1796,285,171,0,2185,356,23,0,0,0,1852,22,1830,455,1375,1852,864,198600,1001,1492,1182,779,624,183,3699,1138,994,802,124,40.66530889,3.462321792,49.49083503,0.520479747,0,0,0,0,0,0.203665988,0,0,6.065664997,12.74346132,7.558139535,0,20.347508,5.121170553,0,0,NA,NA,45.48540394,0.248925096,0.27155465,0,0.995700385,3.733876443,3.462321792,0.633627518,19.14460285,0.746775289,3.417062684,NA,NA,0,0,1.357773252,0,0,42.9159318,29.33568489,2.902865649,61.45896657,27.48179379,4.21617478,10.8853967,7.774725275,14.99433749,1.74405436,6.483790524,15.86859688,0,16.29290618,0,NA,1.187904968,24.86338798,46.65226782,80.56155508,64.59016393,17.62842272,14.12084182,4.141208418,30.76507164,26.8721276,15.46134663
48453002419,2019,4945,613,762,3305,10,233,0,131,12,21,0,59,12,613,0,39,815,114,21,3305,1022,39,93,0,0,233,7,0,2770,69,153,0,11,63,11,25,1544,644,359,NA,NA,705,0,0,0,0,8,3031,1447,754,3019,130,1932,1390,2889,606,59,121,3613,92,40318,2076,36198,447,46848,334,37250,1225,97031,99,20649,4913,894,21,1129,189,613,39,815,287,3273,574,93,0,233,0,2246,170,2076,13,2063,2246,2206,NA,937,1244,1943,1332,242,30,3780,1561,537,1129,294,12.39635996,15.40950455,66.83518706,0.202224469,4.711830131,0,2.649140546,0.242669363,0.424671385,0,1.193124368,0.242669363,0,6.362153344,13.98773006,2.576687117,30.92284418,1.180030257,0,0,3.004291845,0,56.01617796,1.395348837,3.094034378,0,0.222446916,1.274014156,0.222446916,0.505561173,31.22345804,13.02325581,7.259858443,NA,NA,0,0,0,0,0.161779575,47.7400198,24.87627846,4.30606161,71.94616977,20.9761163,2.042229145,4.18830045,2.546360365,18.19662121,0.427437411,16.7404783,6.362153344,35.21472393,17.53742744,0,0,7.569011576,0.626204239,98.2190561,55.3873553,93.59344894,26.93629929,4.893832154,0.606673407,41.2962963,14.20634921,26.04074402
48453002421,2019,10980,4568,527,4950,0,407,0,225,136,0,132,95,0,4568,301,361,572,26,45,4950,1635,172,0,0,0,407,80,16,3929,0,201,0,20,303,195,59,1321,327,412,NA,NA,316,0,0,13,0,0,7742,1923,3438,7058,258,4879,3827,6800,3106,306,327,8693,573,62452,4763,67961,2343,43088,302,59402,1557,NA,212,36116,10980,1536,164,2317,116,4568,327,572,133,4950,1019,0,0,407,26,5125,362,4763,1747,3016,5125,2857,252600,1229,717,3770,2287,1024,89,8812,3089,1483,2317,437,41.60291439,4.799635701,45.08196721,0,3.706739526,0,2.049180328,1.238615665,0,1.202185792,0.865209472,0,6.589316988,7.902802102,4.545454545,7.867132867,33.03030303,3.474747475,NA,NA,19.65601966,3.931203931,35.78324226,0,1.830601093,0,0.182149362,2.759562842,1.775956284,0.537340619,12.03096539,2.978142077,3.752276867,NA,NA,0,0,0.118397086,0,0,24.83854301,44.40712994,3.655426466,78.43820455,45.67647059,4.5,4.808823529,6.591510411,13.98907104,1.493624772,5.006473889,7.15849387,23.25174825,20.58585859,NA,6.388206388,7.063414634,36.67856393,55.74634146,13.9902439,79.15179509,20.8287796,9.326047359,0.810564663,35.05447118,16.82932365,18.8605956
48453000803,2019,2941,1766,583,397,0,112,0,47,49,86,0,7,0,1766,135,9,610,49,70,397,0,0,8,0,0,112,0,0,318,0,8,15,0,77,10,0,177,57,47,NA,NA,41,8,0,0,0,0,2413,476,1450,2322,150,972,832,2172,1236,130,234,2698,97,95929,1107,117321,735,42656,129,66250,151,102321,97,45602,2853,401,15,449,6,1737,182,559,156,389,11,8,0,112,34,1292,185,1107,566,541,1292,280,466100,1404,681,735,243,204,58,2727,763,307,449,82,60.04760286,19.82318939,13.49880993,0,3.808228494,0,1.598095886,1.666099966,2.924175451,0,0.238014281,0,7.644394111,0.509626274,8.032786885,11.47540984,0,0,0,0,0,0,10.81264876,0,0.272016321,0.510030602,0,2.618157089,0.340020401,0,6.018361102,1.938116287,1.598095886,NA,NA,0.272016321,0,0,0,0,19.72648156,60.09117281,6.45994832,85.59670782,56.90607735,5.985267035,10.77348066,3.595255745,14.0553803,0.525762355,1.336302895,10.47783535,27.90697674,2.827763496,0,30.35714286,14.31888545,51.12917796,21.67182663,52.70897833,66.39566396,8.26249575,6.936416185,1.972118327,27.97946461,11.25779245,18.26280624
48453001200,2019,5857,4575,52,473,0,583,0,291,106,25,44,178,15,4575,253,615,52,0,0,473,21,60,0,0,0,605,15,0,291,0,64,20,107,174,185,0,626,282,228,NA,NA,0,0,0,0,0,20,5162,403,4143,4527,132,2686,2108,4395,2928,268,414,5553,225,94115,3529,105227,2812,NA,28,75250,299,NA,339,99056,5819,251,0,1055,0,4537,178,52,0,473,0,0,0,605,20,4209,680,3529,884,2645,4209,3398,691800,1773,1489,2862,304,1002,160,5568,2145,683,1055,36,78.11166126,0.887826532,8.075806727,0,9.953901315,0,4.968413864,1.809800239,0.426839679,0.751237835,3.039098515,0.256103807,5.530054645,13.44262295,0,0,4.4397463,12.68498943,NA,NA,2.479338843,0,4.968413864,0,1.092709578,0.341471743,1.826873826,2.970804166,3.158613625,0,10.68806556,4.814751579,3.892777873,NA,NA,0,0,0,0,0.341471743,7.80705153,80.25958931,2.915838304,78.48101266,66.62116041,6.097838453,9.419795222,4.051863857,4.31345592,0,0,3.923297333,0,0,NA,3.305785124,16.1558565,25.04958912,80.73176526,35.37657401,81.0994616,5.190370497,17.10773433,2.731773946,38.5237069,12.26652299,3.412322275
48453001503,2019,4390,2577,249,1166,17,170,0,39,102,52,0,43,59,2577,230,167,249,0,0,1166,106,108,40,0,0,177,12,0,975,36,27,0,16,126,37,47,545,122,224,NA,NA,177,0,0,18,0,0,3448,676,2088,3423,166,1845,1517,3257,1722,151,205,3906,228,64211,1974,64770,1193,108068,108,49965,473,50000,80,41766,4390,626,46,713,45,2577,313,249,65,1166,183,40,0,177,37,2184,210,1974,694,1280,2184,873,338300,1136,1796,1404,469,485,77,3986,1160,677,713,68,58.70159453,5.671981777,26.56036446,0.387243736,3.872437358,0,0.888382688,2.323462415,1.184510251,0,0.979498861,1.343963554,8.925106713,6.48040357,0,0,9.090909091,9.262435678,0,0,6.779661017,0,22.2095672,0.820045558,0.615034169,0,0.364464692,2.870159453,0.842824601,1.070615034,12.41457859,2.77904328,5.102505695,NA,NA,0,0,0.410022779,0,0,19.60556845,60.55684455,4.849547181,82.22222222,52.87073994,4.636168253,6.294135708,5.837173579,14.25968109,1.047835991,6.311360449,12.14590609,26.10441767,15.69468268,0,20.9039548,9.615384615,35.15704154,39.97252747,82.23443223,71.12462006,10.6833713,11.04783599,1.753986333,29.1018565,16.98444556,9.5371669
48453001602,2019,3364,1973,50,417,0,861,0,238,314,0,9,229,9,1973,222,166,50,0,0,417,85,20,0,0,0,861,52,0,206,0,29,0,88,93,34,8,1231,846,165,NA,NA,53,8,34,0,0,0,2744,77,2435,2454,18,1196,908,2436,1881,80,126,2956,69,79952,1681,101507,1035,NA,23,NA,155,32009,415,63938,3364,335,0,684,24,1973,83,50,0,417,17,0,0,861,235,1903,222,1681,625,1056,1903,1292,643300,834,1401,1364,408,291,64,3005,1282,284,684,8,58.65041617,1.486325803,12.39595719,0,25.59453032,0,7.07491082,9.33412604,0,0.267538644,6.807372176,0.267538644,11.25190066,8.413583376,0,0,20.38369305,4.79616307,NA,NA,6.039488966,0,6.123662307,0,0.862068966,0,2.615933413,2.764565993,1.010701546,0.237812128,36.59334126,25.14863258,4.904875149,NA,NA,0.237812128,1.010701546,0,0,0,2.806122449,88.73906706,0.733496333,75.91973244,77.21674877,3.28407225,5.172413793,2.334235453,9.958382878,0,3.50877193,4.206791688,0,4.076738609,NA,27.29384437,11.66579086,37.18024985,67.89280084,73.62059905,81.14217728,12.12841855,8.650416171,1.902497027,42.66222962,9.450915141,1.169590643
48453001712,2019,4557,2680,224,1575,23,35,0,0,0,27,0,0,13,2680,286,672,224,105,8,1575,555,66,31,0,0,35,0,0,1485,11,19,0,56,158,156,68,450,57,204,NA,NA,220,0,0,8,0,0,3382,791,1694,2355,99,1905,1227,2256,1318,122,143,3573,232,66481,1920,76058,1304,NA,69,49107,489,NA,24,38303,4557,672,92,1118,90,2680,152,224,134,1575,386,31,0,35,0,2178,258,1920,958,962,2178,865,340300,1064,1887,1125,984,1049,337,3611,1733,820,1118,116,58.81062102,4.915514593,34.56221198,0.504718016,0.768049155,0,0,0,0.592495063,0,0,0.2852754,10.67164179,25.07462687,46.875,3.571428571,35.23809524,4.19047619,0,0,0,0,32.58722844,0.241386877,0.41694097,0,1.228878648,3.467193329,3.423304806,1.492209787,9.874917709,1.25082291,4.476629361,NA,NA,0,0,0.175554093,0,0,23.3885275,50.08870491,4.203821656,64.40944882,58.42198582,5.407801418,6.338652482,6.493143017,14.74654378,2.018872065,8.050089445,5.671641791,59.82142857,24.50793651,0,0,11.84573003,49.89583333,39.71533517,86.63911846,58.59375,21.59315339,23.01953039,7.395216151,47.99224592,22.70839103,10.37567084
48453001746,2019,4606,2731,355,1254,6,186,0,46,116,14,67,28,14,2731,240,437,367,142,27,1254,425,64,14,0,6,186,11,28,1047,22,38,0,0,53,66,49,448,65,311,NA,NA,54,0,0,9,0,0,3406,594,1728,2863,114,2060,1521,2749,1500,200,218,3670,124,75809,2026,77202,1441,103024,97,58036,402,94643,80,39516,4473,361,73,1063,38,2638,221,350,54,1237,71,14,0,186,15,2097,71,2026,1263,763,2097,754,258500,964,875,1253,936,809,251,3757,1630,985,1063,183,59.29222753,7.707338254,27.22535823,0.130264872,4.038211029,0,0.998697351,2.51845419,0.303951368,1.454624403,0.607902736,0.303951368,8.787989747,16.00146466,38.69209809,7.356948229,33.89154705,5.103668262,0,42.85714286,5.913978495,15.05376344,22.73122015,0.477637864,0.825010855,0,0,1.150673035,1.432913591,1.063829787,9.726443769,1.411202779,6.752062527,NA,NA,0,0,0.195397308,0,0,17.4398121,50.73399883,3.981837234,73.83495146,54.56529647,7.275372863,7.930156421,3.378746594,8.070646099,1.632014308,3.574788335,8.377558757,15.42857143,5.739692805,0,8.064516129,3.385789223,62.33958539,35.9561278,41.72627563,61.84600197,20.32132002,17.5640469,5.449413808,43.38568006,26.21772691,17.21542803
48453001749,2019,7250,3166,291,1656,11,1960,0,1326,164,351,0,46,0,3166,353,440,291,26,56,1656,434,199,11,0,0,1960,296,14,1462,14,17,0,13,187,128,14,1982,1388,291,NA,NA,108,0,0,0,0,0,4901,709,3321,4330,178,3087,1934,4152,2851,626,155,5928,378,84124,2974,82725,1457,57895,108,71630,498,119271,885,44757,7134,319,33,1601,41,3094,155,260,69,1656,60,11,0,1960,14,3207,233,2974,914,2060,3207,1941,298200,1247,1357,2433,1322,896,220,6065,2772,835,1601,74,43.66896552,4.013793103,22.84137931,0.151724138,27.03448276,0,18.28965517,2.262068966,4.84137931,0,0.634482759,0,11.14971573,13.89766267,8.934707904,19.24398625,26.20772947,12.01690821,0,0,15.10204082,0.714285714,20.16551724,0.193103448,0.234482759,0,0.179310345,2.579310345,1.765517241,0.193103448,27.33793103,19.14482759,4.013793103,NA,NA,0,0,0,0,0,14.46643542,67.76168129,4.110854503,62.64982183,68.66570328,15.07707129,3.733140655,6.376518219,4.471544715,0.462573591,2.560899438,5.009696186,26.53846154,3.623188406,0,0.714285714,7.265357031,30.7330195,60.52385407,42.31368881,81.80901143,18.23448276,12.35862069,3.034482759,45.70486397,13.76751855,4.622111181
48453001751,2019,2203,1940,10,199,0,16,0,0,28,13,0,0,0,1940,337,664,10,0,0,199,29,14,0,0,0,16,0,5,117,0,0,40,5,85,33,28,115,4,95,NA,NA,9,11,0,9,0,0,1693,82,1382,1012,20,993,527,992,724,30,118,1734,134,126630,972,126467,885,NA,0,131000,76,NA,6,85952,2203,78,35,645,0,1940,68,10,10,199,0,0,0,16,0,1032,60,972,875,97,1032,72,592100,1357,913,417,469,865,317,1824,1223,325,645,14,88.061734,0.453926464,9.033136632,0,0.726282342,0,0,1.270994099,0.590104403,0,0,0,17.37113402,34.22680412,0,0,14.57286432,7.035175879,NA,NA,0,31.25,5.310939628,0,0,1.815705856,0.226963232,3.858374943,1.497957331,1.270994099,5.220154335,0.181570586,4.312301407,NA,NA,0.49931911,0,0.408533818,0,0,4.843473125,81.63024217,1.976284585,53.0715005,72.98387097,3.024193548,11.89516129,7.727797001,3.540626419,1.588742624,0,3.505154639,100,0,NA,0,5.813953488,90.02057613,6.976744186,88.46899225,42.90123457,21.28915116,39.26463913,14.38946891,67.0504386,17.81798246,2.170542636
48453001813,2019,7466,1020,585,5167,0,197,0,0,0,71,0,55,48,1020,79,188,605,120,166,5167,1814,134,132,49,0,197,33,17,3690,285,11,9,0,58,44,12,3203,1221,340,NA,NA,1853,15,0,0,0,19,4335,2719,653,3664,179,2458,1337,3485,557,109,394,4915,240,41292,2371,64479,585,NA,290,36554,1343,35739,79,19875,7420,2218,66,1612,398,1020,40,605,279,5121,1591,132,96,197,84,2558,187,2371,790,1581,2558,1500,184800,914,1606,1641,2542,733,199,5250,2213,798,1612,344,13.6619341,7.835521029,69.20707206,0,2.638628449,0,0,0,0.950977766,0,0.736672917,0.642914546,7.745098039,18.43137255,19.83471074,27.43801653,35.10741243,2.593381072,37.12121212,0,16.75126904,8.629441624,49.42405572,3.817305117,0.147334583,0.120546477,0,0.776855076,0.589338334,0.160728636,42.90115189,16.35413876,4.553978034,NA,NA,0.200910796,0,0,0,0.254487008,62.72202999,15.06343714,4.885371179,54.39381611,15.98278336,3.1276901,11.30559541,4.88301119,29.89218329,0.889487871,24.6898263,3.921568627,46.11570248,31.06815075,72.72727273,42.63959391,7.310398749,33.31927457,58.63956216,62.78342455,69.21130325,34.04768283,9.817840879,2.665416555,42.15238095,15.2,21.33995037
48453001829,2019,2459,1808,81,278,0,186,0,20,65,0,105,75,6,1808,181,149,81,14,0,278,29,34,0,0,0,201,21,0,154,0,10,0,0,114,65,42,319,105,123,NA,NA,41,0,0,11,9,0,1955,274,1096,1698,49,1106,868,1649,976,199,80,2135,126,50539,1415,48264,1140,49125,33,55625,136,NA,83,38161,2459,98,0,485,15,1808,83,81,0,278,15,0,0,201,15,1566,151,1415,379,1036,1566,1062,279700,988,1112,963,324,300,77,2186,793,329,485,17,73.52582351,3.29402196,11.3054087,0,7.564050427,0,0.813338756,2.643350956,0,4.270028467,3.050020333,0.244001627,10.01106195,8.241150442,17.28395062,0,10.43165468,12.23021583,NA,NA,10.44776119,0,6.262708418,0,0.406669378,0,0,4.636030907,2.643350956,1.708011387,12.97275315,4.270028467,5.002033347,NA,NA,0,0,0.447336316,0.36600244,0,14.01534527,56.06138107,2.885747939,78.48101266,59.18738629,12.06791995,4.851425106,5.901639344,3.985359902,0,3.092783505,4.590707965,0,5.395683453,NA,7.462686567,9.642401022,26.7844523,67.81609195,71.00893997,68.0565371,13.17608784,12.20008133,3.131354209,36.27630375,15.05032022,3.505154639
48453001842,2019,13628,2469,1239,8502,0,1030,0,239,134,214,0,64,425,2469,300,467,1385,527,86,8502,3065,130,364,80,0,1178,185,107,6578,273,196,0,31,269,82,55,4501,1407,1093,NA,NA,1989,0,0,53,0,0,7732,3782,2107,7013,359,5446,3670,6654,2094,686,736,8901,391,55739,3893,63393,1227,57788,563,53161,1819,148380,287,22765,13628,2886,24,2914,619,2469,133,1385,652,8502,2101,364,0,1178,0,3893,0,3893,2603,1290,3893,369,158700,1112,929,2441,4727,1282,164,9489,4192,2163,2914,523,18.11711183,9.091576167,62.38626357,0,7.557968888,0,1.753742295,0.983269739,1.570296448,0,0.469621368,3.118579395,12.15066829,18.9145403,38.05054152,6.209386282,36.0503411,1.529051988,21.97802198,0,15.70458404,9.083191851,48.26827121,2.003228647,1.438215439,0,0.22747285,1.973877311,0.601702377,0.403580863,33.02759026,10.32433226,8.020252421,NA,NA,0,0,0.388905195,0,0,48.91360579,27.250388,5.119064594,67.38890929,31.46979261,10.30958822,11.06101593,4.392764858,21.17698855,0.176108013,21.24227865,5.386796274,47.07581227,24.71183251,0,0,0,66.86360134,9.478551246,23.86334446,62.70228615,34.68594071,9.407103023,1.203404755,44.17746865,22.79481505,17.94783802
48453001844,2019,4157,1798,596,1405,0,203,0,64,20,5,27,12,17,1798,197,246,620,239,45,1405,391,111,7,0,0,203,30,15,942,240,24,25,14,53,54,37,949,330,235,NA,NA,334,25,0,0,10,0,3107,1008,1256,2494,92,1632,1149,2402,1130,234,246,3215,117,59750,1689,61628,832,37134,214,54375,489,69063,79,33222,3847,678,90,804,73,1630,120,599,335,1284,155,7,0,203,0,1788,99,1689,596,1093,1788,876,194800,1063,1466,1125,942,555,139,3244,1256,660,804,129,43.25234544,14.33726245,33.79841232,0,4.883329324,0,1.539571807,0.48111619,0.120279047,0.649506856,0.288669714,0.408948761,10.95661846,13.68186874,38.5483871,7.258064516,27.82918149,7.900355872,0,0,14.77832512,7.389162562,22.66057253,5.773394275,0.577339427,0.601395237,0.336781333,1.274957902,1.299013712,0.890064951,22.82896319,7.938417128,5.653115227,NA,NA,0.601395237,0,0,0.240558095,0,32.44287094,40.42484712,3.688853248,70.40441176,47.04412989,9.741881765,10.24146545,3.639191291,17.62412269,2.339485313,9.07960199,7.36196319,55.92654424,12.07165109,0,0,5.536912752,35.28715216,48.99328859,81.99105145,66.60746004,22.66057253,13.35097426,3.343757517,38.71763255,20.34525277,16.04477612
48021950501,2019,8588,3531,452,4384,36,78,0,44,54,0,0,24,0,3531,516,627,496,0,19,4384,947,203,135,18,0,78,0,0,3554,16,144,0,25,186,57,28,1194,173,416,NA,NA,342,0,0,0,0,0,5848,3808,646,3470,97,2608,1771,3373,879,310,242,6774,882,53023,2023,52474,1079,NA,148,57712,737,NA,8,23096,7215,656,148,1409,71,3149,330,319,33,3685,293,111,0,41,0,2597,574,2023,1695,328,2597,12,143400,765,1137,788,1814,1448,213,7111,2988,1434,1409,190,41.11551001,5.263157895,51.04797392,0.419189567,0.908244061,0,0.512342804,0.62878435,0,0,0.279459711,0,14.61342396,17.75700935,0,3.830645161,21.60127737,4.630474453,13.33333333,0,0,0,41.38332557,0.186306474,1.676758267,0,0.291103866,2.165812762,0.663716814,0.32603633,13.90312063,2.014438752,4.843968328,NA,NA,0,0,0,0,0,65.11627907,11.04651163,2.795389049,67.90644172,26.05988734,9.190631485,7.174621998,13.02037201,9.092169092,2.051282051,5.039034776,10.47951731,10.34482759,7.951153324,0,0,22.10242588,83.78645576,0.462071621,43.7812861,38.95205141,21.12249651,16.86073591,2.480204937,42.01940655,20.16594009,13.48474095
48021950502,2019,6386,5128,73,951,90,20,0,0,5,0,57,0,0,5128,844,1195,73,0,0,951,380,85,90,0,16,20,0,20,865,0,0,11,0,463,146,0,268,23,111,NA,NA,94,0,0,56,0,0,4631,1660,926,2806,65,2562,1244,2741,971,344,147,4932,895,66298,2179,69602,1851,NA,32,45938,197,NA,8,29682,6386,397,118,1691,39,5128,251,73,0,951,146,90,0,20,0,2558,379,2179,1921,258,2558,66,219600,552,771,1201,1454,2062,406,5111,3007,964,1691,185,80.30065769,1.143125587,14.89195114,1.409332916,0.313185092,0,0,0.078296273,0,0.892577513,0,0,16.45865835,23.30343214,0,0,39.95793901,8.937960042,0,17.77777778,0,100,13.54525525,0,0,0.172251801,0,7.250234889,2.286251174,0,4.196680238,0.360162856,1.738177263,NA,NA,0,0,0.876918259,0,0,35.84538976,19.99568128,2.316464718,48.55581577,35.42502736,12.55016417,5.363006202,18.14679643,6.216724084,1.847792045,2.306327617,4.894695788,0,15.35226078,0,0,14.81626271,88.15970629,2.580140735,30.14073495,55.11702616,22.76855622,32.28938303,6.357657376,58.83388769,18.86127959,10.94027203
48021950801,2019,8014,1542,258,6114,0,0,0,0,0,0,10,0,0,1542,177,290,258,0,0,6114,1809,208,28,0,0,0,0,0,5297,0,194,0,0,242,107,0,1910,309,516,NA,NA,535,0,0,0,0,0,4527,3067,462,3595,513,2797,1376,3082,582,503,250,5638,480,70469,1824,62232,642,NA,69,79583,1047,NA,0,22327,7979,719,56,1668,74,1524,37,258,0,6097,682,28,0,0,0,1992,168,1824,1484,340,1992,0,137600,867,986,758,2376,859,49,5994,3015,523,1668,189,19.24132768,3.219366109,76.29148989,0,0,0,0,0,0,0.124781632,0,0,11.47859922,18.80674449,0,0,29.58783121,3.402028132,0,0,NA,NA,66.09683055,0,2.420763664,0,0,3.019715498,1.335163464,0,23.83329174,3.855752433,6.438732219,NA,NA,0,0,0,0,0,67.74906119,10.20543406,14.26981919,49.19556668,18.88384166,16.32057106,8.111615834,8.513657325,9.01115428,0.701842336,4.436450839,2.427821522,0,11.1858291,0,NA,8.43373494,81.35964912,0,49.49799197,41.55701754,29.6481158,10.7187422,0.611429998,50.3003003,8.725392059,11.33093525
48209010600,2019,12106,7418,196,3955,26,155,0,0,82,0,0,0,168,7418,588,1572,228,0,0,3955,700,480,26,0,0,155,82,0,3668,0,85,0,16,912,246,67,1211,201,957,NA,NA,523,0,16,0,0,0,8219,2699,3595,6491,257,5470,3127,6234,2815,364,276,10355,687,69977,4711,70572,3205,NA,144,71250,1196,NA,29,33676,12065,2190,167,2932,87,7415,1246,225,0,3920,944,26,0,155,0,4898,187,4711,3024,1687,4898,1060,225700,833,2019,2515,1726,2844,941,10588,5723,1599,2932,166,61.27540063,1.619031885,32.66975054,0.214769536,1.280356848,0,0,0.677350074,0,0,0,1.387741616,7.926664869,21.19169587,0,0,17.69911504,12.13653603,0,0,52.90322581,0,30.29902528,0,0.702131175,0,0.132165868,7.533454485,2.032050223,0.553444573,10.00330415,1.660333719,7.90517099,NA,NA,0,0.132165868,0,0,0,32.83854484,43.74011437,3.959328301,57.16636197,45.15559833,5.838947706,4.427333975,6.634476099,18.15167841,1.384169084,2.967257844,16.80377613,0,24.08163265,0,0,3.817884851,64.19019316,21.64148632,41.22090649,53.38569306,14.25739303,23.49248307,7.773005121,54.05175671,15.10200227,5.661664393
48209010901,2019,8310,6710,89,1262,0,192,0,70,82,9,0,17,15,6710,1341,1284,102,0,13,1262,236,54,0,0,0,192,28,26,1101,14,82,0,121,907,336,68,412,109,253,NA,NA,52,0,0,38,0,0,5829,1037,3329,3943,132,3295,1713,3811,2399,340,377,6345,528,97955,3014,102557,2511,64866,53,91424,351,NA,90,53224,8310,54,49,2488,0,6710,46,102,0,1262,8,0,0,192,0,3077,63,3014,2890,124,3077,40,380400,1356,1134,1473,1944,2215,359,6692,4870,545,2488,15,80.74608905,1.070998797,15.18652226,0,2.310469314,0,0.842358604,0.986762936,0.108303249,0,0.204572804,0.180505415,19.98509687,19.13561848,0,12.74509804,18.70047544,4.278922345,NA,NA,14.58333333,13.54166667,13.24909747,0.168471721,0.986762936,0,1.456077016,10.91456077,4.0433213,0.818291215,4.95788207,1.311672684,3.044524669,NA,NA,0,0,0.457280385,0,0,17.79035855,57.11099674,3.347704793,51.98786039,62.94935712,8.921542902,9.892416689,8.321513002,0.649819495,0.589651023,0,0.685543964,0,0.633914422,NA,0,2.047448814,95.88586596,1.299967501,36.85407865,48.87193099,23.39350181,26.65463297,4.32009627,72.77346085,8.1440526,0.602893891
48209010200,2019,6190,2921,767,2092,20,242,0,101,30,94,5,11,72,2921,12,92,795,0,0,2092,0,10,24,0,0,242,0,0,1634,15,15,13,40,259,79,17,299,73,136,NA,NA,0,4,0,0,0,0,639,92,306,2856,657,3844,1659,2199,541,28,27,6087,86,24236,717,26563,521,NA,41,NA,132,NA,6,7143,1630,987,18,195,0,1150,739,59,5,363,221,10,0,23,6,816,99,717,198,519,816,547,179900,909,613,590,103,139,41,6169,214,153,195,12,47.18901454,12.39095315,33.79644588,0.323101777,3.909531502,0,1.631663974,0.484652666,1.518578352,0.080775444,0.177705977,1.163166397,0.410818213,3.149606299,0,0,0,0.478011472,0,0,0,0,26.39741519,0.242326333,0.242326333,0.210016155,0.646203554,4.184168013,1.276252019,0.274636511,4.830371567,1.179321486,2.197092084,NA,NA,0.064620355,0,0,0,0,14.39749609,47.88732394,23.00420168,43.15816857,24.60209186,1.273306048,1.227830832,1.412847051,60.55214724,1.104294479,0,64.26086957,8.474576271,60.8815427,0,26.08695652,12.13235294,27.61506276,67.03431373,75.12254902,82.28730823,1.663974152,2.245557351,0.662358643,3.468957692,2.480142649,6.153846154
48209010302,2019,4853,1552,114,2939,0,124,0,1,13,23,90,25,30,1552,261,63,114,0,0,2939,528,236,0,0,0,139,32,0,2815,11,54,15,57,94,96,13,651,273,104,NA,NA,497,15,0,0,0,0,3189,1699,770,2983,157,1908,1376,2826,625,99,135,3842,217,40823,1938,41641,681,NA,55,37417,1131,NA,50,21374,4760,1133,13,1048,205,1552,451,114,5,2846,562,0,0,139,87,2049,111,1938,558,1380,2049,846,112300,873,1444,1346,1011,456,153,4004,1266,857,1048,225,31.98021842,2.349062436,60.56047805,0,2.555120544,0,0.020605811,0.267875541,0.473933649,1.854522975,0.515145271,0.618174325,16.81701031,4.059278351,0,0,17.96529432,8.029942157,NA,NA,23.02158273,0,58.00535751,0.226663919,1.112713785,0.309087163,1.174531218,1.936946219,1.978157841,0.267875541,13.41438286,5.625386359,2.143004327,NA,NA,0.309087163,0,0,0,0,53.27688931,24.14550016,5.263157895,72.11740042,22.11606511,3.503184713,4.777070064,5.648099948,23.80252101,0.273109244,19.5610687,29.05927835,4.385964912,19.74701335,NA,62.58992806,5.41727672,28.79256966,41.28843338,70.47340166,69.45304438,20.83247476,9.396249742,3.152689058,31.61838162,21.4035964,21.46946565
48209010400,2019,12139,4498,661,6435,55,311,0,48,115,209,0,10,0,4498,214,779,661,69,0,6435,1358,727,55,0,0,311,0,79,6214,0,14,0,85,296,113,45,1214,450,539,NA,NA,572,0,0,7,0,0,6792,3264,1545,6823,359,5526,3361,6464,1979,600,165,9829,626,51857,4273,41972,2117,71594,192,52997,1731,NA,81,24591,11851,2986,113,2327,161,4319,1169,645,150,6352,1616,55,0,301,51,4477,204,4273,1838,2435,4477,1793,149700,1108,1340,3238,2310,2044,675,10472,3052,1806,2327,239,37.05412307,5.445259082,53.01095642,0.453085098,2.561990279,0,0.395419722,0.94735975,1.721723371,0,0.082379109,0,4.757670076,17.31880836,10.4387292,0,21.1033411,11.2975913,0,0,0,25.40192926,51.19037812,0,0.115330752,0,0.700222424,2.438421616,0.930883928,0.370705989,10.00082379,3.70705989,4.440233957,NA,NA,0,0,0.057665376,0,0,48.0565371,22.74734982,5.261615125,60.82157076,30.61571782,9.282178218,2.55259901,6.368908332,25.19618598,0.953506033,6.918779544,27.06645057,23.25581395,25.44080605,0,16.94352159,4.556622738,43.01427568,40.04914005,29.9307572,75.77814182,19.0295741,16.83828981,5.560589834,29.14438503,17.2459893,10.27073485
48209010902,2019,18252,10840,582,5950,1,294,0,179,29,298,10,0,0,10840,2675,1284,653,199,27,5950,1420,371,2,1,0,294,74,62,5281,213,20,0,199,823,759,316,1177,563,495,NA,NA,552,0,0,2,0,0,11540,2943,5728,10007,241,7158,4972,9766,4834,475,498,13188,1114,92324,6264,97399,3898,107571,171,70849,1904,171667,104,36792,18252,1093,116,4997,141,10840,373,653,36,5950,533,2,0,294,0,6387,123,6264,4538,1726,6387,1145,276800,1277,805,4026,5064,2776,434,13806,8687,1704,4997,405,59.3907517,3.18869165,32.59916721,0.005478852,1.61078238,0,0.980714442,0.158886697,1.632697787,0.054788516,0,0,24.67712177,11.84501845,30.47473201,4.134762634,23.86554622,6.235294118,50,0,25.17006803,21.08843537,28.93381547,1.166995398,0.109577033,0,1.090291475,4.509094894,4.158448389,1.731317116,6.448608372,3.084593469,2.712031558,NA,NA,0,0,0.010957703,0,0,25.50259965,49.63604853,2.40831418,69.46074322,49.49825927,4.86381323,5.099324186,8.447073097,5.988384835,0.635546789,2.821693016,3.44095941,5.513016845,8.957983193,0,0,1.925786754,72.44572158,17.9270393,12.60372632,64.27203065,27.74490467,15.20929213,2.377821609,62.92191801,12.3424598,8.104862918
48209010500,2019,5144,1636,90,3246,0,62,32,0,46,6,46,27,0,1636,186,240,95,5,41,3246,731,226,0,0,0,94,36,0,2842,20,131,0,87,80,93,20,596,299,142,NA,NA,287,0,0,0,0,0,3321,1677,879,2928,93,1989,1197,2835,609,266,231,4044,179,43194,2007,38250,771,15875,63,46399,1129,NA,23,24154,5144,1005,93,1059,133,1636,358,95,37,3246,599,0,0,94,0,2262,255,2007,522,1485,2262,1186,84300,955,1007,1460,1100,848,182,4207,1128,889,1059,321,31.80404355,1.749611198,63.10264386,0,1.205287714,0.622083981,0,0.894245723,0.116640747,0.894245723,0.524883359,0,11.36919315,14.66992665,5.263157895,43.15789474,22.52002465,6.96241528,NA,NA,38.29787234,0,55.24883359,0.388802488,2.546656299,0,1.691290824,1.555209953,1.807931571,0.388802488,11.58631415,5.812597201,2.760497667,NA,NA,0,0,0,0,0,50.4968383,26.46793135,3.176229508,60.18099548,21.48148148,9.382716049,8.148148148,4.426310584,19.53732504,1.807931571,12.55901794,21.88264059,38.94736842,18.45348121,NA,0,11.27320955,26.00896861,52.43147657,44.51812555,72.74539113,21.38413686,16.48522551,3.538102644,26.81245543,21.13144759,30.31161473
48209010100,2019,2362,1630,87,578,0,51,0,0,9,18,0,0,14,1630,137,177,87,0,0,578,80,75,0,0,0,51,0,0,369,0,84,0,44,60,24,0,33,12,10,NA,NA,28,0,0,0,0,0,1255,219,722,1625,130,1067,756,1495,585,49,181,2145,91,40986,1041,41611,761,NA,36,36724,206,NA,33,31555,2211,597,10,351,16,1559,452,65,18,522,95,0,0,51,18,1281,240,1041,366,675,1281,651,225000,887,998,747,217,261,148,2145,473,255,351,66,69.00931414,3.683319221,24.47078747,0,2.15918713,0,0,0.381033023,0.762066046,0,0,0.592718036,8.404907975,10.85889571,0,0,13.84083045,12.97577855,NA,NA,0,0,15.62235394,0,3.556308213,0,1.862828112,2.540220152,1.016088061,0,1.397121084,0.50804403,0.423370025,NA,NA,0,0,0,0,0,17.4501992,57.52988048,8,70.85285848,39.13043478,3.277591973,12.10702341,4.242424242,27.00135685,0.452284034,4.558404558,28.99294419,27.69230769,18.19923372,NA,35.29411765,18.735363,35.15850144,50.81967213,77.90788447,71.75792507,9.187129551,11.04995766,6.265876376,22.05128205,11.88811189,18.8034188
48453002431,2019,9899,1762,994,6913,0,203,0,64,44,0,97,95,0,1762,288,90,1060,90,182,6913,2370,177,0,0,0,203,0,34,6305,44,0,0,0,244,71,60,2319,347,900,NA,NA,1230,0,0,0,0,0,5958,3127,1822,5410,180,3078,2019,5230,1794,379,211,6769,451,64672,2666,100122,862,64040,340,51686,1375,NA,62,24836,9861,1521,48,2036,267,1762,0,1060,51,6875,1470,0,0,203,0,2840,174,2666,1798,868,2840,315,201300,837,542,1552,3130,883,72,7190,3286,712,2036,269,17.79977776,10.04141833,69.8353369,0,2.050712193,0,0.646529953,0.444489342,0,0.979896959,0.959692898,0,16.34506243,5.107832009,8.490566038,17.16981132,34.28323449,2.560393462,NA,NA,0,16.74876847,63.69330235,0.444489342,0,0,0,2.464895444,0.717244166,0.60612183,23.42660875,3.505404586,9.091827457,NA,NA,0,0,0,0,0,52.48405505,30.58073179,3.327171904,65.59454191,34.30210325,7.24665392,4.034416826,6.662727138,15.42439915,0.486766048,13.11394892,0,4.811320755,21.38181818,NA,0,6.126760563,67.44186047,11.0915493,19.08450704,58.21455364,31.61935549,8.920092939,0.727346197,45.70236439,9.902642559,13.21218075
48453002432,2019,2982,851,102,1864,0,113,0,20,22,5,0,0,8,851,47,127,130,33,17,1864,476,194,2,0,0,113,0,7,1820,0,0,0,2,47,14,6,484,48,160,NA,NA,254,0,0,0,0,0,1989,984,614,1650,94,1185,754,1556,628,149,157,2224,179,78000,888,122955,330,NA,28,49107,489,NA,29,31514,2938,385,46,615,41,851,29,115,0,1820,356,2,0,113,0,1012,124,888,766,122,1012,14,211300,1013,450,509,734,399,99,2409,1114,449,615,35,28.53789403,3.420523139,62.50838364,0,3.789403085,0,0.670690812,0.737759893,0.167672703,0,0,0.268276325,5.522914219,14.92361927,25.38461538,13.07692308,25.53648069,10.40772532,0,0,0,6.194690265,61.03286385,0,0,0,0.067069081,1.576123407,0.469483568,0.201207243,16.23071764,1.609657948,5.365526492,NA,NA,0,0,0,0,0,49.47209653,30.86978381,5.696969697,63.62869198,40.35989717,9.575835476,10.08997429,8.048561151,13.10415248,1.565690946,6.666666667,3.407755582,0,19.56043956,0,0,12.25296443,86.26126126,1.383399209,44.46640316,57.31981982,24.61435278,13.38028169,3.319919517,46.24325446,18.63843919,5.691056911
48453002433,2019,9458,1304,682,7119,0,96,0,0,24,0,0,0,20,1304,107,294,715,192,0,7119,1857,213,0,0,0,96,37,7,6146,0,15,0,41,179,23,27,2041,119,572,NA,NA,482,0,0,0,0,0,5523,3309,838,5056,236,3539,2244,4820,1034,620,341,6263,265,64200,2608,82500,558,NA,279,65369,1651,NA,27,24774,9458,883,27,2141,178,1304,41,715,136,7119,624,0,0,96,0,2665,57,2608,2202,406,2665,11,153400,1266,697,1533,3188,866,145,7216,3513,1273,2141,580,13.78727004,7.210826813,75.26961303,0,1.015013745,0,0,0.253753436,0,0,0,0.211461197,8.205521472,22.54601227,26.85314685,0,26.08512432,2.991993257,NA,NA,38.54166667,7.291666667,64.9820258,0,0.158595898,0,0.433495454,1.892577712,0.243180376,0.285472616,21.57961514,1.258194121,6.04779023,NA,NA,0,0,0,0,0,59.91309071,15.17291327,4.667721519,63.4077423,21.45228216,12.86307054,7.074688797,4.231199106,9.336011842,0.285472616,8.313872022,3.144171779,19.02097902,8.765276022,NA,0,2.138836773,84.43251534,0.412757974,26.15384615,58.78067485,33.70691478,9.156269824,1.533093677,48.68348115,17.64135255,27.09014479
48453002434,2019,1661,517,90,1008,9,0,0,0,0,0,0,0,0,517,52,109,90,11,32,1008,239,41,9,0,0,0,0,0,942,0,3,0,5,65,35,3,380,19,108,NA,NA,214,0,0,0,0,0,1102,694,101,780,23,697,319,757,158,25,98,1255,56,57963,468,60625,174,82750,27,52833,260,NA,0,23056,1650,215,18,373,26,513,44,89,0,1002,171,9,0,0,0,524,56,468,362,106,524,0,191300,770,210,160,406,334,45,1344,714,207,373,53,31.12582781,5.418422637,60.68633353,0.541842264,0,0,0,0,0,0,0,0,10.05802708,21.08317215,12.22222222,35.55555556,23.71031746,4.067460317,0,0,NA,NA,56.7128236,0,0.180614088,0,0.30102348,3.913305238,2.107164359,0.180614088,22.87778447,1.143889223,6.502107164,NA,NA,0,0,0,0,0,62.97640653,9.165154265,2.948717949,45.76757532,20.87186262,3.302509908,12.94583884,4.462151394,13.03030303,1.090909091,6.970509383,8.576998051,0,17.06586826,0,NA,10.6870229,77.35042735,0,40.07633588,34.18803419,24.44310656,20.10836845,2.709211318,53.125,15.40178571,14.20911528
48453002435,2019,8318,1033,525,6437,0,238,0,0,0,0,0,29,90,1033,35,331,705,155,53,6437,1867,269,180,0,19,238,0,14,5679,87,0,0,20,58,25,0,1809,40,958,NA,NA,509,0,0,0,1,0,4928,3126,499,4651,92,2909,2116,4559,1103,227,200,5565,295,62418,2212,60724,405,78167,258,62075,1483,NA,66,23997,8293,1134,63,1863,189,1033,110,704,216,6412,808,180,19,238,0,2566,354,2212,1696,516,2566,0,164800,1006,359,1016,2713,988,203,6232,2492,1086,1863,423,12.41885069,6.311613369,77.38639096,0,2.861264727,0,0,0,0,0,0.3486415,1.081990863,3.388189739,32.04259439,21.9858156,7.517730496,29.0041945,4.178965357,0,10.55555556,0,5.882352941,68.27362347,1.045924501,0,0,0.240442414,0.697283001,0.300553018,0,21.74801635,0.480884828,11.51719163,NA,NA,0,0,0,0.012022121,0,63.43344156,10.12581169,1.978069232,72.73977312,24.19390217,4.979162097,4.386926958,5.30098832,13.67418305,0.759676836,10.14492754,10.64859632,30.68181818,12.60137243,10.55555556,0,13.79579111,76.67269439,0,13.99064692,45.93128391,32.61601346,11.87785525,2.440490503,39.98716303,17.42618742,22.70531401
48453002436,2019,2768,335,72,2318,0,0,0,0,0,0,0,4,0,335,12,65,110,26,11,2318,358,354,73,12,18,4,0,0,1956,17,16,0,0,18,0,0,771,125,229,NA,NA,375,0,0,0,0,0,2016,1548,148,1509,37,1070,579,1472,147,63,98,2233,142,63125,748,39531,167,NA,17,64410,541,NA,4,20661,2768,294,6,601,31,335,34,110,18,2318,254,73,0,4,0,833,85,748,597,151,833,58,148400,837,412,242,535,597,122,2381,1162,335,601,21,12.10260116,2.601156069,83.74277457,0,0,0,0,0,0,0,0.144508671,0,3.582089552,19.40298507,23.63636364,10,15.44434858,15.27178602,16.43835616,24.65753425,0,0,70.66473988,0.61416185,0.578034682,0,0,0.650289017,0,0,27.85404624,4.515895954,8.273121387,NA,NA,0,0,0,0,0,76.78571429,7.341269841,2.451954937,54.11214953,9.986413043,4.279891304,6.657608696,6.359158083,10.62138728,0.216763006,5.158069884,10.14925373,16.36363636,10.95772217,0,0,10.20408163,79.81283422,6.962785114,49.45978391,32.35294118,19.32803468,21.56791908,4.407514451,48.80302394,14.06971861,3.494176373
48453002500,2019,6056,3998,332,1085,0,422,0,198,18,53,67,11,74,3998,515,725,332,99,0,1085,166,93,0,0,0,458,88,22,497,38,124,18,45,197,198,17,950,282,508,NA,NA,37,18,0,0,0,0,4632,565,2686,3836,280,2480,1731,3556,2221,212,149,4948,406,72813,3003,78654,2214,27938,187,64063,379,128317,173,47798,6027,594,74,1304,61,3998,282,305,123,1083,151,0,0,458,0,3182,179,3003,1141,1862,3182,1824,430500,1106,1700,2178,1108,1116,313,5122,2156,1064,1304,123,66.01717305,5.482166446,17.91611625,0,6.968295905,0,3.269484808,0.297225892,0.875165125,1.106340819,0.181638045,1.221928666,12.88144072,18.13406703,29.81927711,0,15.29953917,8.571428571,NA,NA,19.2139738,4.80349345,8.20673712,0.627476882,2.047556143,0.297225892,0.743064729,3.252972259,3.269484808,0.280713342,15.68692206,4.65653897,8.388375165,NA,NA,0.297225892,0,0,0,0,12.19775475,57.98791019,7.299270073,69.7983871,62.45781777,5.961754781,4.190101237,8.205335489,9.855649577,1.227808196,4.67791411,7.053526763,40.32786885,13.94275162,NA,0,5.625392835,37.995338,57.32243872,53.42551854,72.52747253,18.29590489,18.42800528,5.168428005,42.09293245,20.77313549,9.432515337
48453980000,2019,0,0,0,0,0,0,0,0,0,0,0,0,0,0,0,0,0,0,0,0,0,0,0,0,0,0,0,0,0,0,0,0,0,0,0,0,0,0,0,NA,NA,0,0,0,0,0,0,0,0,0,0,0,0,0,0,0,0,0,0,0,NA,0,NA,0,NA,0,NA,0,NA,0,NA,0,0,0,0,0,0,0,0,0,0,0,0,0,0,0,0,0,0,0,0,0,0,NA,NA,0,0,0,0,0,0,0,0,0,0,NA,NA,NA,NA,NA,NA,NA,NA,NA,NA,NA,NA,NA,NA,NA,NA,NA,NA,NA,NA,NA,NA,NA,NA,NA,NA,NA,NA,NA,NA,NA,NA,NA,NA,NA,NA,NA,NA,NA,NA,NA,NA,NA,NA,NA,NA,NA,NA,NA,NA,NA,NA,NA,NA,NA,NA,NA,NA,NA,NA,NA,NA,NA,NA,NA,NA,NA
48453002105,2019,5090,1457,624,2850,0,76,0,22,6,11,0,12,37,1457,94,90,653,120,146,2850,671,139,34,0,0,76,0,0,2293,42,0,0,16,86,69,30,1416,535,95,NA,NA,952,0,0,4,0,5,3651,1824,1037,3185,123,1935,1258,3062,872,32,146,4111,204,43480,2099,57094,729,28678,321,40434,935,NA,47,26005,5062,1358,94,893,165,1441,69,647,255,2844,969,34,9,76,31,2474,375,2099,324,1775,2474,1855,327600,942,1868,1807,979,591,215,4214,1190,643,893,166,28.62475442,12.25933202,55.99214145,0,1.493123772,0,0.432220039,0.117878193,0.21611002,0,0.235756385,0.726915521,6.451612903,6.177076184,18.37672282,22.35834609,23.54385965,4.877192982,0,0,0,0,45.04911591,0.825147348,0,0,0.314341847,1.689587426,1.355599214,0.589390963,27.81925344,10.5108055,1.866404715,NA,NA,0,0,0.078585462,0,0.098231827,49.95891537,28.40317721,3.861852433,65.0129199,28.47811888,1.045068583,4.768125408,4.962296278,26.82734097,1.856973528,18.47704367,4.78834143,39.41267388,34.07172996,26.47058824,40.78947368,15.15763945,15.43592187,74.97978981,75.50525465,86.08861363,19.23379175,11.61100196,4.223968566,28.23920266,15.2586616,18.58902576
48453002109,2019,4243,1544,1524,980,48,89,0,24,30,9,0,26,0,1544,117,49,1566,85,466,980,224,99,55,0,35,89,0,0,854,0,12,0,0,68,31,15,391,47,64,NA,NA,119,0,0,0,0,0,3333,1027,1315,2581,13,1973,1250,2568,1268,127,117,3760,198,53618,1611,101343,569,47578,617,NA,331,NA,38,32229,4220,861,198,817,28,1521,221,1566,179,980,382,55,42,89,44,1763,152,1611,901,710,1763,321,317700,851,1152,962,470,828,326,3817,1318,1021,817,92,36.38934716,35.91798256,23.09686543,1.131275041,2.097572472,0,0.565637521,0.707046901,0.21211407,0,0.612773981,0,7.577720207,3.17357513,5.427841635,29.75734355,22.85714286,10.10204082,0,63.63636364,0,0,20.12726844,0,0.28281876,0,0,1.602639642,0.730615131,0.35352345,9.21517794,1.107706811,1.508366722,NA,NA,0,0,0,0,0,30.81308131,39.45394539,0.503680744,63.3552965,49.37694704,4.945482866,4.556074766,5.265957447,20.4028436,4.691943128,3.427172583,14.52991453,11.43039591,38.97959184,76.36363636,49.43820225,8.621667612,55.92799503,18.20760068,65.34316506,59.71446307,11.07706811,19.51449446,7.683242988,34.52973539,26.74875557,11.26070991
48453002308,2019,6467,2744,529,2916,4,155,0,64,31,16,8,35,25,2744,124,254,601,0,0,2916,561,230,149,73,0,172,0,0,2380,23,58,0,71,122,90,0,928,479,291,NA,NA,174,0,9,9,0,0,4189,978,2188,3888,152,3117,1880,3736,1584,61,175,5647,106,53214,2684,71101,1237,62036,271,35197,1132,85164,71,29530,5321,1300,142,768,131,2213,432,388,18,2627,832,145,145,85,0,2911,227,2684,471,2213,2911,2145,412200,1076,2006,1999,820,615,162,5782,1021,646,768,188,42.43080254,8.179990722,45.09045925,0.061852482,2.396783671,0,0.989639709,0.479356734,0.247409927,0.123704964,0.541209216,0.386578011,4.518950437,9.256559767,0,0,19.23868313,7.887517147,48.99328859,0,0,0,36.80222669,0.355651771,0.896860987,0,1.097881552,1.886500696,1.391680841,0,14.34977578,7.406834699,4.499768053,NA,NA,0,0.139168084,0.139168084,0,0,23.34686083,52.23203629,3.909465021,60.31440488,42.39828694,1.632762313,4.684154176,1.877102886,24.43149784,2.668671302,17.05729167,19.5210122,4.639175258,31.67110773,100,0,7.798007558,17.54843517,73.68601855,68.91102714,74.47839046,12.67975878,9.509819081,2.505025514,17.65824974,11.17260464,24.47916667
48453002313,2019,4589,1239,761,2281,26,109,13,74,0,14,10,6,10,1239,39,103,798,325,25,2281,720,47,26,0,0,109,0,0,1920,127,0,0,23,151,89,12,946,328,161,NA,NA,521,0,0,32,0,0,2984,1293,880,2752,88,1874,1377,2664,971,175,146,3397,69,43899,2079,48788,836,40096,291,39479,803,NA,38,24512,4589,1211,71,883,226,1239,117,798,336,2281,598,26,0,109,51,2261,182,2079,239,1840,2261,1939,274500,937,1241,1669,1192,343,69,3454,857,700,883,364,26.99934626,16.58313358,49.70581826,0.566572238,2.375245151,0.283286119,1.612551754,0,0.305077359,0.217912399,0.13074744,0.217912399,3.147699758,8.313155771,40.72681704,3.13283208,31.56510302,2.060499781,0,0,0,0,41.83918065,2.76748747,0,0,0.501198518,3.290477228,1.939420353,0.261494879,20.61451297,7.147526694,3.508389627,NA,NA,0,0,0.697319677,0,0,43.3310992,29.49061662,3.197674419,73.4791889,36.44894895,6.569069069,5.48048048,2.031204004,26.38919154,1.547178034,25.59456399,9.443099274,42.10526316,26.21657168,0,46.78899083,8.049535604,11.4959115,85.75851393,54.88721805,80.27898028,25.97515799,7.474395293,1.503595555,24.81181239,20.26635785,41.22310306
48453001716,2019,7296,4191,1011,1239,34,361,0,439,50,16,128,0,36,4191,521,707,1011,451,45,1239,187,0,34,0,0,361,81,46,939,0,188,30,34,356,168,59,751,162,414,NA,NA,0,0,0,61,17,0,5460,411,3932,4668,150,3159,2440,4518,3330,546,303,5670,238,115478,3099,108636,2184,88947,153,125417,521,221484,109,71657,7296,221,43,1856,0,4191,194,1011,14,1239,13,34,0,361,0,3260,161,3099,1537,1562,3260,1619,530800,1425,1136,2178,1626,1173,311,5858,3163,547,1856,198,57.44243421,13.85690789,16.98190789,0.466008772,4.947916667,0,6.016995614,0.685307018,0.219298246,1.754385965,0,0.493421053,12.43140062,16.86948222,44.60929773,4.451038576,15.09281679,0,0,0,22.43767313,12.74238227,12.87006579,0,2.576754386,0.411184211,0.466008772,4.879385965,2.302631579,0.808662281,10.2933114,2.220394737,5.674342105,NA,NA,0,0,0.836074561,0.233004386,0,7.527472527,72.01465201,3.213367609,77.2396328,73.70517928,12.08499336,6.706507304,4.197530864,3.029057018,0.589364035,0,4.628966834,1.384767557,1.049233253,0,0,4.938650307,49.59664408,49.66257669,34.84662577,70.28073572,22.28618421,16.07730263,4.262609649,53.99453738,9.337657904,10.66810345
48453001754,2019,5029,3577,240,845,0,251,0,138,94,24,0,25,8,3577,634,633,240,0,62,845,119,16,0,0,0,251,0,28,550,14,0,28,16,192,191,39,527,28,199,NA,NA,0,9,0,0,0,0,3715,565,2299,3006,66,2159,1432,2940,1960,226,225,4148,197,65985,2310,85859,1639,38184,163,52167,326,114792,148,50427,4826,228,54,1091,0,3437,139,209,30,821,46,0,0,243,0,2425,115,2310,1211,1099,2425,1153,395400,1044,2060,1560,867,1018,212,4217,1742,1060,1091,44,71.12746073,4.772320541,16.80254524,0,4.991051899,0,2.744084311,1.869158879,0.477232054,0,0.497116723,0.159077351,17.72435001,17.69639363,0,25.83333333,14.08284024,1.893491124,NA,NA,0,11.15537849,10.93656791,0.278385365,0,0.55677073,0.318154703,3.817856433,3.797971764,0.775502088,10.47922052,0.55677073,3.957049115,NA,NA,0.17896202,0,0,0,0,15.20861373,61.88425303,2.195608782,66.32700324,66.66666667,7.68707483,7.653061224,4.74927676,4.724409449,1.11893908,0,4.044224614,14.35406699,5.602923264,NA,0,4.742268041,52.42424242,47.54639175,84.94845361,67.53246753,17.24000795,20.24259296,4.215549811,41.30898743,25.13635286,4.03299725
48453001769,2019,6988,4530,56,2005,0,262,0,65,74,13,0,130,58,4530,719,795,56,0,0,2005,319,33,0,0,0,262,29,34,1602,0,29,0,88,345,182,12,974,9,601,NA,NA,184,0,13,0,0,0,5288,1161,2438,4156,128,2900,1934,4028,2016,243,592,5700,396,104979,2627,94738,1947,NA,0,132500,578,166591,80,46894,6988,394,51,1769,16,4530,238,56,28,2005,128,0,0,262,0,2731,104,2627,1898,729,2731,542,334100,1465,1441,1362,1288,1488,288,5843,3307,956,1769,37,64.825415,0.801373784,28.6920435,0,3.749284488,0,0.930165999,1.058958214,0.1860332,0,1.860331998,0.829994276,15.87196468,17.54966887,0,0,15.91022444,1.645885287,NA,NA,11.06870229,12.97709924,22.92501431,0,0.414997138,0,1.25930166,4.937034917,2.604464797,0.171722954,13.93817974,0.128792215,8.600457928,NA,NA,0,0.1860332,0,0,0,21.95537065,46.10438729,3.079884504,66.68965517,50.04965243,6.032770606,14.69712016,6.947368421,5.638236978,0.729822553,0.9044658,5.253863135,50,6.3840399,NA,0,3.808128891,72.2497145,19.84621018,52.76455511,51.84621241,18.43159702,21.29364625,4.121350887,56.5976382,16.36145816,2.091577162
48453001817,2019,4105,2946,131,752,0,112,0,25,104,0,0,18,54,2946,191,476,210,108,0,752,179,102,0,0,0,112,0,31,599,23,12,48,57,101,20,44,481,183,163,NA,NA,49,0,0,19,0,0,3334,694,1839,2735,117,1820,1153,2618,1470,217,203,3559,204,59864,2280,81102,1602,8060,71,33650,481,NA,64,55982,4105,554,113,886,76,2946,128,210,186,752,221,0,0,112,31,2362,82,2280,1042,1238,2362,1354,333200,973,2175,1358,546,960,385,3645,1390,892,886,103,71.76613886,3.191230207,18.31912302,0,2.728380024,0,0.609013398,2.533495737,0,0,0.438489647,1.31546894,6.483367278,16.1575017,51.42857143,0,23.80319149,13.56382979,NA,NA,0,27.67857143,14.59196102,0.560292326,0.292326431,1.169305725,1.388550548,2.460414129,0.487210719,1.071863581,11.71741778,4.457978076,3.970767357,NA,NA,0,0,0.462850183,0,0,20.81583683,55.15896821,4.277879342,63.35164835,56.14973262,8.288770053,7.754010695,5.731947176,13.49573691,2.75274056,8.577878104,4.344874406,88.57142857,29.38829787,NA,27.67857143,3.471634208,45.70175439,57.32430144,92.08298052,59.56140351,13.30085262,23.38611449,9.378806334,38.13443073,24.47187929,11.62528217
48453001826,2019,2788,1419,324,585,54,330,0,257,16,0,11,54,0,1419,113,222,330,68,8,585,157,0,54,0,0,330,22,0,480,6,18,0,23,122,86,17,616,354,56,NA,NA,49,0,0,0,0,0,2206,606,976,1810,80,1133,728,1730,753,237,107,2420,95,63159,1345,56492,778,45938,153,64193,203,94125,171,41237,2767,347,16,628,39,1398,168,330,85,585,7,54,54,330,33,1437,92,1345,313,1032,1437,984,332600,1174,465,1015,368,418,123,2428,1131,429,628,39,50.89670014,11.62123386,20.98278336,1.93687231,11.83644189,0,9.218077475,0.573888092,0,0.394548063,1.93687231,0,7.963354475,15.6448203,20.60606061,2.424242424,26.83760684,0,0,0,6.666666667,0,17.21664275,0.215208034,0.645624103,0,0.824964132,4.3758967,3.084648494,0.609756098,22.09469154,12.69727403,2.008608321,NA,NA,0,0,0,0,0,27.4705349,44.24297371,4.419889503,64.25419241,43.52601156,13.69942197,6.184971098,3.925619835,12.54065775,0.578243585,6.210191083,12.01716738,25.75757576,1.196581197,100,10,6.402226862,23.27137546,68.47599165,32.35908142,75.46468401,13.19942611,14.9928264,4.411764706,46.5815486,17.66886326,6.210191083
48453001848,2019,5226,2016,928,1215,0,899,0,145,344,0,0,115,180,2016,269,218,928,168,38,1215,180,91,162,12,42,899,55,284,821,80,0,0,0,136,44,0,1385,559,734,NA,NA,452,0,0,0,0,0,4137,870,1995,3185,220,2227,1482,2965,1346,393,371,4313,214,68438,2177,84813,903,47849,373,64500,546,82344,322,38015,5226,291,41,1300,25,2016,105,928,0,1215,145,162,0,899,41,2363,186,2177,971,1206,2363,1020,274400,1207,795,1517,913,1075,218,4530,2088,815,1300,74,38.57634902,17.75736701,23.24913892,0,17.20244929,0,2.774588595,6.582472254,0,0,2.200535783,3.444316877,13.34325397,10.81349206,18.10344828,4.094827586,14.81481481,7.489711934,7.407407407,25.92592593,6.117908788,31.59065628,15.70991198,1.530807501,0,0,0,2.602372752,0.841944126,0,26.50210486,10.69651741,14.04515882,NA,NA,0,0,0,0,0,21.02973169,48.22335025,6.907378336,66.54692411,45.39629005,13.25463744,12.51264755,4.961743566,5.568312285,0.784538844,1.923076923,5.208333333,0,11.93415638,0,4.560622914,7.871349979,44.60266422,43.16546763,33.6436733,69.68305007,17.4703406,20.57022579,4.17145044,46.09271523,17.99116998,5.692307692
48453001910,2019,4749,3847,42,668,0,144,0,50,16,58,12,31,40,3847,836,628,42,0,42,668,133,113,0,0,0,144,40,31,622,0,8,74,28,237,108,44,551,295,231,NA,NA,52,37,0,4,0,12,3329,265,2585,2297,77,1986,1049,2220,1558,180,189,3544,214,133182,1820,141103,1560,NA,26,92014,179,NA,34,71251,4671,443,23,1224,79,3823,194,26,0,638,214,0,0,136,35,2065,245,1820,1102,718,2065,779,809400,1468,1392,1076,1205,1144,434,3740,2041,680,1224,165,81.00652769,0.884396715,14.06611918,0,3.032217309,0,1.052853232,0.336913034,1.221309749,0.252684776,0.652769004,0.842282586,21.73121913,16.32440863,0,100,19.91017964,16.91616766,NA,NA,27.77777778,21.52777778,13.09749421,0,0.168456517,1.558222784,0.58959781,4.990524321,2.274162982,0.926510844,11.60244262,6.21183407,4.864181933,NA,NA,0.779111392,0,0.084228259,0,0.252684776,7.960348453,77.65094623,3.35219852,52.81973817,70.18018018,8.108108108,8.513513514,6.038374718,9.484050525,0.492399914,6.454248366,5.074548784,0,33.54231975,NA,25.73529412,11.86440678,60.54945055,37.72397094,67.40920097,59.12087912,25.3737629,24.08928195,9.138766056,54.57219251,18.18181818,13.48039216
48453001911,2019,2949,1736,47,761,6,362,0,285,69,6,6,9,8,1736,45,155,47,0,0,761,46,0,6,0,0,362,70,0,530,0,32,0,98,57,83,33,439,332,174,NA,NA,48,0,0,0,0,0,2469,151,1924,2472,14,1523,1334,2458,1511,247,183,2686,66,72781,1719,73182,1164,49760,47,63664,365,114044,115,58788,2949,224,0,467,32,1736,50,47,0,761,152,6,0,362,22,1994,275,1719,189,1530,1994,1852,398500,1357,1238,1469,263,262,0,2779,791,299,467,68,58.86741268,1.593760597,25.80535775,0.2034588,12.27534758,0,9.664292981,2.339776195,0.2034588,0.2034588,0.305188199,0.271278399,2.592165899,8.928571429,0,0,6.044678055,0,0,0,19.33701657,0,17.97219396,0,1.085113598,0,3.323160393,1.932858596,2.814513394,1.119023398,14.88640217,11.25805358,5.900305188,NA,NA,0,0,0,0,0,6.115836371,77.92628595,0.566343042,87.59028234,61.47274207,10.04882018,7.445077299,2.457185406,7.595795185,0,6.852248394,2.880184332,0,19.97371879,0,6.077348066,13.79137412,10.9947644,92.87863591,62.08625878,85.45666085,8.918277382,8.884367582,0,28.46347607,10.75926592,14.56102784
48453002005,2019,5560,3174,154,1904,17,274,0,161,0,22,20,0,64,3174,172,126,182,23,9,1904,332,40,17,0,0,274,0,55,1681,0,124,30,60,133,198,0,1115,577,178,NA,NA,736,30,0,29,0,0,4353,940,2358,4303,74,2343,1992,4229,1911,177,364,4850,154,73171,2756,79457,1813,NA,128,63500,672,NA,117,62469,5417,867,67,885,61,3124,425,174,66,1819,349,17,0,274,55,2987,231,2756,698,2058,2987,1634,381100,1203,2272,2274,710,383,78,5033,1343,638,885,118,57.08633094,2.769784173,34.24460432,0.305755396,4.928057554,0,2.895683453,0,0.395683453,0.35971223,0,1.151079137,5.419029616,3.969754253,12.63736264,4.945054945,17.43697479,2.100840336,0,0,0,20.0729927,30.23381295,0,2.230215827,0.539568345,1.079136691,2.392086331,3.561151079,0,20.05395683,10.37769784,3.201438849,NA,NA,0.539568345,0,0.521582734,0,0,21.59430278,54.16953825,1.719730421,85.01920615,45.1879877,4.185386616,8.607235753,3.175257732,16.00516891,1.236846963,6.892655367,13.60435339,37.93103448,19.18636614,0,20.0729927,7.733511885,25.32656023,54.7037161,76.0629394,82.51088534,12.76978417,6.888489209,1.402877698,26.68388635,12.67633618,13.33333333
48453000901,2019,2604,1096,422,843,0,129,0,62,38,12,0,7,8,1096,49,33,422,12,39,843,163,32,0,0,0,129,0,7,730,0,0,0,23,66,86,0,262,64,134,NA,NA,37,0,0,10,0,0,1843,459,1109,1866,61,1210,913,1805,994,130,102,2338,138,96563,1079,122880,527,40313,152,61591,258,170714,76,51982,2240,320,26,375,55,947,0,253,76,805,244,0,0,121,0,1267,188,1079,338,741,1267,618,456100,1713,473,816,266,135,36,2374,479,311,375,75,42.0890937,16.20583717,32.37327189,0,4.953917051,0,2.380952381,1.459293395,0.460829493,0,0.268817204,0.307219662,4.47080292,3.010948905,2.843601896,9.241706161,19.33570581,3.795966785,NA,NA,0,5.426356589,28.03379416,0,0,0,0.883256528,2.534562212,3.302611367,0,10.06144393,2.457757296,5.145929339,NA,NA,0,0,0.384024578,0,0,24.90504612,60.17362995,3.269024652,75.45454545,55.06925208,7.202216066,5.650969529,5.902480753,14.28571429,1.160714286,14.66666667,0,30.03952569,30.31055901,NA,0,14.83820047,31.3253012,48.77663773,37.33228098,75.62557924,10.21505376,5.184331797,1.382488479,20.1769166,13.10025274,20
48453000402,2019,3661,1860,957,660,9,92,0,69,28,23,0,0,21,1860,194,107,965,245,272,660,64,57,9,9,0,92,0,0,414,134,36,10,7,188,112,28,304,178,134,NA,NA,84,2,0,3,0,0,2832,809,1592,2369,115,1730,1257,2254,1503,110,194,3137,162,60292,1640,74083,865,39710,309,29375,335,60333,68,37453,3423,392,8,588,47,1739,122,876,84,641,153,0,0,92,27,1824,184,1640,593,1047,1824,854,398200,1139,1202,1152,524,692,193,3137,848,875,588,100,50.80579077,26.1403988,18.02786124,0.245834471,2.512974597,0,1.884730948,0.764818356,0.628243649,0,0,0.573613767,10.43010753,5.752688172,25.38860104,28.1865285,9.696969697,8.636363636,100,0,0,0,11.30838569,3.660202131,0.983337886,0.273149413,0.191204589,5.135208959,3.059273423,0.764818356,8.303742147,4.862059547,3.660202131,NA,NA,0.054629883,0,0.081944824,0,0,28.56638418,56.21468927,4.854368932,72.65895954,66.68145519,4.880212955,8.606921029,5.164169589,11.45194274,0.233713117,7.993197279,7.015526164,9.589041096,23.86895476,NA,29.34782609,10.0877193,36.15853659,46.82017544,65.89912281,70.24390244,14.31302923,18.90193936,5.271783666,27.03219637,27.8928913,17.00680272
48453000601,2019,10332,4936,1756,2383,58,947,0,315,238,118,18,127,124,4936,25,0,1828,0,0,2383,8,0,58,0,0,956,0,0,1969,49,71,9,95,383,214,35,956,610,264,NA,NA,63,10,0,54,0,9,436,37,225,3584,532,6049,2185,3052,913,19,65,10187,51,18194,297,20179,163,NA,10,NA,62,2499,45,4879,838,535,0,60,8,473,263,18,0,176,141,25,0,142,126,364,67,297,0,297,364,332,NA,976,149,287,145,9,0,10299,133,36,60,15,47.77390631,16.99574139,23.06426636,0.561362756,9.1656988,0,3.048780488,2.303523035,1.142082849,0.174216028,1.229190863,1.200154859,0.506482982,0,0,0,0.335711288,0,0,0,0,0,19.05729772,0.474254743,0.687185443,0.087108014,0.91947348,3.706929926,2.071234998,0.338753388,9.252806814,5.903987611,2.555168409,NA,NA,0.096786682,0,0.522648084,0,0.087108014,8.486238532,51.60550459,14.84375,36.121673,29.91480996,0.622542595,2.129750983,0.500638068,63.8424821,0,13.33333333,55.602537,0,80.11363636,0,88.73239437,18.40659341,0,91.20879121,40.93406593,96.63299663,1.403406891,0.087108014,0,1.291387513,0.3495485,25
48453001303,2019,5093,3745,84,1083,0,143,0,54,99,37,8,0,0,3745,329,409,110,0,1,1083,63,79,0,0,0,143,0,44,756,21,0,0,44,172,96,87,372,70,290,NA,NA,0,0,0,17,0,13,4424,613,3211,3629,94,2305,1708,3535,2326,296,425,4673,304,83881,3026,91354,2099,123315,109,80862,739,2499,88,81138,5083,483,121,938,0,3737,333,109,11,1082,95,0,0,143,44,3818,792,3026,1151,1875,3818,2667,592800,1720,1029,2403,420,792,112,4701,1768,877,938,14,73.53229923,1.6493226,21.26448066,0,2.807775378,0,1.060278814,1.943844492,0.726487336,0.157078343,0,0,8.785046729,10.9212283,0,0.909090909,5.817174515,7.29455217,NA,NA,0,30.76923077,14.8439034,0.41233065,0,0,0.863930886,3.377184371,1.884940114,1.708226978,7.304142941,1.3744355,5.694089927,NA,NA,0,0,0.333791478,0,0.255252307,13.8562387,72.58137432,2.590245247,74.09978308,65.79915134,8.373408769,12.02263083,6.50545688,9.502262443,2.380483966,0,8.910891089,10.09174312,8.780036969,NA,30.76923077,20.74384494,38.03701256,69.85332635,26.95128339,79.41176471,8.246612998,15.55075594,2.1990968,37.60901936,18.65560519,1.492537313
48453001304,2019,4593,3517,54,735,0,174,0,80,104,0,0,0,39,3517,470,376,55,1,0,735,119,14,0,0,0,174,13,10,559,40,45,105,19,182,141,46,285,67,191,NA,NA,21,34,0,49,0,0,3796,329,2852,3243,54,1565,1199,3189,1786,219,337,3957,181,102917,2211,122938,1721,NA,35,64722,286,81364,66,71451,4592,163,42,1044,9,3517,112,54,1,734,40,0,0,174,10,2289,78,2211,1278,933,2289,674,657100,1351,1466,1485,636,659,125,3991,1896,482,1044,97,76.57304594,1.175702155,16.00261267,0,3.788373612,0,1.741780971,2.264315262,0,0,0,0.849118223,13.36366221,10.69092977,1.818181818,0,16.19047619,1.904761905,NA,NA,7.471264368,5.747126437,12.17069454,0.870890486,0.979751796,2.286087524,0.413672981,3.962551709,3.069888961,1.001524058,6.205094709,1.458741563,4.158502068,NA,NA,0.740256913,0,1.066840845,0,0,8.667017914,75.1317176,1.665124884,76.61341853,56.00501725,6.867356538,10.56757604,4.574172353,3.549651568,0.914634146,0.862068966,3.184532272,1.851851852,5.449591281,NA,5.747126437,3.407601573,57.80189959,29.44517256,64.04543469,67.1641791,13.84715872,14.34792075,2.721532767,47.5068905,12.07717364,9.291187739
48453001501,2019,5582,4755,90,478,0,184,0,45,80,0,0,48,60,4755,946,734,90,14,0,478,31,89,0,0,0,184,0,17,253,0,0,0,16,182,147,129,315,0,208,NA,NA,89,0,11,0,0,0,4160,535,3006,3400,96,2367,1755,3304,2140,121,272,4412,205,108049,2317,107860,2075,NA,13,126506,157,NA,72,53369,5582,135,45,1445,0,4755,98,90,0,478,37,0,0,184,0,2550,233,2317,1677,640,2550,661,501300,1335,2348,1059,1170,1193,293,4542,2524,722,1445,64,85.18452168,1.612325331,8.563238982,0,3.296309566,0,0.806162666,1.433178072,0,0,0.859906843,1.074883554,19.89484753,15.43638275,15.55555556,0,6.485355649,18.61924686,NA,NA,0,9.239130435,4.532425654,0,0,0,0.286635614,3.260480115,2.633464708,2.310999642,5.64313866,0,3.726262988,NA,NA,0,0.197061985,0,0,0,12.86057692,72.25961538,2.823529412,74.14448669,64.76997579,3.662227603,8.232445521,4.646418858,2.418487997,0.806162666,0,2.060988433,0,7.740585774,NA,0,9.137254902,72.3780751,25.92156863,92.07843137,45.70565386,20.96022931,21.372268,5.24901469,55.57023338,15.89608102,4.429065744
48453001713,2019,4490,2627,135,1539,9,83,0,16,56,44,21,10,0,2627,164,441,136,39,46,1539,198,49,21,0,0,125,9,0,1215,0,31,0,40,172,70,18,536,250,177,NA,NA,85,0,10,0,0,0,3624,641,1995,3187,93,2175,1643,3094,1569,76,280,3921,131,83345,2012,84167,1352,NA,43,84079,504,NA,87,45795,4490,231,46,912,29,2627,103,136,28,1539,90,21,0,125,11,2107,95,2012,1211,801,2107,388,310800,1317,1625,1239,569,846,217,4050,1339,832,912,125,58.5077951,3.006681514,34.27616927,0.200445434,1.848552339,0,0.356347439,1.247216036,0.979955457,0.467706013,0.222717149,0,6.242862581,16.78720974,28.67647059,33.82352941,12.86549708,3.18388564,0,0,7.2,0,27.06013363,0,0.690423163,0,0.890868597,3.830734967,1.559020045,0.400890869,11.9376392,5.567928731,3.942093541,NA,NA,0,0.222717149,0,0,0,17.68763797,55.04966887,2.918104801,75.54022989,50.71105365,2.456367162,9.049773756,3.340984443,5.144766147,1.024498886,3.179824561,3.920822231,20.58823529,5.847953216,0,8.8,4.508780256,60.1888668,18.41480778,77.1238728,61.5805169,12.67260579,18.84187082,4.832962138,33.0617284,20.54320988,13.70614035
48453001912,2019,4129,3122,131,351,0,376,0,336,46,34,0,31,0,3122,394,609,150,19,40,351,115,9,0,0,0,376,133,25,94,38,37,22,45,152,57,63,468,42,370,NA,NA,40,12,11,0,0,0,3031,191,2448,2085,114,1761,965,1971,1405,218,176,3261,123,155781,1540,155352,1285,NA,19,NA,80,188750,116,96486,4092,232,18,1096,14,3104,113,131,40,332,79,0,0,376,0,1769,229,1540,1052,488,1769,457,1214700,1722,687,804,868,959,242,3444,2053,400,1096,77,75.61152822,3.172681037,8.500847663,0,9.106321143,0,8.137563575,1.114071204,0.823443933,0,0.750787116,0,12.62011531,19.50672646,12.66666667,26.66666667,32.76353276,2.564102564,NA,NA,35.37234043,6.64893617,2.276580286,0.92031969,0.896100751,0.532816663,1.089852264,3.68127876,1.380479535,1.52579317,11.33446355,1.017195447,8.961007508,NA,NA,0.290627271,0.266408331,0,0,0,6.301550643,80.76542395,5.467625899,54.79840999,71.28361238,11.06037544,8.929477423,3.771849126,5.669599218,0.439882698,1.277372263,3.640463918,30.53435115,23.79518072,NA,0,12.94516676,68.31168831,25.83380441,38.83550028,52.20779221,21.02203923,23.2259627,5.860983289,59.61091754,11.61440186,7.025547445
48453001729,2019,5075,2799,19,1631,0,480,0,168,0,40,17,280,0,2799,169,431,19,0,0,1631,235,131,0,0,0,480,144,34,1521,0,21,13,88,182,222,17,629,159,262,NA,NA,108,0,0,0,0,0,3928,770,1896,3391,136,2127,1380,3255,1596,291,282,4379,256,63359,2246,74464,1416,NA,19,59639,576,NA,132,36049,5075,332,0,1204,27,2799,244,19,0,1631,88,0,0,480,0,2336,90,2246,1133,1113,2336,602,272900,1178,1743,1386,696,1169,152,4502,1497,1095,1204,65,55.15270936,0.374384236,32.13793103,0,9.458128079,0,3.310344828,0,0.78817734,0.334975369,5.517241379,0,6.037870668,15.39835656,0,0,14.40833844,8.031882281,NA,NA,30,7.083333333,29.97044335,0,0.413793103,0.256157635,1.733990148,3.586206897,4.374384236,0.334975369,12.39408867,3.133004926,5.162561576,NA,NA,0,0,0,0,0,19.60285132,48.2688391,4.010616337,64.88011283,49.03225806,8.940092166,8.66359447,5.846083581,6.541871921,0,2.242524917,8.717399071,0,5.395462906,NA,0,3.852739726,50.44523598,25.77054795,74.61472603,61.70970614,13.71428571,23.03448276,2.995073892,33.25188805,24.32252332,5.398671096
48453001733,2019,4348,3118,120,782,0,181,0,97,59,7,8,0,62,3118,632,594,120,14,0,782,161,55,0,0,0,181,19,16,643,0,20,0,116,179,161,8,402,40,239,NA,NA,131,10,10,7,0,0,2968,644,1787,2142,31,1606,828,2111,1247,184,172,3149,220,124583,1412,132557,1097,NA,29,78125,210,161667,54,61790,4295,147,62,1149,8,3078,112,120,1,769,27,0,0,181,7,1435,23,1412,1339,73,1435,0,490200,NA,630,582,1199,958,289,3442,2027,610,1149,79,71.71113155,2.759889604,17.98528059,0,4.162833487,0,2.230910764,1.356945722,0.16099356,0.18399264,0,1.425942962,20.26940346,19.05067351,11.66666667,0,20.58823529,7.033248082,NA,NA,10.49723757,8.839779006,14.78840846,0,0.459981601,0,2.667893284,4.116835327,3.702851886,0.18399264,9.245630175,0.919963201,5.496780129,NA,NA,0.2299908,0.2299908,0.16099356,0,0,21.69811321,60.20889488,1.447245565,51.55666252,59.07153008,8.716248224,8.147797252,6.986344871,3.4225844,1.443538999,0.696257615,3.638726446,0.833333333,3.511053316,NA,3.867403315,1.602787456,94.83002833,0,43.90243902,41.21813031,27.57589696,22.03311868,6.646734131,58.89018013,17.7222545,6.875543951
48453002314,2019,5392,1815,652,2706,0,138,11,66,0,0,0,15,0,1815,50,69,791,131,0,2706,532,102,0,0,0,138,0,0,2218,27,49,0,57,128,286,0,1128,354,371,NA,NA,598,0,0,0,0,0,3572,1458,1405,3899,41,1812,1438,3858,1391,197,314,4611,115,55455,2420,71133,917,44879,421,40583,1039,NA,15,31452,5388,1093,14,767,95,1815,161,787,289,2704,621,0,0,138,0,2747,327,2420,209,2211,2747,2524,283500,1084,1461,2240,781,509,20,4736,1110,808,767,181,33.66097923,12.09198813,50.18545994,0,2.559347181,0.204005935,1.224035608,0,0,0,0.278189911,0,2.754820937,3.801652893,16.56131479,0,19.66001478,3.76940133,NA,NA,0,0,41.13501484,0.50074184,0.908753709,0,1.057121662,2.37388724,5.304154303,0,20.91988131,6.565281899,6.880563798,NA,NA,0,0,0,0,0,40.8174692,39.33370661,1.05155168,79.3598234,36.05495075,5.10627268,8.138932089,2.494036001,20.28582034,0.259836674,12.38591917,8.870523416,36.72172808,22.96597633,NA,0,11.90389516,8.636363636,91.88205315,53.18529305,92.56198347,14.48442136,9.439910979,0.370919881,23.4375,17.06081081,23.59843546
48453002411,2019,7419,711,503,6191,14,0,0,0,0,0,0,0,0,711,61,83,587,154,118,6191,1723,399,90,39,0,0,0,0,5505,0,6,0,9,0,39,8,2477,294,640,NA,NA,1360,0,0,0,0,0,4270,3072,398,3658,285,2757,1389,3373,663,119,263,5187,211,42017,1985,33194,272,29393,229,43568,1519,NA,0,17244,7419,1663,73,1631,362,711,100,587,147,6191,1402,90,14,0,0,2083,98,1985,792,1193,2083,925,112200,972,1017,1118,2232,677,173,5481,2151,1023,1631,467,9.58350182,6.779889473,83.44790403,0.188704677,0,0,0,0,0,0,0,0,8.579465541,11.67369902,26.2350937,20.10221465,27.83072202,6.444839283,43.33333333,0,NA,NA,74.20137485,0,0.080873433,0,0.12131015,0,0.525677315,0.107831244,33.38724896,3.962798221,8.626499528,NA,NA,0,0,0,0,0,71.94379391,9.320843091,7.791142701,50.38084875,19.6560925,3.528016602,7.797213163,4.067861963,22.41541987,0.983960102,22.19497241,14.06469761,25.04258944,22.64577613,15.55555556,NA,4.70475276,39.89924433,44.40710514,48.82381181,56.32241814,30.0849171,9.125219032,2.331850654,39.24466338,18.66447729,28.63274065
48453001603,2019,5236,4220,55,430,0,407,0,105,227,67,22,104,17,4220,975,522,55,22,0,430,105,6,7,0,0,407,28,0,185,25,10,150,0,272,214,57,353,169,242,NA,NA,19,0,0,0,0,0,3711,83,3279,2802,53,1873,1105,2749,2001,241,404,3867,75,156083,1847,157167,1640,NA,0,109015,102,181250,81,79289,5236,179,20,1316,10,4220,110,55,0,430,18,7,0,407,51,2068,221,1847,1486,361,2068,237,879900,1752,1706,879,1369,851,177,4040,2537,390,1316,31,80.59587471,1.050420168,8.212375859,0,7.773109244,0,2.005347594,4.335370512,1.27960275,0.420168067,1.986249045,0.324675325,23.1042654,12.36966825,40,0,24.41860465,1.395348837,0,0,6.87960688,0,3.533231474,0.477463713,0.190985485,2.864782277,0,5.194805195,4.087089381,1.088617265,6.741787624,3.227654698,4.621848739,NA,NA,0,0,0,0,0,2.23659391,88.3589329,1.891506067,58.99626268,72.79010549,8.7668243,14.69625318,1.939487975,3.418640183,0.38197097,0.759878419,2.606635071,0,4.186046512,0,12.53071253,10.68665377,80.45479155,11.46034816,82.49516441,47.5906876,26.14591291,16.25286478,3.380443086,62.7970297,9.653465347,2.3556231
48021950802,2019,8375,2481,89,5713,0,20,0,0,20,0,0,0,0,2481,230,371,89,0,0,5713,1922,218,0,0,0,20,0,14,4997,206,0,0,14,315,59,0,1588,371,314,NA,NA,912,0,0,23,0,0,4417,2501,588,4308,272,2670,1794,4036,1067,304,303,5671,383,63007,2163,62763,932,NA,74,68041,1137,NA,6,21973,8375,1067,35,1663,160,2481,218,89,0,5713,849,0,0,20,0,2464,301,2163,1795,368,2464,0,132600,958,669,1041,2704,1034,53,6190,2834,935,1663,129,29.6238806,1.062686567,68.21492537,0,0.23880597,0,0,0.23880597,0,0,0,0,9.270455462,14.95364772,0,0,33.64256958,3.815858568,NA,NA,0,70,59.66567164,2.459701493,0,0,0.167164179,3.76119403,0.704477612,0,18.96119403,4.429850746,3.749253731,NA,NA,0,0,0.274626866,0,0,56.62214173,13.31220285,6.313834726,67.19101124,26.4370664,7.532210109,7.507433102,6.753658967,12.74029851,0.417910448,9.621166566,8.786779524,0,14.86084369,NA,0,12.21590909,82.9865927,0,27.15097403,48.12760055,32.28656716,12.34626866,0.632835821,45.78352181,15.10500808,7.757065544
48453001605,2019,3968,3558,22,276,0,79,0,0,79,0,0,0,0,3558,597,419,22,0,0,276,56,24,0,0,0,79,24,0,153,0,0,53,96,229,236,30,187,34,154,NA,NA,1,0,0,0,0,17,2940,175,2476,2565,65,1635,1222,2500,1757,195,311,3215,127,121934,1898,121415,1730,NA,21,NA,119,NA,28,111125,3952,218,0,847,0,3542,170,22,0,276,48,0,0,79,0,2257,359,1898,1108,790,2257,1200,829700,1367,1799,1264,753,763,154,3291,1668,375,847,19,89.66733871,0.554435484,6.955645161,0,1.990927419,0,0,1.990927419,0,0,0,0,16.77908938,11.77627881,0,0,20.28985507,8.695652174,NA,NA,30.37974684,0,3.855846774,0,0,1.335685484,2.419354839,5.771169355,5.947580645,0.756048387,4.712701613,0.856854839,3.881048387,NA,NA,0,0,0,0,0.428427419,5.952380952,84.21768707,2.53411306,74.74006116,70.28,7.8,12.44,3.950233281,5.516194332,0,0,4.799548278,0,17.39130435,NA,0,15.90607,58.3772392,53.16792202,79.70757643,66.59641728,18.97681452,19.22883065,3.881048387,50.68368277,11.39471285,2.243211334
48453001706,2019,3894,2783,415,510,14,107,0,24,59,8,0,16,0,2783,339,523,415,201,16,510,59,135,29,0,0,107,24,8,342,0,56,7,42,91,91,9,422,168,226,NA,NA,0,0,0,0,0,0,2967,189,2273,2403,52,1642,1150,2351,1691,222,332,3140,185,89455,1985,92048,1567,NA,88,90125,235,NA,23,59728,3894,282,43,918,30,2783,59,415,174,510,41,29,0,107,8,2018,33,1985,1087,898,2018,1046,489200,1188,1696,1321,754,956,340,3271,1795,502,918,10,71.46892655,10.65742167,13.09707242,0.359527478,2.747817155,0,0.61633282,1.515151515,0.205444273,0,0.410888546,0,12.18109953,18.79266978,48.43373494,3.855421687,11.56862745,26.47058824,0,0,22.42990654,7.476635514,8.782742681,0,1.438109913,0.179763739,1.078582435,2.336928608,2.336928608,0.231124807,10.83718541,4.314329738,5.803800719,NA,NA,0,0,0,0,0,6.370070779,76.60936973,2.163961715,70.0365408,71.92683964,9.442790302,14.12165036,5.891719745,7.241910632,1.104262969,3.267973856,2.120014373,41.92771084,8.039215686,0,7.476635514,1.635282458,54.76070529,51.83349851,84.04360753,66.54911839,19.36312275,24.55059065,8.731381613,54.87618465,15.34698869,1.089324619
48453001738,2019,6846,4879,128,1086,0,507,0,453,212,52,58,0,0,4879,823,762,128,0,19,1086,246,64,0,0,0,507,23,295,758,0,64,38,15,165,68,91,636,26,421,NA,NA,0,19,0,0,0,0,5125,585,3540,3973,122,2776,1981,3851,2627,191,284,5353,332,113682,2805,113108,2172,NA,33,101250,402,NA,145,58200,6809,296,134,1841,0,4879,173,128,0,1049,39,0,0,507,84,2892,87,2805,2432,373,2892,159,358900,949,1438,1127,1493,1779,451,5576,3297,1069,1841,110,71.26789366,1.869704937,15.86327783,0,7.4057844,0,6.617002629,3.096698802,0.759567631,0.84721005,0,0,16.8682107,15.6179545,0,14.84375,22.6519337,5.893186004,NA,NA,4.536489152,58.18540434,11.07215892,0,0.934852469,0.555068653,0.219106047,2.410166521,0.993280748,1.329243354,9.290096407,0.379783815,6.149576395,NA,NA,0.277534327,0,0,0,0,11.41463415,69.07317073,3.07072741,71.36167147,68.21604778,4.959750714,7.374707868,6.202129647,4.347187546,1.967983551,0,3.545808567,0,3.717826501,NA,16.56804734,3.008298755,86.70231729,5.497925311,49.72337483,40.17825312,21.80835524,25.98597721,6.58778849,59.12840746,19.17144907,5.97501358
48453001757,2019,2250,1687,53,278,0,197,0,105,71,0,20,0,11,1687,204,565,65,0,31,278,108,0,0,0,0,197,19,0,169,18,0,9,47,78,36,34,363,87,228,NA,NA,18,0,18,17,0,0,1798,156,1306,1194,105,929,500,1089,725,62,137,1849,133,119250,1048,106250,860,104063,30,122841,77,216932,65,61911,2250,75,8,640,0,1687,55,65,0,278,20,0,0,197,0,1137,89,1048,694,354,1137,334,546800,1393,525,582,401,716,356,1900,1251,261,640,0,74.97777778,2.355555556,12.35555556,0,8.755555556,0,4.666666667,3.155555556,0,0.888888889,0,0.488888889,12.09247184,33.49140486,0,47.69230769,38.84892086,0,NA,NA,9.644670051,0,7.511111111,0.8,0,0.4,2.088888889,3.466666667,1.6,1.511111111,16.13333333,3.866666667,10.13333333,NA,NA,0,0.8,0.755555556,0,0,8.676307008,72.63626251,8.793969849,53.82131324,66.5748393,5.693296602,12.58034894,7.193077339,3.333333333,0.355555556,0,3.260225252,0,7.194244604,NA,0,7.827616535,66.22137405,29.37554969,46.17414248,55.53435115,17.82222222,31.82222222,15.82222222,65.84210526,13.73684211,0
48453001819,2019,4272,991,394,2561,30,220,0,45,0,0,0,0,0,991,123,121,470,106,28,2561,786,134,81,30,0,220,21,0,1637,146,154,0,0,55,9,24,1811,583,393,NA,NA,883,0,0,0,0,0,2788,1833,559,2158,45,1312,712,2113,629,124,202,3019,127,38639,1447,62578,424,36490,167,36772,773,NA,65,21935,4272,1343,89,911,216,991,240,470,118,2561,979,81,0,220,62,1578,131,1447,233,1214,1578,1014,296300,942,1444,1176,1253,380,131,3221,1211,603,911,210,23.19756554,9.222846442,59.94850187,0.702247191,5.149812734,0,1.053370787,0,0,0,0,0,12.41170535,12.209889,22.55319149,5.957446809,30.69113627,5.232331121,37.03703704,0,9.545454545,0,38.31928839,3.417602996,3.604868914,0,0,1.287453184,0.210674157,0.561797753,42.3923221,13.64700375,9.199438202,NA,NA,0,0,0,0,0,65.74605452,20.05021521,2.085264133,54.26829268,29.76810222,5.868433507,9.559867487,4.206690957,31.43726592,2.083333333,23.71020856,24.21796165,25.10638298,38.22725498,0,28.18181818,8.301647655,16.10228058,64.25855513,91.50823828,81.27159641,29.33052434,8.895131086,3.066479401,37.59701956,18.72089413,23.05159166
48453001846,2019,2526,1895,25,407,0,147,0,22,66,8,4,63,38,1895,292,420,25,0,6,407,45,35,0,0,0,147,6,4,251,45,0,0,6,137,54,55,274,66,185,NA,NA,25,0,0,31,0,0,1983,242,1323,1432,47,1077,668,1385,938,119,103,2065,170,123929,1038,116382,869,NA,6,127375,105,NA,52,55641,2526,69,19,746,4,1895,62,25,0,407,1,0,0,147,0,1079,41,1038,966,72,1079,10,336300,1525,641,431,461,735,145,2145,1350,335,746,36,75.01979414,0.989707047,16.11243072,0,5.819477435,0,0.870942201,2.612826603,0.316706255,0.158353127,2.494061758,1.504354711,15.40897098,22.16358839,0,24,11.05651106,8.5995086,NA,NA,4.081632653,2.721088435,9.936658749,1.781472684,0,0,0.237529691,5.423594616,2.137767221,2.177355503,10.84718923,2.612826603,7.323832146,NA,NA,0,0,1.227236738,0,0,12.20373172,66.71709531,3.282122905,62.02414113,67.72563177,8.592057762,7.436823105,8.232445521,2.731591449,0.752177356,0.536193029,3.27176781,0,0.245700246,NA,0,3.799814643,93.06358382,0.926784059,59.4068582,41.522158,18.25019794,29.09738717,5.740300871,62.93706294,15.61771562,4.825737265
48453001764,2019,7953,6937,20,772,10,147,0,53,0,27,39,0,21,6937,1232,1243,20,20,0,772,266,12,10,0,0,162,39,50,577,0,1,3,70,371,178,134,369,29,264,NA,NA,58,0,0,0,41,27,5756,728,3515,3881,197,3318,1752,3684,2235,342,485,5986,473,130807,2917,130930,2638,NA,0,127500,184,NA,85,64882,7925,329,22,2412,22,6925,283,20,0,756,46,10,0,162,0,3825,908,2917,2534,383,3825,91,539800,856,893,1862,1967,2065,227,6352,4430,808,2412,155,87.22494656,0.25147743,9.707028794,0.125738715,1.84835911,0,0.666415189,0,0.33949453,0.490380988,0,0.264051301,17.75983855,17.91840853,100,0,34.45595855,1.554404145,0,0,24.07407407,30.86419753,7.255123853,0,0.012573871,0.037721614,0.880171005,4.664906325,2.238149126,1.68489878,4.639758582,0.364642273,3.319502075,NA,NA,0,0,0,0.515528731,0.33949453,12.64767199,61.066713,5.076011337,52.80289331,60.66775244,9.283387622,13.165038,7.901770799,4.151419558,0.277602524,0.912106136,4.086642599,0,6.084656085,0,0,23.73856209,86.87007199,2.379084967,23.34640523,63.83270483,24.73280523,25.96504464,2.854268829,69.7418136,12.72040302,6.426202322
48453001742,2019,6545,4266,68,1695,0,123,0,13,0,103,0,79,61,4266,556,656,68,0,0,1695,549,40,0,0,0,123,0,75,1522,0,0,38,121,230,94,189,710,240,250,NA,NA,248,0,0,0,0,59,4499,1207,2190,3452,294,2821,1669,3158,1699,174,208,4812,400,89908,2439,98529,1982,NA,0,73490,317,65369,75,45249,6488,343,13,1499,18,4209,278,68,0,1695,14,0,0,123,31,2666,227,2439,1924,515,2666,50,336200,1930,696,1392,1733,1400,191,5255,2888,1148,1499,55,65.17952636,1.038961039,25.89763178,0,1.879297173,0,0.198624905,0,1.573720397,0,1.207028266,0.932009167,13.03328645,15.37740272,0,0,32.38938053,2.359882006,NA,NA,0,60.97560976,23.25439267,0,0,0.580595875,1.848739496,3.514132926,1.436210848,2.887700535,10.84797555,3.666921314,3.819709702,NA,NA,0,0,0,0,0.90145149,26.82818404,48.67748389,8.516801854,59.16341723,53.79987334,5.509816339,6.586447118,8.312551953,5.286683107,0.200369914,1.200800534,6.604894274,0,0.825958702,NA,25.20325203,8.514628657,78.88478885,1.875468867,26.10652663,57.07257073,26.47822765,21.39037433,2.918258212,54.95718363,21.84586108,3.669112742
48453001761,2019,8012,5989,108,971,0,496,0,259,70,0,0,57,43,5989,1045,927,108,0,0,971,368,0,0,0,0,496,18,42,345,0,184,15,30,315,235,54,1133,368,733,NA,NA,58,28,0,0,43,0,5620,473,4354,4342,87,3207,1923,4255,2948,310,401,5878,365,156850,3117,180667,2444,73705,91,NA,209,137833,288,93794,8012,238,39,2258,56,5989,116,108,0,971,122,0,0,496,0,3397,280,3117,2087,1030,3397,1191,745900,1265,394,1927,2066,1421,288,6437,4180,812,2258,61,74.75037444,1.347978033,12.11932102,0,6.190713929,0,3.232651023,0.873689466,0,0,0.711432851,0.536694958,17.44865587,15.47837702,0,0,37.89907312,0,NA,NA,3.629032258,8.467741935,4.306040939,0,2.296555167,0.187219171,0.374438342,3.931602596,2.933100349,0.673989016,14.14128807,4.593110334,9.148776835,NA,NA,0.349475786,0,0,0.536694958,0,8.416370107,77.47330961,2.003684938,59.96258185,69.28319624,7.285546416,9.424206816,6.2095951,2.970544184,0.486769845,2.480070859,1.936884288,0,12.56436663,NA,0,8.242566971,66.95540584,35.06034737,11.59846924,61.822265,25.78632052,17.73589616,3.594608088,64.93708249,12.61457201,2.701505757
48453001768,2019,11230,8723,4,1361,14,882,0,772,40,71,28,89,14,8723,2065,1074,4,0,4,1361,502,53,14,0,0,882,366,0,1054,50,65,41,80,498,282,113,1127,351,625,NA,NA,79,0,0,0,72,16,7502,931,4786,5485,92,4015,2387,5393,3566,483,419,7839,515,128990,3835,129181,3292,NA,0,66444,288,205263,222,57928,11128,754,13,3147,158,8625,505,0,0,1361,249,14,0,882,0,4175,340,3835,3252,583,4175,440,456100,1369,805,2893,3391,1594,341,8180,6273,900,3147,7,77.67586821,0.035618878,12.11932324,0.124666073,7.8539626,0,6.874443455,0.35618878,0.632235085,0.249332146,0.792520036,0.124666073,23.67304826,12.31227789,0,100,36.88464364,3.894195445,0,0,41.49659864,0,9.385574354,0.445235975,0.578806768,0.3650935,0.71237756,4.434550312,2.511130899,1.006233304,10.03561888,3.125556545,5.565449688,NA,NA,0,0,0,0.641139804,0.142475512,12.41002399,63.79632098,1.677301732,59.45205479,66.12275172,8.956054144,7.769330614,6.569715525,6.775700935,0.11682243,5.020654592,5.855072464,NA,18.29537105,0,0,8.143712575,84.79791395,10.53892216,19.28143713,75.43676662,30.19590383,14.19412289,3.03650935,76.68704156,11.00244499,0.222434064
48453001806,2019,7174,1109,481,5268,104,139,0,53,0,58,0,11,0,1109,74,97,547,73,0,5268,1469,353,302,20,24,139,0,0,4643,164,4,0,64,79,58,0,2864,1081,134,NA,NA,1748,0,0,0,0,0,4679,2910,788,3946,232,2538,1499,3714,602,177,203,5278,191,42123,2407,46469,663,27225,307,49035,1395,NA,36,21901,7174,1125,60,1522,231,1109,120,547,28,5268,977,302,0,139,0,2745,338,2407,542,1865,2745,1745,192000,818,2103,1674,1896,643,35,5511,2385,821,1522,330,15.4586005,6.704767215,73.43183719,1.449679398,1.937552272,0,0.738778924,0,0.808475049,0,0.153331475,0,6.672678088,8.746618575,13.34552102,0,27.88534548,6.700835232,6.622516556,7.947019868,0,0,64.71982158,2.286032897,0.0557569,0,0.892110399,1.101198773,0.808475049,0,39.92194034,15.0683022,1.867856147,NA,NA,0,0,0,0,0,62.19277623,16.84120539,5.879371515,59.06225374,16.20893915,4.765751212,5.465805062,3.618794998,15.6816281,0.836353499,15.17739816,10.82055906,5.118829982,18.54593774,0,0,12.3132969,22.51765683,63.5701275,76.61202186,69.54715413,26.42877056,8.962921662,0.487872874,43.2770822,14.89747777,21.68199737
48453001811,2019,3259,755,741,1722,11,30,0,0,14,0,0,0,0,755,56,171,741,45,137,1722,559,102,204,64,0,30,0,0,1463,0,0,0,0,50,0,0,889,173,47,NA,NA,517,0,0,22,0,0,2346,1115,688,1855,77,1091,762,1778,476,171,36,2496,144,40413,1314,63523,395,43000,328,30888,570,NA,10,24567,3259,614,17,674,118,755,21,741,7,1722,586,204,161,30,0,1479,165,1314,439,875,1479,951,240800,841,1468,755,763,509,174,2599,1052,571,674,112,23.16661553,22.7370359,52.83829396,0.337526849,0.920527769,0,0,0.429579626,0,0,0,0,7.417218543,22.64900662,6.072874494,18.48852901,32.46225319,5.923344948,31.37254902,0,0,0,44.89107088,0,0,0,0,1.534212949,0,0,27.27830623,5.308376803,1.442160172,NA,NA,0,0,0.675053697,0,0,47.52770673,29.32651321,4.150943396,69.84417965,26.77165354,9.617547807,2.024746907,5.769230769,18.84013501,0.521632403,17.5074184,2.781456954,0.944669366,34.03019744,78.92156863,0,11.15618661,33.40943683,64.30020284,99.25625423,57.45814307,23.4120896,15.61828782,5.339061062,40.47710658,21.96998846,16.61721068
48453001824,2019,2086,1158,176,438,13,238,0,107,12,37,0,0,32,1158,130,205,183,0,0,438,115,30,13,0,0,238,11,0,348,31,17,0,0,74,33,35,436,234,88,NA,NA,139,0,0,0,0,0,1708,353,879,1388,24,928,665,1364,697,139,82,1768,105,74205,891,81071,578,32240,101,55313,129,185208,63,43853,2086,171,15,500,10,1158,39,183,15,438,38,13,0,238,63,908,17,891,559,332,908,312,269800,956,694,486,318,318,166,1802,842,308,500,53,55.51294343,8.437200384,20.99712368,0.623202301,11.40939597,0,5.129434324,0.575263663,1.773729626,0,0,1.534036433,11.22625216,17.7029361,0,0,26.25570776,6.849315068,0,0,4.621848739,0,16.68264621,1.486097795,0.814956855,0,0,3.547459252,1.581975072,1.677852349,20.9012464,11.21764142,4.218600192,NA,NA,0,0,0,0,0,20.66744731,51.46370023,1.729106628,71.65948276,51.09970674,10.19061584,6.011730205,5.938914027,8.197507191,0.719079578,2,3.367875648,8.196721311,8.675799087,0,26.47058824,1.872246696,62.73849607,34.36123348,76.43171806,54.54545455,15.24448706,15.24448706,7.957813998,46.72586016,17.09211987,10.6
48453001833,2019,9645,2350,590,6236,8,296,0,15,23,0,5,14,177,2350,500,623,738,102,135,6236,1086,440,267,54,8,296,28,15,4569,695,49,0,0,153,18,0,4199,1224,708,NA,NA,2750,0,0,0,0,0,6687,4271,749,5174,182,3039,1413,4992,717,272,226,7621,387,59167,2666,78581,824,54205,223,58902,1450,NA,88,27648,9461,971,125,1744,82,2221,138,696,131,6223,528,267,52,296,81,2758,92,2666,1314,1352,2758,1189,203100,911,1783,1188,2024,1640,564,7929,3850,1748,1744,64,24.36495594,6.11715915,64.65526179,0.082944531,3.068947641,0,0.155520995,0.238465526,0,0.051840332,0.145152929,1.835147745,21.27659574,26.5106383,13.82113821,18.29268293,17.41500962,7.055805003,20.2247191,2.996254682,9.459459459,5.067567568,47.37169518,7.205806117,0.508035251,0,0,1.586314152,0.186625194,0,43.53551063,12.69051322,7.34059098,NA,NA,0,0,0,0,0,63.8701959,11.20083745,3.51758794,46.49555775,14.36298077,5.448717949,4.52724359,5.078073744,10.26318571,1.321213402,4.701834862,6.21341738,18.82183908,8.484653704,19.47565543,27.36486486,3.335750544,49.28732183,43.11094996,64.64829587,44.56114029,20.9849663,17.00362882,5.847589425,48.55593391,22.04565519,3.669724771
48453001745,2019,2263,1822,50,225,0,98,0,8,69,10,32,0,0,1822,180,299,50,0,10,225,74,31,0,0,0,98,33,0,197,0,0,18,0,177,70,22,146,62,46,NA,NA,27,0,0,0,0,10,1740,240,1078,1229,44,994,569,1185,760,190,109,1903,152,99875,969,108631,797,NA,10,NA,82,NA,42,51868,2263,222,0,609,26,1822,188,50,22,225,1,0,0,98,0,1084,115,969,757,212,1084,285,392900,1248,695,441,360,515,151,1976,969,395,609,33,80.5125939,2.209456474,9.942554132,0,4.330534688,0,0.353513036,3.049049934,0.441891295,1.414052143,0,0,9.879253568,16.41053787,0,20,32.88888889,13.77777778,NA,NA,33.67346939,0,8.705258506,0,0,0.795404331,0,7.821475917,3.093239063,0.972160848,6.451612903,2.739726027,2.032699956,NA,NA,0,0,0,0,0.441891295,13.79310345,61.95402299,3.580146461,57.24346076,64.1350211,16.03375527,9.198312236,7.987388334,9.809986743,0,4.269293924,10.3183315,44,0.444444444,NA,0,10.60885609,78.12177503,26.29151292,64.11439114,45.51083591,15.90808661,22.75740168,6.672558551,49.03846154,19.98987854,5.418719212
48453001747,2019,6090,2428,683,2728,108,34,0,0,25,9,0,0,0,2428,420,302,683,142,51,2728,685,193,108,34,0,44,0,0,2376,113,9,25,35,87,94,82,528,285,182,NA,NA,128,16,0,8,0,0,4062,1183,1539,3344,146,2385,1569,3198,1517,124,220,4519,295,68026,2204,81042,952,38847,247,61563,902,NA,20,30068,6090,776,49,1395,74,2428,266,683,62,2728,395,108,0,44,25,2291,87,2204,1167,1037,2291,721,293400,1110,1311,1388,1571,793,190,4773,2163,778,1395,140,39.86863711,11.21510673,44.79474548,1.773399015,0.558292282,0,0,0.410509031,0.147783251,0,0,0,17.29818781,12.43822076,20.79062958,7.467057101,25.10997067,7.074780059,31.48148148,0,0,0,39.01477833,1.855500821,0.147783251,0.410509031,0.574712644,1.428571429,1.543513957,1.346469622,8.669950739,4.679802956,2.988505747,NA,NA,0.26272578,0,0.13136289,0,0,29.12358444,37.88774003,4.366028708,65.78616352,47.43589744,3.87742339,6.879299562,6.527992919,12.74220033,0.804597701,5.304659498,10.95551895,9.077598829,14.47947214,0,56.81818182,3.797468354,52.9491833,31.47097337,57.22391969,62.97640653,25.79638752,13.02134647,3.119868637,45.31741043,16.30002095,10.03584229
48453001781,2019,2616,1855,0,233,37,432,0,217,166,32,8,10,0,1855,333,456,0,0,0,233,60,35,37,0,37,432,118,34,172,16,0,16,50,90,83,19,465,144,289,NA,NA,48,29,11,32,23,0,1914,253,1207,1174,61,1059,491,1113,811,143,55,1959,143,135096,963,120179,748,NA,0,183750,68,162813,125,57602,2616,59,7,796,9,1855,46,0,0,233,9,37,0,432,4,1020,57,963,818,145,1020,102,472300,1440,855,408,657,753,271,2058,1388,307,796,16,70.90978593,0,8.906727829,1.414373089,16.51376147,0,8.295107034,6.345565749,1.22324159,0.305810398,0.382262997,0,17.95148248,24.58221024,NA,NA,25.75107296,15.02145923,0,100,27.31481481,7.87037037,6.574923547,0.611620795,0,0.611620795,1.911314985,3.440366972,3.172782875,0.726299694,17.77522936,5.504587156,11.04740061,NA,NA,1.108562691,0.420489297,1.22324159,0.879204893,0,13.2183908,63.06165099,5.195911414,46.36449481,72.86612758,12.84815813,4.941599281,7.299642675,2.255351682,0.267584098,1.130653266,2.479784367,NA,3.862660944,0,0.925925926,5.588235294,84.94288681,10,83.82352941,42.36760125,25.1146789,28.78440367,10.35932722,67.44412051,14.91739553,2.010050251
48453001748,2019,6521,3923,241,1982,0,144,0,20,116,68,38,0,0,3923,781,436,241,0,30,1982,290,92,0,0,0,144,0,46,1822,14,30,0,62,72,300,141,560,164,196,NA,NA,190,0,0,32,0,0,4697,865,2597,4139,58,2790,2138,4081,1860,318,351,5015,290,85924,2523,100586,1743,21190,112,62298,600,NA,28,40288,6521,353,0,1563,41,3923,169,241,3,1982,181,0,0,144,0,2631,108,2523,1598,925,2631,493,288100,1228,544,1726,1506,827,245,5307,2537,847,1563,224,60.15948474,3.695752185,30.39411133,0,2.208250268,0,0.306701426,1.778868272,1.042784849,0.58273271,0,0,19.90823349,11.11394341,0,12.44813278,14.63168517,4.641775984,NA,NA,0,31.94444444,27.94049992,0.214690998,0.460052139,0,0.950774421,1.104125134,4.600521392,2.162245054,8.587639933,2.514951695,3.005673976,NA,NA,0,0,0.490722282,0,0,18.41601022,55.29061103,1.401304663,76.63082437,45.57706444,7.792207792,8.600833129,5.782652044,5.413280172,0,2.623160589,4.307927606,1.244813278,9.132189707,NA,0,4.104903079,63.33729687,18.73812239,20.67654884,68.41062228,23.09461739,12.68210397,3.75709247,47.80478613,15.96005276,14.33141395
48453001750,2019,4849,2181,91,2074,21,371,0,195,40,45,30,60,32,2181,67,383,91,2,0,2074,503,78,21,0,0,371,28,17,1951,0,11,0,44,76,5,55,785,315,284,NA,NA,129,0,0,0,0,0,3845,837,1986,3300,110,2185,1524,3190,1768,191,235,4224,202,65619,2632,66790,1422,NA,89,46600,894,85750,134,49756,4827,402,19,845,27,2181,57,91,0,2052,275,21,0,371,39,2727,95,2632,756,1876,2727,1894,372500,1258,1231,2012,625,776,191,4242,1290,699,845,81,44.97834605,1.876675603,42.77170551,0.433078985,7.651062075,0,4.021447721,0.824912353,0.928026397,0.618684265,1.23736853,0.659929882,3.071985328,17.56075195,2.197802198,0,24.25265188,3.760848602,0,0,7.547169811,4.582210243,40.23510002,0,0.226850897,0,0.907403588,1.567333471,0.103114044,1.134254485,16.18890493,6.49618478,5.856877707,NA,NA,0,0,0,0,0,21.76853056,51.65149545,3.333333333,69.74828375,55.42319749,5.987460815,7.36677116,4.78219697,8.328154133,0.393619225,3.195266272,2.613480055,0,13.40155945,0,10.51212938,3.483681702,28.72340426,69.45361203,45.14118078,76.443769,12.88925552,16.00329965,3.938956486,30.41018388,16.47807638,9.585798817
48453001812,2019,7889,1552,675,5204,33,194,0,0,0,0,0,20,125,1552,281,212,675,0,107,5204,932,196,424,80,33,194,65,0,3750,24,362,0,0,126,20,32,3054,800,349,NA,NA,1831,0,0,15,0,0,5324,3097,1274,4618,351,2469,1518,4267,997,94,264,6032,181,36528,3014,24444,864,31526,386,39765,1484,NA,115,19012,7876,2249,117,1398,310,1551,617,672,111,5197,1355,424,135,194,124,3259,245,3014,354,2660,3259,2730,253900,870,2423,2463,1857,771,215,6547,1919,1263,1398,148,19.67296235,8.556217518,65.96526809,0.418303968,2.459120294,0,0,0,0,0,0.253517556,1.584484726,18.1056701,13.65979381,0,15.85185185,17.90930054,3.76633359,18.86792453,7.783018868,33.50515464,0,47.53454177,0.304221067,4.588667765,0,0,1.597160603,0.253517556,0.40562809,38.71213082,10.14070224,4.423881354,NA,NA,0,0,0.190138167,0,0,58.17054846,23.92937641,7.600692941,61.48238153,23.36536208,2.202952894,6.187016639,3.00066313,28.55510411,1.485525648,22.17453505,39.78078659,16.51785714,26.07273427,31.83962264,63.91752577,7.517643449,11.74518912,83.768027,74.3479595,81.71864632,23.53910508,9.773101787,2.725313728,29.31113487,19.29127845,10.58655222
48453001822,2019,6800,1472,516,4677,0,98,0,0,18,0,23,0,70,1472,103,342,516,82,29,4677,1648,59,130,52,0,98,13,24,2819,419,25,9,47,106,10,0,2591,949,228,NA,NA,1726,0,0,0,0,0,4355,2588,1007,3690,137,2292,1509,3553,442,156,246,4733,193,40619,2490,40598,637,37083,275,40848,1485,NA,69,19340,6800,1740,60,1550,321,1472,57,516,145,4677,1513,130,0,98,25,2631,141,2490,658,1832,2631,1728,190000,927,2428,1690,2067,776,297,4954,2160,849,1550,299,21.64705882,7.588235294,68.77941176,0,1.441176471,0,0,0.264705882,0,0.338235294,0,1.029411765,6.997282609,23.23369565,15.89147287,5.620155039,35.23626256,1.26149241,40,0,13.26530612,24.48979592,41.45588235,6.161764706,0.367647059,0.132352941,0.691176471,1.558823529,0.147058824,0,38.10294118,13.95588235,3.352941176,NA,NA,0,0,0,0,0,59.42594719,23.1228473,3.712737127,65.83769634,12.44019139,4.390655784,6.923726428,4.077751954,25.58823529,0.882352941,20.70967742,3.872282609,28.10077519,32.34979688,0,25.51020408,5.359179019,26.42570281,65.67844926,92.28430255,67.87148594,30.39705882,11.41176471,4.367647059,43.6011304,17.13766653,19.29032258
48453001849,2019,8355,4323,521,1869,0,1427,0,184,695,34,210,252,132,4323,248,165,521,129,0,1869,203,0,29,0,0,1461,93,0,942,143,141,14,56,335,206,0,1996,1338,381,NA,NA,281,14,0,38,0,0,6609,951,4426,6891,135,3866,3273,6756,3977,614,284,7637,328,68542,4931,84056,2644,46500,244,47171,1054,110848,929,51801,8355,889,0,1302,57,4323,467,521,0,1869,381,29,0,1461,41,5643,712,4931,48,4883,5643,5624,106300,1272,917,4765,718,423,43,7657,2501,1129,1302,84,51.74147217,6.235786954,22.36983842,0,17.07959306,0,2.202274087,8.318372232,0.406941951,2.513464991,3.016157989,1.57989228,5.736756882,3.816793893,24.76007678,0,10.86142322,0,0,0,6.36550308,0,11.27468582,1.71154997,1.687612208,0.167564333,0.670257331,4.009575105,2.465589467,0,23.8898863,16.01436266,4.560143627,NA,NA,0.167564333,0,0.454817475,0,0,14.38946891,66.96928431,1.959077057,84.66114847,58.86619301,9.08821788,4.203670811,4.294880189,10.64033513,0,4.377880184,10.80268332,0,20.38523274,0,2.806297057,12.61740209,0.973433381,99.66329966,16.25022151,96.63354289,8.593656493,5.062836625,0.514661879,32.66292282,14.74467807,6.451612903
48453000203,2019,2334,1431,228,380,0,257,0,88,66,10,22,44,22,1431,64,80,239,0,9,380,11,0,11,0,0,257,10,0,187,11,7,11,11,145,34,34,397,273,56,NA,NA,21,0,0,0,0,10,1275,156,970,1244,43,1090,588,1201,931,44,35,2190,33,74250,884,84914,606,NA,16,NA,117,52875,117,41399,1805,608,23,193,0,1156,343,80,26,296,122,0,0,235,105,1008,124,884,0,884,1008,989,NA,1724,63,842,144,107,43,2249,384,183,193,0,61.31105398,9.768637532,16.28106255,0,11.01113967,0,3.770351328,2.827763496,0.428449015,0.942587832,1.885175664,0.942587832,4.472396925,5.590496157,0,3.765690377,2.894736842,0,0,0,3.891050584,0,8.011996572,0.471293916,0.29991431,0.471293916,0.471293916,6.212510711,1.45672665,1.45672665,17.00942588,11.6966581,2.399314482,NA,NA,0,0,0,0,0.428449015,12.23529412,76.07843137,3.45659164,53.94495413,77.51873439,3.663613655,2.914238135,1.506849315,33.68421053,1.274238227,0,29.67128028,32.5,41.21621622,NA,44.68085106,12.3015873,0,98.11507937,6.25,95.24886878,6.16966581,4.584404456,1.842330763,17.07425522,8.136949755,0
48453000802,2019,3792,1320,1268,1158,0,8,0,0,10,0,0,8,0,1320,175,0,1353,402,253,1158,487,26,0,0,0,8,0,0,1051,17,90,0,0,25,56,0,146,0,95,NA,NA,51,0,0,0,10,0,2490,794,1059,1947,138,1507,998,1809,818,119,104,2698,147,44177,1315,99659,485,20975,495,NA,334,NA,0,25534,3792,1656,116,637,243,1320,91,1353,828,1158,767,0,0,8,8,1381,66,1315,459,856,1381,543,342800,325,1043,991,1094,367,130,2757,519,555,637,245,34.81012658,33.43881857,30.53797468,0,0.210970464,0,0,0.26371308,0,0,0.210970464,0,13.25757576,0,29.71175166,18.69918699,42.0552677,2.245250432,NA,NA,0,0,27.71624473,0.448312236,2.373417722,0,0,0.6592827,1.476793249,0,3.85021097,0,2.505274262,NA,NA,0,0,0,0.26371308,0,31.8875502,42.53012048,7.087827427,66.22428666,45.21835268,6.578220011,5.749032615,5.448480356,43.67088608,3.05907173,38.14756672,6.893939394,61.19733925,66.23488774,NA,100,4.779145547,34.90494297,39.31933382,75.5249819,75.36121673,28.85021097,9.678270042,3.428270042,18.82480958,20.13057671,38.46153846
48453001740,2019,5017,3165,182,985,0,501,0,46,209,88,66,43,143,3165,448,360,214,0,13,985,143,114,0,0,0,501,53,18,734,17,83,22,8,153,105,23,570,118,317,NA,NA,125,13,0,18,0,0,3821,502,2464,3238,46,2082,1536,3192,1860,240,228,4094,252,106058,2021,111628,1371,70000,84,92841,345,99907,186,52446,5017,219,27,1346,39,3165,139,214,6,985,40,0,0,501,22,2103,82,2021,970,1051,2103,800,349700,1503,131,1294,923,833,131,4297,2354,578,1346,132,63.08550927,3.627665936,19.63324696,0,9.986047439,0,0.916882599,4.165836157,1.754036277,1.315527207,0.857085908,2.85030895,14.15481833,11.37440758,0,6.074766355,14.5177665,11.57360406,NA,NA,10.57884232,3.592814371,14.63025713,0.338847917,1.654375125,0.438509069,0.159457843,3.049631254,2.092884194,0.4584413,11.36137134,2.352003189,6.318517042,NA,NA,0.259118995,0,0.358780147,0,0,13.13792201,64.48573672,1.420630019,73.77521614,58.27067669,7.518796992,7.142857143,6.155349292,4.365158461,0.538170221,2.897473997,4.39178515,2.803738318,4.060913706,NA,4.391217565,3.899191631,47.99604156,38.04089396,6.229196386,64.02770905,18.39744867,16.60354794,2.611122185,54.78240633,13.45124505,9.806835067
48453001839,2019,10172,2218,1579,3443,76,2153,0,366,84,53,100,37,1425,2218,43,107,1692,210,85,3443,986,94,222,59,0,2153,502,188,2369,273,100,15,67,135,28,33,2887,1363,1096,NA,NA,1315,15,15,0,0,0,6723,2058,2610,6920,223,3866,3111,6697,2495,901,258,7964,403,72777,3799,72227,1332,72702,665,70756,1054,75038,670,32279,10116,659,0,2257,108,2218,124,1672,41,3402,276,222,0,2153,182,4015,216,3799,1553,2246,4015,2118,211500,1118,555,2884,2201,599,143,8232,3422,1197,2257,245,21.80495478,15.52300433,33.84781754,0.747149037,21.16594573,0,3.598112466,0.825796304,0.521038144,0.983090838,0.36374361,14.00904444,1.938683499,4.824165915,12.41134752,5.023640662,28.63781586,2.730177171,26.57657658,0,23.31630283,8.732001858,23.28942194,2.683837987,0.983090838,0.147463626,0.658670861,1.327172631,0.275265435,0.324419976,28.38183248,13.39952812,10.77467558,NA,NA,0.147463626,0.147463626,0,0,0,30.61133423,38.82195448,3.222543353,80.47077082,37.25548753,13.45378528,3.852471256,5.06027122,6.514432582,0,4.785112982,5.590622182,2.45215311,8.11287478,0,8.453320948,5.379825654,40.87917873,52.75217933,13.82316314,75.9147144,21.63782934,5.888714117,1.405819898,41.56948494,14.54081633,10.85511741
48453002307,2019,5947,2456,773,2397,0,161,0,136,49,46,0,39,0,2456,160,128,773,128,29,2397,436,287,48,29,0,161,0,0,1872,140,126,9,21,176,228,0,927,258,240,NA,NA,382,0,0,23,0,0,4451,1448,1679,4014,112,2077,1420,3902,1213,238,397,5194,414,48080,2776,65767,1293,NA,328,39575,936,NA,89,31916,5895,1019,33,863,74,2456,399,773,284,2345,296,48,0,161,21,3017,241,2776,525,2251,3017,2401,241200,997,2463,2267,753,719,172,5223,1006,1152,863,266,41.29813351,12.99815033,40.30603666,0,2.707247352,0,2.286867328,0.823944846,0.773499243,0,0.655792837,0,6.51465798,5.211726384,16.55886158,3.751617076,18.18940342,11.97329996,60.41666667,0,0,0,31.47805616,2.354128132,2.118715319,0.151336808,0.35311922,2.959475366,3.833865815,0,15.58769127,4.338321843,4.035648226,NA,NA,0,0,0.386749622,0,0,32.53201528,37.72186026,2.79023418,68.36783823,31.08662225,6.099436187,10.17426961,7.970735464,17.28583545,0.559796438,8.574739282,16.24592834,36.73997413,12.62260128,0,13.04347826,7.988067617,18.91210375,79.58236659,81.63738813,81.66426513,12.66184631,12.09012948,2.892214562,19.26096113,22.05628949,30.82271147
48453002310,2019,2890,314,188,2317,0,0,0,0,0,0,0,0,0,314,12,78,188,37,33,2317,781,35,0,0,0,0,0,0,1884,0,20,0,0,6,9,0,989,124,122,NA,NA,414,0,0,0,0,0,1573,1096,108,1438,24,962,571,1414,153,73,125,1855,81,43580,833,32197,148,64643,62,43636,598,NA,0,16794,2878,614,31,584,107,314,83,188,59,2305,472,0,0,0,0,915,82,833,450,383,915,134,52100,808,461,537,1035,273,73,2060,826,403,584,104,10.8650519,6.505190311,80.17301038,0,0,0,0,0,0,0,0,0,3.821656051,24.84076433,19.68085106,17.55319149,33.70738023,1.510574018,NA,NA,NA,NA,65.19031142,0,0.692041522,0,0,0.207612457,0.311418685,0,34.22145329,4.290657439,4.221453287,NA,NA,0,0,0,0,0,69.67577877,6.865861411,1.668984701,59.35550936,10.82036775,5.162659123,8.840169731,4.366576819,21.3342599,1.077136901,18.32191781,26.43312102,31.38297872,20.47722343,NA,NA,8.961748634,54.02160864,14.64480874,50.38251366,64.46578631,35.81314879,9.446366782,2.525951557,40.09708738,19.5631068,17.80821918
48453001741,2019,2760,2222,9,244,0,144,0,120,0,0,15,31,51,2222,256,554,9,9,0,244,62,25,0,0,0,144,37,25,207,0,0,0,53,124,135,35,283,11,155,NA,NA,18,0,0,12,0,0,2170,320,1322,1412,49,1096,576,1363,895,85,234,2250,195,122750,1268,125347,1069,NA,0,79375,117,250001,36,72532,2751,233,0,887,50,2222,171,0,0,244,62,0,0,144,0,1669,401,1268,966,302,1669,215,610400,1721,688,604,510,933,140,2365,1600,408,887,35,80.50724638,0.326086957,8.84057971,0,5.217391304,0,4.347826087,0,0,0.543478261,1.123188406,1.847826087,11.52115212,24.93249325,100,0,25.40983607,10.24590164,NA,NA,25.69444444,17.36111111,7.5,0,0,0,1.920289855,4.492753623,4.891304348,1.268115942,10.25362319,0.398550725,5.615942029,NA,NA,0,0,0.434782609,0,0,14.74654378,60.92165899,3.470254958,52.55474453,65.66397652,6.23624358,17.16801174,8.666666667,8.469647401,0,5.636978579,7.695769577,NA,25.40983607,NA,0,24.02636309,76.1829653,12.88196525,41.2222888,47.6340694,18.47826087,33.80434783,5.072463768,67.65327696,17.25158562,3.945885006
48453002112,2019,5426,1720,1298,2187,0,119,0,0,7,0,0,27,10,1720,162,179,1548,733,126,2187,732,123,12,0,0,119,10,0,2005,7,21,0,20,119,68,11,952,356,99,NA,NA,454,0,0,7,0,0,3519,1852,1186,2728,196,2142,1475,2532,882,103,257,3736,139,40665,1891,56080,779,21968,510,43929,554,56125,31,25868,5370,1758,24,1145,327,1713,212,1528,961,2158,800,12,0,119,27,2259,368,1891,658,1233,2259,1246,321200,907,1995,1281,1680,504,156,3920,1247,819,1145,433,31.69922595,23.92185772,40.30593439,0,2.193144121,0,0,0.129008478,0,0,0.497604128,0.184297825,9.418604651,10.40697674,47.35142119,8.139534884,33.47050754,5.624142661,0,0,8.403361345,0,36.95171397,0.129008478,0.387025433,0,0.368595651,2.193144121,1.253225212,0.202727608,17.54515297,6.56100258,1.82454847,NA,NA,0,0,0.129008478,0,0,52.62858767,33.70275646,7.184750733,68.86087768,34.83412322,4.06793049,10.15007899,3.720556745,32.73743017,0.446927374,28.55895197,12.37594863,62.89267016,37.07136237,0,22.68907563,16.29039398,34.79640402,55.15714918,88.31341301,67.74193548,30.96203465,9.288610394,2.875046074,31.81122449,20.89285714,37.81659389
48453002106,2019,3087,1237,316,1377,0,10,0,38,58,30,14,20,0,1237,207,139,316,0,157,1377,258,8,0,0,0,10,0,10,1223,37,0,0,20,40,49,21,503,16,60,NA,NA,87,0,0,18,0,0,2306,556,1147,1959,94,1250,880,1865,985,131,164,2454,92,92260,1157,108802,533,30147,152,99313,398,NA,10,35893,3051,289,34,855,37,1237,75,316,12,1341,192,0,0,10,10,1276,119,1157,815,342,1276,151,349300,1061,1205,402,633,621,137,2585,1367,412,855,14,40.0712666,10.23647554,44.60641399,0,0.323939099,0,1.230968578,1.878846777,0.971817298,0.453514739,0.647878199,0,16.73403395,11.23686338,0,49.6835443,18.73638344,0.58097313,NA,NA,0,100,39.61775186,1.198574668,0,0,0.647878199,1.295756398,1.587301587,0.680272109,16.2941367,0.518302559,1.943634597,NA,NA,0,0,0.583090379,0,0,24.11101474,49.73980919,4.798366514,70.4,52.8150134,7.024128686,8.793565684,3.748981255,9.472304163,1.114388725,4.32748538,6.06305578,3.797468354,14.31767338,NA,100,9.326018809,70.44079516,11.8338558,94.43573668,34.74503025,20.505345,20.11661808,4.437965662,52.88201161,15.93810445,1.637426901
48453002316,2019,4587,1425,589,2283,0,223,0,60,28,18,22,0,0,1425,0,7,612,81,6,2283,432,30,232,49,0,256,52,0,1827,14,17,18,50,55,68,57,1406,673,140,NA,NA,813,11,0,0,20,0,3044,1550,805,3489,108,1557,1274,3381,936,104,320,3871,197,39181,2120,40250,937,31813,245,37832,795,NA,85,28847,4587,865,30,664,137,1425,156,612,112,2283,597,232,35,256,9,2431,311,2120,27,2093,2431,2390,NA,944,1889,1993,716,67,21,4045,736,611,664,178,31.06605625,12.84063658,49.77109222,0,4.861565293,0,1.308044474,0.610420754,0.392413342,0.479616307,0,0,0,0.49122807,13.23529412,0.980392157,18.92247043,1.314060447,21.12068966,0,20.3125,0,39.82995422,0.305210377,0.370612601,0.392413342,1.090037061,1.199040767,1.482450403,1.24264225,30.65184216,14.67189884,3.052103772,NA,NA,0.239808153,0,0,0.436014825,0,50.91984231,26.44546649,3.09544282,81.82402055,27.68411713,3.076013014,9.464655427,5.089124257,18.85764116,0.654022237,20.63253012,10.94736842,18.30065359,26.14980289,15.0862069,3.515625,12.79308926,1.273584906,98.31345125,77.70464829,94.00943396,15.60933072,1.460649662,0.457815566,18.19530284,15.10506799,26.80722892
48453001804,2019,6757,1840,639,3765,0,498,12,0,30,0,0,57,381,1840,107,290,696,92,27,3765,954,63,72,0,0,572,16,65,2615,353,22,0,23,29,98,33,2408,884,652,NA,NA,1324,0,0,0,0,0,4947,2226,1525,4054,197,2253,1466,3857,1095,387,135,5360,126,39214,2741,57926,1012,46806,351,32320,1220,NA,215,24217,6741,1902,179,1242,233,1840,142,696,121,3749,1268,72,72,556,429,2856,115,2741,717,2024,2856,1860,248600,847,2558,1921,1397,759,106,5604,1552,1148,1242,174,27.23101968,9.456859553,55.71999408,0,7.370134675,0.177593607,0,0.443984017,0,0,0.843569631,5.638597011,5.815217391,15.76086957,13.2183908,3.879310345,25.33864542,1.673306773,0,0,2.797202797,11.36363636,38.70060678,5.224211928,0.325588279,0,0.340387746,0.429184549,1.450347787,0.488382418,35.63711706,13.08272902,9.649252627,NA,NA,0,0,0,0,0,44.99696786,30.8267637,4.859398125,65.06879716,28.38994037,10.03370495,3.500129634,2.350746269,28.21539831,2.655392375,18.76006441,7.717391304,17.38505747,33.82235263,100,77.15827338,4.026610644,26.15833637,65.12605042,89.56582633,70.08391098,20.67485571,11.23279562,1.568743525,27.69450393,20.48536759,14.00966184
48453001834,2019,11691,4017,1869,3692,0,1809,124,501,234,38,17,80,939,4017,510,457,1916,432,75,3692,989,99,185,0,0,1970,308,132,2866,200,26,21,19,416,88,49,3548,1497,1255,NA,NA,1109,21,0,61,0,0,8207,2585,3795,7309,277,4806,3560,7032,3345,478,284,9130,465,69614,4463,86161,1828,63656,732,59413,1207,79722,706,40763,11666,921,131,2646,137,3992,392,1916,236,3692,225,185,0,1970,68,4722,259,4463,1916,2547,4722,2217,241800,1137,1212,3262,2561,1412,414,9327,4111,1437,2646,354,34.35976392,15.9866564,31.57984775,0,15.47344111,1.060644941,4.285347703,2.001539646,0.325036353,0.145411,0.684287058,8.031819348,12.69604182,11.37664924,22.54697286,3.91440501,26.78764897,2.681473456,0,0,15.63451777,6.700507614,24.51458387,1.710717646,0.222393294,0.179625353,0.162518176,3.558292704,0.752715764,0.419125823,30.34813104,12.80472158,10.73475323,NA,NA,0.179625353,0,0.521768882,0,0,31.49750213,46.24101377,3.789848132,74.07407407,47.56825939,6.797497156,4.038680319,5.093099671,7.894736842,1.12292131,5.177626606,9.819639279,12.31732777,6.094257855,0,3.45177665,5.484963998,42.93076406,46.95044473,25.66709022,73.08984988,21.90573946,12.07766658,3.541185527,44.07633751,15.40688324,13.37868481
48453002202,2019,9747,456,2038,7004,0,18,0,0,19,0,0,0,0,456,140,73,2103,444,250,7004,2434,50,0,0,0,18,0,0,6247,161,60,0,59,0,27,0,3386,1041,439,NA,NA,2445,0,0,39,0,0,5138,3826,567,4316,362,3232,1969,3954,311,344,285,6080,441,44253,2615,63040,123,50220,867,43861,1640,NA,0,15488,9645,3528,37,2060,615,413,116,2094,529,6954,2705,0,0,18,18,2782,167,2615,1271,1344,2782,971,94900,962,958,1585,3667,780,121,6583,2948,1260,2060,687,4.678362573,20.90899764,71.85800759,0,0.184672207,0,0,0.194931774,0,0,0,0,30.70175439,16.00877193,21.11269615,11.88777936,34.75157053,0.713877784,NA,NA,0,0,64.09151534,1.651790294,0.615574023,0,0.605314456,0,0.27700831,0,34.73889402,10.6802093,4.503949933,NA,NA,0,0,0.400123115,0,0,74.46477228,11.03542234,8.387395737,60.9220297,7.865452706,8.700050582,7.207890744,7.253289474,36.5785381,0.383618455,29.85436893,28.08716707,25.26265521,38.8984757,NA,100,6.002875629,48.6042065,34.90294752,34.4356578,60.61185468,37.62183236,8.002462296,1.241407613,44.78201428,19.14020963,33.34951456
48209010803,2019,4605,4181,27,312,26,0,0,0,0,0,0,0,0,4181,373,1089,27,0,0,312,99,36,26,0,16,0,0,0,288,0,0,0,26,273,273,45,173,10,93,NA,NA,37,0,0,0,0,0,3443,867,1505,1967,0,1819,744,1967,844,57,292,3861,409,79464,1905,81162,1752,NA,10,NA,102,NA,0,37859,4605,505,43,1276,27,4181,409,27,0,312,96,26,0,0,0,2282,377,1905,1475,430,2282,167,331000,695,913,878,744,1484,485,4104,2442,623,1276,9,90.79261672,0.586319218,6.7752443,0.564603692,0,0,0,0,0,0,0,0,8.921310691,26.04640038,0,0,31.73076923,11.53846154,0,61.53846154,NA,NA,6.254071661,0,0,0,0.564603692,5.928338762,5.928338762,0.977198697,3.756786102,0.217155266,2.019543974,NA,NA,0,0,0,0,0,25.18152774,43.71187918,0,40.90159428,42.9079817,2.89781393,14.84494154,10.59311059,10.96634093,0.933767644,2.115987461,9.78234872,0,30.76923077,0,NA,16.52059597,77.42782152,7.318141981,40.00876424,46.08923885,16.15635179,32.22584148,10.5320304,59.50292398,15.18031189,0.705329154
48209010804,2019,9459,8142,0,1159,120,5,0,0,28,19,0,0,0,8142,1162,2206,0,0,0,1159,231,98,120,44,0,33,0,0,1029,0,0,0,231,878,653,61,286,23,223,NA,NA,14,0,43,9,0,0,6714,1296,3139,5001,101,4089,2329,4900,2292,167,680,7587,1000,84122,3693,83750,3395,NA,0,NA,292,NA,0,41860,9337,180,102,2569,0,8038,180,0,0,1141,0,120,0,33,0,4390,697,3693,3245,448,4390,167,292200,1276,1824,1843,1872,3083,801,8019,4636,1725,2569,88,86.0767523,0,12.25288085,1.268633048,0.05285971,0,0,0.296014378,0.200866899,0,0,0,14.27167772,27.09408008,NA,NA,19.93097498,8.455565142,36.66666667,0,0,0,10.87852839,0,0,0,2.442118617,9.282165134,6.903478169,0.644888466,3.023575431,0.243154668,2.357543081,NA,NA,0,0.454593509,0.095147479,0,0,19.30294906,46.75305332,2.019596081,56.95769137,46.7755102,3.408163265,13.87755102,13.18044023,1.927814073,1.092427975,0,2.239363026,NA,0,0,0,15.87699317,87.86894124,3.804100228,41.54897494,49.9052261,19.79067555,32.59329739,8.468125595,57.81269485,21.5114104,3.425457376
48209010805,2019,9256,7253,283,1070,0,291,0,102,131,168,26,47,137,7253,2185,955,283,41,94,1070,418,31,20,4,0,323,31,29,691,63,35,16,124,406,84,32,677,218,312,NA,NA,21,1,0,1,0,14,5755,676,3719,4247,225,3139,1790,4022,2417,602,285,6006,547,147891,2934,152014,2501,115673,75,136591,234,90536,112,51981,9254,160,4,2476,18,7251,160,283,0,1070,0,20,0,323,0,2952,18,2934,2736,198,2952,97,435000,1459,242,1998,3223,1446,339,6324,4658,734,2476,77,78.35998271,3.057476232,11.56006914,0,3.143906655,0,1.1019879,1.415298185,1.815038894,0.280898876,0.507778738,1.480121003,30.12546532,13.16696539,14.48763251,33.2155477,39.06542056,2.897196262,20,0,9.59752322,8.978328173,7.465427831,0.680639585,0.378133103,0.172860847,1.339671564,4.386343993,0.907519447,0.345721694,7.314174589,2.355229041,3.370786517,NA,NA,0.010803803,0,0.010803803,0,0.151253241,11.74630756,64.62206777,5.297857311,57.02453011,60.09448036,14.96767777,7.086026852,9.107559108,1.728982062,0.043224552,0.726978998,2.206592194,0,0,0,0,0.609756098,93.25153374,3.285907859,8.197831978,68.09815951,34.82065687,15.62229905,3.662489196,73.65591398,11.60657812,3.109854604
48209010806,2019,4788,3896,4,821,0,43,0,0,13,10,15,0,0,3896,747,617,6,0,0,821,176,4,0,0,0,50,0,9,613,30,0,0,36,416,89,93,583,169,68,NA,NA,390,8,7,50,0,0,3205,781,1664,2613,39,1851,1187,2574,1033,122,173,3531,334,101721,1603,107740,1399,NA,0,90956,177,78594,27,57149,4766,437,8,1347,150,3893,162,6,6,802,271,0,0,50,0,1711,108,1603,1320,283,1711,58,483400,918,396,721,1257,930,142,3841,2442,564,1347,133,81.3700919,0.083542189,17.14703425,0,0.89807853,0,0,0.271512114,0.208855472,0.313283208,0,0,19.17351129,15.83675565,0,0,21.43727162,0.487210719,NA,NA,0,18,12.80284043,0.626566416,0,0,0.751879699,8.688387636,1.858813701,1.94235589,12.17627402,3.529657477,1.42021721,NA,NA,0.167084378,0.14619883,1.04427736,0,0,24.36817473,51.91887676,1.492537313,64.12749865,40.13209013,4.73970474,6.721056721,9.459076749,9.169114561,0.167855644,11.13585746,4.161315181,100,33.79052369,NA,0,6.312098188,82.345602,3.389830508,23.14436002,44.97816594,26.25313283,19.4235589,2.965747703,63.57719344,14.68367613,9.873793615
48209010807,2019,2667,2193,21,443,0,8,0,0,0,0,0,0,8,2193,312,409,21,0,0,443,106,47,0,0,0,8,0,0,405,0,0,0,55,160,42,18,54,0,29,NA,NA,34,0,0,3,0,0,1889,520,819,1410,22,1077,592,1388,597,114,190,2133,167,95750,958,100046,823,NA,21,51711,114,NA,0,47408,2605,144,50,737,7,2144,104,21,0,430,40,0,0,8,0,1068,110,958,744,214,1068,56,425200,1085,310,529,534,616,187,2249,1280,458,737,96,82.2272216,0.787401575,16.6104237,0,0.299962505,0,0,0,0,0,0,0.299962505,14.22708618,18.6502508,0,0,23.92776524,10.60948081,NA,NA,0,0,15.1856018,0,0,0,2.06224222,5.999250094,1.57480315,0.674915636,2.024746907,0,1.087364079,NA,NA,0,0,0.112485939,0,0,27.52779248,43.35627316,1.560283688,54.96750232,43.01152738,8.213256484,13.68876081,7.829348336,5.527831094,1.919385797,0.949796472,4.850746269,0,9.302325581,NA,0,10.29962547,77.66179541,5.243445693,29.02621723,55.21920668,20.02249719,23.09711286,7.011623547,56.91418408,20.36460649,13.02578019
48209010808,2019,6068,4811,9,1109,0,0,0,0,0,0,0,0,0,4811,748,881,9,0,0,1109,315,30,0,0,0,0,0,0,977,0,62,0,45,397,96,104,362,0,152,NA,NA,31,0,0,0,22,0,4040,1132,1661,3180,67,2588,1413,3113,1353,284,525,4508,356,98135,2177,104511,1793,NA,3,65641,357,NA,0,45313,5991,448,38,1783,41,4734,323,9,0,1109,119,0,0,0,0,2361,184,2177,1772,405,2361,179,365800,948,590,1001,1560,1369,276,4955,3064,712,1783,186,79.28477258,0.148319051,18.27620303,0,0,0,0,0,0,0,0,0,15.54770318,18.31220121,0,0,28.40396754,2.705139766,NA,NA,NA,NA,16.10085695,0,1.021753461,0,0.741595254,6.542518128,1.582069875,1.713909031,5.965721819,0,2.504943968,NA,NA,0,0,0,0.36255768,0,28.01980198,41.11386139,2.106918239,54.59814529,43.46289753,9.123032445,16.86476068,7.897071872,7.477883492,0.63428476,2.299495233,6.822982678,0,10.73038774,NA,NA,7.79330792,81.39641709,7.581533249,24.98941127,45.9807074,25.70863546,22.56097561,4.54845089,61.83652876,14.36932392,10.43185642
48209010905,2019,7292,4012,212,2829,20,100,0,0,84,0,0,0,0,4012,743,529,251,21,56,2829,478,406,20,0,0,100,0,0,2571,0,86,0,100,482,90,36,418,38,274,NA,NA,147,0,0,21,0,0,5543,1303,2341,3779,91,2648,1446,3688,1626,333,124,5832,626,82173,2815,82361,1529,95398,107,80825,1087,NA,42,36068,7292,304,36,2066,26,4012,236,251,48,2829,20,20,0,100,0,2922,107,2815,2264,551,2922,58,237200,765,577,1819,1460,1498,311,6037,3881,960,2066,60,55.01919912,2.907295666,38.79594076,0.274273176,1.37136588,0,0,1.15194734,0,0,0,0,18.51944167,13.18544367,8.366533865,22.31075697,16.89642983,14.3513609,0,0,0,0,35.25781679,0,1.179374657,0,1.37136588,6.609983544,1.234229292,0.493691717,5.73230938,0.521119035,3.757542512,NA,NA,0,0,0.287986835,0,0,23.5071261,42.23344759,2.408044456,54.60725076,44.08893709,9.029284165,3.362255965,10.73388203,4.168952276,0.493691717,1.258470474,5.882352941,19.12350598,0.706963591,0,0,3.661875428,80.42628774,1.984941821,19.7467488,64.61811723,20.02194185,20.54306089,4.264947888,64.28689747,15.90193805,2.904162633
48209010809,2019,5842,4801,12,757,15,117,0,80,60,0,0,0,0,4801,630,873,12,0,0,757,279,27,15,0,15,117,3,0,598,35,0,17,53,198,184,88,534,150,214,NA,NA,96,0,12,10,0,0,4166,677,2264,3282,75,2280,1360,3207,1812,343,346,4583,330,131410,2045,136205,1739,NA,6,89125,251,250001,29,55724,5834,242,27,1776,47,4793,131,12,0,757,111,15,0,117,0,2088,43,2045,1864,181,2088,27,424500,1845,387,840,1259,1492,200,4908,3162,449,1776,58,82.18076001,0.205409106,12.95789113,0.256761383,2.002738788,0,1.369394043,1.027045532,0,0,0,0,13.12226619,18.18371173,0,0,36.85601057,3.5667107,0,100,2.564102564,0,10.23622047,0.599109894,0,0.290996234,0.907223554,3.389250257,3.149606299,1.506333447,9.140705238,2.567613831,3.663129065,NA,NA,0,0.205409106,0.171174255,0,0,16.2506001,54.34469515,2.285191956,59.64912281,56.50140318,10.69535391,10.78889928,7.200523674,4.14809736,0.462804251,2.646396396,2.733152514,0,14.66314399,0,0,2.059386973,91.14914425,1.293103448,18.53448276,41.07579462,21.55083875,25.5391989,3.423485108,64.42542787,9.148329258,3.265765766
48209010906,2019,16851,6284,1003,9071,42,226,0,0,114,53,0,0,5,6284,1070,694,1127,199,8,9071,2608,542,114,0,59,243,56,5,8235,0,250,0,28,329,349,263,1362,364,412,NA,NA,458,0,0,0,0,0,10831,4721,2832,9624,424,6202,4500,9200,3384,404,713,12261,941,80611,5297,80000,2392,96875,335,80199,2358,92612,128,29129,15978,986,190,3884,158,6105,390,976,22,8518,574,114,0,243,0,5446,149,5297,4267,1030,5446,4,189700,1393,125,3111,4535,1869,289,12855,6621,2456,3884,371,37.2915554,5.952169011,53.8306332,0.249243368,1.341166696,0,0,0.676517714,0.314521393,0,0,0.02967183,17.0273711,11.04392107,17.65749778,0.709849157,28.75096461,5.975085437,0,51.75438596,23.04526749,2.057613169,48.86950329,0,1.483591478,0,0.166162246,1.952406385,2.071093704,1.560738235,8.082606374,2.160109192,2.444958756,NA,NA,0,0,0,0,0,43.58784969,26.14717016,4.405652535,72.5572396,36.7826087,4.391304348,7.75,7.674741049,6.170985105,1.189135061,4.067971164,6.388206388,2.254098361,6.73867105,0,0,2.735952993,80.55503115,0.073448402,2.295262578,58.73135737,26.91234942,11.09132989,1.715031749,51.50525088,19.10540646,9.552008239
48209010907,2019,14466,3572,255,10395,113,5,0,0,0,0,0,4,3,3572,621,497,288,98,11,10395,3252,458,160,14,0,5,0,4,8987,0,446,2,23,308,98,35,3242,820,551,NA,NA,1685,0,0,23,0,0,8079,4448,1247,6347,222,5260,2810,6125,1190,276,335,9643,514,59189,3780,66384,1371,110455,60,53968,2314,NA,0,18936,14453,3065,135,2984,451,3559,352,288,0,10395,2713,160,0,5,0,4082,302,3780,2530,1250,4082,611,132900,1104,825,1721,4823,1562,347,10399,5130,1573,2984,221,24.69238214,1.762754044,71.85815015,0.781141988,0.034563805,0,0,0,0,0,0.027651044,0.020738283,17.38521837,13.9137738,34.02777778,3.819444444,31.28427128,4.405964406,8.75,0,0,80,62.12498272,0,3.083091387,0.013825522,0.158993502,2.129130375,0.677450574,0.241946633,22.41117102,5.668463985,3.808931287,NA,NA,0,0,0.158993502,0,0,55.05631885,15.4350786,3.497715456,53.42205323,19.42857143,4.506122449,5.469387755,5.330291403,21.2066699,0.934062132,15.11394102,9.890418657,0,26.0990861,0,0,7.39833415,66.93121693,14.96815287,20.21068104,45.52910053,33.34024609,10.79773261,2.398728052,49.33166651,15.12645447,7.40616622
48209010908,2019,15448,4869,1065,9069,0,254,0,0,57,0,6,0,0,4869,852,596,1193,647,22,9069,2884,271,65,17,0,254,75,0,8369,36,36,0,32,645,114,32,2352,876,583,NA,NA,1081,0,0,24,0,0,9420,3925,2466,8368,278,5216,3690,8090,2523,426,648,10531,823,77325,4749,78952,1940,71417,195,77156,2467,NA,104,28914,15337,1157,63,3543,268,4846,418,1175,22,8981,704,65,0,254,0,4960,211,4749,3450,1299,4960,703,225100,994,502,3722,4845,1417,360,11081,5733,1724,3543,576,31.51864319,6.894096323,58.70662869,0,1.64422579,0,0,0.368979803,0,0.038839979,0,0,17.49845964,12.24070651,54.23302598,1.844090528,31.80063954,2.988201566,26.15384615,0,29.52755906,0,54.17529777,0.233039876,0.233039876,0,0.207146556,4.175297773,0.737959606,0.207146556,15.22527188,5.670636976,3.773951321,NA,NA,0,0,0.155359917,0,0,41.66666667,26.17834395,3.322179732,70.74386503,31.18665019,5.265760198,8.009888752,7.815022315,7.54384821,0.410771337,7.564211121,8.625670656,1.872340426,7.838770738,0,0,4.254032258,72.64687303,14.1733871,10.12096774,78.37439461,31.36328327,9.172708441,2.330398757,51.73720783,15.55816262,16.25740898
48209010909,2019,8299,5065,102,2792,0,167,0,73,31,59,37,50,0,5065,867,765,196,18,5,2792,816,66,62,0,0,195,34,0,2379,30,0,0,97,213,131,147,646,161,394,NA,NA,125,0,0,14,0,0,5108,1248,2054,4415,193,3177,2055,4222,1821,306,293,5901,499,69650,3040,68465,2135,102986,87,87500,750,93088,40,36204,8272,354,0,1967,79,5065,179,196,0,2765,139,62,0,195,0,3230,190,3040,1548,1492,3230,821,229100,1304,148,2281,2398,1113,384,6500,3134,1432,1967,288,61.03144957,1.229063743,33.64260754,0,2.012290637,0,0.879624051,0.373538981,0.710929028,0.445836848,0.602482227,0,17.11747285,15.10365252,9.183673469,2.551020408,29.22636103,2.363896848,0,0,17.43589744,0,28.66610435,0.361489336,0,0,1.16881552,2.566574286,1.578503434,1.771297747,7.78407037,1.93999277,4.747559947,NA,NA,0,0,0.168695023,0,0,24.43226312,40.21143305,4.371460929,64.68366383,43.13121743,7.247749882,6.939838939,8.456193865,4.279497099,0,4.016268429,3.534057256,0,5.027124774,0,0,5.882352941,50.92105263,25.41795666,4.582043344,75.03289474,28.8950476,13.41125437,4.627063502,48.21538462,22.03076923,14.64158617
48209010910,2019,10379,3877,532,5787,22,29,0,0,53,0,10,106,0,3877,719,319,705,226,129,5787,1950,294,22,0,22,29,0,0,5234,0,64,34,0,232,205,0,719,55,335,NA,NA,312,0,0,0,0,0,6451,2851,1447,5591,222,3595,2567,5369,1796,429,212,7163,588,80063,3190,92357,1434,NA,256,77428,1421,NA,0,29321,10363,463,0,2352,57,3861,111,705,99,5787,253,22,0,29,0,3401,211,3190,2170,1020,3401,551,174900,1218,331,1870,3216,1404,167,7552,4220,944,2352,256,37.35427305,5.125734657,55.75681665,0.211966471,0.279410348,0,0,0.510646498,0,0.096348396,1.021292995,0,18.54526696,8.228011349,32.05673759,18.29787234,33.69621566,5.080352514,0,100,0,0,50.42875036,0,0.616629733,0.327584546,0,2.235282783,1.975142114,0,6.927449658,0.529916177,3.227671259,NA,NA,0,0,0,0,0,44.1946985,22.43063091,3.970667144,71.40472879,33.45129447,7.99031477,3.948593779,8.20885104,4.467818199,0,2.423469388,2.874902875,14.04255319,4.37186798,0,0,6.20405763,68.02507837,16.20111732,9.732431638,58.62068966,30.98564409,13.52731477,1.60901821,55.87923729,12.5,10.88435374
48453002403,2019,2743,1503,51,1109,0,38,0,0,0,0,8,37,0,1503,228,145,51,0,0,1109,191,151,0,0,0,38,0,8,904,0,0,0,38,67,100,41,512,116,250,NA,NA,185,0,0,0,16,0,2166,751,886,1779,85,1053,739,1694,608,63,133,2267,83,69018,1093,85488,650,NA,38,48646,376,NA,22,34414,2743,505,38,560,88,1503,86,51,0,1109,412,0,0,38,0,1161,68,1093,656,437,1161,217,257400,1098,862,607,476,389,100,2302,1039,282,560,77,54.79402114,1.859278163,40.43018593,0,1.385344513,0,0,0,0,0.291651476,1.348888079,0,15.16966068,9.647371923,0,0,17.22272317,13.61587015,NA,NA,0,21.05263158,32.95661684,0,0,0,1.385344513,2.442581116,3.645643456,1.494713817,18.6656945,4.228946409,9.11410864,NA,NA,0,0,0,0.583302953,0,34.67220683,40.90489381,4.777965149,70.18043685,35.89138135,3.719008264,7.851239669,3.66122629,18.41049945,1.385344513,15.71428571,5.721889554,0,37.15058611,NA,0,5.857019811,60.01829826,18.69078381,74.24633936,55.53522415,17.35326285,14.18155304,3.645643456,45.13466551,12.2502172,13.75
48453002407,2019,6663,3778,251,2220,19,312,0,36,91,13,32,0,208,3778,432,891,251,15,75,2220,343,203,19,0,0,312,100,34,1848,5,38,5,38,293,145,140,538,133,302,NA,NA,257,0,0,0,0,0,5132,1525,2246,4068,104,3138,1975,3964,1860,277,329,5567,558,81636,2702,83824,1640,79886,156,85156,731,NA,100,38142,6663,523,72,1733,98,3778,263,251,2,2220,190,19,0,312,36,3104,402,2702,1484,1218,3104,1221,314700,1286,755,1795,1096,1720,353,5755,2930,908,1733,165,56.70118565,3.76707189,33.31832508,0.285156836,4.682575416,0,0.540297163,1.365751163,0.195107309,0.480264145,0,3.121716944,11.43462149,23.58390683,5.976095618,29.88047809,15.45045045,9.144144144,0,0,32.05128205,10.8974359,27.73525439,0.075041273,0.570313673,0.075041273,0.570313673,4.39741858,2.176196908,2.101155636,8.074440943,1.996097854,4.532492871,NA,NA,0,0,0,0,0,29.71551052,43.76461419,2.55653884,62.93817718,46.92230071,6.987891019,8.299697275,10.0233519,7.849317124,1.080594327,5.654933641,6.961355214,0.796812749,8.558558559,0,11.53846154,12.95103093,54.92227979,39.33634021,24.32345361,66.43227239,16.44904698,25.81419781,5.297913853,50.91225022,15.77758471,9.521061743
48453002413,2019,5045,628,534,3822,0,0,0,0,0,32,0,0,0,628,182,82,608,121,11,3822,1357,151,0,0,0,0,0,0,3386,30,0,0,12,38,2,0,1137,78,136,NA,NA,747,0,9,0,0,0,2853,1979,227,2245,222,1782,1126,2023,248,65,243,3176,110,39236,1374,66339,201,21776,206,42575,991,NA,0,15537,4998,1750,52,1127,348,619,204,608,317,3784,1230,0,0,0,0,1374,0,1374,417,957,1374,746,131500,859,777,815,1869,348,106,3389,1314,574,1127,386,12.44796829,10.58473736,75.75817641,0,0,0,0,0,0.634291378,0,0,0,28.98089172,13.05732484,19.90131579,1.809210526,35.50497122,3.950811094,NA,NA,NA,NA,67.11595639,0.594648167,0,0,0.237859267,0.753221011,0.039643211,0,22.53716551,1.546085233,2.695738355,NA,NA,0,0.17839445,0,0,0,69.36558009,7.956536979,9.888641425,63.18742985,12.25902126,3.213049926,12.01186357,3.463476071,35.0140056,1.040416166,30.87843833,32.95638126,52.13815789,32.50528541,NA,NA,0,30.34934498,54.29403202,56.55021834,59.31586608,37.04658077,6.897918731,2.101090188,38.77249926,16.9371496,34.25022183
48453002402,2019,8514,3990,657,3546,15,259,0,96,21,15,78,11,62,3990,362,386,657,2,109,3546,708,164,43,0,0,259,0,57,2752,0,450,0,49,167,227,31,1338,116,689,NA,NA,233,0,0,0,0,0,6346,2026,2425,6120,169,3568,2717,5951,2710,287,585,7325,556,63495,3875,69955,1833,94504,441,41830,1400,48173,147,35159,8509,1567,112,1597,186,3988,687,655,64,3545,780,43,0,259,27,4041,166,3875,1140,2735,4041,2216,259400,1179,1712,2767,1189,919,269,7442,2345,1047,1597,171,46.86398872,7.716701903,41.64904863,0.176180409,3.042048391,0,1.127554616,0.246652572,0.176180409,0.916138125,0.129198966,0.728212356,9.072681704,9.674185464,0.304414003,16.59056317,19.96615905,4.624929498,0,0,0,22.00772201,32.32323232,0,5.285412262,0,0.575522669,1.961475217,2.666196852,0.364106178,15.71529246,1.362461828,8.092553441,NA,NA,0,0,0,0,0,31.92562244,38.21304759,2.761437908,76.14910314,45.53856495,4.822718871,9.830280625,7.590443686,18.41579504,1.316253379,11.64683782,17.22668004,9.770992366,22.00282087,0,10.42471042,4.107894086,29.41935484,54.83791141,42.36575105,71.40645161,13.96523373,10.79398638,3.159501997,31.51034668,14.06879871,10.70757671
48453002423,2019,6007,3167,304,2271,18,133,0,0,60,34,30,26,73,3167,279,406,373,0,34,2271,566,82,56,0,31,133,0,15,1946,0,58,0,0,171,161,53,550,103,254,NA,NA,70,0,0,0,0,0,4708,1458,2023,4056,59,2532,1935,3997,1473,242,244,4987,268,69654,2609,75982,1514,42991,153,66361,880,NA,15,36205,6007,478,54,1510,46,3167,147,373,48,2271,304,56,0,133,0,2703,94,2609,1682,927,2703,330,237300,1551,1402,1699,1020,842,85,5150,2294,1028,1510,126,52.72182454,5.060762444,37.80589312,0.299650408,2.214083569,0,0,0.998834693,0.566006326,0.499417346,0.432828367,1.215248876,8.80959899,12.81970319,0,9.115281501,24.92294144,3.610744166,0,55.35714286,0,11.27819549,32.39553854,0,0.965540203,0,0,2.846678875,2.680206426,0.882303979,9.155984685,1.714666223,4.2284002,NA,NA,0,0,0,0,0,30.96856415,42.96941376,1.454635108,76.42180095,36.85263948,6.054540906,6.104578434,5.373972328,7.957383053,0.898951224,3.046357616,4.641616672,12.86863271,13.38617349,0,0,3.477617462,64.46914527,12.20865705,51.86829449,65.12073591,16.98018978,14.01698019,1.415015815,44.54368932,19.96116505,8.344370861
48453001901,2019,6190,4245,20,1484,0,92,0,100,0,48,12,10,37,4245,429,598,20,0,0,1484,729,55,0,0,0,113,0,23,724,10,118,0,73,256,41,48,515,162,225,NA,NA,17,0,0,0,0,21,4462,459,3169,3895,92,2392,1851,3803,2447,154,355,4820,219,87072,2975,99167,2332,NA,20,55051,434,NA,48,59824,6190,601,15,1207,90,4245,144,20,0,1484,416,0,0,113,21,3199,224,2975,1236,1739,3199,1830,629800,1253,2816,2020,1370,934,161,4982,1790,837,1207,191,68.57835218,0.323101777,23.97415186,0,1.486268174,0,1.615508885,0,0.775444265,0.193861066,0.161550889,0.597738288,10.10600707,14.08716137,0,0,49.12398922,3.706199461,NA,NA,0,20.3539823,11.69628433,0.161550889,1.906300485,0,1.179321486,4.135702746,0.662358643,0.775444265,8.319870759,2.617124394,3.634894992,NA,NA,0,0,0,0,0.339256866,10.28686688,71.02196325,2.362002567,77.38294314,64.343939,4.049434657,9.334735735,4.543568465,9.709208401,0.242326333,7.456503728,3.392226148,0,28.03234501,NA,18.5840708,7.002188184,41.54621849,57.20537668,88.0275086,67.89915966,22.13247173,15.08885299,2.600969305,35.92934564,16.80048173,15.82435791
48453002004,2019,2732,1553,168,699,0,176,0,77,46,16,0,33,0,1553,19,88,192,0,0,699,49,30,0,0,0,176,11,0,612,0,10,0,0,177,79,0,222,92,69,NA,NA,29,0,0,0,0,0,2204,288,1471,2258,47,1426,1169,2211,1190,87,156,2627,190,50761,1864,56190,1136,NA,107,34113,448,70417,107,52156,2732,352,4,319,13,1553,164,192,73,699,98,0,0,176,37,2026,162,1864,119,1745,2026,1871,348700,1171,1031,1656,105,209,40,2627,478,401,319,66,56.84480234,6.149341142,25.58565154,0,6.442166911,0,2.818448023,1.68374817,0.585651537,0,1.207906296,0,1.223438506,5.666452028,0,0,7.010014306,4.291845494,NA,NA,6.25,0,22.4011713,0,0.366032211,0,0,6.478770132,2.891654466,0,8.125915081,3.36749634,2.525622255,NA,NA,0,0,0,0,0,13.06715064,66.74228675,2.081488043,81.97755961,53.82180009,3.934871099,7.055630936,7.232584697,12.88433382,0.146412884,4.07523511,10.56020605,38.02083333,14.02002861,NA,21.02272727,7.996051333,6.384120172,92.34945706,50.88845015,88.84120172,3.843338214,7.650073206,1.464128843,18.19566045,15.26456033,20.68965517
48453002108,2019,4082,648,1576,1710,0,82,0,38,0,68,0,0,0,648,82,11,1702,278,331,1710,556,70,0,0,0,82,9,17,1473,0,0,0,22,0,40,23,512,145,77,NA,NA,273,0,0,0,0,0,2746,1146,717,2274,53,1525,1033,2221,798,179,117,3066,109,44516,1496,91538,300,40859,691,31983,454,NA,10,23513,4068,535,63,812,54,648,50,1688,244,1710,231,0,0,82,0,1657,161,1496,559,937,1657,845,253800,887,1126,929,1016,634,242,3216,1008,737,812,247,15.87457129,38.60852523,41.89122979,0,2.008819206,0,0.930916218,0,1.665850073,0,0,0,12.65432099,1.697530864,16.33372503,19.44770858,32.51461988,4.093567251,NA,NA,10.97560976,20.73170732,36.08525233,0,0,0,0.538951494,0,0.979911808,0.56344929,12.54287114,3.552180304,1.88633023,NA,NA,0,0,0,0,0,41.73343044,26.11070648,2.330694811,67.73770492,35.92976137,8.059432688,5.267897344,3.555120678,13.15142576,1.548672566,6.650246305,7.716049383,14.4549763,13.50877193,NA,0,9.716354858,37.36631016,50.9957755,67.95413398,62.09893048,24.88975992,15.53160216,5.928466438,31.34328358,22.91666667,30.41871921
48453002412,2019,6165,622,302,5122,0,52,0,0,0,36,0,43,0,622,62,132,314,106,0,5122,1069,421,33,0,0,52,0,0,4844,0,35,0,9,31,36,0,1655,162,618,NA,NA,987,0,0,9,0,0,3863,2957,270,3170,233,2414,1500,2937,471,145,257,4510,139,60781,1482,84271,287,NA,111,62344,1055,NA,9,17886,6165,1120,34,1186,219,622,87,314,214,5122,807,33,0,52,0,1561,79,1482,912,570,1561,113,126800,1082,1400,553,1655,850,267,4901,1728,824,1186,295,10.0892133,4.898621249,83.08191403,0,0.843471208,0,0,0,0.583941606,0,0.697485807,0,9.967845659,21.22186495,33.75796178,0,20.87075361,8.219445529,0,0,0,0,78.57258719,0,0.567721006,0,0.145985401,0.502838605,0.583941606,0,26.84509327,2.627737226,10.0243309,NA,NA,0,0,0.145985401,0,0,76.54672534,6.989386487,7.350157729,62.13753107,16.03677222,4.937010555,8.750425604,3.082039911,18.16707218,0.551500406,18.46543002,13.98713826,68.15286624,15.75556423,0,0,5.060858424,61.53846154,7.238949391,89.68609865,37.31443995,26.84509327,13.78751014,4.330900243,35.25811059,16.81289533,24.87352445
48453002422,2019,6070,2727,327,2628,0,332,0,310,22,0,18,0,0,2727,176,238,347,0,8,2628,577,306,0,0,0,332,0,0,2512,55,29,0,0,164,162,88,921,325,339,NA,NA,468,0,0,0,23,0,4781,1435,2281,3847,139,2537,1792,3708,1497,106,184,5184,226,60728,2712,52670,1449,65893,226,62907,934,NA,92,30948,6070,238,101,1497,0,2727,112,347,3,2628,101,0,0,332,22,2892,180,2712,1364,1348,2892,1067,236900,1057,1872,1478,886,1195,107,5307,2505,912,1497,184,44.92586491,5.387149918,43.29489292,0,5.469522241,0,5.10708402,0.362438221,0,0.296540362,0,0,6.453978731,8.727539421,0,2.305475504,21.95585997,11.64383562,NA,NA,0,0,41.38385502,0.906095552,0.477759473,0,0,2.701812191,2.668863262,1.449752883,15.17298188,5.354200988,5.584843493,NA,NA,0,0,0,0.378912685,0,30.01464129,47.70968417,3.613205095,70.6346078,40.37216828,2.858683927,4.962243797,4.359567901,3.92092257,1.663920923,0,4.107077374,0.864553314,3.843226788,NA,6.626506024,6.22406639,50.29498525,36.89488243,64.73029046,54.49852507,14.59637562,19.68698517,1.76276771,47.20180893,17.1848502,12.29124916
48453000603,2019,8254,4440,399,1485,16,1750,0,216,744,95,37,341,299,4440,22,4,429,0,0,1485,0,24,16,0,0,1759,0,1,1162,0,49,56,63,187,87,70,1071,330,619,NA,NA,68,6,0,9,0,12,606,48,446,3578,227,4384,1934,3351,1157,175,41,8226,25,8907,2440,11796,1267,NA,176,NA,495,NA,452,7131,7062,5671,3,110,0,3588,2735,340,295,1264,875,16,16,1737,1640,2991,551,2440,101,2339,2991,2824,226500,1385,1019,2398,28,56,2,8229,52,69,110,0,53.7921008,4.834019869,17.99127696,0.193845408,21.20184153,0,2.616913012,9.013811485,1.150957112,0.448267507,4.131330264,3.622486067,0.495495495,0.09009009,0,0,0,1.616161616,0,0,0,0.056850483,14.07802278,0,0.593651563,0.678458929,0.763266295,2.265568209,1.054034408,0.848073661,12.97552702,3.998061546,7.499394233,NA,NA,0.072692028,0,0.109038042,0,0.145384056,7.920792079,73.59735974,6.344326439,44.1149635,34.52700686,5.222321695,1.223515369,0.303914418,80.3030303,0.042480884,0,76.22630992,86.76470588,69.22468354,100,94.41565918,18.42193246,4.139344262,94.41658308,34.06887329,98.27868852,0.339229465,0.678458929,0.024230676,0.631911532,0.838497995,0
48453000804,2019,2658,821,690,1036,0,62,0,22,9,0,10,0,0,821,23,41,777,162,113,1036,249,98,44,24,0,62,6,0,837,79,14,0,14,61,13,6,526,244,170,NA,NA,191,11,0,10,0,4,1920,810,799,1575,167,1128,723,1408,754,84,146,2142,38,31719,1025,99432,403,23438,258,20882,356,NA,16,32917,2658,807,53,505,131,821,148,777,176,1036,474,44,44,62,8,1141,116,1025,440,585,1141,420,456700,363,785,663,516,344,85,2212,679,569,505,117,30.88788563,25.95936795,38.97667419,0,2.332580888,0,0.827689992,0.338600451,0,0.376222724,0,0,2.801461632,4.993909866,20.84942085,14.54311454,24.03474903,9.459459459,54.54545455,0,9.677419355,0,31.48984199,2.972159518,0.526711813,0,0.526711813,2.294958616,0.489089541,0.225733634,19.78931527,9.179834462,6.395786305,NA,NA,0.413844996,0,0.376222724,0,0.15048909,42.1875,41.61458333,10.6031746,64.09574468,53.55113636,5.965909091,10.36931818,1.774042951,30.36117381,1.993980436,25.94059406,18.02679659,22.65122265,45.75289575,100,12.90322581,10.1665206,42.92682927,36.80981595,68.79929886,64.68292683,19.41309255,12.9420617,3.197893153,30.69620253,25.72332731,23.16831683
48453001100,2019,7410,5907,366,858,0,231,0,99,79,31,70,0,0,5907,28,636,366,10,39,858,18,121,6,0,0,231,0,0,576,7,0,11,151,230,160,244,889,305,405,NA,NA,78,11,0,70,0,7,6878,786,5205,5833,12,3009,2307,5821,4290,498,266,7300,263,133790,4592,147450,3974,NA,189,74470,306,134153,123,114993,7237,847,128,1175,0,5858,500,311,157,789,190,0,0,231,0,5715,1123,4592,1557,3035,5715,5663,448300,2250,1028,4067,94,1369,161,7344,2438,1237,1175,0,79.71659919,4.939271255,11.57894737,0,3.117408907,0,1.336032389,1.066126856,0.418353576,0.944669366,0,0,0.474013882,10.76688674,2.732240437,10.6557377,2.097902098,14.1025641,0,0,0,0,7.773279352,0.094466937,0,0.148448043,2.037786775,3.10391363,2.159244265,3.292847503,11.99730094,4.116059379,5.465587045,NA,NA,0.148448043,0,0.944669366,0,0.094466937,11.42774062,75.67606862,0.205726041,76.66999003,73.6986772,8.55523106,4.56966157,3.602739726,11.70374465,1.768688683,0,8.535336292,50.48231511,24.08111534,NA,0,19.65004374,33.90679443,99.09011374,17.98775153,88.56707317,1.268556005,18.47503374,2.172739541,33.19716776,16.84368192,0
48453002424,2019,3898,1854,131,1870,8,35,0,0,6,20,0,9,20,1854,99,333,165,17,8,1870,497,151,8,0,0,35,0,0,1285,18,63,0,36,152,19,21,526,184,112,NA,NA,408,23,0,0,0,0,2941,1149,1107,2262,74,1609,1086,2188,933,156,225,3201,132,56667,1486,61709,773,NA,74,51510,623,NA,29,30428,3795,616,64,796,58,1832,262,156,46,1798,316,8,0,35,0,1611,125,1486,747,739,1611,566,246400,1070,1332,890,697,678,183,3285,1203,666,796,57,47.56285274,3.360697794,47.97331965,0.205233453,0.897896357,0,0,0.15392509,0.513083633,0,0.230887635,0.513083633,5.339805825,17.96116505,10.3030303,4.848484848,26.57754011,8.07486631,0,0,0,0,32.9656234,0.461775269,1.616213443,0,0.923550539,3.899435608,0.487429451,0.538737814,13.49409954,4.72036942,2.873268343,NA,NA,0.590046178,0,0,0,0,39.0683441,37.64025842,3.271441202,67.49533872,42.6416819,7.129798903,10.2833638,4.12371134,16.23188406,1.686429513,7.286432161,14.30131004,29.48717949,17.57508343,0,0,7.759155804,50.269179,35.13345748,82.68156425,59.8923284,17.8809646,17.39353515,4.694715239,36.62100457,20.2739726,7.16080402
48453000204,2019,3096,2308,41,416,0,179,0,128,91,8,22,0,27,2308,376,272,60,11,8,416,83,47,0,0,0,179,16,12,368,0,23,0,20,177,20,32,270,70,130,NA,NA,8,0,0,7,0,0,2060,206,1680,1809,113,1150,839,1696,1307,74,159,2498,63,70938,1503,76944,1162,NA,41,27875,181,NA,90,65253,3038,497,23,513,8,2279,355,49,8,387,61,0,0,179,52,1713,210,1503,737,766,1713,831,597200,983,1306,847,598,517,143,2562,849,349,513,35,74.54780362,1.324289406,13.43669251,0,5.781653747,0,4.134366925,2.939276486,0.258397933,0.710594315,0,0.872093023,16.29116118,11.78509532,18.33333333,13.33333333,19.95192308,11.29807692,NA,NA,8.938547486,6.703910615,11.88630491,0,0.742894057,0,0.645994832,5.717054264,0.645994832,1.033591731,8.720930233,2.260981912,4.198966408,NA,NA,0,0,0.226098191,0,0,10,81.55339806,6.246545053,72.95652174,77.06367925,4.363207547,9.375,2.522017614,16.359447,0.757077024,1.559454191,15.57700746,16.32653061,15.7622739,NA,29.05027933,12.2591944,49.03526281,48.51138354,76.24051372,56.35395875,19.31524548,16.69896641,4.618863049,33.1381733,13.62217018,6.822612086
48453001000,2019,3533,1698,88,1448,0,115,0,39,86,59,10,16,12,1698,112,205,88,0,41,1448,229,318,23,0,12,115,0,35,1206,0,26,0,10,52,88,35,467,37,246,NA,NA,223,0,0,0,0,0,3011,863,1451,2198,87,1571,1039,2111,1304,128,348,3107,117,57674,1501,96507,819,22772,41,41607,499,NA,63,42999,3499,346,72,577,0,1698,260,88,0,1414,54,23,0,115,26,1735,234,1501,817,684,1735,315,440100,992,1228,859,426,758,291,3175,757,781,577,63,48.06113784,2.490801019,40.98499858,0,3.255024059,0,1.103877724,2.434191905,1.669968865,0.28304557,0.452872913,0.339654684,6.595995289,12.07302709,0,46.59090909,15.81491713,21.96132597,0,52.17391304,0,30.43478261,34.13529578,0,0.735918483,0,0.28304557,1.471836966,2.490801019,0.990659496,13.21822813,1.04726861,6.96292103,NA,NA,0,0,0,0,0,28.66157423,48.18997011,3.958143767,66.13621897,61.77167219,6.063477025,16.48507816,3.765690377,9.888539583,2.05773078,0,15.31213192,0,3.818953324,0,22.60869565,13.4870317,54.43037975,18.1556196,70.77809798,57.22851432,12.0577413,21.45485423,8.236626097,23.84251969,24.5984252,10.91854419
48453001402,2019,2514,1957,25,346,0,96,0,46,42,0,13,0,14,1957,209,274,35,0,0,346,67,12,0,0,0,96,0,8,254,13,44,49,0,178,67,50,194,20,113,NA,NA,0,25,0,13,8,8,1996,170,1542,1755,96,1027,829,1659,1186,49,138,2179,46,110691,1315,108125,1068,NA,35,NA,115,NA,59,74608,2514,195,0,580,0,1957,163,35,10,346,32,0,0,96,0,1544,229,1315,794,521,1544,479,699600,1261,1227,908,335,441,47,2196,1005,282,580,23,77.84407319,0.994431185,13.76292761,0,3.818615752,0,1.829753381,1.670644391,0,0.517104216,0,0.556881464,10.67961165,14.00102197,0,0,19.36416185,3.468208092,NA,NA,0,8.333333333,10.10342084,0.517104216,1.750198886,1.949085123,0,7.08035004,2.665075577,1.988862371,7.716785998,0.795544948,4.494828958,NA,NA,0.994431185,0,0.517104216,0.318217979,0.318217979,8.517034068,77.25450902,5.47008547,80.72054528,71.4888487,2.953586498,8.318264014,2.111060119,7.756563246,0,0,8.329075115,28.57142857,9.248554913,NA,0,14.83160622,60.38022814,31.02331606,79.46891192,69.04942966,13.32537788,17.54176611,1.869530628,45.76502732,12.84153005,3.965517241
48453001705,2019,4918,4124,54,288,0,319,0,220,15,0,0,15,44,4124,635,914,54,0,4,288,140,5,0,0,0,319,72,81,155,98,0,0,62,269,196,33,474,38,223,NA,NA,17,0,0,0,14,4,3731,150,3135,2706,112,2049,1235,2594,1981,57,307,3853,216,128448,2254,123024,1989,NA,16,NA,79,NA,155,92618,4822,134,60,1263,0,4039,134,50,0,281,0,0,0,319,0,2424,170,2254,1506,748,2424,900,634600,1475,1637,1211,1065,1397,488,3992,2417,667,1263,18,83.8552257,1.09800732,5.85603904,0,6.486376576,0,4.473363156,0.305002033,0,0,0.305002033,0.894672631,15.39767216,22.16294859,0,7.407407407,48.61111111,1.736111111,NA,NA,22.57053292,25.39184953,3.151687678,1.992679951,0,0,1.260675071,5.469703131,3.985359902,0.671004473,9.638064254,0.772671818,4.534363562,NA,NA,0,0,0,0.284668564,0.081333876,4.020369874,84.02573037,4.13895048,60.27330405,76.36854279,2.197378566,11.83500386,5.606021282,2.778929905,1.244296972,0,3.317652884,0,0,NA,0,7.01320132,66.81455191,37.12871287,67.5330033,53.72670807,21.65514437,28.40585604,9.922732818,60.54609218,16.70841683,1.425178147
48453001722,2019,3844,2657,59,625,0,383,13,173,0,21,134,0,12,2657,158,287,81,0,0,625,21,18,0,0,0,383,81,0,401,0,101,11,0,155,31,9,517,274,132,NA,NA,65,11,0,0,0,0,3124,440,1886,2849,82,1759,1387,2767,1585,165,160,3414,210,69844,2318,80324,1756,NA,55,33863,327,105625,145,51223,3844,345,0,605,15,2657,119,81,20,625,128,0,0,383,0,2516,198,2318,183,2135,2516,2208,460100,1115,1646,2007,430,545,106,3521,1018,428,605,17,69.1207076,1.534859521,16.2591051,0,9.963579605,0.338189386,4.500520291,0,0.546305931,3.485952133,0,0.312174818,5.946556266,10.801656,0,0,3.36,2.88,NA,NA,21.14882507,0,10.43184183,0,2.627471384,0.28616025,0,4.032258065,0.806451613,0.234131113,13.44953174,7.127991675,3.433922997,NA,NA,0.28616025,0,0,0,0,14.08450704,60.37131882,2.878202878,78.85162024,57.28225515,5.963136971,5.782435851,6.151142355,8.975026015,0,2.479338843,4.478735416,24.69135802,20.48,NA,0,7.86963434,7.894736842,87.75834658,65.42130366,86.58326143,11.18626431,14.17793965,2.757544225,28.91224084,12.1556376,2.809917355
48453001752,2019,3930,1762,91,734,55,1166,0,110,845,0,13,84,0,1762,221,74,91,0,0,734,146,0,55,0,0,1166,101,0,372,86,0,0,83,29,41,9,1427,1170,203,NA,NA,132,0,31,0,0,0,2925,476,1840,2660,60,1869,1348,2600,1738,173,60,3363,166,42130,2171,36910,1049,NA,64,55521,370,41127,623,26701,3930,1107,15,745,91,1762,514,91,27,734,205,55,0,1166,291,2525,354,2171,15,2156,2525,2333,NA,968,2320,2122,567,142,0,3374,957,387,745,189,44.8346056,2.315521628,18.67684478,1.399491094,29.6692112,0,2.798982188,21.50127226,0,0.330788804,2.13740458,0,12.54256527,4.199772985,0,0,19.89100817,0,0,0,8.662092624,0,9.465648855,2.188295165,0,0,2.111959288,0.737913486,1.043256997,0.229007634,36.31043257,29.77099237,5.165394402,NA,NA,0,0.788804071,0,0,0,16.27350427,62.90598291,2.255639098,72.12413055,66.84615385,6.653846154,2.307692308,4.936068986,28.16793893,0.381679389,12.2147651,29.17139614,29.67032967,27.92915531,0,24.95711835,14.01980198,0.690925841,92.3960396,91.88118812,97.74297559,14.42748092,3.613231552,0,28.36395969,11.4700652,25.36912752
48453001756,2019,4582,3153,69,565,0,536,0,41,251,36,0,238,0,3153,405,532,69,0,0,565,97,29,0,0,0,536,86,0,387,0,72,5,63,149,79,45,777,300,429,NA,NA,78,5,56,8,10,0,3565,528,2173,2876,116,1773,1131,2760,1505,248,267,3756,169,115231,1746,122344,1327,NA,0,71102,160,136250,194,52084,4572,78,0,1201,9,3143,73,69,4,565,1,0,0,536,0,1871,125,1746,1144,602,1871,306,356500,1356,1842,964,826,814,244,3894,2202,604,1201,42,68.81274553,1.505892623,12.33085989,0,11.69794849,0,0.894805762,5.477957224,0.785683108,0,5.194238324,0,12.84490961,16.87281954,0,0,17.16814159,5.132743363,NA,NA,16.04477612,0,8.446093409,0,1.571366216,0.109122654,1.374945439,3.251855085,1.724137931,0.982103885,16.95766041,6.547359232,9.362723701,NA,NA,0.109122654,1.222173723,0.174596246,0.218245308,0,14.81065919,60.95371669,4.033379694,63.79018613,54.52898551,8.985507246,9.673913043,4.499467519,1.706036745,0,0.74937552,2.322621699,5.797101449,0.17699115,NA,0,6.680919294,65.52119129,16.35489043,98.45002672,55.21191294,18.02706242,17.76516805,5.325185509,56.54853621,15.51104263,3.497085762
48453001765,2019,14849,11309,174,2009,0,856,0,313,118,61,263,58,343,11309,1941,1385,214,12,0,2009,860,76,30,30,0,856,142,0,1712,83,0,36,181,550,571,181,1498,296,646,NA,NA,105,5,0,26,0,78,10013,438,6763,7947,177,5293,3315,7770,4932,701,354,10713,564,149818,5248,154958,4183,NA,147,115847,547,172308,236,64383,14849,392,4,4323,58,11309,272,214,0,2009,118,30,0,856,0,5645,397,5248,4261,987,5645,971,451400,1131,690,3077,4136,2226,239,11622,7993,995,4323,91,76.16001078,1.171796081,13.52953061,0,5.764697959,0,2.107886053,0.794666307,0.410802074,1.771163041,0.390598694,2.30991986,17.16332125,12.24688301,5.607476636,0,42.80736685,3.782976605,100,0,16.58878505,0,11.52939592,0.558960199,0,0.242440568,1.218937302,3.703953128,3.845376793,1.218937302,10.08822143,1.993400229,4.350461311,NA,NA,0.033672301,0,0.175095966,0,0.525287898,4.374313393,67.54219515,2.227255568,62.62988853,63.47490347,9.021879022,4.555984556,5.264631756,2.639908411,0.026937841,1.341660884,2.405164029,0,5.87356894,0,0,7.032772365,81.19283537,17.20106289,12.22320638,58.63185976,27.85372752,14.99090848,1.609535996,68.77473757,8.561349165,2.105019662
48453001766,2019,11208,7813,329,2218,25,412,13,180,76,73,59,16,9,7813,1737,1396,329,0,35,2218,463,65,44,0,12,412,58,41,1911,54,125,0,99,600,234,44,1095,164,615,NA,NA,262,0,0,17,0,0,8127,2038,3706,5804,379,4078,2354,5425,2673,661,310,8391,809,119767,3648,118103,2888,181114,91,NA,463,156250,156,49035,11208,363,37,2954,26,7813,146,329,0,2218,217,44,19,412,0,4165,517,3648,3444,204,4165,28,372400,NA,732,2220,2817,2238,584,8720,5682,1149,2954,187,69.70913633,2.935403283,19.78943612,0.223054961,3.675945753,0.11598858,1.605995717,0.678087081,0.651320485,0.526409707,0.142755175,0.080299786,22.23217714,17.86765647,0,10.63829787,20.87466186,2.930568079,0,27.27272727,14.0776699,9.951456311,17.0503212,0.481798715,1.115274804,0,0.883297645,5.353319058,2.087794433,0.392576731,9.769807281,1.463240542,5.487152034,NA,NA,0,0,0.151677373,0,0,25.07690415,45.60108281,6.529979325,57.72437469,49.2718894,12.1843318,5.714285714,9.641282326,3.23875803,0.330121342,0.880162492,1.868680404,0,9.783588819,43.18181818,0,12.41296519,94.40789474,0.672268908,17.57503001,60.85526316,25.13383298,19.96788009,5.210563883,65.16055046,13.1766055,6.330399458
48453000101,2019,4411,3660,11,494,17,95,0,33,65,0,21,61,14,3660,551,731,11,0,0,494,125,45,17,0,0,95,0,0,339,0,16,20,89,246,112,38,309,0,266,NA,NA,0,0,8,0,0,0,3134,142,2714,2606,56,2128,1471,2550,1797,117,217,3583,196,102188,2117,106442,1896,NA,0,89667,132,102596,51,67644,4401,293,79,921,10,3650,229,11,0,494,31,17,0,95,0,2310,193,2117,1157,960,2310,842,553400,1689,1719,1333,828,915,531,3676,1564,766,921,113,82.97438223,0.249376559,11.19927454,0.385400136,2.153706642,0,0.748129676,1.473588755,0,0.476082521,1.38290637,0.317388347,15.05464481,19.9726776,0,0,25.30364372,9.109311741,0,0,0,0,7.685332124,0,0.36272954,0.453411925,2.017683065,5.576966674,2.539106779,0.861482657,7.005214237,0,6.030378599,NA,NA,0,0.18136477,0,0,0,4.530950862,86.59859604,2.148887183,69.12593985,70.47058824,4.588235294,8.509803922,5.470276305,6.657577823,1.79504658,1.08577633,6.273972603,0,6.275303644,0,0,8.354978355,54.65281058,36.45021645,74.41558442,62.96646197,18.77125368,20.74359556,12.0380866,42.54624592,20.83786725,12.26927253
48453000500,2019,4431,3523,18,492,10,313,0,41,178,0,19,105,19,3523,198,157,18,0,8,492,38,0,10,0,0,313,0,0,347,12,0,67,50,96,173,0,559,216,228,NA,NA,67,0,0,9,0,24,2730,131,2015,2883,158,2008,1452,2725,1711,35,94,4137,42,49431,2061,60201,1613,NA,0,NA,162,NA,223,40089,4362,1342,4,502,11,3472,961,10,4,488,202,10,0,307,146,2596,535,2061,385,1676,2596,1713,578300,1063,2322,1769,294,322,86,4195,931,266,502,26,79.50801174,0.406228842,11.10358835,0.22568269,7.063868201,0,0.92529903,4.017151884,0,0.428797111,2.369668246,0.428797111,5.620210048,4.45642918,0,44.44444444,7.723577236,0,0,0,0,0,7.831189348,0.270819228,0,1.512074024,1.128413451,2.166553825,3.904310539,0,12.61566238,4.874746107,5.145565335,NA,NA,0,0,0.203114421,0,0.541638456,4.798534799,73.80952381,5.480402359,72.31075697,62.78899083,1.28440367,3.449541284,1.015228426,30.76570381,0.091701055,2.19123506,27.67857143,40,41.39344262,0,47.55700326,20.60862866,18.6802523,65.98613251,89.44530046,85.83212033,6.63507109,7.266982622,1.940871135,22.19308701,6.340882002,5.179282869
48453000604,2019,7548,3743,369,1272,82,1828,0,792,511,74,30,224,181,3743,38,9,369,0,0,1272,2,0,82,0,0,1828,0,0,1007,0,9,21,39,250,114,20,1305,885,376,NA,NA,71,0,0,15,0,5,991,239,625,2703,244,3723,1453,2459,1082,29,44,7500,27,9339,1827,12391,722,13750,44,NA,373,NA,515,7995,4928,3882,9,106,0,2135,1663,98,45,748,500,82,82,1651,1398,2256,429,1827,67,1760,2256,1962,231300,1153,840,1792,48,27,9,7508,213,139,106,0,49.58929518,4.888712242,16.85214626,1.086380498,24.21833598,0,10.49284579,6.770005299,0.980392157,0.39745628,2.967673556,2.397986222,1.015228426,0.240448838,0,0,0.157232704,0,0,0,0,0,13.34128246,0,0.119236884,0.278219396,0.516693164,3.312135665,1.510333863,0.264970853,17.28934817,11.72496025,4.98145204,NA,NA,0,0,0.19872814,0,0.066242713,24.11705348,63.06760848,9.027007029,39.02766586,44.00162668,1.179341196,1.789345262,0.36,78.77435065,0.18262987,0,77.89227166,45.91836735,66.84491979,100,84.67595397,19.01595745,3.667214012,86.96808511,37.23404255,98.08429119,0.635930048,0.357710652,0.119236884,2.836973895,1.851358551,0
48453000700,2019,1388,731,2,365,25,218,0,108,91,12,0,11,4,731,14,129,35,0,0,365,43,37,25,0,0,218,0,0,223,51,2,0,7,44,18,7,283,126,97,NA,NA,2,5,0,0,0,5,877,75,704,801,25,405,285,776,470,46,43,1324,91,57708,729,80938,458,NA,0,50833,136,NA,87,61252,1388,485,0,157,0,731,174,35,35,365,127,25,25,218,136,898,169,729,277,452,898,856,321600,1142,757,577,64,237,88,1324,244,175,157,0,52.66570605,0.144092219,26.29682997,1.801152738,15.70605187,0,7.780979827,6.556195965,0.864553314,0,0.792507205,0.288184438,1.915184679,17.64705882,0,0,11.78082192,10.1369863,0,0,0,0,16.06628242,3.674351585,0.144092219,0,0.504322767,3.170028818,1.296829971,0.504322767,20.38904899,9.077809798,6.988472622,NA,NA,0.360230548,0,0,0,0.360230548,8.551881414,80.27366021,3.121098627,70.37037037,60.56701031,5.927835052,5.541237113,6.873111782,34.94236311,0,0,23.80300958,100,34.79452055,100,62.3853211,18.81959911,37.99725652,95.32293987,84.29844098,79.14951989,4.610951009,17.07492795,6.340057637,18.42900302,13.21752266,0
48453000801,2019,1794,657,62,1064,0,11,11,0,0,0,0,0,0,657,59,107,67,10,31,1064,195,184,0,0,0,11,0,0,961,0,8,0,6,23,58,4,188,35,74,NA,NA,49,0,0,0,14,0,1403,613,465,948,56,773,440,892,476,28,129,1488,57,51944,648,99286,256,11528,42,31830,355,NA,0,33706,1723,306,91,274,12,586,39,67,37,1064,235,0,0,11,0,752,104,648,369,279,752,200,363700,764,459,388,306,446,189,1530,506,396,274,31,36.62207358,3.455964326,59.30880713,0,0.613154961,0.613154961,0,0,0,0,0,0,8.98021309,16.28614916,14.92537313,46.26865672,18.32706767,17.29323308,NA,NA,0,0,53.56744705,0,0.445930881,0,0.334448161,1.282051282,3.232998885,0.22296544,10.4793757,1.950947603,4.124860647,NA,NA,0,0,0,0.780379041,0,43.69208838,33.14326443,5.907172996,56.92108668,53.3632287,3.139013453,14.46188341,3.830645161,17.75972142,5.281485781,4.379562044,6.655290102,55.2238806,22.08646617,NA,0,13.82978723,56.94444444,26.59574468,61.03723404,59.87654321,17.05685619,24.8606466,10.53511706,33.07189542,25.88235294,11.31386861
48453001606,2019,16,5,3,5,3,0,0,0,0,0,0,0,0,5,0,0,3,0,0,5,0,0,3,0,0,0,0,0,5,0,0,0,0,0,0,0,5,1,2,NA,NA,2,0,0,0,0,0,13,8,0,13,0,0,0,13,5,0,0,16,0,NA,0,NA,0,NA,0,NA,0,NA,0,15213,16,10,0,0,0,5,2,3,3,5,2,3,3,0,0,0,0,0,0,0,0,0,NA,NA,0,0,0,5,0,16,3,5,0,0,31.25,18.75,31.25,18.75,0,0,0,0,0,0,0,0,0,0,0,0,0,0,0,0,NA,NA,31.25,0,0,0,0,0,0,0,31.25,6.25,12.5,NA,NA,0,0,0,0,0,61.53846154,0,0,NA,38.46153846,0,0,0,62.5,0,NA,40,100,40,100,NA,NA,NA,NA,NA,NA,0,31.25,0,18.75,31.25,NA
48453001707,2019,5286,3890,155,1016,0,137,0,21,78,13,0,25,11,3890,447,866,155,40,0,1016,340,137,0,0,0,137,0,0,895,0,0,0,83,306,134,42,202,63,80,NA,NA,0,0,0,17,14,0,4012,490,2663,3119,28,2282,1491,3091,1734,160,172,4362,269,81250,2518,85015,2139,NA,17,90134,316,NA,46,56226,5286,259,74,1063,0,3890,173,155,41,1016,2,0,0,137,43,2570,52,2518,1298,1220,2570,1004,405400,1243,2410,1426,924,1250,551,4401,1825,1108,1063,78,73.59061672,2.932273931,19.22058267,0,2.591751797,0,0.397275823,1.475595914,0.245932652,0,0.472947408,0.20809686,11.49100257,22.2622108,25.80645161,0,33.46456693,13.48425197,NA,NA,0,0,16.93151722,0,0,0,1.570185395,5.788876277,2.534998108,0.794551646,3.821415059,1.191827469,1.513431706,NA,NA,0,0,0.321604238,0.264850549,0,12.21335992,66.37587238,0.897723629,65.33742331,56.09835005,5.176318344,5.564542219,6.166895919,4.899735149,1.399924328,0,4.447300771,26.4516129,0.196850394,NA,31.38686131,2.023346304,51.54884829,39.06614786,93.77431907,56.63224782,17.48013621,23.64737041,10.42376088,41.46784822,25.17609634,7.337723424
48453001719,2019,4159,3277,0,475,0,240,0,62,162,0,38,26,8,3277,556,991,0,0,0,475,160,43,0,0,0,240,53,42,361,0,0,32,34,134,75,9,498,0,405,NA,NA,24,0,0,22,0,0,3114,162,2477,1934,21,1639,825,1913,1426,187,264,3155,233,148472,1627,146250,1379,NA,0,175288,111,224688,89,80116,4159,171,19,1266,26,3277,116,0,0,475,0,0,0,240,14,1773,146,1627,1492,135,1773,43,674000,1553,1069,675,1004,1536,493,3316,2501,452,1266,17,78.79297908,0,11.42101467,0,5.770617937,0,1.490742967,3.895167107,0,0.913681173,0.625150277,0.192353931,16.96673787,30.24107415,NA,NA,33.68421053,9.052631579,NA,NA,22.08333333,17.5,8.679971147,0,0,0.769415725,0.817504208,3.221928348,1.803318105,0.216398173,11.97403222,0,9.737917769,NA,NA,0,0,0.528973311,0,0,5.202312139,79.54399486,1.085832472,50.33557047,74.54260324,9.775222164,13.80031364,7.385103011,4.11156528,0.456840587,2.05371248,3.539823009,NA,0,NA,5.833333333,8.23463057,91.70251998,2.425267908,60.29328821,41.48740012,24.14041837,36.9319548,11.85381101,75.42219542,13.63088058,1.342812006
48453001737,2019,10787,7752,621,1253,0,867,0,265,531,0,122,34,121,7752,1573,790,621,288,0,1253,386,81,0,0,0,867,125,83,942,44,0,84,65,369,105,206,1071,297,608,NA,NA,128,0,0,0,0,0,7495,869,5521,6085,193,4317,2888,5892,4109,550,674,7776,491,118075,4257,123815,3243,82922,181,NA,525,181588,223,56183,10686,248,1,2798,67,7752,231,520,0,1253,17,0,0,867,0,4392,135,4257,3156,1101,4392,916,396800,1342,278,2169,3011,1641,275,8271,5010,1500,2798,196,71.86428108,5.756929638,11.61583387,0,8.037452489,0,2.456660795,4.922592009,0,1.130991008,0.315194215,1.12172059,20.29153767,10.19091847,46.37681159,0,30.80606544,6.464485235,NA,NA,14.41753172,9.573241061,8.732733846,0.407898396,0,0.77871512,0.602577176,3.420784277,0.9733939,1.909706128,9.928617781,2.753314174,5.636414202,NA,NA,0,0,0,0,0,11.59439626,73.66244163,3.171733772,66.89830901,69.73862865,9.334691107,11.43923965,6.314300412,2.320793562,0.009358039,2.394567548,2.979876161,0,1.356743815,NA,0,3.073770492,74.136716,20.856102,6.329690346,50.95137421,27.91322889,15.2127561,2.549364976,60.57308669,18.1356547,7.005003574
48453001753,2019,1255,612,56,234,0,280,0,170,22,0,65,34,0,612,29,43,65,0,0,234,24,0,0,0,0,280,30,0,143,0,20,0,3,16,23,0,372,195,90,NA,NA,15,0,0,6,0,0,1035,23,803,1026,7,593,454,1019,656,164,22,1172,26,75223,830,75057,442,86964,52,62717,166,98750,132,54800,1255,53,0,225,0,612,14,65,0,234,11,0,0,280,21,1058,228,830,13,817,1058,1045,NA,1324,240,815,83,58,0,1172,472,140,225,12,48.76494024,4.462151394,18.64541833,0,22.31075697,0,13.54581673,1.752988048,0,5.179282869,2.709163347,0,4.738562092,7.026143791,0,0,10.25641026,0,NA,NA,10.71428571,0,11.39442231,0,1.593625498,0,0.239043825,1.274900398,1.832669323,0,29.64143426,15.53784861,7.171314741,NA,NA,0,0,0.478087649,0,0,2.222222222,77.58454106,0.682261209,76.55986509,64.37684004,16.09421001,2.158979392,2.218430034,4.22310757,0,0,2.287581699,0,4.700854701,NA,7.5,21.55009452,1.56626506,98.77126654,22.68431002,98.19277108,6.613545817,4.621513944,0,40.27303754,11.94539249,5.333333333
48209010303,2019,9097,3656,1293,3888,13,49,0,5,0,0,0,44,0,3656,286,127,1314,208,87,3888,584,69,13,0,0,69,0,0,3298,0,61,0,0,183,174,37,401,83,143,NA,NA,93,0,17,0,0,0,3964,1650,775,5854,482,3621,2550,5372,1301,347,131,7701,476,38135,3406,38359,1647,38311,386,38906,1316,NA,0,16865,8663,3297,96,1394,181,3511,1449,1184,644,3737,1106,13,0,61,61,3793,387,3406,638,2768,3793,2423,86900,1020,686,3002,1396,539,155,7899,1652,783,1394,313,40.18907332,14.21347697,42.73936463,0.142904254,0.538639112,0,0.054963175,0,0,0,0.483675937,0,7.822757112,3.473741794,15.82952816,6.621004566,15.02057613,1.774691358,0,0,0,0,36.25371001,0,0.670550731,0,0,2.011652193,1.912718479,0.406727493,4.408046609,0.9123887,1.571946796,NA,NA,0,0.186874794,0,0,0,41.62462159,19.55095863,8.233686368,70.42253521,24.21816828,6.459419211,2.438570365,6.181015453,38.05840933,1.108161145,12.98421808,41.27029336,54.39189189,29.59593257,0,100,10.20300554,18.73165003,63.88083311,18.0859478,88.13857898,15.34571837,5.92503023,1.703858415,20.91403975,9.912647171,22.45337159
48209010304,2019,7923,3315,585,3907,0,9,0,9,0,0,0,0,0,3315,74,27,601,0,0,3907,1138,44,21,0,0,9,0,0,3336,15,237,47,50,249,288,0,709,91,261,NA,NA,271,47,0,0,0,0,3163,1363,683,4623,490,3678,2445,4133,877,93,190,6584,254,25943,3466,23939,1897,29897,315,22199,1199,NA,9,15282,7197,3406,33,1040,344,2994,1380,467,45,3681,1981,21,0,9,0,3705,239,3466,326,3140,3705,2954,52100,795,1833,2924,1339,233,36,6711,1043,631,1040,236,41.84021204,7.383566831,49.31212924,0,0.113593336,0,0.113593336,0,0,0,0,0,2.232277526,0.814479638,0,0,29.12720758,1.126183773,0,0,0,0,42.10526316,0.189322226,2.991291178,0.593209643,0.631074088,3.142748959,3.634986747,0,8.948630569,1.14855484,3.29420674,NA,NA,0.593209643,0,0,0,0,43.09200126,21.59342396,10.59917802,66.47634584,21.21945318,2.250181466,4.597144931,3.857837181,47.32527442,0.458524385,33.07692308,46.09218437,9.635974304,53.81689758,0,0,6.45074224,9.405654934,79.73009447,49.47368421,84.36237738,16.90016408,2.940805251,0.454373343,15.54164804,9.402473551,22.69230769
48209010701,2019,8677,5394,113,2634,31,476,0,358,69,6,0,12,0,5394,376,657,124,16,0,2634,280,62,31,0,0,476,53,0,2191,0,153,0,231,327,227,24,560,331,35,NA,NA,0,0,0,0,0,16,3752,934,1632,5586,216,3846,2611,5370,1793,83,326,7598,367,38960,3399,36333,2284,NA,19,40446,890,39675,193,23782,8483,2273,35,1144,0,5308,1448,88,39,2551,721,31,0,476,36,3856,457,3399,840,2559,3856,2388,238700,906,1361,2819,1062,975,376,7963,2155,619,1144,42,62.16434251,1.302293419,30.35611386,0.357266336,5.48576697,0,4.125849948,0.795205716,0.069148323,0,0.138296646,0,6.970708194,12.18020022,12.90322581,0,10.6302202,2.353834472,0,0,11.13445378,0,25.25066267,0,1.76328224,0,2.662210441,3.768583612,2.616111559,0.276593293,6.453843494,3.814682494,0.403365218,NA,NA,0,0,0,0,0.184395528,24.89339019,43.49680171,3.866809882,67.88871555,33.38919926,1.545623836,6.070763501,4.830218479,26.794766,0.412589886,0,27.279578,44.31818182,28.26342611,0,7.56302521,11.85165975,24.71315093,61.92946058,35.29564315,82.93615769,12.2392532,11.23660251,4.333294918,27.06266482,7.773452217,3.671328671
48209010702,2019,2893,2201,105,569,18,0,0,0,0,0,0,11,0,2201,285,429,105,0,0,569,6,17,18,0,18,11,0,0,374,0,0,7,4,259,142,71,160,12,40,NA,NA,105,0,0,14,0,0,1551,508,501,1575,137,1453,797,1438,472,20,196,2522,231,49597,1015,61071,752,NA,17,39091,228,NA,11,25611,2840,748,16,571,22,2172,497,105,56,545,195,18,0,11,0,1221,206,1015,616,399,1221,335,210500,605,399,520,371,659,155,2602,952,357,571,66,76.08019357,3.629450398,19.66816454,0.622191497,0,0,0,0,0,0,0.380228137,0,12.9486597,19.49114039,0,0,1.054481547,2.987697715,0,100,0,0,12.92775665,0,0,0.24196336,0.138264777,8.952644314,4.908399585,2.454199793,5.530591082,0.414794331,1.38264777,NA,NA,0,0,0.48392672,0,0,32.75306254,32.30174081,8.698412698,54.85203028,32.82336579,1.390820584,13.63004172,9.159397304,26.33802817,0.563380282,3.852889667,22.88213628,53.33333333,35.77981651,0,0,16.87141687,60.68965517,27.43652744,32.67813268,51.23152709,12.82405807,22.77912202,5.357760111,36.58724058,13.72021522,11.558669
48453001782,2019,5301,2879,42,434,9,1729,0,839,644,0,64,0,203,2879,404,600,54,21,12,434,128,83,9,0,0,1729,451,93,339,18,12,37,32,238,97,69,1451,207,953,NA,NA,88,0,0,11,14,11,3762,390,2950,2744,103,2139,1241,2641,2115,436,204,3910,270,174360,1823,176618,1174,NA,21,69063,89,202647,520,64977,5180,46,8,1556,0,2781,31,54,0,411,0,9,0,1729,15,1887,64,1823,1614,209,1887,238,498600,1230,1065,725,1391,1175,318,4144,3050,531,1556,37,54.31050745,0.792303339,8.187134503,0.169779287,32.61648746,0,15.82720241,12.1486512,0,1.207319374,0,3.829466138,14.03265023,20.84056964,38.88888889,22.22222222,29.49308756,19.12442396,0,0,26.08444187,5.378831695,6.395019808,0.339558574,0.226372383,0.697981513,0.603659687,4.489718921,1.829843426,1.3016412,27.37219393,3.904923599,17.97774005,NA,NA,0,0,0.207508017,0.264101113,0.207508017,10.36682616,78.41573631,3.753644315,58.01776531,80.08330178,16.50889814,7.724346838,6.905370844,0.888030888,0.154440154,0,1.11470694,0,0,0,0.867553499,3.391626921,88.53538124,12.61261261,56.43879173,39.76961053,26.24033201,22.16562913,5.998868138,73.6003861,12.81370656,2.377892031
48453001783,2019,5325,4339,55,557,0,182,4,141,66,0,117,0,29,4339,968,536,55,0,11,557,216,30,0,0,0,182,27,53,438,54,0,0,145,145,40,38,307,33,205,NA,NA,30,0,15,0,0,0,3482,183,2477,2661,43,1974,1223,2618,1626,206,440,3654,167,142738,1832,143780,1539,NA,11,NA,173,210714,78,72788,5325,87,15,1391,0,4339,87,55,0,557,0,0,0,182,0,1909,77,1832,1550,282,1909,8,450500,2050,970,766,1671,973,183,4032,2378,771,1391,148,81.48356808,1.03286385,10.4600939,0,3.417840376,0.075117371,2.647887324,1.23943662,0,2.197183099,0,0.544600939,22.30928785,12.35307675,0,20,38.77917415,5.385996409,NA,NA,14.83516484,29.12087912,8.225352113,1.014084507,0,0,2.723004695,2.723004695,0.751173709,0.713615023,5.765258216,0.61971831,3.849765258,NA,NA,0,0.281690141,0,0,0,5.25560023,71.13727743,1.615933859,61.95542047,62.10847976,7.868601986,16.80672269,4.570333881,1.633802817,0.281690141,0,2.005070293,0,0,NA,0,4.033525406,84.6069869,0.419067575,50.81194343,41.81222707,31.38028169,18.27230047,3.436619718,58.9781746,19.12202381,10.63982746
48453001784,2019,6017,4047,91,507,0,1337,0,464,712,48,0,0,11,4047,1117,343,91,0,0,507,95,47,0,0,0,1337,360,193,234,46,121,48,53,213,122,39,1122,261,758,NA,NA,207,0,0,19,0,0,3958,265,3160,3064,97,2236,1447,2967,2205,307,219,4081,212,135858,2100,135578,1533,216071,30,NA,161,205000,358,65268,5994,201,16,1634,21,4024,121,91,1,507,13,0,0,1337,66,2249,149,2100,1403,697,2249,694,578000,1483,30,1209,1919,801,154,4445,3082,476,1634,180,67.25943161,1.512381586,8.426125976,0,22.2203756,0,7.711484128,11.83313944,0.797739737,0,0,0.182815356,27.60069187,8.475413887,0,0,18.73767258,9.270216963,NA,NA,26.92595363,14.43530292,3.88898122,0.764500582,2.010968921,0.797739737,0.880837627,3.539970085,2.027588499,0.648163537,18.64716636,4.337709822,12.59764002,NA,NA,0,0,0.315771979,0,0,6.695300657,79.83830217,3.165796345,64.7137746,74.31749242,10.34715201,7.381193124,5.194805195,3.353353353,0.2669336,1.285189718,3.00695825,1.098901099,2.564102564,NA,4.936424832,6.625166741,66.80952381,30.85815918,1.333926189,57.57142857,31.89296992,13.31228187,2.559414991,69.33633296,10.70866142,11.01591187
48453001785,2019,5516,2310,438,1302,0,1258,0,1046,98,0,58,150,0,2310,252,287,438,65,0,1302,254,29,0,0,0,1258,228,28,1011,0,65,0,0,64,48,0,1630,908,522,NA,NA,188,0,0,0,0,0,4113,524,2454,3795,215,2169,1430,3580,1841,358,108,4649,310,68454,2598,68651,1134,61425,197,60822,657,87630,554,41080,5516,277,0,1331,34,2310,108,438,19,1302,105,0,0,1258,45,2886,288,2598,518,2080,2886,2279,255000,1116,806,2132,867,485,88,4684,2204,715,1331,105,41.87817259,7.940536621,23.60406091,0,22.80638144,0,18.96301668,1.776649746,0,1.051486584,2.719361856,0,10.90909091,12.42424242,14.84018265,0,19.50844854,2.22734255,NA,NA,18.12400636,2.225755167,18.32849891,0,1.178390138,0,0,1.160261059,0.870195794,0,29.55039884,16.46120377,9.46337926,NA,NA,0,0,0,0,0,12.74009239,59.66447848,5.665349144,65.92899954,51.42458101,10,3.016759777,6.668100667,5.021754895,0,2.554470323,4.675324675,4.337899543,8.064516129,NA,3.577106518,9.979209979,19.93841416,78.96742897,27.92792793,82.06312548,15.71791153,8.792603336,1.595358956,47.05380017,15.264731,7.888805409
48453001786,2019,5829,2615,97,377,14,2496,0,2040,142,16,0,320,133,2615,253,187,97,21,0,377,75,15,45,0,0,2496,700,0,233,0,15,0,42,103,56,23,2574,2070,191,NA,NA,145,15,0,0,0,0,4408,361,3258,3875,318,2042,1350,3557,2769,440,190,4645,199,79059,2752,70461,1536,60000,76,71061,166,95083,889,45873,5829,346,12,1290,52,2615,174,97,42,377,19,45,0,2496,65,2981,229,2752,467,2285,2981,2298,240000,1331,887,2395,1184,350,47,4708,2515,608,1290,27,44.86189741,1.664093326,6.467661692,0.240178418,42.82038085,0,34.99742666,2.436095385,0.274489621,0,5.489792417,2.281694973,9.674952199,7.151051625,21.64948454,0,19.8938992,3.978779841,0,0,28.04487179,0,3.997255104,0,0.25733402,0,0.720535255,1.767026934,0.960713673,0.39457883,44.15851776,35.5120947,3.276719849,NA,NA,0.25733402,0,0,0,0,8.189655172,73.91107078,8.206451613,66.11165524,77.84649986,12.3699747,5.341579983,4.284176534,5.935838051,0.205867216,4.031007752,6.653919694,43.29896907,5.039787798,0,2.604166667,7.681985911,16.96947674,77.08822543,29.75511573,87.02761628,20.31223194,6.004460456,0.806313261,53.41971113,12.91418862,2.093023256
48453001854,2019,9104,2005,1704,4827,0,89,0,32,0,20,0,0,10,2005,308,189,1708,586,153,4827,1875,88,110,46,0,89,0,0,4535,0,110,0,15,131,92,41,1600,214,398,NA,NA,684,0,0,0,0,0,5365,2241,1455,4493,175,3101,2076,4318,1381,373,269,5648,433,77534,2537,72083,761,61875,526,78132,1092,91167,36,24831,9050,1109,63,2057,187,2005,49,1654,312,4827,708,110,0,89,25,2781,244,2537,2192,345,2781,0,198600,1340,639,1701,3456,853,139,6176,3464,837,2057,316,22.02328647,18.71704745,53.02065026,0,0.977592267,0,0.351493849,0,0.219683656,0,0,0.109841828,15.36159601,9.426433915,34.30913349,8.957845433,38.84400249,1.823078517,41.81818182,0,0,0,49.81326889,0,1.208260105,0,0.164762742,1.438927944,1.010544815,0.450351494,17.57469244,2.350615114,4.371704745,NA,NA,0,0,0,0,0,41.77073625,27.12022367,3.894947696,66.9461464,31.98239926,8.638258453,6.229735989,7.666430595,12.25414365,0.696132597,9.090909091,2.443890274,18.86336155,14.66749534,0,28.08988764,8.773822366,86.40126133,0,22.97734628,67.04769413,37.96133568,9.369507909,1.526801406,56.0880829,13.55246114,15.36217793
48453001855,2019,20160,8798,3586,5006,54,2237,0,695,85,151,297,111,1070,8798,1459,1167,3767,708,170,5006,1522,388,54,0,24,2237,354,208,4202,0,353,34,187,446,26,237,2496,825,1507,NA,NA,473,34,0,0,0,19,13656,4238,4969,11368,429,8238,5709,10939,5064,1271,520,14939,1466,94451,6688,102365,3340,87048,1303,71550,1375,65536,667,35270,20084,908,170,5007,118,8798,309,3767,30,5006,197,54,0,2161,334,6914,226,6688,4287,2401,6914,1641,241000,1212,581,4434,5209,2795,515,15960,8379,2216,5007,468,43.64087302,17.78769841,24.83134921,0.267857143,11.09623016,0,3.447420635,0.421626984,0.749007937,1.473214286,0.550595238,5.307539683,16.58331439,13.26437827,18.79479692,4.512874967,30.40351578,7.750699161,0,44.44444444,15.82476531,9.298167188,20.84325397,0,1.750992063,0.168650794,0.927579365,2.212301587,0.128968254,1.175595238,12.38095238,4.092261905,7.475198413,NA,NA,0.168650794,0,0,0,0.094246032,31.03397774,36.38693615,3.77375088,69.30080117,46.29307981,11.61897797,4.753633787,9.813240511,4.521011751,0.846444931,2.356700619,3.512161855,0.7963897,3.935277667,0,15.4558075,3.268730113,64.09988038,23.73445184,8.403239803,66.29784689,25.83829365,13.8640873,2.554563492,52.5,13.88471178,9.34691432
48453001856,2019,9214,2962,2358,2910,31,843,23,333,38,76,22,116,293,2962,550,433,2381,598,107,2910,1030,117,31,0,0,866,148,17,2510,131,157,0,33,145,127,42,2193,563,1157,NA,NA,582,20,0,0,0,0,6049,1653,2582,4887,146,3381,2213,4741,2622,727,118,6558,532,94125,2775,97128,1216,84459,694,83542,652,107935,188,32994,9200,494,135,2186,7,2962,164,2381,196,2896,25,31,0,866,109,3014,239,2775,2578,197,3014,0,226700,1048,188,1637,2656,1333,231,6816,3600,1079,2186,224,32.14673323,25.59149121,31.58237465,0.336444541,9.149120903,0.249620143,3.614065552,0.412415889,0.824831778,0.238767094,1.258953766,3.179943564,18.56853477,14.61850101,25.11549769,4.493910122,35.395189,4.020618557,0,0,17.09006928,1.963048499,27.24115476,1.421749512,1.703928804,0,0.35815064,1.573692208,1.378337313,0.455828088,23.80073801,6.110266985,12.55697851,NA,NA,0.217060994,0,0,0,0,27.32683088,42.68474128,2.987517905,65.45400769,55.30478802,15.33431765,2.488926387,8.112229338,5.369565217,1.467391304,0.320219579,5.53679946,8.231835363,0.863259669,0,12.58660508,7.929661579,92.9009009,0,6.237558062,58.99099099,28.82570002,14.46711526,2.507054482,52.81690141,15.83039906,10.24702653
48453001857,2019,6257,2845,775,1839,0,241,0,170,17,93,0,0,58,2845,596,273,775,119,178,1839,503,46,0,0,0,241,15,19,1270,137,146,0,13,58,40,18,615,68,378,NA,NA,237,0,0,0,0,0,4087,905,1581,3815,192,2102,1671,3623,1753,425,290,4429,343,74565,2532,82000,1184,54097,373,54813,709,127679,184,34052,6257,595,114,1553,62,2845,159,775,125,1839,311,0,0,241,0,2689,157,2532,1375,1157,2689,972,217800,1149,211,1567,1785,899,129,4825,2294,877,1553,154,45.46907464,12.38612754,29.39108199,0,3.851686112,0,2.716957008,0.271695701,1.486335304,0,0,0.926961803,20.94903339,9.595782074,15.35483871,22.96774194,27.35182164,2.501359434,NA,NA,6.22406639,7.883817427,20.29726706,2.189547707,2.333386607,0,0.207767301,0.926961803,0.639284002,0.287677801,9.828991529,1.086782803,6.041233818,NA,NA,0,0,0,0,0,22.14338145,38.68363103,5.0327654,79.49571836,48.38531604,11.73060999,8.00441623,7.744411831,9.509349529,1.821959405,3.99227302,5.588752197,16.12903226,16.91136487,NA,0,5.838601711,54.30489731,36.14726664,7.846783191,61.8878357,28.52804859,14.36790794,2.061690906,47.54404145,18.1761658,9.91629105
48453001858,2019,24015,13332,2749,5802,36,1515,0,525,197,262,0,447,528,13332,2999,982,3110,760,196,5802,1957,113,154,36,0,1515,362,99,4278,0,490,0,121,1440,624,114,2198,191,1677,NA,NA,164,34,0,162,0,0,15116,3962,6296,13340,400,9099,6407,12940,7343,1204,678,16443,2040,118416,7662,139986,4603,101857,1115,79544,1422,109792,483,43416,23981,516,2,6335,69,13298,146,3110,231,5802,139,154,0,1515,0,7806,144,7662,7230,432,7806,0,272300,1647,216,5244,7525,2149,442,17853,11612,1791,6335,284,55.51530294,11.44701228,24.15990006,0.149906309,6.308557152,0,2.186133666,0.820320633,1.090984801,0,1.861336665,2.198625859,22.49474947,7.365736574,24.43729904,6.302250804,33.72974836,1.947604274,23.37662338,0,23.89438944,6.534653465,17.81386633,0,2.040391422,0,0.503851759,5.996252342,2.598376015,0.47470331,9.15261295,0.795336248,6.98313554,NA,NA,0.14157818,0,0.674578389,0,0,26.21063773,41.65123048,2.99850075,70.41433125,56.74652241,9.304482226,5.239567233,12.40649517,2.151703432,0.008339936,1.089187056,1.09790946,7.427652733,2.395725612,0,0,1.844734819,94.36178543,0,2.767102229,68.44166014,31.33458255,8.948573808,1.840516344,65.04228981,10.03192741,4.483030781
48453001859,2019,3691,1482,435,1136,113,374,0,183,3,21,29,49,170,1482,286,158,451,99,6,1136,327,23,113,65,0,414,52,36,869,66,70,1,5,106,21,57,607,133,381,NA,NA,34,0,0,24,0,0,2378,567,996,2034,81,1499,1008,1953,1055,192,80,2632,164,90742,1259,110132,576,73889,182,90357,358,104028,87,34390,3661,167,22,887,15,1482,114,451,0,1120,31,113,0,400,43,1342,83,1259,1116,143,1342,21,240400,1622,226,985,1057,337,83,2815,1477,513,887,62,40.1517204,11.785424,30.77756705,3.061500948,10.13275535,0,4.95800596,0.081278786,0.568951504,0.785694934,1.327553509,4.605797887,19.29824561,10.66126856,21.95121951,1.33037694,28.78521127,2.024647887,57.52212389,0,12.56038647,8.695652174,23.54375508,1.788133297,1.896505012,0.027092929,0.135464644,2.871850447,0.568951504,1.544296938,16.44540775,3.603359523,10.32240585,NA,NA,0,0,0.65023029,0,0,23.84356602,41.88393608,3.982300885,67.24482989,54.01945725,9.831029186,4.096262161,6.23100304,4.561595193,0.600928708,1.691093574,7.692307692,0,2.767857143,0,10.75,6.184798808,88.64177919,1.564828614,16.84053651,78.23669579,28.63722568,9.130316987,2.248713086,52.46891652,18.22380107,6.989853439
48453001860,2019,4387,1463,436,2161,33,122,0,70,0,73,18,0,0,1463,136,400,482,108,39,2161,676,82,33,0,0,161,29,27,1611,41,88,0,9,133,113,22,1001,130,216,NA,NA,486,0,0,0,0,0,3158,1632,728,2391,115,1647,973,2276,695,131,285,3226,162,62339,1582,71917,782,51875,196,54219,557,NA,45,25968,4387,784,72,1000,94,1463,133,482,122,2161,460,33,0,161,70,1723,141,1582,769,813,1723,725,155200,1251,1076,887,1161,819,243,3405,1844,752,1000,43,33.34852975,9.938454525,49.25917483,0.752222475,2.780943697,0,1.595623433,0,1.664007294,0.410303168,0,0,9.295967191,27.34107997,22.406639,8.091286307,31.28181398,3.794539565,0,0,18.01242236,16.77018634,36.72213358,0.934579439,2.005926601,0,0.205151584,3.031684522,2.575792113,0.50148165,22.81741509,2.963300661,4.923638021,NA,NA,0,0,0,0,0,51.67827739,23.05256491,4.809703053,59.0771099,30.53602812,5.755711775,12.52196837,5.021698698,17.87098245,1.641212674,9.4,9.090909091,25.31120332,21.28644146,0,43.47826087,8.183401045,48.60935525,42.07777133,62.44921648,56.06826802,26.46455437,18.66879416,5.539092774,54.15565345,22.08516887,4.3
48453001861,2019,4571,1712,542,1497,0,765,7,10,0,74,0,0,511,1712,268,204,542,64,29,1497,275,47,0,0,0,772,170,17,1333,0,11,0,9,119,22,45,920,496,272,NA,NA,339,0,0,0,0,0,3185,1097,988,2742,45,1968,1277,2697,1222,202,266,3594,336,83898,1618,85357,784,74455,248,83914,431,131250,118,34317,4571,116,2,1127,25,1712,44,542,23,1497,49,0,0,772,0,1618,0,1618,1372,246,1618,20,184300,1573,150,565,945,508,100,3780,1933,615,1127,71,37.45351127,11.85736163,32.74994531,0,16.73594399,0.153139357,0.21877051,0,1.618901772,0,0,11.17917305,15.65420561,11.91588785,11.80811808,5.350553506,18.37007348,3.139612558,NA,NA,22.02072539,2.202072539,29.16210895,0,0.240647561,0,0.196893459,2.603369066,0.481295121,0.984467294,20.1268869,10.85101728,5.950557865,NA,NA,0,0,0,0,0,34.44270016,31.02040816,1.641137856,64.88821138,45.30960326,7.489803485,9.86281053,9.348914858,2.537737913,0.043754102,2.218278616,2.570093458,4.243542435,3.273213093,NA,0,0,84.7960445,1.236093943,9.270704574,34.91965389,20.67381317,11.11354189,2.187705097,51.13756614,16.26984127,6.299911269
48453001862,2019,6435,2491,1167,1831,25,764,0,7,10,144,21,10,489,2491,327,354,1223,218,67,1831,673,64,25,0,0,764,208,41,1428,95,112,0,29,202,82,23,1108,345,788,NA,NA,226,0,0,16,0,0,4192,1099,1593,3708,165,2800,2043,3543,1751,353,289,4723,334,76750,2238,76625,1144,56875,459,89940,471,151250,118,35442,6399,391,32,1656,58,2477,93,1209,47,1823,228,25,0,764,23,2331,93,2238,1353,885,2331,745,253000,1162,338,1295,1695,894,132,4988,2855,823,1656,195,38.71017871,18.13519814,28.45376845,0.388500389,11.87257187,0,0.108780109,0.155400155,2.237762238,0.326340326,0.155400155,7.599067599,13.12725813,14.21116018,17.82502044,5.478331971,36.75587111,3.495357728,0,0,27.22513089,5.366492147,22.19114219,1.476301476,1.74048174,0,0.450660451,3.139083139,1.274281274,0.357420357,17.21833722,5.361305361,12.24553225,NA,NA,0,0,0.248640249,0,0,26.21660305,38.0009542,4.449838188,72.96428571,49.4213943,9.963307931,8.156929156,7.071776413,6.110329739,0.500078137,3.502415459,3.754541784,3.887510339,12.50685683,0,3.010471204,3.98970399,60.45576408,31.96053196,14.5002145,57.86416443,26.34032634,13.89277389,2.051282051,57.23736969,16.49959904,11.77536232
48453001863,2019,3554,923,805,1241,0,457,0,242,28,0,0,0,13,923,25,179,805,178,24,1241,353,37,0,0,0,457,146,0,761,16,36,0,41,25,16,8,1014,586,171,NA,NA,383,0,0,21,0,0,2543,1229,601,2236,58,1177,874,2178,652,215,142,2753,219,39500,1882,42500,714,32105,464,40016,497,75132,172,23919,3554,986,17,753,185,923,94,805,351,1241,449,0,0,457,92,2118,236,1882,0,1882,2118,2118,NA,871,1532,1637,801,312,34,2790,906,813,753,201,25.9707372,22.65053461,34.9184018,0,12.8587507,0,6.809229038,0.787844682,0,0,0,0.365785031,2.708559047,19.39328277,22.11180124,2.98136646,28.44480258,2.981466559,NA,NA,31.94748359,0,21.41249297,0.450196961,1.012943163,0,1.153629713,0.703432752,0.450196961,0.225098481,28.53123241,16.4884637,4.811480023,NA,NA,0,0,0.590883512,0,0,48.32874558,23.63350374,2.59391771,74.25658454,29.93572084,9.87144169,6.519742883,7.954958227,27.74338773,0.478334271,24.56839309,10.18418202,43.60248447,36.1804996,NA,20.13129103,11.14258735,0,100,72.33238905,86.98193411,22.53798537,8.778840743,0.956668542,32.47311828,29.13978495,26.69322709
48453001864,2019,2643,1484,305,473,34,284,0,96,44,0,53,0,112,1484,213,253,305,104,8,473,58,21,41,17,0,284,10,0,379,16,0,26,28,151,22,45,419,176,217,NA,NA,81,18,0,20,0,0,2032,508,943,1735,84,1090,793,1651,862,160,139,2159,96,54012,1581,53004,949,55735,154,48625,315,90139,147,37930,2622,260,19,479,27,1463,194,305,0,473,34,41,0,284,32,1864,283,1581,220,1361,1864,1570,179300,1149,705,1367,471,329,202,2229,582,700,479,132,56.14831631,11.53991676,17.89632993,1.28641695,10.74536512,0,3.632236095,1.664774877,0,2.005297011,0,4.237608778,14.35309973,17.04851752,34.09836066,2.62295082,12.26215645,4.4397463,41.46341463,0,3.521126761,0,14.33976542,0.605372683,0,0.983730609,1.059402194,5.713204692,0.832387439,1.70261067,15.85319712,6.659099508,8.210367007,NA,NA,0.681044268,0,0.756715853,0,0,25,46.40748031,4.841498559,72.75229358,52.21078134,9.691096305,8.419139915,4.446503011,9.916094584,0.724637681,5.636743215,13.26042379,0,7.188160677,0,11.26760563,15.18240343,13.91524352,84.22746781,37.82188841,86.46426312,17.82065834,12.44797579,7.642830117,26.11036339,31.40421714,27.55741127
48453001914,2019,6568,4986,74,805,0,531,0,307,244,67,0,63,33,4986,699,626,74,0,0,805,173,73,0,0,0,531,83,17,621,0,51,16,41,287,123,19,840,372,405,NA,NA,49,0,0,28,0,0,4916,437,3507,4187,89,2820,1991,4098,2368,451,485,5279,137,130972,2855,133262,2213,NA,35,98596,361,111103,219,75723,6535,210,27,1792,0,4953,124,74,0,805,86,0,0,531,0,3193,338,2855,1696,1159,3193,1247,484200,1548,832,1587,1289,1204,204,5535,3101,740,1792,64,75.9135201,1.126674787,12.25639464,0,8.084652862,0,4.674177832,3.71498173,1.020097442,0,0.959196102,0.502436054,14.01925391,12.55515443,0,0,21.49068323,9.068322981,NA,NA,15.63088512,3.201506591,9.454933009,0,0.776492083,0.243605359,0.624238733,4.369671133,1.8727162,0.289281364,12.78928136,5.663824604,6.166260658,NA,NA,0,0,0.426309379,0,0,8.889340928,71.33848657,2.125626941,70.60283688,57.78428502,11.00536847,11.83504148,2.595188483,3.213465953,0.413159908,0,2.503533212,0,10.68322981,NA,0,10.58565612,59.40455342,39.05418102,26.05699969,55.58669002,19.62545676,18.33130329,3.105968331,56.02529359,13.36946703,3.571428571
48453001915,2019,2138,1426,40,350,0,220,0,60,85,88,22,24,6,1426,88,319,40,0,16,350,103,40,0,0,0,227,36,0,238,11,36,0,42,63,72,9,314,208,95,NA,NA,36,0,0,8,0,0,1675,296,882,1289,64,1139,770,1225,669,149,89,1833,75,67878,1093,61865,776,NA,13,69545,134,NA,132,47018,2002,188,18,422,17,1333,143,24,0,323,0,0,0,227,45,1277,184,1093,244,849,1277,899,363700,1432,578,968,305,493,272,1873,715,452,422,44,66.69784846,1.87090739,16.37043966,0,10.28999065,0,2.806361085,3.975678204,4.115996258,1.028999065,1.122544434,0.280636109,6.171107994,22.37026648,0,40,29.42857143,11.42857143,NA,NA,15.85903084,0,11.13189897,0.514499532,1.683816651,0,1.96445276,2.946679139,3.367633302,0.420954163,14.68662301,9.728718428,4.443405051,NA,NA,0,0,0.374181478,0,0,17.67164179,52.65671642,4.965089216,67.60316067,54.6122449,12.16326531,7.265306122,4.091653028,9.390609391,0.899100899,4.028436019,10.72768192,0,0,NA,19.82378855,14.40877056,22.32387923,70.39937353,45.26233359,88.56358646,14.26566885,23.05893358,12.72217025,38.17405232,24.1324079,10.42654028
48453001916,2019,2958,2198,63,145,0,442,0,129,247,19,4,92,30,2198,536,178,63,0,0,145,27,14,0,0,0,442,112,58,66,12,0,0,11,116,51,0,451,205,245,NA,NA,63,0,0,8,0,0,1857,65,1530,1318,39,1020,471,1279,882,147,111,1982,38,215147,916,221012,705,NA,17,NA,47,192500,130,76054,2958,189,22,855,36,2198,167,63,0,145,12,0,0,442,10,946,30,916,883,33,946,0,805800,1792,247,358,976,467,39,2244,1658,97,855,66,74.30696416,2.129817444,4.901960784,0,14.94252874,0,4.361054767,8.350236646,0.642325896,0.135226504,3.110209601,1.014198783,24.38580528,8.098271156,0,0,18.62068966,9.655172414,NA,NA,25.33936652,13.12217195,2.231237323,0.405679513,0,0,0.371872887,3.921568627,1.724137931,0,15.24678837,6.93035835,8.282623394,NA,NA,0,0,0.270453009,0,0,3.500269251,82.39095315,2.959028832,46.17647059,68.9601251,11.49335418,8.678655199,1.917255298,6.389452333,0.743745774,4.210526316,7.597816197,0,8.275862069,NA,2.262443439,3.171247357,96.39737991,0,26.10993658,39.08296943,32.99526707,15.78769439,1.318458418,73.885918,4.322638146,7.719298246
48453001917,2019,5147,4075,0,591,0,380,0,253,178,21,4,11,36,4075,961,629,0,0,0,591,112,45,0,0,0,380,127,39,377,10,32,17,26,177,272,55,473,46,306,NA,NA,71,0,0,0,0,0,3370,115,2916,2519,42,1967,1106,2477,1830,227,277,3559,199,195938,1758,196771,1462,NA,0,187500,156,250001,101,86265,5147,184,10,1520,29,4075,64,0,0,591,120,0,0,380,0,1818,60,1758,1624,134,1818,33,718600,NA,1428,676,1588,981,177,3895,2960,307,1520,24,79.1723334,0,11.48241694,0,7.382941519,0,4.915484748,3.458325238,0.408004663,0.077715174,0.213716728,0.699436565,23.58282209,15.43558282,NA,NA,18.95093063,7.614213198,NA,NA,33.42105263,10.26315789,7.324655139,0.194287935,0.621721391,0.330289489,0.50514863,3.438896445,5.284631824,1.068583641,9.189819312,0.8937245,5.945210802,NA,NA,0,0,0,0,0,3.412462908,86.52818991,1.667328305,56.22775801,73.87969318,9.164311667,11.18288252,5.591458275,3.574897999,0.194287935,1.907894737,1.570552147,NA,20.30456853,NA,0,3.300330033,92.37770193,1.815181518,78.54785479,38.45278726,30.85292403,19.0596464,3.438896445,75.99486521,7.881899872,1.578947368
48453001918,2019,2530,2089,1,322,0,80,0,30,53,0,15,0,0,2089,331,717,1,0,0,322,62,65,0,0,0,80,14,11,220,0,12,0,43,122,91,51,216,0,184,NA,NA,0,0,0,25,0,0,1900,112,1585,1175,94,1007,451,1081,755,64,160,1948,204,187778,1004,189167,884,NA,0,129052,86,NA,23,102575,2525,52,19,776,0,2086,52,0,0,321,0,0,0,80,0,1106,102,1004,820,184,1106,124,1026700,1360,702,400,582,991,306,2113,1377,341,776,31,82.56916996,0.039525692,12.72727273,0,3.162055336,0,1.185770751,2.09486166,0,0.592885375,0,0,15.84490187,34.32264241,0,0,19.25465839,20.1863354,NA,NA,17.5,13.75,8.695652174,0,0.4743083,0,1.699604743,4.822134387,3.596837945,2.015810277,8.537549407,0,7.272727273,NA,NA,0,0,0.988142292,0,0,5.894736842,83.42105263,8,44.78649454,69.84273821,5.920444033,14.80111008,10.47227926,2.059405941,0.752475248,0,2.492809204,NA,0,NA,0,9.222423146,81.67330677,11.21157324,63.47197107,39.84063745,23.00395257,39.16996047,12.09486166,65.16800757,16.13819214,3.994845361
48453001919,2019,3945,2969,0,542,0,315,0,59,130,0,56,0,161,2969,621,587,0,0,0,542,122,33,0,0,0,315,74,10,411,5,87,31,21,139,86,52,478,322,210,NA,NA,17,3,0,0,0,0,2662,80,2364,1859,51,1505,700,1808,1384,133,248,2846,124,183776,1337,190000,1130,NA,0,183235,122,164483,78,84184,3945,16,3,1079,0,2969,16,0,0,542,0,0,0,315,0,1347,10,1337,1146,191,1347,43,945300,2701,1081,524,1099,945,221,3051,2019,332,1079,33,75.25982256,0,13.73891001,0,7.984790875,0,1.495564005,3.29531052,0,1.419518378,0,4.081115336,20.91613338,19.77096666,NA,NA,22.50922509,6.088560886,NA,NA,23.49206349,3.174603175,10.41825095,0.126742712,2.205323194,0.785804816,0.532319392,3.523447402,2.179974651,1.318124208,12.1166033,8.162230672,5.323193916,NA,NA,0.076045627,0,0,0,0,3.005259204,88.80540947,2.743410436,46.51162791,76.54867257,7.35619469,13.71681416,4.35699227,0.405576679,0.076045627,0,0.538901987,NA,0,NA,0,0.742390497,85.71428571,3.192279139,80.25241277,39.19222139,27.85804816,23.95437262,5.602027883,66.17502458,10.88167814,3.058387396
48453002207,2019,9940,1187,1976,6561,0,66,0,0,0,0,34,33,14,1187,134,189,2287,496,287,6561,2071,284,16,0,0,66,0,16,4975,168,101,0,16,36,14,18,2109,520,464,NA,NA,927,0,0,17,0,0,6131,3625,977,5086,79,3586,2374,5007,1123,321,257,6741,471,57358,2981,65605,533,60110,821,52432,1578,NA,33,22042,9940,982,110,2345,91,1187,82,2287,344,6561,556,16,0,66,0,3131,150,2981,2488,493,3131,0,158500,1180,849,1359,3199,1222,256,7352,3458,1316,2345,295,11.9416499,19.87927565,66.00603622,0,0.663983903,0,0,0,0,0.342052314,0.331991952,0.14084507,11.28896377,15.92249368,21.68780061,12.54919108,31.56531017,4.328608444,0,0,0,24.24242424,50.05030181,1.690140845,1.016096579,0,0.160965795,0.362173038,0.14084507,0.181086519,21.21730382,5.23138833,4.668008048,NA,NA,0,0,0.171026157,0,0,59.12575436,15.93541021,1.553283523,66.20189626,22.42859996,6.411024566,5.13281406,6.987093903,9.879275654,1.106639839,3.880597015,6.908171862,15.04153913,8.474317939,0,0,4.790801661,83.46192553,0,27.1159374,45.58872861,32.18309859,12.29376258,2.575452716,47.03482046,17.89989119,12.57995736
48453002208,2019,8360,1590,950,5533,25,60,0,0,17,8,30,0,19,1590,119,44,963,170,101,5533,1748,168,146,59,0,60,0,30,5287,25,0,0,13,202,57,0,2129,307,257,NA,NA,1353,0,0,5,0,0,5015,3265,685,3694,228,2410,1568,3466,795,78,283,5853,145,57353,1960,82367,505,63182,258,48858,1136,NA,17,17375,7329,1589,105,1469,210,1245,104,661,53,5203,1374,146,56,47,0,2046,86,1960,1545,415,2046,84,134600,924,927,929,2507,536,183,6300,2461,1126,1469,297,19.01913876,11.36363636,66.18421053,0.299043062,0.717703349,0,0,0.203349282,0.09569378,0.358851675,0,0.227272727,7.48427673,2.767295597,17.65316719,10.48805815,31.59226459,3.03632749,40.4109589,0,0,50,63.24162679,0.299043062,0,0,0.155502392,2.416267943,0.681818182,0,25.46650718,3.672248804,3.074162679,NA,NA,0,0,0.059808612,0,0,65.10468594,13.65902293,6.172171088,65.06224066,22.93710329,2.250432776,8.165031737,2.477362037,21.68099331,1.432664756,14.29543907,8.353413655,8.018154312,26.40784163,38.35616438,0,4.203323558,78.82653061,4.105571848,45.30791789,47.39795918,29.98803828,6.411483254,2.188995215,39.06349206,17.87301587,20.21783526
48453002209,2019,10185,2913,1631,5199,0,285,0,0,63,134,13,0,22,2913,532,338,1727,306,95,5199,1657,128,0,0,0,285,77,0,4378,40,52,0,99,313,169,25,2108,173,550,NA,NA,1016,0,0,0,0,0,6311,3195,988,5731,342,3960,2695,5389,1528,454,432,7125,273,68817,3136,68800,1182,68966,518,74313,1323,44318,88,25484,10185,899,108,2432,92,2913,121,1727,231,5199,379,0,0,285,168,3439,303,3136,2538,598,3439,48,168700,1221,394,1973,3060,912,215,7559,3778,1176,2432,343,28.60088365,16.0137457,51.04565538,0,2.798232695,0,0,0.618556701,1.315660285,0.127638684,0,0.216003927,18.26295915,11.60315826,17.71858715,5.500868558,31.87151375,2.462011925,NA,NA,27.01754386,0,42.98478154,0.392734413,0.510554737,0,0.972017673,3.073146784,1.659302896,0.245459008,20.69710358,1.698576338,5.400098184,NA,NA,0,0,0,0,0,50.6258913,15.6552052,5.967544931,68.05555556,28.35405456,8.424568566,8.01632956,3.831578947,8.82670594,1.060382916,3.782894737,4.15379334,13.37579618,7.289863435,NA,58.94736842,8.810700785,80.93112245,1.39575458,11.45681884,62.91454082,30.04418262,8.954344624,2.110947472,49.98015611,15.55761344,14.10361842
48453002210,2019,5124,1132,850,2973,0,13,0,0,0,13,8,29,0,1132,110,267,913,339,35,2973,1064,35,31,0,0,42,0,0,2465,0,143,0,5,86,40,9,1269,303,386,NA,NA,563,0,0,20,0,0,3194,1942,615,2656,219,1665,1171,2437,637,58,233,3453,175,75794,1346,76607,434,NA,320,78750,570,NA,29,23955,5051,649,16,1073,118,1115,53,913,148,2917,448,31,0,42,0,1434,88,1346,1152,194,1434,7,173600,870,520,679,1671,598,107,3652,1998,706,1073,94,22.09211553,16.58860265,58.02107728,0,0.253708041,0,0,0,0.253708041,0.156128025,0.565964091,0,9.717314488,23.58657244,37.13033954,3.833515882,35.78876556,1.177262025,0,0,0,0,48.1069477,0,2.790788447,0,0.097580016,1.678376269,0.780640125,0.175644028,24.76580796,5.913348946,7.533177205,NA,NA,0,0,0.390320062,0,0,60.80150282,19.25485285,8.245481928,70.33033033,26.13869512,2.37997538,9.560935577,5.068056762,12.8489408,0.316768957,10.9972041,4.753363229,16.21029573,15.35824477,0,0,6.136680614,85.58692422,0.488145049,36.26220363,50.44576523,32.61124122,11.67056987,2.088212334,54.70974808,19.33187295,8.760484623
48453002211,2019,3069,483,553,1955,0,29,0,29,41,0,0,0,0,483,43,41,564,89,32,1955,449,93,25,5,0,29,3,0,1720,11,89,0,0,27,19,63,581,72,104,NA,NA,189,0,0,0,0,0,1978,940,467,1748,66,1241,833,1682,590,109,177,2213,73,75719,999,82857,228,79896,223,73725,538,NA,8,30213,3069,328,30,723,43,483,17,564,55,1955,256,25,0,29,0,1033,34,999,775,224,1033,0,201700,1080,291,654,856,277,106,2471,1075,402,723,99,15.73802542,18.01889866,63.70153144,0,0.944933203,0,0.944933203,1.335940046,0,0,0,0,8.902691511,8.488612836,15.78014184,5.673758865,22.96675192,4.757033248,20,0,10.34482759,0,56.04431411,0.358422939,2.899967416,0,0,0.879765396,0.619094167,2.052785924,18.93124796,2.346041056,3.388725969,NA,NA,0,0,0,0,0,47.52275025,23.60970677,3.775743707,67.12328767,35.07728894,6.480380499,10.52318668,3.298689562,10.68752036,0.977517107,5.947441217,3.519668737,9.75177305,13.09462916,0,0,3.291384318,77.57757758,0,28.17037754,65.46546547,27.89182144,9.025741284,3.453893776,43.50465399,16.26871712,13.69294606
48453002212,2019,1452,174,660,553,0,0,0,0,0,0,0,0,0,174,20,5,660,287,21,553,192,11,0,0,0,0,0,0,501,0,0,0,0,20,14,0,197,0,32,NA,NA,109,0,0,0,0,0,772,377,148,575,57,473,238,518,225,43,0,852,62,83958,365,90333,82,88268,131,78750,121,NA,0,21400,1452,259,0,328,29,174,11,660,136,553,96,0,0,0,0,365,0,365,319,46,365,0,165300,1411,61,220,577,143,0,926,492,142,328,51,11.98347107,45.45454545,38.08539945,0,0,0,0,0,0,0,0,0,11.49425287,2.873563218,43.48484848,3.181818182,34.71971067,1.98915009,NA,NA,NA,NA,34.50413223,0,0,0,0,1.377410468,0.964187328,0,13.56749311,0,2.203856749,NA,NA,0,0,0,0,0,48.83419689,19.17098446,9.913043478,50.31712474,43.43629344,8.301158301,0,7.276995305,17.83746556,0,8.841463415,6.32183908,20.60606061,17.35985533,NA,NA,0,87.39726027,0,16.71232877,60.2739726,39.73829201,9.848484848,0,53.13174946,15.33477322,15.54878049
48453002317,2019,6581,1596,941,3225,0,602,0,165,228,133,0,86,20,1596,0,91,987,0,0,3225,220,0,132,32,0,623,13,0,2710,46,90,0,55,8,23,0,1493,694,690,NA,NA,319,0,0,0,0,0,2638,505,1144,4796,155,2695,1855,4641,1614,350,111,6163,470,37533,2155,42717,666,45227,288,27974,1009,42056,114,19755,6581,3248,0,420,88,1596,665,987,470,3225,1697,132,132,623,393,2397,242,2155,120,2035,2397,2148,NA,846,698,2051,418,182,91,6348,718,382,420,15,24.25163349,14.29873879,49.00471053,0,9.147545966,0,2.507217748,3.46451907,2.020969458,0,1.306792281,0.303905182,0,5.701754386,0,0,6.821705426,0,24.24242424,0,2.086677368,0,41.1791521,0.698981918,1.367573317,0,0.835739249,0.121562073,0.349490959,0,22.68652181,10.5455098,10.48472876,NA,NA,0,0,0,0,0,19.14329037,43.3661865,3.231859883,68.83116883,34.77698772,7.54147813,2.391725921,7.626156093,49.35420149,0,20.95238095,41.66666667,47.61904762,52.62015504,100,63.08186196,10.09595327,5.568445476,89.61201502,29.119733,95.17401392,6.351618295,2.765537152,1.382768576,11.31064902,6.017643352,3.571428571
48453002318,2019,7215,1299,983,4200,0,597,0,62,451,0,0,52,66,1299,34,48,1086,135,40,4200,1187,129,48,0,0,597,0,0,3752,0,64,0,39,64,102,0,1309,355,541,NA,NA,466,0,0,0,0,0,3824,1686,1000,4734,188,2447,1817,4546,1541,257,59,5723,178,43189,2682,55361,739,44352,373,40169,1307,NA,233,23006,7215,1154,17,881,56,1299,314,1086,51,4200,518,48,0,597,271,2989,307,2682,609,2073,2989,2239,207500,824,1350,2256,1492,260,8,5859,1134,660,881,272,18.004158,13.62439362,58.21205821,0,8.274428274,0,0.859320859,6.250866251,0,0,0.720720721,0.914760915,2.617397998,3.695150115,12.43093923,3.683241252,28.26190476,3.071428571,0,0,0,0,52.002772,0,0.887040887,0,0.540540541,0.887040887,1.413721414,0,18.14275814,4.92030492,7.498267498,NA,NA,0,0,0,0,0,44.08995816,26.15062762,3.971271652,74.2541888,33.89793225,5.653321601,1.297844259,3.110256858,15.99445599,0.235620236,6.356413167,24.17244034,4.696132597,12.33333333,0,45.39363484,10.27099364,22.70693512,74.90799599,45.16560723,84.1163311,20.67914068,3.603603604,0.110880111,19.35483871,11.26472094,30.87400681
48453002319,2019,2368,772,636,827,32,40,0,0,0,0,0,0,0,772,0,0,636,0,0,827,0,0,72,0,0,40,0,0,564,13,15,0,10,38,2,12,262,108,2,NA,NA,184,0,0,0,0,10,1850,1359,57,14,4,391,0,10,0,0,0,2368,79,NA,0,NA,0,NA,0,NA,0,NA,0,11020,37,36,0,0,0,24,23,4,4,9,9,0,0,0,0,0,0,0,0,0,0,0,NA,NA,0,0,0,48,0,2368,250,432,0,0,32.60135135,26.85810811,34.92398649,1.351351351,1.689189189,0,0,0,0,0,0,0,0,0,0,0,0,0,0,0,0,0,23.81756757,0.548986486,0.633445946,0,0.422297297,1.60472973,0.084459459,0.506756757,11.06418919,4.560810811,0.084459459,NA,NA,0,0,0,0,0.422297297,73.45945946,3.081081081,28.57142857,0,0,0,0,3.336148649,97.2972973,0,NA,95.83333333,100,100,NA,NA,NA,NA,NA,NA,NA,0,2.027027027,0,10.55743243,18.24324324,NA
48453002425,2019,4342,1492,207,2032,0,361,0,27,35,322,0,27,0,1492,186,91,207,0,0,2032,497,137,11,0,0,361,67,79,1514,19,31,0,5,103,69,37,811,266,237,NA,NA,197,0,0,0,12,0,3019,779,1194,2629,60,1980,1361,2569,1248,143,164,3313,336,74063,1605,74278,778,73125,101,83947,550,110547,86,31623,4294,379,36,916,27,1476,148,207,8,2000,196,11,0,361,27,1703,98,1605,756,849,1703,654,250900,1194,43,1171,1029,496,94,3523,1414,604,916,161,34.36204514,4.7673883,46.79871027,0,8.314140949,0,0.621833257,0.806080147,7.415937356,0,0.621833257,0,12.46648794,6.09919571,0,0,24.45866142,6.742125984,0,0,18.55955679,21.88365651,34.86872409,0.437586366,0.713956702,0,0.115154307,2.372178719,1.589129433,0.85214187,18.67802856,6.12620912,5.458314141,NA,NA,0,0,0,0.276370336,0,25.80324611,39.54951971,2.282236592,68.73737374,48.5792137,5.566368237,6.383806929,10.14186538,8.826269213,0.838379134,2.947598253,10.02710027,3.8647343,9.8,0,7.479224377,5.754550793,47.10280374,38.40281856,2.52495596,72.95950156,23.69875633,11.42330723,2.164900967,40.13624752,17.14447914,17.57641921
48453002426,2019,9742,2258,729,6210,58,286,0,113,0,0,0,0,88,2258,259,130,754,90,37,6210,1381,333,81,12,0,286,21,0,5367,0,152,0,164,114,58,0,1861,630,835,NA,NA,491,0,0,21,0,0,6660,2603,1920,5961,177,3652,2428,5784,2368,451,570,7428,413,80590,3062,78750,1111,81635,293,80061,1508,NA,67,28260,9730,388,19,2188,52,2258,126,754,0,6198,262,81,23,286,0,3105,43,3062,2344,718,3105,77,215900,1319,498,1580,2314,942,80,7877,3450,1339,2188,292,23.1779922,7.483063026,63.74461096,0.595360296,2.935742147,0,1.159926093,0,0,0,0,0.903305276,11.47032772,5.757307352,11.93633952,4.907161804,22.23832528,5.362318841,14.81481481,0,7.342657343,0,55.09135701,0,1.560254568,0,1.68343256,1.170190926,0.595360296,0,19.10285362,6.46684459,8.57113529,NA,NA,0,0,0.215561486,0,0,39.08408408,28.82882883,2.969300453,66.48411829,40.94052559,7.797372061,9.854771784,5.56004308,3.987667009,0.195272354,2.376599634,5.580159433,0,4.227170055,28.39506173,0,1.384863124,76.55127368,2.479871176,16.03864734,51.60026127,23.75282283,9.669472388,0.821186615,43.79840041,16.99885743,13.34552102
48453002427,2019,8046,945,498,6508,0,0,0,0,0,66,20,0,0,945,66,179,551,121,25,6508,1788,116,151,65,0,0,0,0,5621,0,327,0,0,17,0,29,2561,152,711,NA,NA,1044,0,0,0,0,0,4851,2874,770,4519,200,3221,2244,4319,856,159,466,5858,280,45818,2593,48409,512,42031,231,46646,1803,NA,0,18452,8046,1253,103,1796,149,945,283,551,190,6508,746,151,0,0,0,2744,151,2593,1329,1264,2744,673,156500,990,1172,1362,2188,680,287,6071,2435,908,1796,393,11.74496644,6.189410887,80.88491176,0,0,0,0,0,0.820283371,0.248570718,0,0,6.984126984,18.94179894,21.9600726,4.537205082,27.4738783,1.782421635,43.04635762,0,NA,NA,69.8608004,0,4.064131245,0,0,0.211285111,0,0.360427542,31.82948049,1.88913746,8.836689038,NA,NA,0,0,0,0,0,59.24551639,15.87301587,4.425757911,69.66780503,19.81940264,3.681407733,10.78953461,4.779788324,15.57295551,1.2801392,8.296213808,29.94708995,34.48275862,11.462815,0,NA,5.502915452,51.25337447,24.52623907,42.71137026,52.52603162,27.19363659,8.451404425,3.566989809,40.10871356,14.95634986,21.88195991
48453002428,2019,8291,3668,147,4261,0,139,0,56,84,17,0,0,0,3668,345,1189,189,22,47,4261,1052,147,0,0,0,153,0,0,3408,48,55,15,33,295,237,65,1478,294,676,NA,NA,399,0,13,34,0,0,5862,1904,2598,4864,369,3111,2087,4495,1822,236,218,6548,430,85329,3203,89561,1690,NA,115,78750,1304,NA,74,37895,8208,378,54,1954,67,3591,102,185,0,4259,276,0,0,153,0,3357,154,3203,2291,912,3357,892,280900,1305,1095,1993,1701,2077,529,6872,2737,1221,1954,359,44.24074297,1.773006875,51.39307683,0,1.676516705,0,0.67543119,1.013146786,0.205041611,0,0,0,9.405670665,32.41548528,11.64021164,24.86772487,24.68904013,3.449894391,NA,NA,0,0,41.10481245,0.57894102,0.663369919,0.180919069,0.398021952,3.558075021,2.858521288,0.783982632,17.82655892,3.54601375,8.15341937,NA,NA,0,0.156796526,0.410083223,0,0,32.48038212,44.31934493,7.586348684,67.08453873,40.53392659,5.250278087,4.849833148,6.566890654,4.605263158,0.657894737,3.428863869,2.840434419,0,6.480394459,NA,0,4.587429252,71.52669372,26.57134346,32.61840929,62.22291602,20.51622241,25.0512604,6.380412495,39.82828871,17.7677532,18.37256909
48453002429,2019,1645,537,176,858,0,33,0,17,9,0,0,0,0,537,66,24,180,60,0,858,318,4,0,0,0,35,0,0,595,11,5,0,12,34,0,21,137,62,60,NA,NA,35,0,0,0,0,0,945,175,316,914,46,591,459,868,337,64,9,1122,85,54651,684,53514,290,NA,57,58798,301,79107,29,25465,1645,533,0,309,89,537,47,180,96,858,390,0,0,35,0,831,147,684,60,624,831,685,187500,1199,81,631,523,36,0,1185,357,195,309,97,32.6443769,10.69908815,52.15805471,0,2.006079027,0,1.03343465,0.547112462,0,0,0,0,12.29050279,4.469273743,33.33333333,0,37.06293706,0.466200466,NA,NA,0,0,36.17021277,0.668693009,0.303951368,0,0.729483283,2.066869301,0,1.276595745,8.328267477,3.76899696,3.647416413,NA,NA,0,0,0,0,0,18.51851852,33.43915344,5.032822757,77.66497462,38.82488479,7.373271889,1.036866359,7.575757576,32.40121581,0,28.802589,8.752327747,53.33333333,45.45454545,NA,0,17.68953069,8.771929825,82.43080626,9.747292419,92.25146199,31.79331307,2.188449848,0,30.12658228,16.4556962,31.39158576
48453002430,2019,2593,522,72,1948,0,25,0,0,8,0,0,0,17,522,60,41,72,12,9,1948,495,88,0,0,0,25,0,8,1560,0,218,0,5,16,32,0,642,54,291,NA,NA,349,0,0,0,0,0,1604,921,279,1313,7,933,483,1306,208,72,124,1898,151,53882,781,62083,251,NA,16,52234,491,NA,8,21314,2587,376,0,498,75,516,68,72,12,1948,296,0,0,25,0,840,59,781,530,251,840,6,104200,883,415,410,695,337,39,2026,938,336,498,112,20.13112225,2.776706518,75.12533745,0,0.964134207,0,0,0.308522946,0,0,0,0.655611261,11.49425287,7.85440613,16.66666667,12.5,25.41067762,4.517453799,NA,NA,0,32,60.16197455,0,8.407250289,0,0.192826841,0.617045893,1.234091786,0,24.75896645,2.082529888,11.22252218,NA,NA,0,0,0,0,0,57.41895262,17.39401496,0.533130236,51.76848875,15.92649311,5.513016845,9.494640123,7.955742887,14.53420951,0,15.06024096,13.17829457,16.66666667,15.19507187,NA,0,7.023809524,67.86171575,0.714285714,49.4047619,52.49679898,26.80293097,12.99652912,1.504049364,46.29812438,16.58440276,22.48995984
48453001308,2019,3054,2040,70,752,0,181,0,46,46,25,11,64,11,2040,58,94,78,0,0,752,100,155,0,0,0,181,47,0,609,19,36,0,48,35,100,101,236,78,129,NA,NA,25,0,0,0,9,0,2559,463,1531,2363,68,1395,1152,2295,1264,109,175,2829,190,63558,1666,64153,1144,54167,78,46326,333,94100,108,47379,3054,287,6,485,0,2040,177,78,0,752,110,0,0,181,0,1748,82,1666,534,1132,1748,945,370200,1280,1101,1198,225,389,112,2849,669,435,485,25,66.79764244,2.292075966,24.62344466,0,5.926653569,0,1.506221349,1.506221349,0.818598559,0.360183366,2.095612312,0.360183366,2.843137255,4.607843137,0,0,13.29787234,20.61170213,NA,NA,25.96685083,0,19.9410609,0.622134905,1.178781925,0,1.571709234,1.146037983,3.274394237,3.307138179,7.727570399,2.554027505,4.223968566,NA,NA,0,0,0,0.294695481,0,18.09300508,59.82805784,2.877697842,82.58064516,55.07625272,4.749455338,7.625272331,6.716154118,9.39751146,0.196463654,0,8.676470588,0,14.62765957,NA,0,4.691075515,32.05282113,54.0617849,62.98627002,71.90876351,7.367387033,12.73739358,3.667321546,23.48192348,15.26851527,5.154639175
48453001821,2019,5594,1758,331,3259,0,180,0,11,10,0,0,0,182,1758,221,351,340,62,23,3259,631,128,80,0,0,180,0,8,2623,25,51,0,51,115,106,0,1562,256,301,NA,NA,597,0,0,17,0,0,4053,2188,989,3364,234,2041,1257,3130,997,210,248,4408,127,55859,2029,69556,738,NA,153,52292,1049,67727,62,24953,5562,595,53,1217,106,1726,181,340,92,3259,314,80,0,180,0,2127,98,2029,885,1144,2127,906,233600,948,2005,1282,1186,749,157,4680,1878,973,1217,68,31.42652842,5.917053986,58.25884877,0,3.217733286,0,0.196639256,0.17876296,0,0,0,3.253485878,12.57110353,19.96587031,18.23529412,6.764705882,19.36176741,3.927585149,0,0,0,4.444444444,46.88952449,0.446907401,0.911691098,0,0.911691098,2.055774044,1.894887379,0,27.9227744,4.576331784,5.380765105,NA,NA,0,0,0.303897033,0,0,53.98470269,24.40167777,6.956004756,61.58745713,31.85303514,6.709265176,7.923322684,2.881125227,10.69759079,0.952894642,8.709942482,10.48667439,27.05882353,9.634857318,0,0,4.607428303,43.61754559,42.59520451,94.26422191,63.1838344,21.20128709,13.38934573,2.806578477,40.12820513,20.79059829,5.587510271
48453001823,2019,7254,698,1183,4966,0,202,0,0,17,0,18,33,129,698,0,18,1183,200,50,4966,1588,80,0,0,0,202,40,26,3624,40,0,32,0,39,34,0,3547,944,940,NA,NA,1943,32,0,0,0,0,4581,3097,406,3936,151,2341,1409,3785,578,184,313,5140,123,41993,2332,31607,410,47628,491,42174,1312,NA,64,18202,7254,1459,14,1540,248,698,191,1183,56,4966,1172,0,0,202,0,2588,256,2332,501,1831,2588,1789,167700,920,2006,1733,2114,592,20,5359,2400,1005,1540,273,9.622277364,16.30824373,68.45878136,0,2.784670527,0,0,0.23435346,0,0.248138958,0.454921423,1.778329198,0,2.578796562,16.90617075,4.226542688,31.97744664,1.610954491,NA,NA,19.8019802,12.87128713,49.95864351,0.551419906,0,0.441135925,0,0.537634409,0.46870692,0,48.89716019,13.01350979,12.9583678,NA,NA,0.441135925,0,0,0,0,67.60532635,8.862693735,3.836382114,60.18795387,15.27080581,4.861294584,8.269484808,2.392996109,20.11304108,0.192996967,16.1038961,27.36389685,4.733727811,23.60048329,NA,0,9.891808346,21.48370497,69.12673879,77.51159196,74.31389365,29.14254205,8.161014613,0.275709953,44.78447472,18.75349879,17.72727273
48453001828,2019,4273,3015,215,652,12,199,0,0,151,16,0,84,30,3015,401,412,215,23,9,652,234,2,12,0,0,211,0,53,474,0,8,9,79,175,142,15,431,66,328,NA,NA,17,0,0,28,0,0,3192,427,1986,2489,146,1630,1025,2343,1374,169,146,3384,326,104688,1677,97064,1297,125556,72,112778,178,145329,89,46184,4273,69,3,1174,9,3015,33,215,3,652,33,12,0,211,0,1792,115,1677,1300,377,1792,144,311900,1392,1519,748,889,825,118,3534,2007,621,1174,57,70.559326,5.031593728,15.25860051,0.280833138,4.657149544,0,0,3.53381699,0.374444184,0,1.965831968,0.702082846,13.30016584,13.66500829,10.69767442,4.186046512,35.88957055,0.306748466,0,0,0,25.11848341,11.09290896,0,0.187222092,0.210624854,1.848818161,4.095483267,3.323192137,0.351041423,10.08659022,1.544582261,7.67610578,NA,NA,0,0,0.655277323,0,0,13.37719298,62.21804511,5.865809562,62.88343558,58.64276569,7.212974819,6.231327358,9.63356974,1.614790545,0.070208285,0.766609881,1.094527363,1.395348837,5.061349693,0,0,6.417410714,77.51937984,8.035714286,84.765625,44.60345856,20.805055,19.30727826,2.76152586,56.79117148,17.5721562,4.855195911
48453001841,2019,16835,5214,2177,7696,24,1321,0,86,188,300,0,44,1120,5214,633,718,2495,616,133,7696,2012,377,237,0,24,1538,314,169,6177,248,135,0,93,495,243,25,3982,854,2095,NA,NA,1697,0,0,34,0,0,11428,3728,4663,9706,740,7084,4664,8966,3961,926,383,12547,668,80888,5393,101830,2183,NA,746,77679,2015,68472,402,32318,16667,815,7,4180,105,5106,303,2458,281,7677,166,237,0,1536,65,5496,103,5393,4285,1108,5496,238,215700,1263,961,2479,4288,2593,398,13537,7736,1972,4180,219,30.97119097,12.93139293,45.71428571,0.142560143,7.846747847,0,0.510840511,1.116721117,1.782001782,0,0.261360261,6.652806653,12.14039125,13.77061757,24.68937876,5.330661323,26.14345114,4.898648649,0,10.12658228,20.41612484,10.98829649,36.69141669,1.473121473,0.801900802,0,0.552420552,2.94030294,1.443421443,0.148500149,23.65310365,5.072765073,12.44431244,NA,NA,0,0,0.201960202,0,0,32.62163108,40.80329016,7.62415001,65.83850932,44.1780058,10.32790542,4.271693063,5.323981828,4.889902202,0.04199916,2.511961722,5.934195065,11.43205858,2.162302983,0,4.231770833,1.874090247,79.45484888,4.330422125,17.48544396,45.96699425,25.47074547,15.4024354,2.364122364,57.14707838,14.56748172,5.23923445
48453001843,2019,2524,1152,80,899,26,311,0,0,79,103,0,0,235,1152,106,253,88,14,27,899,202,75,193,37,4,311,22,75,802,8,38,0,6,82,40,24,431,52,273,NA,NA,103,0,0,0,0,0,1992,564,864,1705,31,1048,813,1674,755,111,107,2112,115,79280,1009,77462,575,57115,36,85781,263,81786,118,36669,2513,103,44,615,0,1145,66,88,7,899,9,193,0,307,21,1031,22,1009,765,244,1031,45,237800,1369,956,366,412,597,111,2146,1102,380,615,32,45.64183835,3.169572108,35.61806656,1.030110935,12.32171157,0,0,3.129952456,4.080824089,0,0,9.310618067,9.201388889,21.96180556,15.90909091,30.68181818,22.46941046,8.342602892,19.17098446,2.07253886,7.073954984,24.11575563,31.77496038,0.316957211,1.505546751,0,0.237717908,3.24881141,1.584786054,0.950871632,17.07606973,2.06022187,10.81616482,NA,NA,0,0,0,0,0,28.31325301,43.37349398,1.818181818,77.57633588,45.10155317,6.630824373,6.391875747,5.445075758,4.098686828,1.750895344,0,5.76419214,7.954545455,1.001112347,0,6.840390879,2.13385063,75.81764123,4.364694471,92.72550921,36.27353816,16.32329635,23.65293185,4.3977813,51.35135135,17.70736253,5.203252033
48453001847,2019,6932,3024,967,1528,11,1153,0,238,419,76,93,185,144,3024,291,216,967,92,85,1528,412,20,11,0,0,1153,154,206,1307,18,112,18,19,187,189,31,1521,178,699,NA,NA,298,0,0,0,0,16,5305,1017,2828,4573,115,3113,2156,4458,2664,360,174,5717,209,79860,3078,86389,1676,57134,368,101250,474,95327,493,43304,6932,372,61,1671,37,3024,98,967,176,1528,98,11,0,1153,0,3247,169,3078,1828,1250,3247,1290,265900,1010,659,1956,1215,1019,196,5914,2652,955,1671,140,43.6237738,13.94979804,22.04270052,0.158684362,16.63300635,0,3.433352568,6.044431621,1.096364686,1.341604155,2.668782458,2.077322562,9.623015873,7.142857143,9.513960703,8.790072389,26.96335079,1.308900524,0,0,13.35646141,17.86643539,18.85458742,0.25966532,1.615695326,0.25966532,0.274091171,2.69763416,2.726485863,0.447201385,21.94171956,2.5678015,10.08366994,NA,NA,0,0,0,0,0.230813618,19.17059378,53.30819981,2.514760551,69.25795053,59.7577389,8.075370121,3.903095559,3.655763512,5.366416619,0.879976919,2.214242968,3.240740741,18.20062048,6.413612565,0,0,5.204804435,59.38921378,39.7289806,20.29565753,63.54775828,17.52740912,14.6999423,2.827466821,44.84274603,16.1481231,8.378216637
48453001908,2019,9285,5575,267,2448,0,817,0,552,124,99,14,43,66,5575,1027,1164,392,185,0,2448,973,113,0,0,0,831,262,38,1737,14,205,0,91,202,120,61,1484,364,665,NA,NA,278,0,30,14,0,0,6084,868,4186,4462,116,3686,2038,4346,2858,354,354,6482,246,97217,3603,127578,2547,NA,130,59257,642,124063,263,81124,9146,936,30,2455,167,5440,195,392,10,2444,691,0,0,831,40,4179,576,3603,2046,1557,4179,1847,688700,1204,482,2625,2803,1758,567,6820,4565,729,2455,248,60.04308024,2.875605816,26.36510501,0,8.799138395,0,5.945072698,1.335487345,1.066235864,0.150780829,0.463112547,0.71082391,18.42152466,20.87892377,47.19387755,0,39.74673203,4.616013072,NA,NA,31.52827918,4.572803851,18.70759289,0.150780829,2.207862143,0,0.98007539,2.175551966,1.292407108,0.656973613,15.98276791,3.920301562,7.162089391,NA,NA,0,0.323101777,0.150780829,0,0,14.26692965,68.8034188,2.599731062,55.29028757,65.76161988,8.145421077,8.145421077,3.795124961,10.23398207,0.328012246,6.802443992,3.584558824,2.551020408,28.27332242,NA,4.813477738,13.78320172,56.78601166,44.19717636,11.53385978,72.85595337,30.18847604,18.93376414,6.106623586,66.93548387,10.68914956,10.10183299
48453002201,2019,2223,229,810,1117,14,8,0,0,0,8,9,0,0,229,24,0,851,182,157,1117,416,47,138,66,0,8,0,0,1085,0,7,0,6,13,31,0,429,87,78,NA,NA,328,0,0,0,0,0,1302,647,271,1119,105,876,547,1014,197,52,66,1550,84,53617,664,97292,112,47448,313,47375,229,NA,8,20704,2223,314,42,490,43,229,0,851,49,1117,265,138,66,8,0,694,30,664,339,325,694,173,215800,1142,587,361,673,285,89,1621,587,348,490,142,10.30139451,36.43724696,50.24741341,0.629779577,0.359874044,0,0,0,0.359874044,0.4048583,0,0,10.48034934,0,21.386604,18.44888367,37.24261415,4.207699194,47.82608696,0,0,0,48.80791723,0,0.314889789,0,0.269905533,0.584795322,1.394511921,0,19.29824561,3.913630229,3.50877193,NA,NA,0,0,0,0,0,49.69278034,20.8141321,9.383378016,62.44292237,19.42800789,5.128205128,6.50887574,5.419354839,14.12505623,1.889338731,8.775510204,0,5.757931845,23.72426141,47.82608696,0,4.322766571,51.05421687,24.92795389,84.58213256,54.36746988,30.27440396,12.82051282,4.00359874,36.21221468,21.46822949,28.97959184
48453000102,2019,2580,2348,15,100,0,73,0,15,14,0,0,50,23,2348,414,602,15,11,1,100,10,33,0,0,0,73,22,0,76,0,0,0,36,124,26,34,232,67,188,NA,NA,5,0,0,0,0,9,1925,75,1606,1264,22,1157,613,1242,909,34,204,2034,187,184583,1132,190150,1015,NA,0,NA,61,NA,19,124719,2577,82,31,741,0,2347,73,15,4,98,5,0,0,73,0,1213,81,1132,1053,79,1213,143,906700,NA,1075,475,546,902,266,2123,1407,365,741,29,91.00775194,0.581395349,3.875968992,0,2.829457364,0,0.581395349,0.542635659,0,0,1.937984496,0.891472868,17.63202726,25.63884157,73.33333333,6.666666667,10,33,NA,NA,30.1369863,0,2.945736434,0,0,0,1.395348837,4.80620155,1.007751938,1.317829457,8.992248062,2.596899225,7.286821705,NA,NA,0,0,0,0,0.348837209,3.896103896,83.42857143,1.740506329,52.98184961,73.1884058,2.737520129,16.42512077,9.193706981,3.181994567,1.202949166,0,3.110353643,26.66666667,5.102040816,NA,0,6.677658697,93.02120141,11.78895301,88.62324815,41.96113074,21.1627907,34.96124031,10.31007752,66.27414037,17.19265191,3.913630229
48453000302,2019,5235,3646,218,563,33,636,19,320,162,34,76,17,40,3646,348,374,232,0,14,563,41,15,33,0,0,636,0,0,342,0,11,0,32,121,67,51,818,557,133,NA,NA,93,0,0,0,0,0,4096,536,3132,3681,172,2483,1870,3509,2385,202,209,4786,129,63516,2674,66758,1903,105517,92,42656,300,44643,349,54117,5157,968,21,704,0,3575,493,232,55,556,139,33,0,636,266,3112,438,2674,836,1838,3112,1779,599700,1150,2874,2011,449,589,70,4808,1303,485,704,37,69.64660936,4.164278892,10.75453677,0.630372493,12.14899713,0.362941738,6.112702961,3.094555874,0.64947469,1.451766953,0.324737345,0.76408787,9.544706528,10.25781679,0,6.034482759,7.282415631,2.664298401,0,0,0,0,6.532951289,0,0.210124164,0,0.611270296,2.311365807,1.279847182,0.974212034,15.62559694,10.63992359,2.540592168,NA,NA,0,0,0,0,0,13.0859375,76.46484375,4.672643303,75.31212243,67.96808207,5.756625819,5.956112853,2.695361471,18.77060306,0.407213496,0,13.79020979,23.70689655,25,0,41.82389937,14.07455013,31.26402393,57.16580977,92.35218509,75.20568437,8.576886342,11.25119389,1.337153773,27.10066556,10.08735441,5.255681818
48453000401,2019,4229,2948,130,622,0,236,0,62,147,23,40,67,26,2948,164,231,137,0,0,622,15,0,0,0,0,236,0,0,466,21,23,0,84,76,245,0,463,379,138,NA,NA,66,0,0,0,14,0,2586,160,2132,2919,95,1922,1481,2824,1860,157,127,3963,115,69583,1884,75625,1359,61583,33,87617,307,NA,96,37363,3983,984,17,504,7,2832,585,100,31,576,146,0,0,201,115,2156,272,1884,509,1375,2156,1191,405900,1464,1439,1461,259,355,90,3989,896,181,504,44,69.7091511,3.074012769,14.70796879,0,5.580515488,0,1.466067628,3.475999054,0.543863798,0.945850083,1.584298889,0.614802554,5.563093623,7.835820896,0,0,2.411575563,0,NA,NA,0,0,11.01915346,0.496571293,0.543863798,0,1.986285174,1.797115157,5.793331757,0,10.94821471,8.961929534,3.263182786,NA,NA,0,0,0,0.331047529,0,6.18716164,82.44392885,3.254539226,77.05515088,65.86402266,5.559490085,4.497167139,2.901842039,24.70499623,0.426813959,1.388888889,20.65677966,31,25.34722222,NA,57.21393035,12.61595547,27.01698514,55.24118738,66.74397032,77.5477707,6.124379286,8.394419485,2.128162686,22.46176987,4.537478065,8.73015873
48453000902,2019,5581,2055,467,2791,0,203,0,44,31,0,0,24,50,2055,208,21,467,134,0,2791,312,579,0,0,0,203,38,0,2072,26,75,0,20,20,95,45,1015,178,433,NA,NA,374,0,0,20,7,45,4495,1747,2045,3427,184,2279,1469,3243,1710,160,210,4748,137,59318,2746,128958,1097,11761,303,36543,1164,104635,117,44008,5581,1201,16,1191,146,2055,458,467,310,2791,319,0,0,203,74,3180,434,2746,900,1846,3180,1746,348600,1082,1310,2019,833,890,226,4889,1645,965,1191,252,36.82135818,8.367676044,50.00895897,0,3.637340978,0,0.788389178,0.555456011,0,0,0.43003046,0.895896793,10.1216545,1.02189781,28.69379015,0,11.17878896,20.7452526,NA,NA,18.71921182,0,37.12596309,0.465866332,1.343845189,0,0.358358717,0.358358717,1.702203906,0.806307113,18.18670489,3.189392582,7.758466225,NA,NA,0,0,0.358358717,0.125425551,0.806307113,38.86540601,45.49499444,5.369127517,64.45809566,52.72895467,4.933703361,6.475485661,2.885425442,21.51944096,0.286686974,12.25860621,22.28710462,66.38115632,11.42959513,NA,36.45320197,13.64779874,32.77494538,54.90566038,41.19496855,73.52512746,14.92564057,15.94696291,4.049453503,33.64696257,19.73818777,21.15869018
48453001305,2019,5644,3944,464,1082,0,32,0,7,54,18,12,0,12,3944,241,325,578,233,56,1082,139,170,52,0,33,32,0,0,1002,0,0,19,32,217,81,120,406,107,223,NA,NA,56,0,23,18,13,0,4645,563,3371,3976,142,2383,1797,3834,2372,264,577,4917,172,81367,2970,88250,2343,36625,177,61534,393,NA,7,69139,5615,664,46,1114,73,3921,341,572,236,1082,86,52,0,32,1,3397,427,2970,1321,1649,3397,1517,600900,1407,2226,2114,727,820,81,5008,1674,796,1114,215,69.87951807,8.221119773,19.17080085,0,0.566973777,0,0.124025514,0.956768249,0.31892275,0.212615167,0,0.212615167,6.110547667,8.240365112,40.31141869,9.688581315,12.84658041,15.7116451,0,63.46153846,0,0,17.75336641,0,0,0.33664068,0.566973777,3.844790928,1.435152374,2.126151665,7.193479802,1.895818568,3.951098512,NA,NA,0,0.407512403,0.31892275,0.230333097,0,12.12055974,72.57265877,3.571428571,75.40914813,61.8675013,6.885758998,15.0495566,3.498067928,11.8254675,0.819234194,6.552962298,8.69676103,41.25874126,7.948243993,0,3.125,12.56991463,44.47811448,44.65705034,65.52840742,71.17845118,12.88093551,14.52870305,1.435152374,33.42651757,15.89456869,19.29982047
48453001307,2019,3726,2007,203,1229,0,241,0,154,30,37,14,19,27,2007,49,172,206,109,0,1229,348,116,0,0,0,262,48,46,1164,8,8,0,9,105,76,17,331,123,108,NA,NA,91,0,0,14,2,0,2883,460,1878,2406,53,1539,1082,2353,1123,123,171,3117,66,66202,1915,67969,1261,NA,90,70430,415,128456,120,55215,3699,669,56,631,86,2007,174,179,133,1226,335,0,0,262,39,2130,215,1915,787,1128,2130,928,464700,1047,1526,1348,609,515,114,3158,908,619,631,88,53.8647343,5.448201825,32.98443371,0,6.468062265,0,4.133118626,0.805152979,0.993022008,0.375738057,0.50993022,0.724637681,2.441454908,8.570004983,52.91262136,0,28.31570382,9.438567941,NA,NA,18.32061069,17.55725191,31.23993559,0.214707461,0.214707461,0,0.241545894,2.818035427,2.03972088,0.456253355,8.883521202,3.301127214,2.898550725,NA,NA,0,0,0.375738057,0.053676865,0,15.9556018,65.14047867,2.202826268,70.30539311,47.72630684,5.227369316,7.267318317,2.117420597,18.08596918,1.513922682,13.62916006,8.669656203,74.30167598,27.32463295,NA,14.88549618,10.09389671,41.09660574,43.56807512,71.64319249,70.39164491,16.34460548,13.82179281,3.05958132,28.75237492,19.6010133,13.94611727
48453001401,2019,3173,2431,43,397,132,94,0,17,53,12,0,0,36,2431,158,229,43,0,10,397,66,11,132,0,0,106,0,0,299,0,51,24,49,85,99,8,182,29,86,NA,NA,11,24,0,0,0,0,2481,247,1945,2518,101,1349,1130,2417,1795,216,190,2892,119,85037,1689,84864,1411,NA,0,66799,155,98594,63,59801,3057,244,13,511,41,2346,237,33,0,376,7,132,0,106,0,1928,239,1689,549,1140,1928,1182,665900,1716,970,1322,281,403,125,2926,833,559,511,49,76.61519067,1.355184368,12.51181847,4.160100851,2.962496061,0,0.535770564,1.670343523,0.378190986,0,0,1.134572959,6.49938297,9.419991773,0,23.25581395,16.62468514,2.770780856,0,0,0,0,9.423258746,0,1.607311692,0.756381973,1.544279861,2.678852821,3.120075638,0.252127324,5.735896628,0.913961551,2.710368736,NA,NA,0.756381973,0,0,0,0,9.955663039,78.39580814,4.011119936,83.76575241,74.26561854,8.936698386,7.860984692,4.114799447,7.981681387,0.425253517,8.023483366,10.10230179,0,1.861702128,0,0,12.39626556,32.5044405,61.30705394,50.31120332,78.27116637,8.855972266,12.70091396,3.939489442,28.46889952,19.10457963,9.589041096
48453001755,2019,6239,3178,126,652,7,2110,0,1414,576,10,27,123,49,3178,533,419,126,26,75,652,144,9,7,0,0,2110,471,301,238,0,27,0,55,214,171,32,1970,432,1361,NA,NA,173,0,0,17,8,0,4410,236,3673,3191,151,2513,1355,3040,2315,398,193,4618,104,184010,2135,189469,1275,NA,52,135714,144,179583,631,74833,6239,138,5,1854,33,3178,65,126,0,652,7,7,0,2110,66,2147,12,2135,1986,149,2147,0,575400,1536,790,736,1621,1278,259,5016,3756,352,1854,22,50.93765026,2.019554416,10.45039269,0.112197468,33.81952236,0,22.66388844,9.232248758,0.160282096,0.432761661,1.971469787,0.785382273,16.77155444,13.1843927,20.63492063,59.52380952,22.08588957,1.380368098,0,0,22.32227488,14.26540284,3.814713896,0,0.432761661,0,0.881551531,3.430036865,2.74082385,0.512902709,31.57557301,6.924186568,21.81439333,NA,NA,0,0,0.272479564,0.128225677,0,5.351473923,83.28798186,4.732058916,53.91961799,76.15131579,13.09210526,6.348684211,2.252057168,2.211892932,0.080141048,1.779935275,2.045311517,0,1.073619632,0,3.127962085,0.558919422,93.02107728,0,36.79552864,34.47306792,25.98172784,20.48405193,4.151306299,74.88038278,7.01754386,1.186623517
48453001760,2019,18107,12869,107,2804,0,2010,0,1649,55,25,207,172,0,12869,3118,1677,107,30,0,2804,845,31,0,0,0,2010,330,230,2130,0,3,86,208,1058,314,177,2851,330,2214,NA,NA,262,0,0,45,0,26,11465,855,8374,9014,188,6788,4052,8826,6138,1406,867,12056,341,166659,6038,167778,4546,NA,0,NA,851,242882,572,71171,18092,266,86,4411,0,12859,225,107,0,2799,41,0,0,2010,0,6136,98,6038,4610,1428,6136,1304,531800,1634,511,3901,6018,2575,1028,13596,8476,1523,4411,150,71.07196112,0.590931684,15.48572375,0,11.1006793,0,9.106975203,0.303749931,0.13806815,1.143204286,0.949908875,0,24.2287668,13.03131556,28.03738318,0,30.13552068,1.105563481,NA,NA,16.41791045,11.44278607,11.76340642,0,0.016568178,0.474954438,1.148727012,5.843044127,1.73413597,0.977522505,15.74529188,1.822499586,12.2273154,NA,NA,0,0,0.248522671,0,0.143590876,7.457479285,73.039686,2.085644553,59.6935769,69.54452753,15.93020621,9.82324949,2.828467153,1.4702631,0.47534822,0,1.749747259,0,1.46480886,NA,0,1.597131682,76.3497847,21.25162973,8.327900913,64.60748592,33.23576517,14.2210195,5.677362346,62.34186525,11.20182407,3.400589436
48453001805,2019,4632,1134,352,2913,0,58,0,27,0,0,10,53,0,1134,91,119,352,30,24,2913,567,114,0,0,0,58,0,13,1885,20,55,0,28,35,68,12,1858,527,405,NA,NA,1029,0,28,12,0,0,3260,1775,759,2873,55,1600,1000,2818,696,166,180,3675,151,37659,1796,52849,588,NA,158,31458,992,NA,58,22409,4627,1400,129,798,183,1133,158,351,103,2911,1139,0,0,58,0,1964,168,1796,563,1233,1964,1088,165700,800,1752,1230,957,527,96,3815,1276,786,798,153,24.48186528,7.599309154,62.88860104,0,1.252158895,0,0.582901554,0,0,0.215889465,1.144214162,0,8.024691358,10.49382716,8.522727273,6.818181818,19.46446962,3.913491246,NA,NA,0,22.4137931,40.69516408,0.431778929,1.187392055,0,0.604490501,0.755613126,1.468048359,0.259067358,40.11226252,11.37737478,8.743523316,NA,NA,0,0.604490501,0.259067358,0,0,54.44785276,23.28220859,1.914375218,62.5,24.69836764,5.890702626,6.387508872,4.108843537,30.25718608,2.787983575,22.93233083,13.94527802,29.34472934,39.12744761,NA,0,8.553971487,31.34743875,55.39714868,89.20570265,68.48552339,20.66062176,11.37737478,2.07253886,33.44692005,20.60288336,19.17293233
48453001818,2019,6714,2172,66,4125,0,200,0,0,40,30,0,0,149,2172,146,302,66,0,0,4125,1512,109,0,0,0,200,20,23,2995,120,0,0,0,111,124,0,2146,613,215,NA,NA,1342,0,0,0,0,0,4246,2215,1429,3416,268,2208,1096,3148,1149,228,222,4686,146,57130,2134,77010,1110,NA,17,30465,932,NA,59,24206,6714,1960,40,1503,387,2172,93,66,0,4125,1737,0,0,200,130,2412,278,2134,960,1174,2412,1199,346400,948,2348,1366,2028,612,196,4948,2419,744,1503,278,32.35031278,0.983020554,61.43878463,0,2.978850164,0,0,0.595770033,0.446827525,0,0,2.219243372,6.721915285,13.90423573,0,0,36.65454545,2.642424242,NA,NA,10,11.5,44.6082812,1.787310098,0,0,0,1.653261841,1.846887102,0,31.96306226,9.130175752,3.202263926,NA,NA,0,0,0,0,0,52.16674517,33.6552049,7.845433255,49.63768116,36.49936468,7.242693774,7.052096569,3.115663679,29.19273161,0.595770033,25.74850299,4.281767956,0,42.10909091,NA,65,11.52570481,44.98594189,49.70978441,97.34660033,64.01124649,30.20554066,9.115281501,2.919273161,48.88843977,15.03637833,18.49634065
48453001820,2019,7713,1215,782,5610,15,37,0,0,37,17,0,0,18,1215,73,184,870,271,31,5610,1743,107,52,0,15,37,0,0,4549,190,55,0,29,99,64,0,2781,1360,220,NA,NA,1536,0,0,0,0,0,4531,2715,762,4142,237,2633,1538,3905,666,123,152,5345,152,33796,2956,43125,781,NA,372,32269,1810,NA,20,17349,7653,2407,119,1497,418,1187,217,862,337,5600,1843,52,15,37,0,3252,296,2956,494,2462,3252,2638,192400,827,3040,2402,2368,567,164,5612,1912,937,1497,479,15.75262544,10.13872682,72.73434461,0.194476857,0.479709581,0,0,0.479709581,0.220407105,0,0,0.233372229,6.008230453,15.14403292,31.14942529,3.563218391,31.06951872,1.907308378,0,28.84615385,0,0,58.97834824,2.463373525,0.71308181,0,0.375988591,1.283547258,0.829767924,0,36.05600933,17.63256839,2.85232724,NA,NA,0,0,0,0,0,59.92054734,16.81747959,5.721873491,58.41245727,17.05505762,3.149807939,3.892445583,2.843779233,31.45171828,1.554945773,27.92251169,18.28138163,39.09512761,32.91071429,28.84615385,0,9.102091021,16.71177267,81.11931119,93.48093481,81.25845737,30.7014132,7.351225204,2.126280306,34.06985032,16.69636493,31.99732799
48453001832,2019,3011,1500,560,858,0,89,0,0,46,4,0,14,30,1500,97,277,560,155,58,858,148,58,0,0,0,89,0,20,753,24,16,0,90,42,21,17,451,41,199,NA,NA,102,0,0,0,0,0,2279,695,874,1890,75,1270,907,1815,717,17,172,2483,191,57602,1246,90300,658,NA,205,50446,335,NA,48,40626,2987,324,20,788,36,1500,160,560,77,834,87,0,0,89,0,1283,37,1246,649,597,1283,573,241600,974,1075,682,528,619,135,2611,1007,766,788,174,49.81733643,18.59847227,28.49551644,0,2.955828628,0,0,1.527731651,0.13284623,0,0.464961807,0.996346729,6.466666667,18.46666667,27.67857143,10.35714286,17.24941725,6.75990676,NA,NA,0,22.47191011,25.00830289,0.797077383,0.531384922,0,2.989040186,1.39488542,0.69744271,0.56459648,14.97841249,1.361673863,6.609099967,NA,NA,0,0,0,0,0,30.49583151,38.35015358,3.968253968,71.41732283,39.50413223,0.936639118,9.476584022,7.692307692,10.84700368,0.669568129,4.568527919,10.66666667,13.75,10.43165468,NA,0,2.883865939,52.08667737,44.6609509,83.78799688,54.73515249,17.53570242,20.55795417,4.483560279,38.56759862,29.33741861,22.08121827
48453001845,2019,3198,2014,101,893,0,157,0,62,65,20,0,27,26,2014,278,302,101,0,37,893,247,0,0,0,0,177,12,14,737,90,53,0,19,188,53,0,557,263,145,NA,NA,218,0,0,0,0,0,2478,620,1342,2007,34,1329,847,1973,1052,191,108,2624,161,63871,1516,72813,1031,31950,78,57016,290,NA,84,40717,3198,198,37,706,0,2014,139,101,2,893,24,0,0,177,33,1585,69,1516,925,591,1585,492,242600,1009,1246,847,574,562,147,2661,1260,419,706,28,62.97686054,3.15822389,27.92370231,0,4.909318324,0,1.938711695,2.032520325,0.625390869,0,0.844277674,0.81300813,13.80337637,14.99503476,0,36.63366337,27.65957447,0,NA,NA,6.779661017,7.90960452,23.04565353,2.814258912,1.657285804,0,0.594121326,5.878674171,1.657285804,0,17.41713571,8.223889931,4.534083802,NA,NA,0,0,0,0,0,25.02017756,54.15657789,1.694070752,63.73212942,53.31981754,9.680689306,5.473897618,6.135670732,6.191369606,1.156973108,0,6.901688183,1.98019802,2.687569989,NA,18.6440678,4.353312303,61.01583113,31.04100946,78.61198738,55.8707124,17.94871795,17.57348343,4.596622889,47.35062007,15.74596017,3.966005666
48453001851,2019,9493,3447,1790,3172,36,857,0,525,194,117,0,28,23,3447,481,529,1808,549,50,3172,546,135,70,21,0,916,170,139,3081,0,28,40,62,149,90,0,1856,784,506,NA,NA,495,0,0,0,0,0,6757,1877,3378,5474,301,3954,2598,5173,3033,422,301,7376,689,69768,4292,86790,1673,55036,902,69611,1463,101708,249,40327,9493,966,78,2360,234,3447,100,1808,273,3172,593,70,0,916,0,4613,321,4292,1418,2874,4613,2334,273700,1068,410,3354,2091,1353,238,7720,3814,1551,2360,320,36.31096597,18.85599916,33.4140946,0.379226799,9.027704624,0,5.530390814,2.043611082,1.232487096,0,0.294954177,0.242283788,13.95416304,15.34667827,30.36504425,2.765486726,17.21311475,4.255989912,30,0,18.55895197,15.17467249,32.45549352,0,0.294954177,0.42136311,0.65311282,1.569577583,0.948066997,0,19.55124829,8.258716949,5.330243337,NA,NA,0,0,0,0,0,27.77859997,49.99260027,5.498721228,65.70561457,58.63135511,8.157742123,5.818673884,9.341106291,10.1759191,0.821658064,9.915254237,2.901073397,15.09955752,18.69482976,0,0,6.958595274,33.03821062,50.59614134,8.887925428,78.14538677,22.02675656,14.25260718,2.507110502,49.40414508,20.09067358,13.55932203
48453001913,2019,4940,3748,0,753,0,439,0,287,133,0,4,0,0,3748,793,564,0,0,0,753,281,17,0,0,0,439,108,29,515,0,39,14,37,83,140,45,706,198,490,NA,NA,46,0,0,28,0,0,3260,125,2810,2299,73,1895,961,2226,1704,169,200,3484,101,223424,1661,240179,1330,NA,0,169398,189,250001,142,112361,4940,185,30,1434,23,3748,63,0,0,753,122,0,0,439,0,1796,135,1661,1569,92,1796,113,1150100,1688,722,758,1456,939,155,3758,2827,191,1434,27,75.87044534,0,15.24291498,0,8.886639676,0,5.809716599,2.692307692,0,0.08097166,0,0,21.15795091,15.04802561,NA,NA,37.31739708,2.257636122,NA,NA,24.60136674,6.605922551,10.42510121,0,0.789473684,0.28340081,0.748987854,1.680161943,2.834008097,0.910931174,14.29149798,4.008097166,9.91902834,NA,NA,0,0,0.566801619,0,0,3.834355828,86.19631902,3.175293606,50.71240106,76.54986523,7.592093441,8.984725966,2.898966705,3.744939271,0.607287449,1.60390516,1.680896478,NA,16.20185923,NA,0,7.516703786,94.46116797,6.291759465,40.20044543,45.63515954,29.47368421,19.00809717,3.137651822,75.22618414,5.082490687,1.882845188
48453002002,2019,3400,2000,139,1227,0,34,0,0,0,0,0,0,0,2000,263,192,139,0,0,1227,157,247,0,0,0,34,17,0,1132,0,8,6,52,66,37,13,279,58,163,NA,NA,75,0,0,0,0,0,2849,724,1036,2368,99,1249,909,2269,855,193,215,2905,110,75000,1412,86250,933,NA,65,70027,405,NA,9,37628,3400,233,28,682,37,2000,226,139,0,1227,7,0,0,34,0,1502,90,1412,774,638,1502,185,291700,1166,1385,703,495,634,173,2963,914,494,682,50,58.82352941,4.088235294,36.08823529,0,1,0,0,0,0,0,0,0,13.15,9.6,0,0,12.79543602,20.13039935,NA,NA,50,0,33.29411765,0,0.235294118,0.176470588,1.529411765,1.941176471,1.088235294,0.382352941,8.205882353,1.705882353,4.794117647,NA,NA,0,0,0,0,0,25.41242541,36.36363636,4.180743243,72.77822258,37.68179815,8.505949758,9.475539885,3.786574871,6.852941176,0.823529412,5.425219941,11.3,0,0.570497148,NA,0,5.992010652,54.81586402,12.31691079,92.21038615,49.78753541,14.55882353,18.64705882,5.088235294,30.84711441,16.6722916,7.331378299
48453002104,2019,3304,1769,43,1404,0,38,0,0,24,10,10,20,26,1769,181,168,43,0,0,1404,535,50,0,0,0,48,0,0,1302,9,0,0,67,112,59,13,614,84,109,NA,NA,244,0,0,11,0,0,2264,483,1279,1950,53,1256,873,1897,1083,125,106,2456,111,81563,1218,105438,803,NA,19,45227,356,NA,20,37964,3304,769,0,708,128,1769,102,43,0,1404,667,0,0,48,0,1297,79,1218,818,400,1297,279,340500,932,1214,647,848,477,74,2578,1239,324,708,63,53.54116223,1.301452785,42.49394673,0,1.150121065,0,0,0.726392252,0.302663438,0.302663438,0.605326877,0.786924939,10.23176936,9.496890899,0,0,38.10541311,3.561253561,NA,NA,0,0,39.40677966,0.272397094,0,0,2.027845036,3.389830508,1.785714286,0.39346247,18.58353511,2.542372881,3.299031477,NA,NA,0,0,0.332929782,0,0,21.33392226,56.49293286,2.717948718,69.50636943,57.09014233,6.589351608,5.587770163,4.519543974,23.2748184,0,18.07909605,5.765969474,0,47.50712251,NA,0,6.090979183,67.1592775,21.51117965,93.60061681,53.11986864,25.66585956,14.437046,2.239709443,48.06051202,12.56788208,8.898305085
48453002113,2019,3703,1799,621,1147,0,23,0,28,23,9,0,0,0,1799,192,272,630,92,169,1147,289,35,0,0,0,23,0,0,1036,0,48,10,37,65,31,28,355,98,111,NA,NA,108,0,0,0,0,0,2877,683,1436,2225,29,1448,997,2196,1065,111,101,3017,209,76019,1408,86366,795,42255,207,62019,336,NA,10,39770,3694,457,26,811,52,1790,59,630,105,1147,293,0,0,23,0,1535,127,1408,887,521,1535,386,316600,1089,1299,722,686,682,201,3128,1287,646,811,185,48.58223062,16.77018634,30.97488523,0,0.621118012,0,0.756143667,0.621118012,0.243046179,0,0,0,10.67259589,15.11951084,14.6031746,26.82539683,25.19616391,3.051438535,NA,NA,0,0,27.97731569,0,1.296246287,0.27005131,0.999189846,1.755333513,0.83715906,0.756143667,9.586821496,2.646502836,2.997569538,NA,NA,0,0,0,0,0,23.74000695,49.91310393,1.303370787,68.85359116,48.49726776,5.054644809,4.599271403,6.927411336,12.3714131,0.703844071,6.411837238,3.296089385,16.66666667,25.54489974,NA,0,8.273615635,62.99715909,25.1465798,84.62540717,51.27840909,18.52551985,18.41749932,5.428031326,41.14450128,20.65217391,22.81134402
48453002312,2019,8590,1731,683,5998,0,97,0,14,36,13,52,0,16,1731,220,85,683,150,56,5998,2031,445,42,0,15,97,0,16,5132,0,56,38,8,66,26,0,2556,612,504,NA,NA,1288,38,0,15,1,0,5109,3386,920,4185,476,2973,1810,3709,897,77,304,5935,211,42344,2676,70114,672,58255,303,32207,1590,NA,30,20859,8552,2259,179,1787,301,1699,251,683,118,5992,1846,42,0,97,16,2825,149,2676,1080,1596,2825,1043,155500,1011,1287,1895,2655,720,294,6189,2049,1131,1787,603,20.15133877,7.951105937,69.82537835,0,1.129220023,0,0.16298021,0.419091967,0.151338766,0.605355064,0,0.186263097,12.70941652,4.910456384,21.96193265,8.199121523,33.8612871,7.419139713,0,35.71428571,0,16.49484536,59.74388824,0,0.651920838,0.442374854,0.093131548,0.768335274,0.302677532,0,29.75552969,7.124563446,5.867287544,NA,NA,0.442374854,0,0.174621653,0.011641444,0,66.27520063,18.00743785,11.3739546,60.88126472,24.18441628,2.076031275,8.196279321,3.555181129,26.41487371,2.093077643,16.84387241,14.77339612,17.27672035,30.80774366,0,16.49484536,5.274336283,40.35874439,36.92035398,45.55752212,70.81464873,30.9080326,8.381839348,3.4225844,33.10712555,18.27435773,33.74370453
48453002111,2019,5642,1496,467,3518,0,51,0,0,21,36,15,0,13,1496,86,79,483,0,69,3518,874,431,81,0,10,51,0,0,3127,47,52,0,34,145,18,0,1116,218,214,NA,NA,501,0,0,0,0,0,3912,1719,1335,3012,199,2438,1390,2813,1105,207,296,4384,112,54392,2024,111094,681,19514,236,38321,1075,NA,9,29076,5642,1447,98,1338,222,1496,124,483,231,3518,1084,81,0,51,8,2191,167,2024,1219,805,2191,571,281800,843,1154,1261,1258,821,211,4656,1528,1037,1338,321,26.51542006,8.277206664,62.35377526,0,0.903934775,0,0,0.372208437,0.638071606,0.265863169,0,0.230414747,5.748663102,5.280748663,0,14.28571429,24.84366117,12.25127914,0,12.34567901,0,0,55.42360865,0.83303793,0.921658986,0,0.602623183,2.570010635,0.319035803,0,19.78021978,3.863878057,3.792981212,NA,NA,0,0,0,0,0,43.94171779,34.12576687,6.60690571,57.01394586,39.28190544,7.358691788,10.52257376,2.554744526,25.64693371,1.736972705,16.59192825,8.288770053,47.82608696,30.81296191,0,15.68627451,7.62209037,60.22727273,26.06115929,52.67001369,62.30237154,22.29705778,14.55157745,3.739808579,32.81786942,22.27233677,23.99103139
48453002304,2019,4200,2271,75,1366,0,296,0,88,45,54,20,77,73,2271,31,32,75,0,0,1366,85,68,0,0,0,307,12,0,846,23,45,57,39,96,89,45,817,456,249,NA,NA,220,57,0,0,0,0,3415,492,2314,3675,151,1716,1486,3524,2199,228,100,4019,87,80321,2467,76726,1500,NA,11,72950,629,114261,227,59871,4182,359,0,535,21,2271,185,75,25,1348,124,0,0,307,0,2801,334,2467,59,2408,2801,2735,264900,1498,912,2395,181,155,0,4050,1096,425,535,57,54.07142857,1.785714286,32.52380952,0,7.047619048,0,2.095238095,1.071428571,1.285714286,0.476190476,1.833333333,1.738095238,1.365037428,1.409070894,0,0,6.222547584,4.978038067,NA,NA,3.908794788,0,20.14285714,0.547619048,1.071428571,1.357142857,0.928571429,2.285714286,2.119047619,1.071428571,19.45238095,10.85714286,5.928571429,NA,NA,1.357142857,0,0,0,0,14.40702782,67.75988287,4.108843537,86.5967366,62.40068104,6.469920545,2.837684449,2.164717591,8.584409374,0,3.925233645,8.146191105,33.33333333,9.198813056,NA,0,11.92431275,2.391568707,97.64369868,32.55980007,97.08147548,4.30952381,3.69047619,0,27.0617284,10.49382716,10.65420561
48453001403,2019,1803,1084,51,546,0,37,0,7,0,0,0,52,7,1084,125,149,51,0,0,546,119,44,58,0,0,37,0,6,461,0,29,0,14,72,15,7,211,64,74,NA,NA,43,0,0,14,8,0,1370,306,653,1246,77,624,494,1169,587,41,106,1505,73,63542,804,66875,558,NA,30,53125,146,NA,7,38084,1803,227,42,261,16,1084,92,51,0,546,130,58,0,37,0,877,73,804,287,517,877,461,352700,1040,753,577,273,238,78,1559,425,254,261,13,60.12201886,2.828618968,30.2828619,0,2.05213533,0,0.388241819,0,0,0,2.884082085,0.388241819,11.53136531,13.74538745,0,0,21.79487179,8.058608059,0,0,0,16.21621622,25.56849695,0,1.608430394,0,0.776483638,3.993344426,0.831946755,0.388241819,11.70271769,3.54963949,4.10427066,NA,NA,0,0,0.776483638,0.443704936,0,22.33576642,47.66423358,6.179775281,79.16666667,50.213858,3.507271172,9.067579127,4.850498339,12.59012757,2.329450915,6.130268199,8.487084871,0,23.80952381,0,0,8.323831243,35.69651741,52.56556442,85.8608894,71.76616915,15.14143095,13.20022185,4.326123128,27.26106479,16.29249519,4.980842912
48453001504,2019,6833,4914,81,1260,0,239,0,128,105,55,44,39,0,4914,999,361,81,0,0,1260,329,116,0,0,0,252,0,0,901,101,74,0,22,72,148,6,385,175,134,NA,NA,42,0,0,15,0,0,5082,462,3451,4616,40,2730,2278,4576,3457,431,320,5368,295,108500,2884,113804,2134,NA,48,85142,481,110684,155,58886,6704,486,17,1258,31,4803,294,75,1,1248,134,0,0,252,37,3179,295,2884,1501,1383,3179,1344,452700,1312,1905,2021,1465,954,242,5458,2261,797,1258,16,71.91570321,1.185423679,18.4399239,0,3.497731597,0,1.87326211,1.536660325,0.804917313,0.64393385,0.570759549,0,20.32967033,7.346357346,0,0,26.11111111,9.206349206,NA,NA,0,0,13.18600907,1.478120884,1.082979658,0,0.321966925,1.053709937,2.165959315,0.087809161,5.634421191,2.561100541,1.961071272,NA,NA,0,0,0.219522904,0,0,9.090909091,67.90633609,0.866551127,83.44322344,75.54632867,9.418706294,6.993006993,5.495529061,7.249403341,0.253579952,2.464228935,6.121174266,1.333333333,10.73717949,NA,14.68253968,9.279647688,52.04576976,42.27744574,59.92450456,70.07628294,21.44007025,13.96165667,3.541636177,41.42543056,14.60241847,1.271860095
48453001505,2019,4781,3942,23,540,0,103,0,43,78,0,20,16,16,3942,546,385,41,19,0,540,62,43,0,0,0,123,17,0,372,18,66,0,38,195,107,26,364,127,239,NA,NA,0,16,0,0,0,0,3741,326,2430,3259,73,2016,1572,3186,1923,191,319,3982,448,69841,2371,69932,2013,NA,21,78656,203,NA,21,49649,4776,260,35,1039,16,3941,153,39,0,538,43,0,0,123,0,2531,160,2371,1029,1342,2531,960,425500,1115,2005,1503,799,710,139,4155,1613,798,1039,126,82.45137001,0.481070906,11.29470822,0,2.154361012,0,0.899393432,1.631457854,0,0.418322527,0.334658021,0.334658021,13.85083714,9.766615931,46.34146341,0,11.48148148,7.962962963,NA,NA,13.82113821,0,7.780798996,0.376490274,1.380464338,0,0.794812801,4.078644635,2.238025518,0.543819285,7.613469985,2.656348044,4.998954194,NA,NA,0.334658021,0,0,0,0,8.714247527,64.95589415,2.239950905,77.97619048,60.35781544,5.994978029,10.01255493,11.25062783,5.443886097,0.732830821,1.539942252,3.882263385,0,7.992565056,NA,0,6.321612011,43.39940953,37.92967207,79.21770051,63.39097427,16.71198494,14.8504497,2.90734156,38.82069795,19.20577617,12.12704524
48453001604,2019,4007,3718,81,183,0,9,0,0,0,9,0,0,0,3718,947,729,81,16,17,183,40,36,0,0,0,9,0,0,177,0,0,41,7,210,157,58,147,16,113,NA,NA,0,23,0,43,5,0,2864,61,2546,1863,8,1559,802,1855,1311,80,198,2915,153,177067,1655,183750,1509,NA,24,NA,97,NA,9,96250,4007,65,22,1105,10,3718,65,81,0,183,0,0,0,9,0,1863,208,1655,1394,261,1863,151,931800,1648,1523,743,1084,1164,230,3004,2095,399,1105,42,92.78762166,2.021462441,4.567007736,0,0.224606938,0,0,0,0.224606938,0,0,0,25.47068316,19.60731576,19.75308642,20.98765432,21.8579235,19.67213115,NA,NA,0,0,4.417269778,0,0,1.023209384,0.174694285,5.24082855,3.918143249,1.447466933,3.668579985,0.399301223,2.820064886,NA,NA,0.573995508,0,1.073122036,0.124781632,0,2.129888268,88.89664804,0.429414922,51.44323284,70.67385445,4.312668464,10.67385445,5.248713551,1.622161218,0.549039181,0.904977376,1.748251748,0,0,NA,0,11.16478798,84.22960725,8.105206656,81.74986581,44.89425982,27.05265785,29.04916396,5.739955079,69.74034621,13.28229028,3.800904977
48453001714,2019,15030,8734,624,1832,39,3000,0,1546,668,616,71,416,66,8734,1470,1038,624,51,179,1832,444,0,39,0,0,3000,570,104,1244,228,121,0,52,841,176,128,2992,815,1809,NA,NA,225,0,0,47,48,0,10191,929,7346,9211,196,5926,4260,9015,5673,835,862,11657,678,103050,6077,127793,3914,62383,281,45784,480,157772,1043,57306,14704,539,23,3644,0,8611,307,523,19,1758,0,39,0,2991,117,6541,464,6077,2970,3107,6541,3456,505800,1128,1038,3844,3373,2027,615,12166,6540,1766,3644,142,58.11044578,4.151696607,12.18895542,0.259481038,19.96007984,0,10.28609448,4.444444444,4.098469727,0.472388556,2.767797738,0.439121756,16.83077628,11.88458896,8.173076923,28.68589744,24.23580786,0,0,0,19,3.466666667,8.276779774,1.516966068,0.805056554,0,0.345974717,5.595475715,1.170991351,0.851630073,19.90685296,5.422488357,12.03592814,NA,NA,0,0,0.312707917,0.319361277,0,9.115886567,72.08321068,2.127890566,71.88660142,62.92845258,9.262340544,9.561841375,5.816247748,3.665669206,0.156420022,0,3.565207293,3.632887189,0,0,3.911735206,7.093716557,48.87279908,52.8359578,15.86913316,63.25489551,22.4417831,13.48636061,4.091816367,53.75637021,14.51586388,3.896816685
48453001718,2019,6245,4545,217,803,0,647,0,213,305,40,102,85,0,4545,665,809,217,0,0,803,179,16,0,0,0,667,49,23,643,0,0,0,14,204,84,60,1032,672,224,NA,NA,92,0,0,15,0,0,4748,320,3621,3783,99,2591,1691,3684,2606,281,335,5167,352,85828,2907,97188,2152,49058,144,NA,237,51875,374,58699,6245,662,14,1564,76,4545,291,217,1,803,253,0,0,667,128,3121,214,2907,1548,1359,3121,1455,574500,1202,2559,1814,1078,1261,496,5352,2772,796,1564,91,72.77822258,3.474779824,12.85828663,0,10.36028823,0,3.410728583,4.883907126,0.64051241,1.633306645,1.361088871,0,14.63146315,17.79977998,0,0,22.29140722,1.99252802,NA,NA,7.346326837,3.448275862,10.29623699,0,0,0,0.224179343,3.266613291,1.345076061,0.960768615,16.52522018,10.76060849,3.586869496,NA,NA,0,0,0.240192154,0,0,6.739679865,76.26368997,2.616970658,65.26437669,70.7383279,7.627578719,9.093376764,6.812463712,10.60048038,0.224179343,4.859335038,6.402640264,0.460829493,31.50684932,NA,19.1904048,6.856776674,53.25077399,46.61967318,81.99295098,62.40110079,17.26180945,20.19215372,7.942353883,51.79372197,14.87294469,5.818414322
48453001728,2019,7477,4448,305,2091,0,211,0,125,83,0,0,51,0,4448,576,570,305,35,59,2091,448,235,62,0,25,211,6,13,1691,65,44,0,47,376,41,31,520,52,227,NA,NA,31,0,0,0,0,0,5960,965,2983,4716,47,3251,2133,4669,2364,202,458,6230,418,82459,3074,91075,2047,73482,87,46426,745,86618,92,41815,7477,510,94,1798,0,4448,260,305,26,2091,224,62,0,211,0,3321,247,3074,2135,939,3321,353,293200,1393,2165,1570,1247,1267,257,6267,2937,1102,1798,50,59.48909991,4.07917614,27.96576167,0,2.821987428,0,1.6717935,1.110070884,0,0,0.682091748,0,12.94964029,12.8147482,11.47540984,19.3442623,21.42515543,11.2386418,0,40.32258065,2.843601896,6.161137441,22.61602247,0.86933262,0.588471312,0,0.628594356,5.028754848,0.548348268,0.414604788,6.95466096,0.695466096,3.035976996,NA,NA,0,0,0,0,0,16.19127517,50.05033557,0.996607294,65.61058136,50.63182694,4.326408224,9.809381024,6.709470305,6.82091748,1.257188712,0,5.845323741,8.524590164,10.71257771,0,0,7.43751882,69.45348081,10.62932852,65.19120747,51.07351984,16.67781196,16.94529892,3.437207436,46.86452848,17.58417105,2.780867631
48453001774,2019,8365,4515,507,2625,0,524,0,28,100,0,14,16,27,4515,653,512,507,132,99,2625,828,226,0,0,0,524,71,141,2356,0,66,0,0,179,148,14,740,53,502,NA,NA,113,16,0,0,0,0,5838,1070,3287,4628,35,3335,2253,4593,2677,431,246,6276,463,112831,2855,118636,1758,75972,141,123333,626,83962,202,50240,8365,691,139,2248,99,4515,52,507,66,2625,543,0,0,524,0,3047,192,2855,2459,396,3047,0,297400,1763,623,1333,2089,1595,269,6681,3926,899,2248,102,53.9748954,6.06096832,31.38075314,0,6.264196055,0,0.334728033,1.195457262,0,0.167364017,0.191273162,0.322773461,14.46290144,11.33997785,26.03550296,19.52662722,31.54285714,8.60952381,NA,NA,13.54961832,26.90839695,28.1649731,0,0.789001793,0,0,2.1398685,1.769276748,0.167364017,8.846383742,0.633592349,6.001195457,NA,NA,0.191273162,0,0,0,0,18.32819459,56.30352861,0.756266206,67.55622189,58.28434574,9.383844981,5.355976486,7.377310389,8.260609683,1.661685595,4.403914591,1.151716501,13.01775148,20.68571429,NA,0,6.301279947,86.1295972,0,20.44634066,46.69001751,24.97310221,19.06754334,3.215780036,58.76365814,13.45606945,4.537366548
48453001775,2019,8291,5550,481,1267,10,760,0,453,290,20,35,0,65,5550,1135,841,481,215,19,1267,195,149,10,0,0,760,213,0,1010,0,90,0,68,460,267,66,1216,448,437,NA,NA,0,0,0,27,0,0,5700,916,3807,4413,146,3066,1999,4267,2894,372,254,6016,509,160024,2608,153021,1849,148531,93,161375,384,174773,252,58387,8199,525,182,2199,63,5483,488,476,0,1247,0,10,0,760,15,2759,151,2608,2568,40,2759,0,451900,NA,607,1434,2275,1631,197,6424,4257,792,2199,31,66.94005548,5.801471475,15.28163068,0.120612713,9.166566156,0,5.46375588,3.497768665,0.241225425,0.422144494,0,0.783982632,20.45045045,15.15315315,44.6985447,3.95010395,15.39068666,11.76006314,0,0,28.02631579,0,12.18188397,0,1.085514413,0,0.820166446,5.548184779,3.220359426,0.796043903,14.66650585,5.403449524,5.27077554,NA,NA,0,0,0.325654324,0,0,16.07017544,66.78947368,3.308406979,65.19895629,67.82282634,8.718068901,5.952659948,8.460771277,6.403219905,2.2197829,2.864938608,8.900237096,0,0,0,1.973684211,5.472997463,98.46625767,0,22.0007249,54.98466258,27.43939211,19.67193342,2.376070438,66.26712329,12.32876712,1.409731696
48453001776,2019,3136,1846,209,903,0,118,0,39,51,0,8,13,0,1846,271,246,209,0,27,903,156,76,0,0,0,118,0,0,801,0,0,0,0,95,113,22,209,0,149,NA,NA,51,0,0,24,0,0,2424,503,1420,1963,23,1390,969,1940,1022,129,106,2637,195,91029,1188,88173,753,NA,82,91544,279,108077,74,41962,3090,262,20,687,39,1846,197,209,30,857,16,0,0,118,19,1209,21,1188,904,284,1209,95,276400,1262,1061,466,499,547,108,2695,1159,482,687,72,58.86479592,6.664540816,28.79464286,0,3.762755102,0,1.243622449,1.62627551,0,0.255102041,0.414540816,0,14.68039003,13.32611051,0,12.91866029,17.27574751,8.416389812,NA,NA,0,0,25.54209184,0,0,0,0,3.029336735,3.603316327,0.701530612,6.664540816,0,4.75127551,NA,NA,0,0,0.765306122,0,0,20.75082508,58.58085809,1.171676006,69.71223022,52.68041237,6.649484536,5.463917526,7.39476678,8.478964401,0.647249191,5.676855895,10.67172264,14.35406699,1.86697783,NA,16.10169492,1.736972705,76.09427609,7.857733664,87.75847808,39.22558923,15.9119898,17.44260204,3.443877551,43.00556586,17.88497217,10.48034934
48453001777,2019,5822,3388,310,1447,0,379,0,149,14,74,0,164,53,3388,534,358,310,57,48,1447,331,41,42,0,0,379,52,20,1447,0,0,22,15,304,92,16,778,118,632,NA,NA,66,33,0,52,0,0,4405,616,2511,3907,174,2582,2154,3733,2453,175,193,4629,309,100112,2374,96164,1737,54846,122,101813,358,153696,114,45028,5822,378,17,1426,63,3388,236,310,3,1447,14,42,0,379,30,2451,77,2374,1588,786,2451,587,277900,1455,1311,1501,1193,836,45,4702,2348,819,1426,78,58.1930608,5.324630711,24.85400206,0,6.50979045,0,2.559257987,0.240467193,1.271040879,0,2.816901408,0.910340089,15.76151122,10.56670602,18.38709677,15.48387097,22.87491361,2.833448514,0,0,13.72031662,5.277044855,24.85400206,0,0,0.377877018,0.257643422,5.221573342,1.580212985,0.27481965,13.36310546,2.026794916,10.85537616,NA,NA,0.566815527,0,0.893163861,0,0,13.98410897,57.00340522,4.453544919,83.42370256,65.71122422,4.687918564,5.170104474,6.675307842,6.492614222,0.291995878,4.417952314,6.965761511,0.967741935,0.967519005,0,7.915567282,3.141574867,66.89132266,23.9494084,53.48837209,63.22662174,20.49124012,14.35932669,0.772930265,49.93619736,17.41811995,5.469845722
48453001778,2019,4339,3673,181,378,16,59,0,0,41,38,0,0,0,3673,552,1034,181,0,0,378,119,29,16,0,0,59,8,19,279,0,9,0,53,313,101,66,308,8,232,NA,NA,20,0,0,30,0,0,3368,347,2079,2195,120,1998,1098,2075,1192,145,277,3467,270,107716,1779,107957,1603,107037,44,118636,84,NA,21,59011,4263,77,10,1404,11,3613,58,173,0,370,0,16,0,59,8,1950,171,1779,1342,437,1950,162,446500,1395,954,1022,872,1422,476,3651,2457,663,1404,82,84.65084121,4.17146808,8.71168472,0.36874856,1.359760313,0,0,0.944918184,0.875777829,0,0,0,15.02858699,28.1513749,0,0,31.48148148,7.671957672,0,0,13.55932203,32.20338983,6.430053008,0,0.207421065,0,1.221479604,7.213643697,2.327725282,1.521087808,7.098409772,0.18437428,5.346854114,NA,NA,0,0,0.691403549,0,0,10.30285036,61.7280285,5.466970387,54.95495495,57.44578313,6.987951807,13.34939759,7.78771272,1.806239737,0.234576589,0.783475783,1.605314143,0,0,0,13.55932203,8.769230769,75.435638,8.307692308,48.92307692,57.4480045,20.0967965,32.77252823,10.97026965,67.29663106,18.15940838,5.84045584
48453001779,2019,6546,5024,174,1193,0,53,0,0,22,0,0,111,0,5024,631,1212,199,22,15,1193,446,87,0,0,0,53,0,0,950,10,42,0,37,258,191,84,632,35,187,NA,NA,379,0,0,26,0,14,5042,1677,1632,3278,185,2845,1520,3093,1316,223,251,5206,522,76827,2538,77718,2255,NA,0,53636,248,NA,0,40327,6462,283,57,1782,22,4999,192,199,0,1134,91,0,0,53,0,3107,569,2538,2038,500,3107,537,235100,1147,1138,1130,1340,1876,571,5424,3244,1130,1782,103,76.74915979,2.658111824,18.22487015,0,0.809654751,0,0,0.336083104,0,0,1.695692026,0,12.55971338,24.12420382,11.05527638,7.537688442,37.38474434,7.292539816,NA,NA,0,0,14.5126795,0.152765047,0.641613199,0,0.565230675,3.941338222,2.917812405,1.283226398,9.654750993,0.534677666,2.856706386,NA,NA,0,0,0.397189123,0,0.213871066,33.26061087,32.36810789,5.643685174,53.42706503,42.54768833,7.209828645,8.11509861,10.02689205,4.379449087,0.882079851,1.234567901,3.840768154,0,8.024691358,NA,0,18.31348568,80.29944838,17.28355327,36.62697136,44.52324665,20.47051635,28.65872288,8.722884204,59.80825959,20.83333333,5.780022447
48453001780,2019,4617,3729,60,621,19,20,0,0,11,11,31,11,12,3729,424,777,60,11,0,621,91,63,19,0,19,28,0,11,553,10,21,0,57,277,116,83,299,15,190,NA,NA,31,0,2,3,0,25,3584,1024,1356,2299,134,1911,971,2165,1067,240,312,3787,243,93049,1888,93259,1611,NA,16,67446,193,63542,14,52060,4612,460,15,1375,37,3729,296,60,0,621,164,19,0,28,8,2485,597,1888,1657,231,2485,151,341600,903,851,937,830,1351,165,4022,2588,666,1375,64,80.76673164,1.299545159,13.4502924,0.411522634,0.43318172,0,0,0.238249946,0.238249946,0.671431666,0.238249946,0.259909032,11.37034057,20.83668544,18.33333333,0,14.65378422,10.14492754,0,100,0,39.28571429,11.97747455,0.21659086,0.454840806,0,1.234567901,5.999566818,2.512453974,1.797704137,6.47606671,0.32488629,4.115226337,NA,NA,0,0.043318172,0.064977258,0,0.54147715,28.57142857,37.83482143,5.82862114,50.81109367,49.28406467,11.08545035,14.41108545,6.416688672,9.973980919,0.325238508,2.690909091,7.937784929,0,26.40901771,0,28.57142857,24.02414487,87.76483051,6.076458753,34.24547284,49.62923729,17.97704137,29.26142517,3.573749188,64.34609647,16.55892591,4.654545455
48453000304,2019,3127,2415,16,482,0,206,20,54,88,26,35,0,10,2415,219,89,16,0,0,482,10,58,0,0,0,214,0,0,309,18,15,27,135,100,62,0,282,140,102,NA,NA,9,0,11,0,0,0,2278,188,1654,2366,59,1207,1025,2307,1532,122,151,2808,136,64861,1430,82647,1128,NA,14,31528,193,NA,96,44240,3113,489,43,468,0,2406,199,14,14,480,197,0,0,214,80,1675,245,1430,424,1006,1675,727,523700,1140,1528,1134,319,207,74,2897,783,291,468,22,77.23057243,0.51167253,15.41413495,0,6.587783818,0.639590662,1.726894787,2.814198913,0.831467861,1.119283658,0,0.319795331,9.068322981,3.685300207,0,0,2.074688797,12.03319502,NA,NA,0,0,9.881675728,0.575631596,0.479692996,0.863447394,4.317236968,3.19795331,1.982731052,0,9.018228334,4.477134634,3.261912376,NA,NA,0,0.351774864,0,0,0,8.25285338,72.60755048,2.493660186,84.92129246,66.40658864,5.288253143,6.545296922,4.843304843,15.70831995,1.381304208,0,8.270989194,100,41.04166667,NA,37.38317757,14.62686567,29.65034965,43.40298507,91.2238806,79.3006993,10.20147106,6.619763351,2.366485449,27.02795996,10.04487401,4.700854701
48453000205,2019,3930,2653,84,748,12,272,0,145,78,26,93,0,35,2653,141,135,99,0,0,748,0,22,12,0,0,272,47,0,413,15,110,0,18,136,63,43,301,169,117,NA,NA,0,0,0,0,0,0,3449,244,2526,3374,36,1725,1584,3338,2303,233,113,3713,107,74035,2349,78182,1584,73631,99,57500,416,NA,139,56582,3930,125,0,579,0,2653,104,99,21,748,0,12,0,272,0,2609,260,2349,606,1743,2609,1691,450500,1117,1812,1965,217,329,59,3742,870,486,579,66,67.50636132,2.13740458,19.03307888,0.305343511,6.921119593,0,3.68956743,1.984732824,0.661577608,2.366412214,0,0.890585242,5.314738032,5.088578967,0,0,0,2.941176471,0,0,17.27941176,0,10.50890585,0.381679389,2.798982188,0,0.458015267,3.460559796,1.603053435,1.094147583,7.659033079,4.300254453,2.977099237,NA,NA,0,0,0,0,0,7.074514352,73.23861989,1.06698281,91.82608696,68.99340923,6.980227681,3.385260635,2.881766765,3.180661578,0,0,3.920090464,21.21212121,0,0,0,9.965504025,25.79821201,64.81410502,69.45189728,83.65261814,5.521628499,8.371501272,1.501272265,23.24959914,12.98770711,11.39896373
48453000206,2019,3375,2652,98,464,0,87,0,52,29,7,9,21,23,2652,383,376,117,19,23,464,64,0,11,0,0,87,0,9,340,21,11,9,29,196,105,56,155,69,79,NA,NA,0,0,0,38,0,0,2696,307,2030,2231,43,1519,1046,2188,1384,143,221,2868,143,87917,1665,92955,1350,10893,78,NA,171,105104,37,57224,3375,323,21,688,0,2652,184,117,66,464,66,11,0,87,7,1796,131,1665,769,896,1796,882,587700,1205,1540,1187,507,615,145,2901,1218,436,688,31,78.57777778,2.903703704,13.74814815,0,2.577777778,0,1.540740741,0.859259259,0.207407407,0.266666667,0.622222222,0.681481481,14.44193062,14.17797888,16.23931624,19.65811966,13.79310345,0,0,0,0,10.34482759,10.07407407,0.622222222,0.325925926,0.266666667,0.859259259,5.807407407,3.111111111,1.659259259,4.592592593,2.044444444,2.340740741,NA,NA,0,0,1.125925926,0,0,11.38724036,75.29673591,1.927386822,68.86109282,63.25411335,6.535648995,10.10054845,4.986052999,9.57037037,0.622222222,0,6.938159879,56.41025641,14.22413793,0,8.045977011,7.293986637,46.18618619,49.1091314,85.74610245,71.29129129,15.02222222,18.22222222,4.296296296,41.98552223,15.02930024,4.505813953
48453000305,2019,4093,3209,135,555,0,108,0,49,23,19,16,16,36,3209,396,169,142,20,0,555,49,19,28,0,0,108,0,14,447,4,41,22,41,235,68,63,324,155,79,NA,NA,78,14,0,0,0,0,2871,328,2056,2923,65,1741,1323,2858,1889,191,201,3563,164,66296,1916,74395,1551,NA,82,57000,220,NA,24,45640,4093,698,18,644,22,3209,476,142,39,555,123,28,0,108,43,2064,148,1916,705,1211,2064,815,417000,1253,1701,1387,521,361,35,3617,1059,445,644,0,78.40215001,3.298314195,13.55973613,0,2.638651356,0,1.197165893,0.561935011,0.464207183,0.390911312,0.390911312,0.879550452,12.34029293,5.266438143,14.08450704,0,8.828828829,3.423423423,0,0,0,12.96296296,10.92108478,0.097727828,1.001710237,0.537503054,1.001710237,5.741509895,1.661373076,1.539213291,7.915954068,3.786953335,1.930124603,NA,NA,0.342047398,0,0,0,0,11.42459073,71.61267851,2.22374273,75.99080988,66.09517145,6.682995101,7.032890133,4.602862756,17.05350599,0.439775226,3.416149068,14.8332814,27.46478873,22.16216216,0,39.81481481,7.170542636,36.7954071,39.48643411,82.4127907,72.39039666,12.7290496,8.819936477,0.855118495,29.27840752,12.30301355,0
48453000306,2019,6029,3704,332,1162,0,623,0,152,363,102,0,102,52,3704,502,397,396,74,53,1162,306,48,13,0,0,623,97,0,924,12,96,15,83,148,115,20,790,312,292,NA,NA,184,7,0,9,11,0,4488,626,3201,4065,89,2544,1918,3976,2658,269,269,4966,203,93750,2805,110000,1856,30717,251,86635,404,144722,222,61379,6000,630,62,1257,31,3675,277,396,117,1162,109,13,0,623,83,3047,242,2805,1356,1449,3047,1556,530400,1441,179,2439,1063,782,186,5002,2492,744,1257,112,61.43639078,5.506717532,19.27351136,0,10.33338862,0,2.521147786,6.020898988,1.691822856,0,1.691822856,0.862497927,13.55291577,10.71814255,18.68686869,13.38383838,26.33390706,4.13080895,0,0,15.56982343,0,15.3259247,0.199037983,1.592303865,0.248797479,1.376679383,2.454801791,1.907447338,0.331729972,13.10333389,5.17498756,4.843257588,NA,NA,0.11610549,0,0.149278487,0.182451484,0,13.9483066,71.32352941,2.189421894,75.39308176,66.85110664,6.765593561,6.765593561,4.08779702,10.5,1.033333333,2.46618934,7.537414966,29.54545455,9.380378657,0,13.32263242,7.942238267,48.34224599,51.06662291,5.874630784,86.95187166,17.631448,12.9706419,3.085088738,49.82007197,14.87405038,8.910103421
48453000307,2019,1820,1337,14,322,0,55,0,2,68,0,0,12,0,1337,177,160,18,0,0,322,23,26,0,0,0,55,7,0,192,24,32,0,26,34,41,21,134,36,70,NA,NA,7,0,0,0,0,0,1387,70,1102,1256,20,795,613,1236,827,52,118,1531,67,94423,816,103846,642,NA,7,65417,130,NA,8,53597,1820,158,39,366,0,1337,116,18,4,322,39,0,0,55,0,885,69,816,466,350,885,261,479600,1242,854,426,283,265,71,1564,598,260,366,20,73.46153846,0.769230769,17.69230769,0,3.021978022,0,0.10989011,3.736263736,0,0,0.659340659,0,13.23859387,11.9670905,0,0,7.142857143,8.074534161,NA,NA,12.72727273,0,10.54945055,1.318681319,1.758241758,0,1.428571429,1.868131868,2.252747253,1.153846154,7.362637363,1.978021978,3.846153846,NA,NA,0,0,0,0,0,5.046863735,79.45205479,1.592356688,77.10691824,66.90938511,4.207119741,9.546925566,4.37622469,8.681318681,2.142857143,0,8.676140613,22.22222222,12.11180124,NA,0,7.796610169,57.10784314,29.49152542,96.49717514,52.20588235,15.54945055,14.56043956,3.901098901,38.23529412,16.62404092,5.464480874
48021950100,2019,8298,5089,214,2660,0,126,0,0,25,6,4,7,67,5089,522,1218,214,24,31,2660,722,214,14,0,0,126,42,25,2158,0,0,0,6,526,126,91,1338,364,442,NA,NA,748,0,0,87,0,0,6079,3059,1168,4006,185,3406,1819,3821,1465,349,424,6551,619,76424,2687,81088,1923,59315,131,76765,554,NA,15,32394,8266,865,136,1867,122,5089,468,214,58,2628,336,14,0,126,3,3241,554,2687,2298,389,3241,0,162100,570,1341,1096,1747,2316,587,6953,3461,1777,1867,219,61.32803085,2.578934683,32.05591709,0,1.518438178,0,0,0.301277416,0.07230658,0.048204387,0.084357677,0.807423476,10.25741796,23.93397524,11.21495327,14.48598131,27.14285714,8.045112782,0,0,33.33333333,19.84126984,26.00626657,0,0,0,0.07230658,6.338876838,1.518438178,1.096649795,16.12436732,4.386599181,5.326584719,NA,NA,0,0,1.048445409,0,0,50.32077644,19.21368646,4.618072891,53.40575455,38.3407485,9.133734624,11.09657158,9.448939093,10.46455359,1.645293975,6.534547402,9.196305758,27.10280374,12.78538813,0,2.380952381,17.09348966,85.52288798,0,41.37611848,40.788984,21.05326585,27.91033984,7.073993733,49.77707464,25.55731339,11.73004821
48021950200,2019,9373,2497,2609,4260,0,7,0,0,0,0,0,26,0,2497,369,528,2642,567,361,4260,1186,350,0,0,0,17,0,7,4021,86,0,8,0,222,34,35,1239,47,349,NA,NA,726,8,0,0,0,18,5864,3551,736,4706,448,3659,2192,4258,951,489,201,6778,310,54554,2481,72691,883,47321,624,50838,967,NA,7,21188,9212,1266,184,1782,136,2406,316,2592,690,4240,260,0,0,17,0,2830,349,2481,1331,1150,2830,516,156900,667,1953,1292,2595,1742,358,7251,3049,1404,1782,202,26.64034994,27.83527152,45.44969594,0,0.074682599,0,0,0,0,0,0.27739251,0,14.77773328,21.14537445,21.46101438,13.66389099,27.84037559,8.215962441,NA,NA,0,41.17647059,42.89981863,0.917529073,0,0.085351542,0,2.368505281,0.362744052,0.373412995,13.21882001,0.501440307,3.723461005,NA,NA,0.085351542,0,0,0,0.192040969,60.55593452,12.55115962,9.519762006,59.90707844,22.33442931,11.48426491,4.720526069,4.573620537,13.74294399,1.997394703,7.631874299,13.13383209,26.62037037,6.132075472,NA,0,12.33215548,53.64772269,18.23321555,69.01060071,52.0757759,27.68590633,18.5852982,3.819481489,42.0493725,19.3628465,11.335578
48021950700,2019,4579,3249,398,607,26,85,0,16,26,16,0,0,27,3249,430,844,493,91,130,607,251,52,26,0,26,85,13,5,525,0,43,0,8,505,23,0,252,45,83,NA,NA,22,0,0,0,0,0,3279,1562,714,2306,94,1940,963,2212,644,138,142,3724,331,53528,1725,57738,1356,19239,168,51538,146,NA,27,31855,4480,408,115,1112,54,3172,332,487,69,596,7,26,0,80,0,2120,395,1725,1205,520,2120,154,160100,733,1547,910,855,1339,552,3822,1718,1016,1112,177,70.95435685,8.691854117,13.25616947,0.567809565,1.856300502,0,0.349421271,0.567809565,0.349421271,0,0,0.589648395,13.23484149,25.97722376,18.45841785,26.36916836,41.3509061,8.566721582,0,100,15.29411765,5.882352941,11.46538546,0,0.939069666,0,0.174710636,11.02860887,0.502293077,0,5.503385019,0.982747325,1.812622843,NA,NA,0,0,0,0,0,47.63647453,21.77493138,4.076322637,49.63917526,29.11392405,6.238698011,6.419529837,8.888292159,9.107142857,2.566964286,4.856115108,10.4665826,14.16837782,1.174496644,0,0,18.63207547,69.85507246,7.264150943,72.97169811,52.75362319,18.67219917,29.24219262,12.05503385,44.95028781,26.58294087,15.91726619
48021950400,2019,9375,7081,401,1439,49,47,0,14,52,0,0,0,0,7081,1062,1741,481,0,24,1439,378,220,49,0,20,47,0,4,1089,0,18,0,66,574,138,93,314,9,149,NA,NA,28,0,0,52,0,0,6944,2361,2044,4744,329,3880,2210,4415,1496,275,391,7545,942,71250,3516,70139,2856,NA,213,120208,353,NA,13,34725,8867,665,159,2164,151,6918,379,387,55,1217,122,20,0,47,0,4036,520,3516,2319,1197,4036,927,209100,810,1656,2402,1830,2749,766,7721,4173,1948,2164,195,75.53066667,4.277333333,15.34933333,0.522666667,0.501333333,0,0.149333333,0.554666667,0,0,0,0,14.99788166,24.58692275,0,4.98960499,26.26824183,15.28839472,0,40.81632653,0,8.510638298,11.616,0,0.192,0,0.704,6.122666667,1.472,0.992,3.349333333,0.096,1.589333333,NA,NA,0,0,0.554666667,0,0,34.00057604,29.43548387,6.935075885,56.95876289,33.88448471,6.228765572,8.85617214,12.48508946,7.499718056,1.79316567,6.977818854,5.478461983,14.2118863,10.02465078,0,0,12.88404361,65.9556314,22.96828543,41.03072349,68.31626849,19.52,29.32266667,8.170666667,54.04740319,25.2298925,9.011090573
48021950300,2019,16034,9400,1087,4947,0,276,0,38,64,42,0,0,0,9400,1583,2015,1156,177,49,4947,1839,106,29,0,0,295,42,0,3930,0,329,0,0,1210,596,104,1800,23,444,NA,NA,702,0,0,99,0,0,10103,3751,3168,6349,162,6546,3062,6187,2873,581,431,11160,1513,71765,5034,72917,3667,NA,370,61976,911,NA,22,30413,15881,2453,142,3840,349,9289,1121,1143,358,4918,960,29,0,295,0,5573,539,5034,4156,878,5573,138,206600,1049,1472,2824,4874,3402,845,12298,5886,2428,3840,509,58.62542098,6.779343894,30.85318698,0,1.721342148,0,0.236996383,0.399151802,0.26194337,0,0,0,16.84042553,21.43617021,15.31141869,4.238754325,37.17404488,2.142712755,0,0,14.23728814,0,24.51041537,0,2.051889734,0,0,7.546463765,3.71710116,0.648621679,11.22614444,0.143445179,2.769115629,NA,NA,0,0,0.617437944,0,0,37.12758587,31.35702267,2.551582926,46.7766575,46.43607564,9.390657831,6.966219492,13.55734767,15.4461306,0.894150242,9.088541667,12.06803746,31.32108486,19.52013013,0,0,9.671631078,82.55860151,2.476224655,26.41306298,56.09853,30.39790445,21.217413,5.270051141,47.86144088,19.74304765,13.25520833
48021950600,2019,5500,4230,396,777,27,51,0,0,0,51,0,0,0,4230,629,734,396,181,3,777,237,118,27,0,14,51,15,0,679,0,13,0,0,481,41,10,212,88,65,NA,NA,130,0,0,12,0,0,3854,1596,1033,2315,144,2156,1064,2171,682,119,361,4183,671,63591,1939,63765,1659,NA,62,61906,171,NA,14,30935,5500,734,3,1410,88,4230,524,396,194,777,16,27,0,51,0,2624,685,1939,1658,281,2624,39,197700,939,1194,710,1317,1293,334,4438,2405,1046,1410,181,76.90909091,7.2,14.12727273,0.490909091,0.927272727,0,0,0,0.927272727,0,0,0,14.86997636,17.35224586,45.70707071,0.757575758,30.5019305,15.18661519,0,51.85185185,29.41176471,0,12.34545455,0,0.236363636,0,0,8.745454545,0.745454545,0.181818182,3.854545455,1.6,1.181818182,NA,NA,0,0,0.218181818,0,0,41.4115205,26.80332122,6.220302376,49.35064935,31.41409489,5.481345002,16.6282819,16.04111881,13.34545455,0.054545455,6.241134752,12.38770686,48.98989899,2.059202059,0,0,26.10518293,85.50799381,1.486280488,45.50304878,36.61681279,23.94545455,23.50909091,6.072727273,54.19107706,23.5691753,12.83687943
48453001770,2019,13007,9490,35,1817,0,1343,0,644,380,47,250,211,33,9490,2700,1023,35,0,14,1817,508,150,19,0,19,1343,441,93,1154,0,138,80,167,629,472,213,1366,435,733,NA,NA,124,64,0,38,0,35,8243,504,6497,6155,115,4663,2602,6040,4725,751,561,8588,433,168199,4155,157750,3209,NA,0,220592,437,178493,393,61874,12989,297,65,3684,50,9490,211,35,0,1799,13,19,0,1343,73,4224,69,4155,3902,253,4224,0,470600,2317,609,1990,4419,1796,523,9236,6828,973,3684,187,72.96071346,0.269085877,13.96940109,0,10.3252095,0,4.951180134,2.921503806,0.361343892,1.922041977,1.622203429,0.253709541,28.45100105,10.77976818,0,40,27.95817281,8.255365988,0,100,32.83693224,6.924795235,8.872145768,0,1.060967172,0.615053433,1.283924041,4.835857615,3.628815253,1.637579765,10.50203736,3.344353041,5.635427078,NA,NA,0.492042746,0,0.292150381,0,0.269085877,6.114278782,78.81839136,1.868399675,55.80098649,78.22847682,12.43377483,9.28807947,5.041918957,2.286550158,0.500423435,1.357220413,2.223393045,0,0.72262368,0,5.435591958,1.633522727,93.91095066,0,14.41761364,47.89410349,33.97401399,13.80794957,4.020911817,73.92810741,10.53486358,5.076004343
48453001771,2019,4420,3832,44,442,0,77,0,14,64,0,11,0,0,3832,473,1129,44,22,0,442,212,10,0,0,0,77,0,0,243,0,0,9,26,212,38,124,220,9,155,NA,NA,20,0,0,0,0,16,3360,314,2249,2169,64,1852,988,2105,1406,199,244,3478,331,133077,1838,139779,1695,NA,11,70521,87,NA,45,71703,4420,190,36,1413,19,3832,134,44,33,442,23,0,0,77,0,2108,270,1838,1750,88,2108,70,435200,1575,1261,862,942,1556,363,3688,2476,665,1413,82,86.69683258,0.995475113,10,0,1.742081448,0,0.316742081,1.447963801,0,0.248868778,0,0,12.3434238,29.46242171,50,0,47.9638009,2.262443439,NA,NA,0,0,5.497737557,0,0,0.20361991,0.588235294,4.79638009,0.859728507,2.805429864,4.977375566,0.20361991,3.50678733,NA,NA,0,0,0,0,0.36199095,9.345238095,66.93452381,2.950668511,53.34773218,66.79334917,9.45368171,11.59144893,9.516963772,4.298642534,0.814479638,1.344656759,3.496868476,75,5.20361991,NA,0,12.80834915,95.21218716,3.320683112,59.81973435,46.89880305,21.31221719,35.20361991,8.212669683,67.13665944,18.03145336,5.803255485
48453001772,2019,4726,2293,108,2077,0,162,0,35,12,77,31,111,0,2293,313,195,108,24,28,2077,504,220,0,0,0,228,84,21,1988,0,13,0,39,166,66,22,670,48,507,NA,NA,152,0,0,15,0,0,3327,1139,1060,2806,64,1860,1262,2742,1032,111,148,3574,177,81307,1609,83750,939,80583,69,80729,511,95750,68,32582,4658,223,69,1075,13,2273,57,82,0,2055,166,0,0,228,0,1700,91,1609,1294,315,1700,0,250300,1616,226,998,1152,614,116,3845,1618,987,1075,100,48.51883199,2.285230639,43.94837072,0,3.427845959,0,0.740584003,0.253914515,1.629284807,0.655945832,2.348709268,0,13.65023986,8.504143044,22.22222222,25.92592593,24.26576793,10.59220029,NA,NA,36.84210526,9.210526316,42.06517139,0,0.275074058,0,0.825222175,3.51248413,1.396529835,0.465509945,14.17689378,1.015658062,10.72788828,NA,NA,0,0,0.317393144,0,0,34.23504659,31.86053502,2.2808268,67.84946237,37.63676149,4.048140044,5.397520058,4.952434247,4.78746243,1.481322456,1.209302326,2.507699076,0,8.077858881,NA,0,5.352941176,80.42262275,0,13.29411765,62.02610317,24.37579348,12.99195937,2.454506983,42.08062419,25.66970091,9.302325581
48453001773,2019,8423,6451,108,749,22,840,0,285,176,0,61,90,263,6451,1005,1572,108,0,20,749,116,80,22,0,0,840,264,27,599,0,19,75,117,307,84,90,991,189,656,NA,NA,39,44,0,0,0,3,6219,711,4356,4205,132,3640,2014,4073,2567,519,254,6436,626,135493,3391,146635,2723,81094,17,126627,314,128636,280,68668,8419,481,24,2577,69,6447,214,108,17,749,55,22,0,840,195,3624,233,3391,2579,812,3624,762,555700,1454,332,2551,1987,2281,618,6901,4876,913,2577,161,76.58791404,1.28220349,8.892318651,0.2611896,9.972693815,0,3.383592544,2.089516799,0,0.724207527,1.068502909,3.122402944,15.57898,24.36831499,0,18.51851852,15.48731642,10.68090788,0,0,31.42857143,3.214285714,7.11148047,0,0.225572836,0.890419091,1.389053781,3.644782144,0.997269381,1.068502909,11.76540425,2.243856108,7.788198979,NA,NA,0.5223792,0,0,0,0.035616764,11.43270622,70.04341534,3.139120095,55.32967033,63.02479745,12.74245028,6.236189541,9.726538222,5.713267609,0.285069486,2.677532014,3.319373352,15.74074074,7.343124166,0,23.21428571,6.429359823,76.05426128,21.02649007,9.161147903,75.22854615,23.59016977,27.08061261,7.337053306,70.6564266,13.22996667,6.247574699
