tractid,period,pop19,nhwht19,nhblk19,hisp19,asian19,fb19,n10imm19,col19,unemp19,prof19,manuf19,npov19,vac19,own19,dmulti19,multi19,h30old19,h10yrs19,a18und19,a60up19
48061013305,2019,4708,43,0,4665,0,1565,150,211,84,416,141,1194,136,900,1472,201,932,423,1325,793
48061013309,2019,2849,8,0,2841,0,1099,87,165,20,117,84,1052,16,433,719,53,389,284,1022,431
48061013402,2019,1999,75,0,1921,3,640,36,114,24,106,30,774,60,334,623,103,492,172,628,407
48061013500,2019,1773,270,8,1479,16,536,118,459,26,388,35,359,185,459,801,132,678,275,368,531
48061012613,2019,5286,217,225,4673,136,1432,123,1486,128,1132,288,501,157,1318,1885,300,887,692,1221,1188
48061013306,2019,2593,11,0,2582,0,859,97,61,151,115,75,838,70,504,732,69,480,179,735,400
48061010201,2019,2280,136,0,2144,0,265,11,169,76,238,81,449,45,533,729,0,395,223,638,398
48061010800,2019,7409,1080,0,6283,0,1036,653,566,326,760,102,3200,598,738,2956,1758,1844,1616,2977,721
48061010500,2019,2667,64,0,2600,3,684,105,123,92,104,38,766,76,466,765,85,608,350,1083,500
48061010601,2019,8442,814,20,7295,155,875,282,839,163,791,131,3089,139,1571,3048,889,2123,1512,2678,1619
48061010900,2019,1448,29,13,1389,7,583,64,45,110,112,49,533,186,196,678,301,571,274,413,267
48061012504,2019,18134,1175,0,16631,159,4342,807,2350,269,2762,293,4514,242,3751,5060,351,1079,2434,5729,2245
48061013206,2019,3258,42,0,3216,0,1298,197,120,147,115,55,1447,58,589,943,207,373,307,1180,388
48061013308,2019,3549,46,0,3503,0,1334,130,141,113,137,173,1692,24,575,882,62,443,294,1111,478
48061013801,2019,2431,81,78,2263,0,861,268,37,34,62,84,1617,129,195,799,317,507,412,756,377
48061013903,2019,3978,0,0,3978,0,1117,292,192,81,287,10,1733,109,713,1199,49,828,362,1360,780
48061010602,2019,1532,379,16,1098,13,73,11,266,51,265,51,235,49,420,614,90,479,226,388,394
48061011200,2019,1666,227,0,1439,0,275,0,84,53,60,29,634,60,268,567,25,548,247,562,314
48061011400,2019,6387,862,38,5487,0,964,104,777,66,1039,61,1205,335,1607,2423,95,1278,728,1500,1847
48061011902,2019,5257,692,0,4551,0,1198,80,548,147,602,169,1203,365,1252,2012,14,1316,703,1374,1050
48029110900,2019,1669,867,46,688,37,289,59,927,19,804,57,230,154,78,1170,1036,162,947,78,198
48029111000,2019,2948,600,167,1983,62,599,111,375,73,459,97,727,260,301,1448,927,906,933,562,574
48135001100,2019,8130,870,303,6821,0,1106,88,434,249,434,100,1575,158,1237,2686,466,2472,1395,2691,1140
48135002801,2019,5203,809,0,4337,43,1272,343,220,148,261,112,589,103,1267,1475,0,653,618,1865,644
48135003000,2019,13015,6091,472,5948,405,1578,738,1983,43,1878,406,1206,517,2848,4758,1368,1525,2927,4061,1478
48135000400,2019,5826,2298,394,3114,20,515,211,625,193,657,214,498,51,1191,1669,26,1616,625,2038,943
48135000500,2019,5071,1610,538,2825,12,761,245,540,309,462,37,317,112,1075,1787,379,1711,879,1331,685
48135001800,2019,3579,545,1327,1671,0,291,36,389,171,378,105,960,245,661,1450,355,865,736,1331,450
48135001900,2019,5882,368,304,5191,19,1248,378,72,233,367,104,964,302,1239,2029,110,1517,782,1556,1141
48135002000,2019,4104,216,397,3361,113,797,30,140,34,307,149,827,30,790,1319,213,935,538,1314,699
48135002900,2019,3448,2297,75,846,190,384,143,1004,0,907,161,183,166,986,1558,483,1047,735,700,541
48135002802,2019,8977,2677,118,5958,0,1393,221,445,155,596,177,1618,646,1759,3130,8,1970,1366,3199,928
48169950100,2019,6070,2407,342,3170,119,2111,684,626,51,639,126,829,501,1088,2044,127,1394,596,962,1142
48173950100,2019,1510,849,0,661,0,352,130,241,0,244,27,177,119,265,522,7,373,137,343,286
48185180101,2019,5569,1643,1414,2458,14,700,39,394,136,432,287,749,305,999,1880,116,1051,829,1138,1282
48185180102,2019,4380,3256,121,907,8,415,26,479,99,429,313,992,370,1380,2087,48,830,801,1100,1232
48185180200,2019,7375,4219,1310,1662,0,492,0,958,260,983,305,1218,417,1858,2896,455,1771,1062,2046,1840
48185180301,2019,4997,4057,385,450,6,96,5,810,118,701,247,360,605,1673,2526,64,1209,819,1167,1537
48185180302,2019,3371,2351,208,637,0,83,0,285,54,303,57,709,617,967,1876,0,898,606,812,866
48453002110,2019,4221,1007,1242,1877,48,661,305,865,98,826,114,886,269,745,1635,379,1121,777,790,737
48453002315,2019,2954,871,167,1818,56,1147,369,757,72,724,16,620,197,227,1676,1570,1500,1170,401,221
48201542400,2019,12600,2744,1626,7396,563,4720,1594,1922,506,1896,625,1671,210,1858,3990,1302,1957,2308,3116,1178
48201550700,2019,3955,335,1405,1820,386,1018,35,531,263,588,201,685,30,835,1122,29,691,409,1019,414
48201551400,2019,5122,1616,1090,1712,562,1114,196,1433,150,809,291,581,159,1299,2128,449,1202,1197,1064,914
48201552500,2019,11484,3540,1685,4717,1437,2790,511,1784,415,2094,998,1227,416,2354,4062,812,2014,2091,3398,1477
48201210700,2019,2459,115,335,2001,8,649,18,134,50,165,97,662,186,446,935,159,835,222,610,492
48061013106,2019,4341,115,0,4193,12,1420,163,458,49,397,25,1760,186,465,1626,666,878,739,1188,901
48113000201,2019,3010,2683,0,265,13,91,23,1695,17,1410,128,67,104,1118,1485,134,1266,738,703,422
48113001203,2019,1481,716,15,737,13,300,10,490,55,314,40,93,44,444,564,0,517,171,319,244
48057000100,2019,5451,1918,105,2837,591,1100,173,506,115,766,875,337,375,1516,2273,415,1810,854,1244,1317
48057000200,2019,4343,884,204,3132,111,799,315,247,167,323,398,940,342,860,1817,371,1527,695,1143,789
48057000300,2019,1657,1207,90,307,10,58,12,199,34,230,231,125,729,421,1337,12,997,315,362,408
48057000400,2019,6875,2851,106,3466,366,568,35,759,173,685,803,857,887,1777,3298,276,2168,644,1800,1345
48057000500,2019,3342,2303,0,847,69,277,29,332,74,278,247,664,2097,944,3287,185,1531,541,806,983
48201222502,2019,4041,417,97,3409,118,1612,196,121,33,202,131,850,25,826,1108,33,887,221,1235,543
48191950500,2019,3048,1695,188,1060,8,350,87,331,141,306,57,685,649,827,1916,115,1778,623,678,972
48201212300,2019,4387,367,169,3803,7,1528,214,291,219,337,95,1556,426,748,2024,732,1717,895,933,705
48201212400,2019,3037,111,142,2777,0,1059,119,158,100,226,159,928,198,617,1107,161,1007,373,690,690
48201222401,2019,3423,228,4,3141,36,1743,295,40,49,101,160,1034,89,527,1003,37,913,439,1055,267
48201222402,2019,6061,591,129,5325,16,2514,385,159,40,237,192,1779,236,864,1607,47,1211,548,2066,808
48201222501,2019,3834,71,101,3558,96,2279,787,109,4,89,149,1572,72,287,1128,758,1084,747,1470,332
48201222503,2019,7729,254,381,7016,37,3456,1096,158,188,184,289,2861,126,673,2060,1168,1906,1249,2779,837
48201223002,2019,3868,124,379,3326,39,1622,492,89,30,93,77,1593,0,527,1253,596,1110,664,1208,636
48439110101,2019,6885,2910,883,2081,891,1883,1049,505,200,843,476,765,274,1149,2932,1458,2379,1631,1659,874
48001950600,2019,5148,3384,1545,165,0,41,0,221,109,337,231,880,441,1144,2233,69,1828,887,1207,1103
48001950800,2019,5505,2799,1410,870,252,466,176,682,114,810,134,1116,143,970,2223,671,1640,1394,1478,896
48001950700,2019,2783,715,1054,962,5,435,181,104,18,199,193,458,252,395,1163,191,1061,436,806,443
48001950100,2019,4844,3823,284,583,18,233,31,674,53,612,126,780,719,1580,2509,62,1173,733,1240,1375
48001950500,2019,4465,1613,1012,1718,0,581,149,328,113,338,193,854,256,917,1840,455,1389,846,1193,845
48001951000,2019,7276,6091,237,936,10,113,0,757,125,524,251,957,491,2343,3348,47,1559,1097,1809,2040
48139060900,2019,7316,6050,305,806,38,170,24,1100,105,1148,268,172,339,2054,2622,5,961,971,1894,1572
48373210302,2019,4596,3110,794,586,0,286,88,396,84,559,198,934,462,1349,2197,230,1446,769,980,1133
48381021101,2019,4725,3554,260,826,35,116,44,1224,146,1208,170,557,123,1181,1904,395,1815,972,1041,982
48381021102,2019,2410,1198,391,631,39,110,51,209,11,134,69,678,194,0,1350,1257,1187,1028,411,415
48381021608,2019,8836,6466,99,1996,162,470,203,2513,45,2233,330,319,180,2579,3848,982,233,2738,2151,2049
48375014401,2019,8069,3626,1948,2201,88,366,56,408,27,248,123,295,55,151,783,135,630,542,823,759
48375015400,2019,2313,240,193,1856,0,432,104,58,65,62,93,821,237,602,1159,353,1039,397,637,478
48375980000,2019,0,0,0,0,0,0,0,0,0,0,0,0,0,0,0,0,0,0,0,0
48381021609,2019,5046,4049,22,819,140,307,96,2139,122,1649,271,193,178,1453,2232,696,64,1573,926,1200
48381021703,2019,5994,4660,169,1113,23,194,64,442,192,619,118,354,319,1459,2262,148,1246,729,1442,1269
48381021704,2019,8792,7248,15,1177,226,237,19,2425,25,2323,505,412,263,2501,3156,182,950,1623,2472,1554
48381022001,2019,6913,5154,19,1638,30,224,36,1509,38,1806,327,273,228,2035,2511,72,182,1584,2103,906
48381022002,2019,6095,2919,176,2470,401,692,37,803,0,892,338,574,275,1623,2535,374,536,1478,1535,1026
48387950700,2019,2452,1980,317,84,0,26,0,173,92,291,186,399,392,733,1356,135,897,378,670,691
48391950400,2019,3431,1861,105,1413,19,70,4,333,145,401,106,578,678,1041,2022,16,1445,500,671,1097
48397040101,2019,6774,5371,51,711,421,504,111,2171,177,1621,306,74,39,2041,2242,0,570,1129,1815,1283
48397040102,2019,7753,5516,613,1268,111,348,124,1983,188,1662,246,629,49,2269,2491,0,494,1089,2087,1140
48397040401,2019,13715,8574,1073,3420,164,1498,223,2427,317,2660,853,491,154,3407,4364,0,413,2805,4392,1413
48397040402,2019,13096,8693,896,2974,208,1332,273,3110,313,3507,761,406,172,3675,4501,37,860,2523,3931,1786
48397040503,2019,6686,2777,518,2724,314,1779,527,1030,152,1139,541,600,129,1340,2072,41,442,1153,1943,706
48397040504,2019,7059,5775,22,798,296,516,24,2568,177,1919,217,164,137,2257,3081,684,1666,1284,1272,1805
48397040505,2019,11257,7288,1517,2052,344,1135,217,2587,167,3012,415,413,4,3323,3653,0,460,1551,3600,1308
48397040506,2019,9133,8056,102,538,222,338,165,3476,163,2285,371,361,86,2856,3070,84,550,1471,2428,1901
48027023204,2019,4724,1973,1042,1107,188,417,137,260,32,71,9,141,480,24,704,0,665,217,333,10
48027023403,2019,7023,5816,67,899,117,250,114,2243,86,1434,146,390,264,2071,2705,79,859,1098,2014,1944
48027023404,2019,4090,2890,82,976,27,329,56,835,117,668,112,332,218,1128,1632,97,571,730,1045,1005
48027980001,2019,80,16,22,27,15,0,0,0,0,0,0,0,0,0,0,0,0,0,0,0
48027980002,2019,0,0,0,0,0,0,0,0,0,0,0,0,0,0,0,0,0,0,0,0
48027980003,2019,0,0,0,0,0,0,0,0,0,0,0,0,0,0,0,0,0,0,0,0
48029121701,2019,4679,2007,421,1887,173,630,136,870,75,705,196,643,112,1095,1612,331,1368,757,1145,1130
48029121119,2019,6176,2971,26,2702,335,587,147,1144,215,1167,153,690,46,1383,2306,629,1586,1241,1418,1016
48029121120,2019,5183,1395,513,3137,76,778,279,1083,11,1027,116,248,373,1338,2072,81,1082,905,1393,961
48029121121,2019,2908,1628,257,881,0,107,0,1055,51,837,101,82,56,934,1067,20,418,340,628,638
48453001835,2019,6771,1609,1418,3136,564,2019,424,1776,309,1426,373,674,144,1117,2579,1187,1454,1564,1599,829
48453001840,2019,10880,3220,2002,4508,910,2546,556,2238,189,2276,752,1769,381,2256,4342,1170,526,2475,2671,1247
48453001850,2019,3782,2251,313,858,317,605,292,1386,40,1190,327,311,284,372,2217,1516,1314,1605,481,607
48453001853,2019,3293,1968,330,767,123,444,188,1228,35,1106,255,112,18,880,1323,131,957,639,709,641
48453002003,2019,4175,1796,182,2113,37,1098,302,850,127,748,54,598,159,630,1697,762,1217,888,983,701
48453002107,2019,4988,1656,1100,2039,50,730,267,1208,71,919,168,516,99,895,1693,407,1373,899,1147,756
48113001502,2019,3728,921,414,2287,84,1206,283,374,72,401,134,1452,213,171,1551,1241,1377,1069,1109,370
48113002200,2019,2504,1455,343,415,206,330,209,1259,60,1039,79,491,247,353,1844,1665,330,1377,130,420
48113002400,2019,2789,574,141,2015,50,1145,65,307,91,250,27,569,238,585,1155,169,1021,348,598,379
48113003101,2019,3627,2205,658,440,214,521,169,2187,162,1865,163,450,674,405,3175,3162,2209,2331,244,185
48113003400,2019,1261,169,933,151,8,42,7,87,64,116,20,342,123,71,661,524,491,455,257,231
48113003901,2019,2084,34,1789,250,0,64,22,79,62,149,49,960,174,166,873,436,470,439,747,251
48113005300,2019,7024,657,83,6226,35,2546,30,440,335,528,511,1550,50,1588,2264,96,2225,779,1875,1104
48113005400,2019,6041,478,1413,4087,41,1801,228,485,188,434,307,849,199,1071,1892,193,1666,596,1814,1074
48113007601,2019,1860,1344,39,229,201,270,0,1025,4,725,47,51,66,579,795,6,653,294,368,585
48113009103,2019,3722,148,867,2707,0,1100,179,150,42,199,53,1282,16,557,1101,393,988,496,1428,460
48113009402,2019,2496,1998,0,355,70,185,48,1466,100,943,153,72,169,981,1303,85,980,605,411,671
48113009610,2019,5391,1376,57,3941,17,3294,1449,196,36,133,147,1244,138,0,1589,1524,1496,1241,1698,159
48113009802,2019,5854,1823,81,3909,41,2977,566,171,141,301,258,552,130,949,2008,793,1898,805,1491,667
48027023203,2019,1160,537,146,301,96,114,89,69,54,53,0,136,458,0,888,61,815,406,386,9
48113010703,2019,2879,108,343,2416,9,1129,51,104,52,178,80,624,81,476,921,314,681,384,915,337
48113001102,2019,2747,2364,38,189,74,128,34,1530,51,1150,127,101,0,736,1254,393,764,861,555,326
48113001503,2019,2817,728,236,1613,128,1035,263,479,124,310,95,1150,397,37,1614,1496,1298,982,683,418
48113001800,2019,5825,4313,414,675,348,652,175,3524,91,3231,461,515,666,145,4479,4403,591,3624,154,187
48113003700,2019,3407,328,1887,1184,8,616,89,135,91,141,86,983,393,508,1632,100,1371,687,1048,683
48113003800,2019,2395,32,2008,349,6,150,32,134,112,199,44,777,195,397,1074,164,897,508,459,546
48113004500,2019,6134,1023,304,4738,0,1964,112,816,106,821,611,1174,309,1156,2088,457,1994,923,1554,840
48113005000,2019,3845,210,156,3477,0,1381,391,255,161,407,101,425,76,641,1180,177,1073,385,973,700
48113006900,2019,4311,270,326,3616,0,1448,198,204,125,221,230,1402,123,383,1473,1074,1193,846,1460,449
48113007202,2019,7879,1693,102,6040,0,4916,1798,228,137,256,455,2086,461,122,3079,2859,2932,2319,2549,230
48113007700,2019,5623,5058,6,233,205,466,83,3410,89,1589,65,442,395,1805,3282,1988,2008,1545,986,2207
48113007804,2019,6787,1134,4344,993,316,1988,957,1852,220,1366,286,935,469,321,3588,2981,1852,2545,1144,603
48245011001,2019,4591,3572,1,702,297,468,303,852,75,748,204,211,377,1201,2049,253,1822,679,1342,847
48245011102,2019,2368,2085,123,160,0,13,0,288,19,352,106,147,62,654,1095,181,939,510,522,512
48245000304,2019,6409,2935,2308,927,39,685,89,887,69,978,297,696,386,1668,2826,311,2326,1216,1584,1078
48245000600,2019,5323,643,2628,1909,17,542,11,190,152,182,273,1133,355,1024,2191,14,1586,767,1400,745
48245001100,2019,2727,843,1296,547,29,365,0,507,114,359,56,277,214,542,1358,424,1236,673,588,513
48201340100,2019,6957,1723,1245,2823,1079,1595,138,1024,83,1100,411,951,250,902,2858,1727,1105,1914,2017,902
48201340500,2019,6899,3208,680,2176,481,1467,672,1377,252,981,263,1480,378,1230,3159,1682,2966,1879,2030,980
48201342500,2019,5653,3849,23,1698,0,226,19,718,234,962,405,293,272,1397,2397,559,2142,1154,1249,1549
48201342700,2019,4891,3565,61,1119,64,231,16,636,233,716,334,343,141,1263,1850,335,1815,692,1012,1010
48201343000,2019,7043,3718,375,2840,69,802,229,740,225,1282,468,1240,239,1475,2827,1109,1159,1536,1617,1376
48041002014,2019,2590,2007,82,287,162,118,6,416,103,435,39,1358,236,305,1077,541,256,579,173,256
48041002015,2019,9469,5722,285,2309,890,495,319,0,319,360,28,0,0,0,0,0,0,0,62,0
48041980000,2019,0,0,0,0,0,0,0,0,0,0,0,0,0,0,0,0,0,0,0,0
48043950500,2019,2906,1521,14,1097,28,190,7,882,41,513,35,386,671,894,1971,135,1082,554,362,1123
48055960101,2019,7888,2207,28,5418,0,1879,330,314,112,386,237,1087,202,1750,2452,40,872,1055,2652,960
48055960102,2019,4309,2244,316,1724,0,280,72,499,75,579,211,586,253,1191,1745,20,712,537,1081,1159
48201240502,2019,5979,127,1730,4071,51,2175,1093,207,75,300,162,1924,777,94,2873,2710,2756,1843,2464,226
48201240702,2019,14051,1779,4308,7412,308,3195,846,1228,574,1606,607,1691,181,2729,4195,104,77,2779,5145,1172
48201240801,2019,5448,1130,1820,2451,0,1238,718,692,62,764,144,889,426,496,3076,2514,2177,2287,1226,640
48201240901,2019,11399,1326,3934,5420,161,1662,326,1094,233,1471,483,596,221,2415,3607,428,1101,1776,3794,1215
48201240501,2019,6668,149,2071,4152,108,2537,737,246,144,415,268,1764,346,334,2688,2244,1717,1902,2304,312
48201240701,2019,14085,1074,4722,7831,361,3735,763,966,251,1534,511,2070,344,2831,5186,1425,711,2266,3854,1268
48201240802,2019,6859,1057,2926,2608,113,1109,273,784,183,972,214,900,167,1090,2463,633,572,1525,2246,762
48201240902,2019,16658,2920,5945,6623,912,2520,514,2104,266,2045,768,1457,155,4169,5275,470,1979,2877,5116,2403
48201241101,2019,5019,2024,842,1974,66,761,86,752,138,699,327,537,68,1340,1679,0,1216,654,1316,712
48201241102,2019,12773,3814,3529,4854,131,1650,116,1838,341,2316,719,906,138,2670,4389,51,2438,2315,3374,1676
48201241103,2019,4328,1600,866,1823,10,718,36,569,130,676,254,588,158,778,1745,449,1110,1087,1194,460
48057990000,2019,0,0,0,0,0,0,0,0,0,0,0,0,0,0,0,0,0,0,0,0
48059030101,2019,4888,4183,105,360,58,90,25,652,105,782,219,586,386,1392,2189,28,1638,982,1357,1134
48059030102,2019,4225,3774,19,280,0,16,5,669,63,761,117,409,431,1509,2123,13,1357,450,741,1264
48061010203,2019,8159,1737,17,6370,35,830,235,941,213,976,81,2566,625,1476,2988,577,1532,1193,2625,1393
48061010301,2019,5325,306,0,5019,0,829,18,399,164,517,158,1117,217,1088,1681,70,1014,516,1573,791
48201341800,2019,2358,1512,178,516,74,296,132,406,71,379,146,194,98,623,930,131,421,509,552,459
48061010302,2019,9417,1509,0,7615,243,1103,59,1127,172,1186,51,2124,494,2254,3439,142,1366,975,2999,1840
48061012001,2019,6089,1128,225,4504,182,649,136,924,116,985,35,1057,579,1603,2822,334,1325,1068,1483,1609
48061012002,2019,5157,917,25,4066,149,762,173,667,91,686,50,770,337,1398,2049,31,852,705,1399,1109
48061012101,2019,4614,901,0,3594,77,600,104,796,69,654,14,550,683,1324,2196,42,834,502,1154,1279
48061012102,2019,4857,111,0,4746,0,1154,72,156,81,361,109,1920,342,1189,1641,0,659,408,1812,612
48061012305,2019,3051,2279,0,772,0,336,39,1215,17,946,18,206,7248,1230,9046,6600,5650,1134,216,1541
48061014200,2019,5597,264,0,5333,0,2071,213,241,24,433,91,1571,227,795,1719,362,852,886,1970,720
48061014300,2019,4577,253,0,4316,0,1364,285,459,180,364,119,1979,243,610,1725,837,1021,788,1444,851
48061014400,2019,21039,1062,102,19386,489,4465,591,2857,452,2781,603,3097,121,4295,5338,147,967,2765,7570,2157
48061014500,2019,9406,588,63,8541,131,2287,534,1740,102,1617,460,2182,153,1597,2854,868,380,1398,3225,996
48061980001,2019,0,0,0,0,0,0,0,0,0,0,0,0,0,0,0,0,0,0,0,0
48061980100,2019,0,0,0,0,0,0,0,0,0,0,0,0,0,0,0,0,0,0,0,0
48061990000,2019,0,0,0,0,0,0,0,0,0,0,0,0,0,0,0,0,0,0,0,0
48063950101,2019,3720,2392,485,652,51,361,13,399,76,367,242,935,253,1000,1487,7,772,378,1088,911
48063950102,2019,4259,2806,343,959,5,231,75,573,156,419,159,774,681,1321,2352,100,1018,634,830,1313
48201440100,2019,7513,1020,2438,3272,716,2331,627,1654,372,1445,102,1597,63,1394,2983,1290,1809,1630,1781,1437
48201450600,2019,4124,2730,588,302,307,642,416,1898,63,1531,183,299,703,785,2472,1372,1553,1232,1119,636
48201450700,2019,6205,5563,24,305,165,909,497,3310,39,1808,244,136,314,1862,2347,122,1923,867,2043,1310
48121020110,2019,5764,3298,817,608,916,965,325,2210,157,1823,213,143,28,1456,1681,8,59,746,1731,759
48121020111,2019,4276,3172,314,330,396,523,151,1727,54,1310,205,118,22,1089,1187,0,71,492,1628,352
48121020112,2019,3880,2047,514,671,546,636,130,1219,72,1158,187,116,19,1099,1287,0,9,702,1136,462
48121020113,2019,13746,6174,2424,4218,374,2517,319,3340,462,3774,687,749,174,3137,4216,43,164,2278,3956,1272
48121020114,2019,12804,5533,1784,4271,651,2657,463,2437,422,2950,466,1059,189,2879,4538,711,469,2641,3472,1465
48121020115,2019,6010,3563,429,1741,115,932,177,1203,107,1074,385,263,292,1703,2324,97,620,1155,1645,922
48121020203,2019,6527,4524,475,1291,53,361,0,753,51,1042,346,612,130,1427,2191,150,1044,1256,1856,971
48121020204,2019,4403,3683,87,633,0,246,30,855,169,862,166,171,192,1229,1799,273,631,681,977,958
48121020205,2019,1896,1477,0,414,0,175,29,476,37,356,106,262,5,593,666,5,288,271,442,454
48121020306,2019,7227,5127,349,1025,484,688,446,1981,70,1872,296,325,348,1120,3069,1656,328,2329,2100,800
48121020307,2019,12841,9662,404,1696,757,951,306,4481,397,3239,476,632,99,3568,4060,101,732,2885,3883,1724
48121020308,2019,12185,8379,644,2480,124,962,415,2655,258,2314,522,623,233,3144,3819,71,324,2332,3774,1730
48121020309,2019,11845,9901,255,1105,137,486,139,2962,399,2505,442,788,144,3390,4169,28,830,2449,3206,2160
48121020310,2019,4131,3802,24,108,120,166,30,1964,34,555,77,190,38,1894,2101,0,73,1312,125,3194
48121020503,2019,6727,3481,222,2373,288,761,167,1449,154,1267,260,1262,148,1013,2636,1277,2002,1669,1789,1003
48121020504,2019,3506,1626,326,1403,13,712,134,442,33,463,266,565,81,442,1114,123,519,594,1047,339
48121020505,2019,5992,5168,175,441,147,338,143,2380,173,1835,74,611,342,1762,2660,100,2001,1026,1137,1864
48393950100,2019,805,675,0,107,0,21,0,140,7,143,33,93,125,240,426,10,349,127,217,257
48443950100,2019,896,353,10,508,0,18,10,139,3,125,19,84,367,389,785,0,722,91,135,392
48457950200,2019,8067,5233,1464,1174,15,489,106,656,192,579,99,501,1217,1851,3392,89,1798,871,1056,1842
48457950400,2019,4296,3891,124,160,0,13,0,241,459,194,97,1319,1159,1460,2798,0,1785,618,899,1306
48457950500,2019,3268,2883,98,158,46,92,0,493,84,233,206,376,323,1052,1463,0,932,438,805,980
48457950300,2019,2717,2019,590,40,2,11,0,350,242,297,42,612,283,669,1331,158,1176,505,689,797
48457950100,2019,3170,2978,13,124,7,36,6,286,63,264,90,306,786,929,1884,8,1223,371,713,1128
48233951000,2019,4109,3103,0,822,15,176,18,637,10,475,493,280,495,1037,1784,351,1469,585,1137,797
48233950200,2019,2024,1568,16,393,17,106,28,191,33,205,102,371,628,587,1368,23,1124,225,489,702
48233950900,2019,4020,2640,39,1226,27,71,5,331,161,342,230,474,582,1033,1795,97,1667,394,1208,775
48233950700,2019,2096,1378,25,448,137,130,5,100,175,149,82,893,265,337,918,302,738,387,691,254
48233950800,2019,690,280,38,364,2,95,3,20,26,41,8,105,236,179,469,65,407,74,135,145
48233950600,2019,3204,1970,73,1106,0,317,20,244,93,205,186,359,620,839,1735,215,1664,434,643,735
48477170100,2019,3812,1753,1250,799,0,405,43,588,8,535,126,748,190,969,1593,193,1223,631,791,1069
48477170200,2019,6693,4463,934,972,230,503,91,974,97,960,464,776,406,1709,2723,396,1267,916,1622,1709
48477170400,2019,7230,3799,1423,1682,229,896,96,989,231,1213,278,919,311,1153,2374,534,1710,1004,1369,1473
48477170300,2019,5561,3954,439,756,95,172,69,1535,230,900,298,570,337,1729,2608,503,1461,1015,1091,1870
48477170500,2019,6842,5393,774,608,4,297,39,1296,221,1034,466,587,1399,2417,4211,49,2627,818,1336,2532
48477170600,2019,5025,3146,943,829,62,296,61,902,140,697,142,359,938,1381,2697,33,1249,799,1492,1515
48343950100,2019,4542,3285,851,321,0,138,38,425,120,524,181,584,436,1378,2195,171,1405,823,1221,1258
48343950200,2019,5083,3433,1038,397,17,163,79,640,211,565,499,695,376,1841,2725,142,2070,870,816,1830
48343950300,2019,2748,1250,968,502,11,182,5,168,97,177,180,891,111,515,1120,266,1032,529,805,531
48361020700,2019,5010,3774,509,507,85,412,34,496,240,397,181,1024,465,1007,2476,749,1990,1199,1340,1178
48361020900,2019,3692,1397,1764,459,48,204,12,413,183,483,249,629,352,824,1972,555,1574,910,877,863
48361021400,2019,3861,3601,0,244,0,61,11,489,83,600,310,514,183,1243,1683,25,721,586,879,818
48121020109,2019,7033,4173,546,517,1330,1542,423,2706,96,2243,319,201,210,1637,2389,502,43,1860,2598,669
48361020200,2019,3624,985,2529,44,0,189,0,221,124,342,296,724,174,936,1749,403,1264,833,782,879
48113007914,2019,3070,2098,265,254,437,546,463,1337,145,1273,48,749,420,383,2196,2112,854,1538,164,250
48113010804,2019,5733,93,2115,3406,0,1813,527,102,247,173,194,1580,162,434,1990,1358,1118,1221,1780,919
48143950202,2019,7098,5365,53,1469,133,609,297,1663,66,1352,347,1305,796,1998,3262,317,1615,1207,1725,1475
48145000200,2019,2810,1732,265,738,69,251,41,242,54,352,130,306,350,826,1333,0,938,441,623,743
48145000300,2019,3187,819,921,1421,13,400,0,197,68,98,411,1580,550,640,1616,205,1529,543,773,815
48145000400,2019,2124,399,1499,226,0,43,13,54,55,224,22,486,337,242,875,145,766,259,440,289
48145000500,2019,2328,1863,144,211,0,51,29,285,61,244,242,249,306,592,1026,67,646,299,633,517
48145000700,2019,2920,1797,353,766,0,126,16,425,3,348,170,711,481,699,1391,57,1130,312,672,832
48145000800,2019,3903,2241,982,638,0,94,0,316,69,168,97,781,558,765,1540,164,1257,363,531,949
48147950401,2019,4826,2338,806,1392,129,746,269,269,14,251,174,552,170,483,1243,462,832,694,725,664
48147950402,2019,6300,5035,452,491,9,110,65,993,93,920,351,409,184,1710,2650,263,1749,1263,1309,2039
48147950800,2019,4123,3632,42,274,11,246,96,515,63,564,198,293,447,1482,2101,0,1065,538,682,1417
48157670101,2019,6633,169,2036,4376,11,2375,475,392,278,482,253,1257,49,1227,1841,0,1404,582,1829,956
48157670102,2019,3320,29,1837,1400,54,530,13,306,139,437,28,729,94,620,1052,5,655,329,1039,313
48157670601,2019,9711,247,7565,1714,10,1233,119,2032,319,1760,264,510,73,2503,3186,23,2245,980,2390,2028
48157670602,2019,2027,50,1260,710,7,365,88,228,40,229,82,168,27,343,614,5,579,224,639,322
48157670901,2019,13016,3045,4595,958,4190,3840,1221,4681,578,3896,574,125,168,3754,4125,0,730,1705,2740,2682
48157671002,2019,6290,1844,2598,1584,12,884,119,1495,203,914,230,574,47,1746,2452,208,1853,1107,1473,1478
48157670902,2019,9045,386,5623,2824,117,1718,203,1897,273,2068,239,389,21,2248,2570,0,157,1663,3017,918
48157671001,2019,5395,2654,1277,904,352,441,55,2118,100,1515,191,136,185,2107,2409,0,2052,872,1045,1947
48157671501,2019,8197,2116,2084,846,2969,3050,549,3206,260,2280,578,380,109,2027,2717,254,370,1221,1782,1911
48157671502,2019,1608,373,563,16,615,679,71,662,60,540,124,67,23,416,515,7,7,195,323,348
48201333000,2019,4027,302,154,3553,0,1537,192,239,90,264,207,612,84,827,1124,108,1076,370,1157,631
48201333700,2019,3565,222,137,2956,175,1324,123,94,122,294,130,892,22,717,1012,16,785,312,1131,530
48201340600,2019,2508,1832,65,447,136,206,41,1007,102,598,165,47,28,921,987,0,987,323,477,809
48201342300,2019,8278,2505,304,5231,47,1799,658,296,496,735,298,1070,238,1215,2576,1069,1630,1465,2832,895
48201342800,2019,8650,5645,0,2571,380,875,92,1751,139,1898,527,152,75,2670,2795,0,1132,944,2174,1431
48201350700,2019,2216,1470,138,522,17,69,0,507,37,554,121,53,94,630,843,0,808,324,563,574
48201411200,2019,1871,1577,0,148,125,243,70,1055,14,523,20,256,58,612,737,89,574,253,423,679
48201412200,2019,5953,3930,163,527,1028,1253,709,3352,126,2427,204,572,263,1294,2442,879,1547,1265,1562,1063
48201412800,2019,5179,3459,189,330,1151,1313,129,2967,38,2017,216,136,230,1607,1950,0,755,490,1451,1043
48201420100,2019,2912,329,994,1117,453,1052,184,745,87,775,46,652,189,216,1631,1313,1094,1071,608,327
48201420600,2019,2385,1395,234,450,164,520,106,968,33,754,63,203,71,666,1030,272,1022,438,537,549
48201453200,2019,8861,352,2856,4734,913,3261,420,510,321,654,168,2366,186,490,2967,2403,2537,1939,2636,1055
48201453700,2019,9123,850,3505,3744,1024,3664,475,760,411,1130,474,1434,174,1322,2837,960,2283,1509,2420,1125
48201455000,2019,2838,1848,32,663,229,596,153,1015,119,663,111,162,68,645,1045,360,248,543,682,486
48201310900,2019,5442,245,28,5065,93,2208,325,393,100,233,319,2123,319,685,2148,922,1791,914,1482,884
48201552200,2019,7811,2574,1243,2894,1002,1710,620,1377,374,1572,279,1031,233,1377,2974,1112,1163,1680,2281,1110
48113007821,2019,3778,452,1207,1618,347,1614,735,494,93,347,169,961,377,105,1922,1852,1878,1334,970,199
48113007822,2019,1526,886,224,303,74,218,30,684,43,489,55,168,182,0,1106,1096,425,867,120,338
48113007823,2019,1458,364,239,795,16,623,128,270,30,164,51,236,114,20,569,560,460,366,248,383
48113007826,2019,1036,366,269,341,60,181,35,497,7,466,65,60,131,45,773,760,219,592,187,64
48113007824,2019,1885,1760,20,48,31,94,39,1130,31,780,70,67,0,694,743,39,619,284,411,548
48113007825,2019,5718,2152,1235,2140,191,1315,340,1438,143,1234,387,537,281,990,2650,1692,2532,1407,1271,1033
48113007827,2019,3316,763,1277,1053,0,733,274,574,103,496,99,528,272,173,1667,1551,1444,1017,968,325
48113007910,2019,2762,1411,308,515,339,967,432,1602,73,1476,207,434,442,18,2177,2159,1762,1505,305,252
48113007911,2019,2611,1761,164,261,332,449,224,1658,77,1610,303,248,364,31,2116,2071,957,1650,169,216
48113007909,2019,2341,1041,241,257,631,960,843,1551,73,1193,111,473,103,0,1576,1569,1312,1382,166,239
48201511302,2019,3716,3193,1,453,68,429,198,2023,14,1538,164,477,89,1044,1967,481,1567,1286,597,690
48121021517,2019,4143,1430,889,917,780,854,106,1408,20,1385,267,296,354,433,2336,1839,35,1714,724,304
48121021518,2019,3031,2072,108,644,142,174,33,985,108,992,195,42,30,923,1068,0,223,293,573,662
48121021519,2019,12148,6795,1521,2410,1053,1912,317,3391,204,3823,758,365,181,2956,4923,1114,1471,2978,2553,1230
48121021520,2019,4133,2139,419,1330,44,492,78,627,90,817,177,422,30,1034,1355,0,1269,434,1081,692
48121021521,2019,4210,2832,229,1030,71,506,105,752,18,777,215,563,117,1169,1486,0,1400,477,1160,878
48121021522,2019,3690,1304,495,355,1354,1361,375,1665,35,1293,170,168,129,676,1341,644,21,1128,1202,223
48121021523,2019,3898,2069,88,1424,133,612,57,567,109,655,159,475,68,912,1369,49,1110,562,1051,583
48121021524,2019,2336,1235,183,105,782,594,109,1070,65,824,95,48,17,668,786,33,68,561,771,271
48121021525,2019,15808,8824,755,1267,4491,3967,866,6483,128,4589,674,314,497,4303,5109,254,69,3406,5900,1252
48121021526,2019,7720,5569,303,545,693,898,235,2977,135,2414,288,291,34,1886,2487,452,100,1567,2699,594
48121021527,2019,7193,5062,336,627,905,931,404,2791,109,2389,253,82,137,1658,2329,434,0,1307,2321,760
48121021618,2019,4205,1488,413,2216,6,1020,171,596,71,645,176,578,220,797,1513,276,1254,724,1057,600
48121021619,2019,2922,671,108,1926,90,904,122,352,0,336,214,520,170,436,1106,513,244,598,934,272
48121021620,2019,3009,1087,850,564,330,475,125,807,157,1011,163,227,234,0,1594,1585,132,1317,503,124
48121021621,2019,3507,2060,265,692,433,565,36,1569,94,1295,175,94,0,1279,1302,0,915,417,570,1035
48121021622,2019,6023,3055,330,870,1478,1414,223,1792,88,1948,310,283,105,1634,2124,367,527,926,1338,742
48121021623,2019,8252,2254,973,749,4036,3116,857,2937,186,2542,244,464,84,1342,2925,1416,99,2157,2073,950
48121021624,2019,7706,2623,1090,2173,1599,2120,282,2226,203,2005,568,775,189,1091,3210,1965,257,2069,2127,773
48121021625,2019,12108,5465,1290,1233,3767,3291,611,6006,179,4771,388,698,579,2989,5425,2048,121,4295,2840,1712
48121021626,2019,2648,1884,99,189,407,464,100,1557,90,929,48,59,50,874,931,0,1,420,610,513
48135001700,2019,6682,3355,378,2547,201,832,778,790,454,634,108,1033,211,1480,2653,864,2333,1343,1996,1279
48135002400,2019,5006,2687,182,2052,0,371,229,826,108,872,109,200,287,1208,2001,561,1902,853,1573,1091
48135002501,2019,8496,3136,14,4872,342,914,223,1239,205,1464,204,476,126,2388,2767,259,741,2122,2899,814
48135000800,2019,3124,1024,93,1959,0,570,129,198,35,292,140,490,167,803,1286,9,942,563,732,609
48135002300,2019,3907,1899,125,1788,52,372,238,727,92,853,89,139,131,623,1842,1203,1468,1234,940,613
48135002502,2019,7018,3527,267,3002,0,304,21,712,95,1235,196,350,13,1678,2525,368,2161,1234,1891,1151
48135002700,2019,11782,2917,330,8517,0,2161,367,348,594,818,453,1714,174,2710,3585,0,1984,1785,3584,1382
48257050201,2019,9689,6522,1557,1324,96,481,127,1803,185,1939,127,512,42,2513,2979,181,952,1589,3166,1370
48257050300,2019,4666,2388,419,1736,25,406,37,592,81,660,192,769,187,760,1699,424,929,870,1238,846
48257050800,2019,10456,8139,227,1826,42,658,16,1353,298,1944,402,1174,237,2659,3526,124,1277,1586,2676,2012
48257050400,2019,7548,4069,926,2352,0,766,148,1106,345,1007,389,1621,163,1666,2620,109,1861,1361,2024,1460
48257050500,2019,5433,1882,2687,655,30,162,104,327,200,437,106,955,202,529,2082,974,1125,1321,1257,1258
48257051000,2019,1688,562,241,885,0,256,50,70,54,76,65,567,52,247,505,57,423,235,527,309
48257051100,2019,5306,3010,282,1972,0,882,137,435,149,499,272,1191,151,928,1766,321,1206,846,1656,747
48257051300,2019,8554,7352,288,682,65,258,53,955,376,777,328,1547,686,1918,3720,533,2154,1674,1996,2228
48257050600,2019,7595,5118,677,1340,294,678,0,440,242,708,362,877,374,1863,2708,55,1690,731,1539,1474
48257050701,2019,4684,3430,201,1048,0,455,72,480,74,748,206,596,191,1412,1678,7,442,666,1195,1154
48039662900,2019,4824,3423,396,929,8,289,85,362,253,526,262,606,291,1287,2001,122,1296,766,1284,1050
48345950100,2019,1252,932,19,246,0,0,0,148,38,256,51,101,289,334,778,4,723,190,319,440
48129950200,2019,1851,1393,172,208,11,40,6,217,38,222,23,282,221,466,928,103,817,296,365,486
48129950300,2019,1491,1309,11,162,1,48,0,175,1,223,24,165,597,472,1225,15,956,276,303,542
48013960500,2019,2545,544,10,1956,0,307,101,78,128,146,20,485,264,738,1102,0,641,274,675,676
48013960600,2019,6142,2945,16,2976,0,74,0,421,321,629,250,813,566,1401,2557,210,1312,923,1783,1235
48013960201,2019,7326,2239,0,5007,0,609,142,836,512,1053,186,925,318,1737,2394,71,947,901,1860,1191
48013960300,2019,3707,530,0,3082,45,109,45,235,152,292,127,847,175,701,1341,228,932,465,750,703
48013960402,2019,9104,4539,24,4245,91,341,75,1501,193,1244,154,677,418,2074,3326,378,2118,1393,2623,1848
48013960100,2019,7213,2513,47,4481,37,441,36,646,259,874,176,1359,526,1794,3075,140,1494,986,1893,1840
48051970500,2019,4323,2759,570,883,0,172,63,310,170,287,195,738,1059,1296,2656,70,1507,740,888,1443
48051970400,2019,3492,2323,437,699,0,377,128,516,105,467,212,360,387,1095,1741,32,849,589,758,912
48051970300,2019,4512,2457,814,1201,0,304,80,437,80,397,360,597,197,1029,1873,376,1394,778,1223,983
48031950200,2019,6015,4325,0,1500,39,442,52,1126,143,787,262,684,900,1753,3074,180,1379,903,1173,1885
48031950100,2019,5463,4512,3,724,168,207,0,1164,151,939,263,331,565,1660,2734,181,1387,953,925,1891
48241950300,2019,3552,960,2322,230,40,167,67,316,138,307,214,1239,345,525,1494,362,946,654,1084,485
48241950700,2019,8122,7563,0,318,18,171,81,549,307,792,629,418,563,2487,3362,12,1689,1048,1943,1834
48241950500,2019,4710,4161,271,169,0,51,0,555,170,506,166,1166,460,1418,2204,55,1417,643,1088,1104
48241950400,2019,5514,3738,725,866,108,338,0,371,248,653,260,931,341,1661,2313,97,1544,667,1104,1432
48241950100,2019,5239,4610,356,233,18,69,26,625,116,557,303,1000,1741,1808,3828,228,2354,630,1287,1817
48241950200,2019,3310,1457,1760,93,0,89,25,476,60,406,96,401,510,776,1745,205,1361,570,918,1002
48241950600,2019,2705,1866,317,425,0,65,52,92,152,163,104,717,144,598,1165,232,898,575,711,710
48241950800,2019,2354,2105,118,52,0,33,33,122,13,210,76,499,240,762,1169,55,613,341,435,788
48245002500,2019,3872,670,2279,780,91,767,129,118,129,243,127,1022,253,619,1669,392,1314,1005,1223,567
48245010200,2019,2226,484,589,1100,43,508,38,183,90,182,77,301,78,539,759,20,710,295,699,397
48245010400,2019,2679,2097,38,438,99,93,60,397,55,416,132,202,178,669,1215,326,1000,582,621,834
48245011002,2019,3287,2601,159,440,16,183,59,557,11,664,291,230,84,1017,1483,264,1226,685,668,686
48245001301,2019,5850,1864,2223,1675,88,1003,80,786,8,619,265,1124,161,1293,2275,606,1825,983,1431,1807
48245000102,2019,2223,681,1335,158,0,93,0,256,25,245,66,70,128,454,960,305,630,496,644,335
48029181003,2019,8338,2081,598,4290,325,2854,1824,1168,118,1103,299,3147,534,341,3229,3089,2301,2427,1991,721
48029181005,2019,4177,1086,576,2379,33,1139,801,310,84,698,137,905,316,132,2154,2071,2001,1601,1003,356
48029181506,2019,4556,1090,319,2878,216,647,173,568,51,418,49,832,143,615,1870,984,1725,1154,1245,1034
48029181715,2019,6573,1490,341,4654,30,438,85,846,281,996,233,424,111,1484,2111,46,1823,819,1560,955
48029181808,2019,1785,707,10,797,217,273,122,701,30,680,60,108,34,294,698,278,222,445,395,406
48029182102,2019,8632,5463,123,2343,444,801,91,2782,124,2077,114,561,238,2460,2845,101,703,1620,2883,1686
48029191101,2019,2083,1173,11,823,69,255,123,840,44,606,81,123,74,667,789,1,748,262,416,537
48029191406,2019,6425,4356,61,1736,131,425,96,2967,117,2168,50,156,78,2120,2723,385,832,1107,1408,1952
48029191408,2019,2556,717,286,1296,180,471,119,475,53,406,36,363,299,81,1632,1497,1430,1188,457,312
48029191409,2019,7187,1644,598,4105,558,1582,508,1378,103,1385,134,935,285,594,3352,2541,2006,2557,1383,745
48467950900,2019,8370,7034,266,1014,0,597,125,1084,128,1077,406,886,520,2337,3590,77,2019,1131,1616,2151
48467950700,2019,4131,3582,259,165,37,170,13,591,114,462,169,378,219,1257,1908,218,1395,1041,718,1380
48467950200,2019,3622,2751,51,787,11,341,116,152,108,316,69,751,232,686,1375,163,996,715,1066,851
48055960500,2019,7676,2827,614,4125,6,808,209,723,67,800,190,2052,238,1425,2318,184,1301,871,1640,1135
48055960600,2019,2495,1981,28,450,0,148,12,498,74,460,117,96,129,876,1174,0,538,315,461,715
48055960200,2019,5569,1896,561,3025,17,492,138,545,32,469,158,954,43,876,1438,310,871,596,1008,1213
48055960300,2019,4426,2019,101,1939,367,389,128,615,81,771,164,303,148,1064,1737,247,1241,911,1141,911
48055960400,2019,3723,1039,244,2359,0,145,16,331,15,503,176,513,153,671,1464,302,1103,774,792,860
48055960700,2019,6058,2505,468,2953,70,572,101,470,51,858,165,1950,263,1218,2561,527,2012,1085,1373,1461
48487950700,2019,2550,1053,184,1262,0,163,25,100,138,355,152,741,322,586,1290,64,1156,636,729,366
48487950300,2019,1888,1664,35,169,10,43,10,356,28,357,39,167,227,479,918,14,707,269,475,416
48487950500,2019,2594,1156,488,773,111,165,40,190,34,203,243,720,284,382,1339,557,1086,614,328,712
48487950600,2019,5801,3587,524,1532,0,207,77,700,166,788,285,762,227,1699,2693,317,2406,1339,1344,1696
48317950100,2019,1740,1115,0,611,4,185,0,167,20,290,24,77,79,411,592,10,393,212,469,321
48317950200,2019,3909,1932,48,1929,0,44,6,441,98,497,81,397,204,840,1385,40,1008,396,1286,614
48383950100,2019,3766,1121,32,2592,6,668,254,228,101,453,14,357,196,731,1280,77,1059,530,1231,492
48501950200,2019,6728,2026,38,4552,0,1861,935,434,118,671,37,526,289,1571,2276,113,1726,818,2252,1004
48501950100,2019,1903,715,0,1184,4,398,104,185,48,206,9,200,131,471,761,5,588,248,599,384
48189950300,2019,6818,2950,307,3457,28,348,70,1324,134,958,190,937,343,1384,2801,632,2376,1063,1855,1697
48189950900,2019,3000,1570,6,1365,0,118,0,344,43,417,83,409,147,735,1134,59,930,479,989,518
48189950500,2019,3064,572,134,2302,22,428,14,253,104,381,193,523,264,538,1264,271,1200,630,913,429
48189950700,2019,2763,989,45,1684,4,166,11,256,12,403,78,537,224,708,1239,86,1076,425,738,680
48189950800,2019,1314,527,7,764,11,74,2,158,48,198,40,222,160,392,658,34,612,223,341,299
48189950100,2019,4249,830,183,3100,0,771,81,110,81,181,176,1113,591,894,1951,174,1811,577,1277,716
48189950600,2019,4519,2266,361,1752,0,377,111,575,23,503,92,392,132,733,1244,42,1008,615,937,661
48189950200,2019,3473,445,159,2825,12,506,12,113,109,194,108,560,354,680,1445,153,1238,441,1077,550
48189950400,2019,4626,1294,333,2860,28,623,237,445,164,603,95,353,253,746,1665,477,1389,725,1081,677
48419950200,2019,3767,2209,1011,495,32,182,0,369,172,358,294,734,644,1075,2146,90,1453,693,840,1010
48419950600,2019,3169,2140,724,305,0,132,28,211,60,267,90,768,896,1055,2130,21,1355,400,663,856
48419950100,2019,4622,3212,607,743,0,270,52,470,93,366,185,1127,595,1393,2411,199,1599,625,1010,1256
48439106002,2019,3648,99,1671,1821,10,805,17,124,223,215,185,741,173,707,1312,0,1163,432,1101,729
48439103500,2019,5695,658,769,4175,30,1636,319,80,130,270,220,1421,300,743,1736,339,1554,740,1753,740
48439113912,2019,6337,5413,47,611,202,408,0,2450,81,1618,366,13,71,2018,2286,179,572,1211,1712,1532
48439121608,2019,5381,3691,484,606,384,515,50,1393,99,1144,271,248,37,1596,2097,29,1781,731,1015,1463
48439121610,2019,2746,1982,190,350,158,288,177,799,59,572,161,343,23,724,988,144,928,459,632,728
48439122700,2019,5224,2878,750,1096,123,596,167,1175,98,904,122,1042,253,772,2419,1300,1965,1499,1290,1151
48439113213,2019,3896,2551,105,944,41,335,0,642,81,625,135,249,107,1030,1448,311,1328,582,958,915
48439113218,2019,3381,2410,222,330,324,278,51,1123,38,944,160,191,70,995,1358,252,574,776,626,784
48439113405,2019,6329,3160,572,2187,234,1040,410,1024,128,1213,293,860,422,1061,2804,1399,1978,1630,1733,1075
48439113613,2019,4252,3177,202,552,130,259,82,1413,54,856,176,309,56,1278,1630,197,1448,690,807,1425
48439113627,2019,6309,3581,1135,905,352,763,241,1778,299,1508,286,301,142,975,3082,1873,2258,2171,1263,1132
48439113803,2019,5774,3915,324,1171,140,449,70,969,75,890,223,293,113,1407,1982,78,1465,912,1460,786
48439113907,2019,9593,6679,123,575,1966,1714,196,3453,108,2774,256,141,98,2369,2642,16,824,1374,3159,1366
48439103602,2019,2629,91,1290,1215,0,469,83,166,59,142,82,927,99,564,935,15,929,316,792,623
48439104300,2019,6322,4454,376,1067,126,520,318,1818,263,1663,256,2466,561,895,2962,1605,1376,1648,613,696
48439104505,2019,4804,238,2367,2171,0,815,92,231,123,391,226,1220,245,890,1701,185,1378,618,1623,648
48439104601,2019,4744,93,1913,2729,0,1125,175,17,172,182,84,883,47,843,1310,15,1276,490,1775,547
48439105201,2019,5660,1334,990,2912,30,745,120,567,302,597,99,2141,717,466,2746,1750,2274,1546,1897,660
48439105512,2019,4727,2331,1005,1147,121,739,35,1383,178,795,305,459,113,1367,1803,164,1788,640,926,1418
48439105800,2019,4571,988,74,3509,0,1381,89,154,146,237,259,815,93,804,1381,93,1347,511,1530,501
48439106300,2019,3580,33,2481,863,0,322,32,91,108,172,129,1067,88,565,1199,189,984,544,1263,480
48439106502,2019,3033,995,1197,542,154,433,72,567,180,395,192,318,106,960,1377,189,1127,666,620,868
48113000601,2019,5931,2293,1213,2153,172,1634,706,2262,128,1455,314,615,625,711,4029,3313,1853,2734,706,729
48113000701,2019,5517,3953,325,449,566,868,287,4053,58,3417,237,333,746,831,4265,3641,975,3111,256,387
48113002701,2019,3675,7,2631,1037,0,516,200,149,265,140,232,1241,173,243,1448,696,685,813,1337,440
48399950500,2019,1963,1327,0,633,0,145,33,245,22,419,77,142,221,524,904,9,760,253,535,475
48399950200,2019,2600,1110,43,1406,11,76,3,144,38,163,149,700,232,525,1134,90,1089,518,824,564
48399950100,2019,1242,991,43,208,0,6,0,306,0,241,42,90,299,422,846,26,665,165,179,476
48399950600,2019,4472,2889,223,1264,0,191,40,586,54,603,237,586,601,1301,2365,94,2145,796,858,1350
48407200300,2019,4750,4046,410,85,9,82,9,481,108,291,151,841,1194,1915,3390,34,1853,755,439,2602
48407200101,2019,7305,5717,557,853,10,565,0,401,192,495,189,1214,672,1596,2870,109,1607,1010,1680,1318
48407200102,2019,11071,7731,1062,1904,0,748,308,659,271,918,386,1652,772,2981,4400,0,1528,1503,3169,2391
48407200200,2019,5054,3549,488,851,0,306,0,703,128,681,163,531,1258,1606,3279,86,1655,1036,950,1827
48451001304,2019,3062,1924,104,898,61,107,32,660,38,655,29,311,160,424,1573,839,1489,890,599,895
48451000100,2019,2226,1394,23,801,0,53,28,256,33,186,62,346,121,708,1099,274,977,534,448,519
48451000400,2019,5325,1309,169,3831,0,502,22,252,38,274,287,748,568,1230,2557,203,2388,1039,1213,1025
48451001101,2019,6406,3557,274,2412,51,578,66,1313,152,1129,103,986,164,1448,2565,621,1261,1392,1675,1160
48451001303,2019,4476,2384,169,1693,136,256,34,990,30,731,137,768,60,920,1964,838,1844,1218,1144,820
48451000200,2019,4454,2059,72,2278,9,538,56,223,136,414,83,615,237,1227,1760,74,1549,496,1271,1005
48451000700,2019,4243,1541,104,2541,33,406,14,119,59,309,97,1292,428,848,2025,565,1750,725,1061,1024
48451001400,2019,6281,2101,379,3634,52,722,69,1007,263,1054,180,947,242,977,2669,1053,1848,1810,1547,1039
48451001702,2019,2897,2236,0,661,0,171,21,184,107,319,49,667,166,846,1234,48,822,533,733,697
48451001102,2019,5076,2372,98,2485,7,326,0,449,78,682,71,1160,219,1105,2099,315,2017,918,1444,706
48451001200,2019,8262,3152,626,4430,0,367,138,606,188,631,318,1391,99,1738,2853,205,2582,1359,2003,1654
48451001301,2019,7249,4198,578,2217,126,140,82,894,224,933,182,540,235,1105,2630,976,2304,1659,1093,969
48451001500,2019,2770,1395,391,503,293,143,10,123,5,86,0,0,25,0,111,74,94,78,76,24
48201211000,2019,1989,16,1058,877,26,264,42,91,73,86,94,671,158,350,865,71,731,377,554,434
48201211900,2019,5398,88,6,5269,0,1799,296,203,148,156,192,1997,123,869,1569,121,1351,524,1666,842
48201220500,2019,3377,311,571,2384,82,1156,168,147,72,106,50,1540,222,328,1964,1400,1344,1104,536,1192
48201221300,2019,9917,329,68,9367,118,3107,327,439,132,666,411,2630,83,1679,2604,309,2270,934,2992,1430
48201221400,2019,5991,355,130,5489,0,2720,562,43,72,194,161,1498,278,719,2079,872,2039,1032,1582,775
48201221500,2019,8398,405,1123,6819,51,2585,344,252,116,620,164,3518,152,821,2853,1756,2224,1840,3229,727
48201221800,2019,4091,241,0,3826,24,1767,347,36,0,132,144,1673,102,648,1182,0,879,507,1672,300
48201221900,2019,5151,170,0,4980,0,1905,111,87,112,194,247,1252,52,718,1360,59,1237,528,1513,808
48201222600,2019,5062,108,893,3790,187,2353,1267,277,147,84,58,1873,270,9,2240,2231,1688,1760,1735,436
48201222700,2019,6011,229,4262,1451,69,395,0,193,276,317,102,2655,97,257,2350,1948,1576,1831,2251,749
48201230700,2019,2763,54,1771,931,7,471,95,140,188,174,6,939,245,406,1228,529,1167,485,884,395
48201230900,2019,4107,54,3034,1019,0,450,105,223,228,211,174,1774,265,617,1863,426,1503,717,1068,961
48201231200,2019,7450,401,5263,1784,0,1050,6,551,332,604,198,1342,196,1073,2388,845,1303,925,2386,1275
48201241000,2019,9370,3613,2146,2935,480,1084,205,815,289,946,496,994,85,2153,3114,265,2404,1577,2453,1979
48201252900,2019,8908,4503,710,3323,80,1175,52,756,499,1047,384,996,108,2505,3257,64,2123,1540,2193,1761
48201253900,2019,3854,2106,333,1248,42,296,66,319,165,517,206,470,191,744,1757,671,1444,866,824,807
48201254000,2019,4032,1696,1107,1152,43,509,31,206,107,214,181,490,88,570,1503,768,1318,938,1238,585
48201254300,2019,5138,1131,740,3185,0,1007,22,187,245,438,113,1221,167,954,1975,647,1862,944,1553,560
48201310600,2019,5407,638,347,4307,96,1655,108,792,148,778,180,1265,228,1086,2250,625,2156,1045,1213,950
48201312000,2019,4570,1572,1472,647,690,940,509,931,137,852,17,185,92,392,688,146,561,269,250,411
48113001001,2019,1455,946,47,288,64,169,12,821,13,717,53,40,187,442,835,165,455,396,222,243
48113001504,2019,2466,750,475,1000,190,482,75,617,124,438,59,862,270,203,1423,1200,1321,845,465,452
48113001600,2019,4432,2237,1234,423,310,413,141,2139,170,1729,140,1076,320,719,2904,2039,744,2151,448,767
48113001701,2019,454,240,99,95,15,60,24,321,5,240,8,59,25,62,282,273,26,236,32,79
48113002100,2019,2338,1150,650,248,183,240,129,1212,84,1253,129,343,359,56,1904,1848,1034,1498,143,153
48113004100,2019,1407,17,615,757,0,270,72,42,135,40,16,607,91,126,517,152,394,324,577,158
48113004700,2019,3247,519,74,2651,0,1095,69,312,118,286,192,813,174,270,1047,529,951,472,981,349
48113005100,2019,2774,199,10,2565,0,1067,174,218,57,184,81,449,64,517,858,72,782,305,839,474
48113005600,2019,7566,30,1225,6278,0,2629,479,148,307,236,275,2034,215,1019,1976,76,1736,696,2738,650
48113014702,2019,3497,676,115,2601,66,1373,446,197,40,254,190,629,79,470,1062,495,972,517,1217,348
48113014302,2019,6989,1966,252,4516,92,2726,897,679,158,528,478,770,91,1249,2211,548,1979,924,1816,967
48113014309,2019,5295,577,979,2891,766,2126,1010,468,88,401,191,1148,139,116,1846,1677,1603,1395,1875,285
48113014502,2019,5261,864,125,4050,204,2119,477,460,148,580,212,859,101,510,1509,764,1363,896,1797,504
48113015204,2019,7789,2101,483,4770,329,1926,186,1004,208,1007,228,685,0,1721,2275,123,1871,593,2207,1393
48113015205,2019,3868,678,291,2840,0,1638,388,207,143,241,126,1039,77,405,1186,624,1109,731,1219,434
48113015900,2019,3793,736,208,2759,56,1167,43,238,46,273,165,964,64,385,1334,452,1104,652,1111,639
48113016616,2019,6943,799,3613,1981,60,801,61,832,145,977,264,679,31,1411,1888,9,634,936,2390,641
48245010901,2019,3128,2809,103,166,30,112,20,560,56,665,257,108,146,1108,1528,338,1302,572,604,923
48245011600,2019,2301,1775,100,352,9,242,0,283,60,294,215,194,161,747,967,9,451,266,578,461
48245000101,2019,5219,1699,2662,579,237,277,0,959,45,1092,435,383,334,916,2537,1183,1042,1448,1382,916
48245000302,2019,7171,4637,1365,498,596,645,0,2889,94,1697,514,238,224,2341,3259,464,1560,1701,1492,1972
48245001200,2019,2047,536,614,893,4,512,86,149,51,117,42,509,257,414,1067,357,921,588,552,330
48245001302,2019,3436,866,1669,550,205,283,0,513,25,528,205,794,58,828,1363,346,945,747,1278,353
48245006300,2019,1288,23,1149,116,0,21,0,13,147,53,24,363,270,307,750,74,508,172,310,226
48245006700,2019,2743,335,648,1726,16,733,101,100,42,109,200,682,209,626,1096,65,957,333,882,346
48245006800,2019,2098,383,700,888,127,627,139,153,114,145,35,369,108,479,797,142,668,336,525,320
48245006900,2019,3094,895,1656,237,190,512,328,428,77,282,108,582,451,680,1713,383,947,645,623,735
48401950501,2019,5121,3441,949,551,104,345,121,487,172,750,187,759,188,1443,2133,168,1246,832,1335,1330
48401950502,2019,4196,2027,1138,945,21,260,19,274,136,281,103,440,247,769,1160,0,728,377,691,653
48409010201,2019,3549,2147,102,1284,10,85,29,403,75,366,68,608,586,986,1973,312,1457,714,910,954
48409010202,2019,4841,2141,134,2414,64,589,115,285,84,301,181,647,456,980,2173,423,1336,993,1214,1066
48409010301,2019,4652,2246,56,2153,45,507,67,351,110,484,142,464,368,1046,2000,514,946,941,1371,850
48409010302,2019,5171,2390,210,2168,64,415,67,544,96,713,264,466,245,1279,1902,148,1012,700,1421,1013
48423001403,2019,7933,6550,863,505,15,168,0,1229,87,1565,178,1254,467,1842,3108,242,1443,1441,2135,1987
48423001404,2019,6946,5575,376,820,101,234,37,988,259,932,200,684,252,1749,2644,300,961,1365,1668,1619
48423001604,2019,6724,1923,2205,2397,63,904,66,581,186,562,263,905,383,1602,2608,105,1978,898,1711,1247
48413950300,2019,2983,1376,16,1580,11,416,11,326,163,407,34,467,433,848,1508,85,1111,408,789,736
48423001905,2019,9465,7410,762,683,452,782,369,3361,266,2331,371,711,647,2544,4678,1558,1061,2479,1911,2692
48423001906,2019,5467,4299,367,650,67,126,3,1407,38,1337,203,178,184,1800,2373,93,847,1271,1432,1305
48423001907,2019,6239,5266,276,502,80,216,59,1648,27,842,103,644,839,2142,3100,58,1535,1052,1286,2246
48423001908,2019,11351,8395,1324,1086,122,491,6,2563,196,2042,163,1000,397,2976,4060,195,1514,1852,3543,1804
48423002101,2019,4255,2577,921,605,40,236,30,408,298,472,260,617,228,1098,1675,65,1011,681,1124,770
48445950100,2019,2474,1307,17,1097,0,373,101,190,36,324,45,351,269,564,1008,18,811,237,845,495
48445950400,2019,7406,3252,181,3973,0,703,0,654,442,777,85,1191,362,1776,2986,237,2514,1002,2021,1691
48497150200,2019,6010,3486,160,2188,85,808,0,642,151,795,197,897,131,1421,2419,432,1545,1374,1701,1318
48497150401,2019,6244,4744,238,1174,23,334,21,632,120,537,235,896,435,1751,2652,54,1581,926,1386,1979
48497150602,2019,7875,6183,37,1377,25,506,42,782,173,1079,302,821,226,2094,2681,48,797,1201,2466,1339
48497150102,2019,7696,6233,95,989,161,480,69,1560,88,1390,277,676,271,2361,2908,0,781,1058,2069,1593
48497150300,2019,2734,2450,9,238,0,43,0,321,33,378,108,249,124,752,1127,60,504,609,710,544
48497150101,2019,3949,3522,38,313,0,82,0,545,80,654,173,190,202,1104,1508,14,562,528,682,917
48497150601,2019,9503,8198,12,1179,0,559,94,1178,106,1290,541,893,194,2641,3465,66,1641,1557,1978,2169
48497150603,2019,5351,3729,225,1134,54,476,25,492,195,593,262,715,158,1272,1780,34,624,831,1393,889
48497150500,2019,6260,3437,31,2733,28,1439,383,748,164,731,193,880,208,1175,2254,317,1495,1107,1731,911
48281950100,2019,2388,1950,53,376,9,98,1,434,56,268,115,156,446,787,1397,42,711,332,417,828
48281950400,2019,4260,2757,14,1341,65,172,16,300,84,273,115,1132,270,925,1785,362,1229,765,1113,1033
48281950500,2019,4492,3218,330,711,162,262,38,646,106,759,97,444,270,1132,1984,354,1610,1030,1174,1144
48307950300,2019,5077,2692,87,1910,60,407,0,419,35,391,200,968,537,1202,2356,295,2138,938,1164,1209
48307950500,2019,1419,1126,0,250,0,33,0,265,11,235,27,249,390,536,1014,0,715,170,308,602
48307950400,2019,1561,1057,0,443,0,38,21,293,71,243,38,109,263,532,963,75,693,351,344,543
48319950200,2019,1833,1647,0,175,11,42,0,450,48,303,62,123,757,626,1564,0,971,239,247,888
48319950100,2019,2353,1458,2,754,90,333,173,341,66,283,0,324,316,572,1205,59,1057,459,749,477
48029191201,2019,3489,1572,188,1660,0,288,28,964,95,666,115,116,49,909,1215,124,1204,531,620,807
48029191202,2019,5448,2120,131,3048,48,319,34,683,165,755,264,921,256,1218,2443,1025,2380,1101,1019,1290
48029190604,2019,4801,337,0,4445,19,1075,349,220,29,459,73,1191,127,744,1379,87,1243,518,1332,805
48029191303,2019,1784,881,27,818,31,222,93,567,31,375,21,167,52,451,846,409,675,406,251,442
48029191304,2019,2523,476,178,1847,22,664,207,306,50,347,34,782,327,211,1384,1105,1321,818,717,339
48029191410,2019,5352,1280,398,3311,151,795,676,1186,70,1344,141,862,542,243,3177,2899,2135,2317,1239,273
48157671601,2019,6480,3244,392,699,1866,2190,851,2821,313,1911,392,287,134,1360,2936,1216,2187,1518,1064,1523
48157671602,2019,3393,1498,201,526,1160,1139,175,1659,46,1125,103,166,69,1014,1253,6,464,401,645,823
48157672001,2019,8512,1625,1351,1467,3948,3732,743,2208,136,2224,410,707,73,1705,2664,600,1089,1150,1796,1561
48157672002,2019,6915,1549,1982,1138,1937,2747,937,2195,218,1588,369,835,213,735,3028,2118,997,2148,1079,1164
48157672301,2019,7435,1145,1338,1754,3118,3348,375,2028,142,1763,384,616,184,1474,2538,578,478,950,1365,1402
48157672302,2019,9462,4588,427,1638,2506,2173,713,2378,257,2401,551,372,185,2454,3325,394,2094,984,2175,2169
48245001303,2019,3316,1317,1355,249,311,363,60,765,107,660,223,423,84,1062,1289,48,540,493,646,912
48245001900,2019,3019,309,1275,1254,181,791,234,151,68,125,97,681,185,402,1115,145,1013,394,1039,332
48245007001,2019,7088,1765,3451,1009,695,808,109,645,79,535,278,2839,486,809,3660,2830,2158,2225,1743,1588
48245011101,2019,4696,3476,313,609,59,277,38,896,33,1091,321,432,135,1288,1937,303,1579,826,1209,1025
48245011202,2019,3130,1109,1027,985,0,108,11,30,0,0,0,0,0,0,0,0,0,0,19,213
48245011500,2019,2352,2012,78,208,0,75,9,419,53,347,140,43,127,850,1062,10,495,334,445,644
48245010100,2019,3192,359,255,2471,107,1663,375,78,82,83,158,1245,265,576,1132,98,1018,353,1034,388
48245001700,2019,1680,194,1260,226,0,95,0,68,52,105,51,460,205,422,833,70,398,281,205,540
48245005100,2019,987,26,944,0,0,0,0,183,14,102,21,272,183,325,628,58,456,166,159,320
48245006100,2019,1241,66,1131,37,0,22,7,37,36,58,0,617,279,290,788,99,406,266,219,378
48177000300,2019,3359,1115,482,1718,44,241,29,345,41,268,127,632,180,638,1460,298,1182,654,1193,615
48177000400,2019,2328,746,160,1366,0,192,41,137,56,188,179,300,65,393,838,155,637,447,576,425
48167724101,2019,1023,705,148,127,0,70,19,264,16,159,27,139,779,271,1364,1100,981,329,80,523
48177000500,2019,3874,1136,80,2653,5,814,146,190,51,303,493,491,292,856,1596,103,1149,568,1074,691
48177000600,2019,2607,1506,63,1019,0,178,10,309,28,292,83,358,298,757,1199,4,699,313,726,621
48181000303,2019,4835,4413,0,214,43,68,7,862,108,584,202,627,1053,1722,3214,117,1919,823,774,1621
48181000304,2019,3077,2681,0,199,106,69,11,449,105,460,136,364,791,1201,2233,9,1210,669,475,1244
48181002000,2019,3268,931,681,1450,22,688,69,36,100,136,183,727,358,444,1289,354,1060,468,903,410
48183000401,2019,3461,2107,711,316,184,177,129,427,131,531,143,644,253,520,1865,1054,1082,1135,661,477
48183000402,2019,3428,2278,758,279,27,163,0,739,35,584,107,516,266,602,1881,1155,1654,1070,611,996
48183980000,2019,15,9,0,6,0,0,0,0,0,5,0,0,0,4,9,5,9,5,6,4
48185180400,2019,2292,845,726,647,27,117,25,93,0,40,9,106,0,15,60,27,60,40,46,144
48187210505,2019,5437,899,68,4428,22,757,0,324,37,491,309,831,59,1205,1630,54,764,671,1296,642
48187210607,2019,9147,6316,141,2372,65,669,79,2538,100,2032,467,276,141,2710,3229,36,342,1772,2692,1527
48187210608,2019,4488,2211,65,2179,0,837,23,405,84,454,305,480,150,1253,1643,0,771,603,935,913
48187210506,2019,3246,1660,65,1495,0,24,0,402,0,390,198,279,175,951,1246,8,554,375,822,767
48187210507,2019,7563,4959,0,2584,0,510,32,1320,145,1319,187,594,193,1919,2514,34,653,1425,2159,1161
48187210508,2019,3358,1427,75,1797,40,249,12,393,67,443,283,383,57,833,1169,53,435,575,990,521
48187210707,2019,5548,2556,870,1513,250,417,89,1482,170,1241,103,597,0,1304,2156,612,161,1482,1484,795
48187210708,2019,6227,3519,598,1487,331,535,102,1721,192,1426,180,298,50,1623,2006,9,244,825,1513,952
48187210709,2019,5019,2966,364,1418,75,267,78,1464,55,1313,111,228,24,1485,1660,0,445,713,1299,886
48187210710,2019,4207,2373,311,1274,122,326,58,1334,62,978,108,60,12,1261,1457,0,380,620,1018,918
48187210711,2019,3563,1937,412,942,139,190,50,1218,78,953,88,96,0,1026,1144,0,75,428,986,632
48187210712,2019,5043,3024,670,1044,91,317,37,1697,74,1105,95,82,25,1395,1591,0,55,623,1252,983
48187210713,2019,7852,3249,1199,2679,287,637,62,2007,154,1585,199,362,92,1791,2532,8,104,1715,2692,697
48187210714,2019,10006,4515,1529,3628,107,828,234,2266,127,1959,207,639,165,2505,3320,223,564,2163,2777,1278
48187210803,2019,4009,2778,303,846,0,224,25,863,35,580,213,392,89,1357,1586,13,635,718,988,1083
48187210804,2019,4672,3400,0,1234,0,215,18,456,132,575,149,407,32,1506,1636,10,721,583,984,1234
48201212500,2019,4005,177,2099,1693,0,904,162,374,246,284,119,1365,235,734,1583,207,1507,527,1173,1032
48085030528,2019,8692,6558,527,861,597,903,294,3531,219,2674,388,101,68,2235,3356,967,220,2133,2401,1417
48085030529,2019,3413,2326,394,474,137,235,118,1236,26,886,89,102,49,714,1274,304,49,769,837,723
48085030530,2019,6092,5034,67,419,468,562,258,2190,60,1775,170,244,82,1861,2431,364,351,1195,1434,1543
48085030531,2019,7166,5996,377,393,227,410,64,2761,141,2061,300,206,140,2103,2694,480,121,1504,2120,1215
48085030603,2019,9500,5362,1484,1825,478,1780,598,2413,68,2616,571,701,267,2276,3500,598,902,1987,2597,1576
48085030604,2019,3214,1694,598,725,45,415,91,628,64,602,112,20,16,594,730,0,59,356,907,334
48085030605,2019,7602,3945,1422,1851,41,1212,346,1267,99,1478,272,971,124,1292,2422,483,467,1325,2146,831
48201510600,2019,7004,4254,564,1351,618,1245,365,4405,61,4372,678,238,466,2075,4072,1432,340,2934,586,457
48201510800,2019,8400,5716,459,1506,275,1354,382,5546,70,4958,744,390,589,2818,4855,1672,1511,2947,660,1920
48113016620,2019,5905,870,3851,1052,0,433,58,1305,125,1205,183,963,93,1631,2073,39,1382,733,1586,1398
48113016705,2019,7526,412,5548,1423,30,339,49,763,198,796,211,1570,167,1263,2769,1044,1644,1492,2441,901
48201554802,2019,21422,13214,2073,3595,2282,3555,748,7280,630,4790,1007,559,305,6438,7582,378,317,4761,5893,4122
48201554901,2019,10446,4644,1135,3879,581,2406,303,1705,246,1938,564,1212,223,2448,3450,142,731,1659,2626,1668
48201554902,2019,9646,6075,779,1933,602,1595,554,3195,185,2642,342,206,36,2715,3171,224,974,2097,2805,1747
48339690800,2019,4329,3248,246,558,243,620,295,1898,121,1102,158,145,102,1182,1641,300,30,708,1219,918
48339692300,2019,20762,11168,661,8054,641,2974,495,4057,378,4115,874,1386,514,4887,7471,1435,1626,4757,4645,3704
48339692400,2019,10506,6577,508,2348,496,1193,590,1787,110,1993,417,475,754,2065,5096,2190,970,3290,2597,1752
48339693200,2019,8319,6153,209,1207,611,1308,410,1966,105,1762,331,367,230,2496,3014,0,1244,1329,2040,2227
48339693300,2019,8475,6068,469,1556,245,823,280,1947,93,1843,362,788,322,1668,3632,1588,1446,2298,2208,1403
48215020802,2019,6962,996,0,5885,81,1404,229,1535,80,1437,135,1824,387,1363,2961,1262,2470,1368,1805,1365
48215022502,2019,5701,77,0,5491,78,1107,97,499,127,529,150,1802,286,1100,1933,438,976,727,1964,914
48423000202,2019,2021,120,1063,815,9,298,43,140,168,198,115,782,174,225,746,81,665,345,581,327
48423000700,2019,3774,838,2533,395,0,132,8,259,97,175,113,1220,423,516,1866,836,1070,957,865,1315
48423001000,2019,5519,3556,818,898,175,426,27,1225,206,887,46,945,215,1265,2091,133,1584,922,1398,1270
48423002200,2019,6243,4755,387,916,97,215,15,1367,75,1390,259,703,208,1758,2322,64,958,837,1768,1290
48423001500,2019,5710,4627,666,324,0,65,10,610,182,635,183,1060,286,1619,2321,35,1278,768,1446,1564
48423001601,2019,8630,3748,1423,3411,17,1221,178,599,357,445,226,2113,511,1555,2587,90,1903,804,2557,1243
48423001901,2019,6164,4362,1083,499,63,321,117,1469,180,1728,155,1135,459,811,3213,2083,1867,2116,852,1245
48423000800,2019,6194,3748,1073,1305,0,301,68,1055,164,892,142,1205,409,965,2637,832,2510,1391,1449,1158
48423001200,2019,3686,2416,592,671,0,180,0,647,65,549,114,514,196,907,1550,294,1317,602,960,736
48423000900,2019,5166,1794,1546,1731,32,636,148,285,132,386,158,732,191,565,1419,332,1261,706,998,967
48423001801,2019,7269,3538,2656,722,124,373,105,664,194,952,231,884,444,1790,2475,58,1293,767,1501,1663
48423002006,2019,3946,2943,668,116,139,102,23,1241,82,1071,172,248,130,1020,1388,32,1180,485,1049,958
48423000100,2019,5914,780,1785,3295,5,1313,47,301,265,450,244,1003,249,1276,2100,132,2022,703,1815,910
48423000201,2019,4467,254,3151,1036,0,488,15,304,113,209,206,1598,183,654,1421,308,1198,574,1091,702
48423001300,2019,2302,1255,388,435,74,231,76,377,18,404,159,474,114,493,924,155,829,408,499,467
48423001802,2019,8746,6011,523,1937,143,423,214,1106,257,1575,338,1303,659,1701,3658,837,1898,1786,2289,1842
48423002004,2019,2766,2220,149,344,34,191,112,832,49,550,39,315,7,578,1218,512,902,861,459,818
48423000300,2019,5494,550,975,3943,0,1523,277,111,52,264,207,1571,403,886,2108,370,1632,955,1912,642
48423000600,2019,2373,395,246,1614,0,867,7,73,40,75,43,320,135,407,728,61,600,246,625,285
48423001700,2019,9264,2874,1145,5063,163,2027,171,651,252,969,238,1808,494,1933,3187,55,1998,1204,2579,1632
48201454600,2019,5031,3029,308,1328,278,1071,521,1731,0,1329,162,170,149,660,2353,1592,802,1651,1142,1088
48423002007,2019,8647,5694,1185,886,802,976,321,2072,197,1495,340,912,274,1758,3258,702,1219,1784,2561,1536
48423002008,2019,7200,4632,1592,328,422,437,53,1926,164,1721,161,613,56,1712,2599,559,1292,1332,1835,1978
48423000400,2019,2436,266,955,1180,23,452,21,147,120,149,126,580,130,436,903,185,822,408,764,436
48423000500,2019,2971,901,956,999,0,461,64,203,191,197,63,790,264,147,952,544,893,487,536,269
48423001401,2019,8921,7964,432,410,80,289,58,1900,147,1263,105,831,774,2973,4092,106,2296,1357,1715,3260
48423001602,2019,4152,2229,1170,448,218,278,29,1167,8,888,148,586,573,988,2216,672,1065,1014,704,1129
48423001803,2019,4445,3429,486,238,231,216,43,1440,63,1037,223,588,347,1119,2076,616,755,1050,698,1096
48423002003,2019,4327,2172,1352,487,117,352,97,554,62,567,129,819,372,217,2072,1616,1773,1393,968,338
48423001102,2019,2716,2174,104,355,6,63,0,844,81,523,29,334,133,774,1045,82,1008,401,671,742
48423002009,2019,8162,6101,435,1217,60,471,17,1681,309,1636,398,1310,115,1967,2929,151,1481,1523,2239,1206
48201322000,2019,4912,409,193,4186,0,1932,552,104,281,209,186,1455,375,56,1855,1779,1652,1215,1650,269
48201313900,2019,4623,1543,1399,563,963,1574,928,2083,73,2025,67,981,713,381,3240,2751,1458,2223,297,339
48113010903,2019,3431,120,1876,1288,2,680,274,156,203,240,132,940,279,372,1766,1264,1107,1101,1056,302
48113012603,2019,2154,707,36,1365,38,501,14,285,40,251,165,233,43,563,697,0,684,119,553,373
48113012604,2019,7112,1665,2301,2918,194,2161,957,805,69,734,313,1958,233,404,2922,2359,2605,2210,2013,773
48113013010,2019,4607,843,1137,2525,80,1987,1032,620,130,500,279,712,198,177,2211,1984,2057,1746,1206,300
48113013011,2019,4812,621,1227,2782,98,1835,565,464,163,327,246,999,421,89,2248,2099,2158,1579,1572,305
48113013104,2019,908,771,70,61,6,50,18,550,0,387,36,26,62,278,647,518,591,461,69,345
48113013105,2019,6659,3163,1787,1278,340,1690,515,2205,145,1962,315,752,285,640,4144,3755,3682,3198,657,883
48113013620,2019,5474,2543,1476,646,488,1284,496,2874,50,2046,223,244,412,578,3835,3721,1901,2846,434,1458
48113013621,2019,4396,1429,887,1746,164,1308,263,1225,171,1148,82,148,332,177,2450,2237,2201,1742,692,758
48113013622,2019,2724,1286,445,791,88,697,300,989,68,791,121,256,258,371,1827,1550,1084,1269,267,555
48113013623,2019,7126,1451,1192,3922,413,2488,1096,1561,160,1244,319,1446,473,467,3843,3599,3374,2813,1800,562
48113007913,2019,2967,1994,418,320,119,343,168,1731,46,1273,106,247,196,732,2003,1815,1103,1339,315,687
48113010904,2019,3663,54,2441,964,10,390,77,253,103,276,84,1345,146,51,1935,1852,1401,1445,1000,308
48113013624,2019,4317,1499,578,1009,982,1669,726,2035,115,1661,190,166,263,279,2537,2385,955,1927,787,348
48113013626,2019,3231,547,669,1526,233,952,266,1123,84,1071,59,307,308,38,1795,1740,509,1354,592,127
48113013726,2019,2734,1075,144,974,373,736,174,1203,95,828,119,521,129,636,1433,703,597,951,599,557
48113013727,2019,3278,1550,674,666,269,589,212,1247,118,1103,150,153,272,501,1915,1291,1038,1187,578,566
48113013805,2019,3597,1238,627,1177,346,1040,461,1368,115,1360,149,363,341,5,2331,2294,904,1854,451,227
48113013625,2019,3426,456,1107,1567,145,1447,578,691,161,565,193,596,268,0,1610,1528,1297,1276,965,89
48113013806,2019,3895,1583,476,822,708,926,581,2169,97,2188,208,207,483,142,2721,2533,159,2066,383,418
48113014130,2019,4354,1228,459,467,1978,1768,427,2080,76,1594,155,282,255,811,2042,1008,149,1224,985,589
48113014127,2019,10395,1678,1358,573,6377,5067,1842,5803,275,4357,370,573,139,1498,4374,2678,755,3168,2882,274
48113014128,2019,3866,1221,212,272,1891,1811,869,1826,133,1449,111,170,30,846,1554,630,1125,1037,955,464
48085031661,2019,3435,1208,238,211,1664,1475,328,1682,49,1238,223,182,28,941,1162,54,50,685,1029,301
48085031663,2019,3608,1743,212,280,1354,1220,107,1695,61,1199,198,169,53,876,1363,252,187,689,984,333
48085031664,2019,3821,2149,236,265,1106,1552,225,2124,127,1318,75,215,18,1269,1302,0,307,393,838,780
48085031657,2019,3084,1447,552,341,605,865,626,1574,116,1305,147,221,218,131,1908,1690,189,1637,411,105
48113010805,2019,6392,280,1699,4310,60,1892,215,435,266,450,238,1120,58,841,1862,826,876,1056,2085,725
48085031662,2019,4818,2037,235,437,1778,1786,365,2296,69,1668,279,51,10,1183,1553,19,77,718,1346,598
48085031711,2019,3311,2066,581,360,218,370,52,1443,86,1001,122,179,122,842,1681,719,938,845,641,805
48085031712,2019,5112,2087,1467,918,290,933,238,2567,62,1673,147,303,463,904,3300,2229,1320,2172,842,610
48085031713,2019,4521,1322,1292,1012,255,1367,692,1410,92,1540,235,566,349,305,2787,2528,1262,2235,758,190
48085031714,2019,6725,1532,2256,2460,299,2294,1264,2073,157,1670,185,825,497,205,3905,3601,2354,3103,1420,451
48201421202,2019,5450,151,319,4953,27,3564,1508,313,110,112,78,2472,244,0,1853,1840,1822,1487,1941,170
48201421401,2019,3969,400,706,2458,168,2396,1297,246,77,117,142,1748,134,32,1481,1360,1415,1091,1578,122
48201421402,2019,3825,125,203,3422,75,2502,994,119,34,84,54,1792,204,0,1454,1376,1218,941,1284,175
48201421403,2019,4521,145,458,3828,90,2887,1165,298,70,247,71,1706,165,210,1552,1312,1463,1047,1416,423
48201422301,2019,6886,446,3550,1923,967,2541,1062,684,114,661,238,1953,292,682,3011,2158,2912,1648,1373,1061
48201422302,2019,1741,437,816,431,23,249,28,506,49,439,67,181,175,504,996,230,950,395,265,349
48201422401,2019,3686,354,1692,1058,406,1359,322,427,28,406,92,1378,119,300,2016,1553,1960,1328,765,1045
48201422402,2019,6395,1162,591,4456,166,2892,944,1095,97,869,178,1148,129,842,2186,1202,2112,1321,1851,709
48201422701,2019,5917,541,127,5029,208,2714,539,598,99,453,236,1084,158,791,1746,498,1732,766,1819,717
48201422702,2019,3332,923,5,2160,226,1202,124,458,142,577,59,497,51,794,1145,8,1077,372,702,716
48141010312,2019,3749,733,28,2924,53,696,108,760,85,682,81,417,62,1094,1385,65,1347,419,858,934
48141003803,2019,3068,186,0,2882,0,891,48,231,84,254,84,560,60,630,1040,228,849,287,650,936
48141001600,2019,4013,308,251,3381,4,1489,272,857,54,874,104,1143,286,376,2235,1521,2173,1171,344,1106
48201520601,2019,2726,341,120,2062,198,1208,278,205,78,196,106,1135,51,218,858,584,813,518,824,325
48201520602,2019,5681,937,268,4404,48,2514,537,358,192,455,232,1424,214,839,2123,1232,1968,1117,1800,742
48201522201,2019,3960,1069,164,2589,96,1231,216,525,113,489,150,892,171,609,1434,575,1327,688,1263,682
48201522202,2019,4449,880,162,3178,229,1652,526,464,239,478,209,1527,112,470,1390,806,1273,813,1480,436
48201522301,2019,3979,988,145,2678,168,1679,264,714,125,493,205,665,98,426,1658,1119,1514,1075,904,759
48201522302,2019,3675,681,9,2697,165,1767,673,749,158,778,102,801,155,283,1536,1129,447,1066,843,284
48033950100,2019,613,514,0,84,0,19,0,165,6,104,6,16,178,172,405,11,317,81,179,215
48219950300,2019,4406,2005,98,2205,32,528,2,389,158,614,127,810,193,1178,1861,133,1364,854,1100,1008
48219950200,2019,4459,2731,66,1601,0,165,9,429,131,616,77,612,275,1118,1672,82,1091,570,1221,776
48219950700,2019,1423,705,10,665,17,94,3,147,40,204,23,167,104,373,604,51,440,212,373,288
48219950500,2019,5219,2622,366,2068,48,524,135,768,242,764,135,576,169,1285,1988,399,1521,888,1136,1110
48219950600,2019,1474,992,2,435,5,59,7,251,23,276,9,215,77,425,608,1,405,172,376,316
48219950400,2019,4688,1085,145,3434,0,521,138,175,175,287,91,985,436,912,2027,190,1804,773,1450,859
48219950100,2019,1395,684,51,615,0,49,12,118,57,127,23,297,133,349,624,30,527,227,374,330
48315950300,2019,2789,2411,189,80,41,21,12,329,163,249,131,572,684,1109,2053,63,1120,603,538,1071
48315950400,2019,2597,1220,1104,189,32,145,8,322,50,257,176,509,137,633,1272,217,950,608,616,701
48315950100,2019,1990,1396,544,37,0,37,0,196,97,222,76,281,538,825,1443,7,839,216,331,671
48315950200,2019,2641,2070,457,109,0,11,0,268,92,228,136,539,339,1078,1645,10,1361,443,311,1003
48027021203,2019,4556,3225,351,861,15,94,0,1290,119,815,146,515,196,1282,2195,569,1512,1227,815,1194
48027021301,2019,5143,3305,497,1124,43,399,71,1115,120,949,193,151,141,1317,2209,416,1529,1221,1075,1552
48027021500,2019,7386,3262,1121,2708,9,1112,334,573,363,993,217,1109,100,1499,2341,364,1255,1246,2059,1126
48027022103,2019,5648,1405,2338,1577,192,360,160,457,479,572,6,944,147,908,1987,102,891,1141,1820,468
48027022200,2019,3604,1014,1513,799,148,274,139,291,65,316,97,605,198,235,1816,1285,1398,1376,942,301
48027022300,2019,3775,1509,1190,719,94,213,110,311,248,363,15,1180,449,514,2130,835,1333,1323,971,619
48027022801,2019,2424,634,820,706,223,425,273,92,73,208,36,625,631,107,1731,1092,1639,892,691,244
48027023104,2019,3181,645,1210,1043,43,269,258,176,140,251,42,720,157,548,1487,429,1413,866,934,539
48027020702,2019,1728,652,334,721,0,291,80,71,26,57,29,655,104,184,692,117,585,371,415,338
48027021000,2019,4237,1754,698,1636,31,724,349,349,259,319,145,848,270,468,1941,924,1597,1196,1057,566
48027021400,2019,4350,3172,87,967,67,172,14,608,130,711,197,440,109,1156,1572,43,933,554,1238,934
48027020100,2019,7644,6396,26,1163,0,115,66,958,115,1355,356,570,294,1957,2739,113,1478,1158,2177,1745
48027020600,2019,2650,1548,153,806,122,167,101,528,55,412,136,662,83,655,1047,122,956,476,683,575
48027021100,2019,5747,2641,1107,1669,135,261,36,816,49,892,214,1368,439,909,2549,874,1845,1284,1301,1291
48027021201,2019,3344,1648,540,1039,50,171,44,815,47,799,250,305,354,395,1961,1376,708,1322,631,634
48027022401,2019,5866,1311,2350,1688,94,554,566,634,246,720,39,1072,139,910,2299,755,1336,1415,1842,756
48027022402,2019,7930,2320,2826,1964,274,811,261,1735,177,1338,120,774,218,1638,2519,0,39,1585,2648,585
48201411400,2019,2810,2572,17,201,12,196,5,1619,28,830,103,30,188,1023,1365,348,867,463,551,1110
48201420500,2019,3926,352,529,2945,42,1417,342,288,132,236,67,1196,251,114,1433,1192,1242,990,1433,363
48201220400,2019,4253,211,245,3761,0,1667,164,125,144,207,153,1714,217,614,1484,126,1395,505,1084,662
48201332900,2019,5422,244,243,4878,36,1974,116,162,103,396,240,1639,157,596,1574,692,1395,848,2024,511
48201410300,2019,3030,2071,104,499,280,643,256,2018,59,1436,225,206,151,890,1973,1478,641,1289,151,792
48201430400,2019,3398,2611,21,301,369,751,131,2051,24,1048,102,138,72,1195,1279,7,736,299,721,1229
48201433400,2019,4295,484,671,2700,376,2114,567,486,164,312,106,1288,267,424,1940,1383,1861,1182,1018,494
48201452300,2019,2467,178,340,1086,862,1494,423,381,48,231,133,225,16,530,754,64,715,227,487,565
48201241300,2019,12064,5736,2354,2784,814,1598,328,2988,247,3170,493,804,288,3314,4346,357,1083,1889,3007,2221
48201253000,2019,4466,1207,1343,1867,0,876,165,259,149,402,354,1066,121,915,1637,203,777,771,1366,692
48251130302,2019,5515,3354,508,1509,51,412,59,382,128,575,284,1067,220,791,2219,980,1240,1367,1453,1226
48251130407,2019,9351,3607,856,4715,106,1054,120,964,143,1200,679,1172,293,2404,3202,12,1282,1371,2788,1368
48013960401,2019,2450,667,0,1722,0,226,0,155,128,206,131,345,121,591,898,22,435,322,765,452
48013960202,2019,11041,2510,38,8386,0,1301,17,661,323,975,496,1745,533,2675,3774,9,1718,1358,3269,2103
48083950300,2019,4542,3163,74,1081,0,276,0,310,75,633,190,614,909,1231,2767,157,2518,876,1103,1305
48083950700,2019,2509,2130,60,228,42,117,0,395,30,313,160,356,703,824,1735,67,1233,355,487,816
48083950600,2019,1283,1110,0,151,0,71,0,265,19,195,9,165,514,498,1047,10,754,153,195,531
48353950500,2019,2707,1769,9,920,0,179,113,463,101,324,116,301,346,913,1417,37,1121,429,610,792
48353950200,2019,4298,2667,193,1383,0,164,38,508,123,741,168,321,298,1044,1843,329,1690,740,1187,947
48353950100,2019,1824,1712,11,93,0,10,0,356,79,238,98,269,254,609,968,132,777,252,379,535
48353950300,2019,2002,707,94,1162,0,86,41,98,16,140,151,648,308,394,1006,211,972,352,661,417
48353950400,2019,4073,1421,522,2058,43,327,147,18,141,227,231,820,463,675,1842,267,1722,673,1035,812
48475950100,2019,4363,2076,86,2113,0,305,47,272,94,381,64,436,463,1238,2030,71,1522,584,1163,1053
48475950200,2019,4293,1717,253,2201,111,334,46,497,83,609,27,444,159,985,1528,206,1261,628,1320,749
48475950300,2019,3002,870,130,1942,0,404,112,149,137,374,31,566,230,623,1272,207,949,490,739,480
48259970100,2019,7749,4611,4,2751,115,1015,163,1274,319,1113,791,767,920,1754,3071,88,1600,762,1549,1949
48259970500,2019,7749,4943,41,2638,39,659,198,1659,63,1381,67,556,143,1226,2715,693,1509,1512,1837,1930
48035950600,2019,1789,1708,0,81,0,51,18,236,26,194,74,385,505,561,1233,51,870,393,347,717
48035950300,2019,1353,1187,0,159,2,81,0,174,31,153,41,142,450,571,1116,0,633,295,158,631
48035950100,2019,4326,2994,16,1231,0,352,36,468,38,427,208,869,622,1322,2252,18,1329,620,1056,1172
48035950500,2019,3100,2297,90,670,43,318,52,468,110,379,188,628,262,714,1414,244,1208,545,592,1032
48035950700,2019,2465,1763,62,558,0,174,21,304,54,295,119,151,247,750,1195,0,671,435,618,667
48035950400,2019,3677,3184,70,282,25,115,30,821,66,650,158,278,365,1335,1884,10,986,540,662,1226
48035950200,2019,1586,1106,57,375,30,86,8,124,14,205,53,370,105,326,673,109,594,329,467,314
48153950500,2019,2394,983,29,1317,3,230,0,301,50,298,32,258,260,675,1183,81,1114,406,563,610
48153950600,2019,3409,1153,138,2088,7,271,26,299,81,385,49,589,441,1025,1789,148,1552,569,993,833
48029160600,2019,5287,92,0,5087,83,965,133,78,137,120,150,2053,99,776,1506,260,1358,602,1649,825
48029141900,2019,4510,2622,77,1648,43,133,85,615,179,577,154,257,182,1312,1687,0,953,478,844,1165
48201452202,2019,3781,504,2135,814,312,1037,393,983,222,612,114,918,279,204,2004,1827,870,1563,942,437
48201452801,2019,5817,383,1942,1557,1903,2821,652,632,187,726,280,1361,175,1110,2075,381,1405,982,1672,967
48201452802,2019,7237,248,1439,3694,1804,4166,1349,832,110,771,288,1754,159,732,2033,937,1393,1218,2180,894
48201453401,2019,3143,386,623,1757,326,1073,159,293,149,288,122,578,95,478,1113,451,1061,552,829,512
48201453402,2019,7644,620,1908,3613,1307,3829,890,791,199,696,329,1376,201,1130,2914,1539,2326,1741,1809,1012
48201453403,2019,4589,228,1647,1998,664,2637,1059,470,184,394,216,1534,74,312,1758,1337,1380,1217,1295,649
48201453501,2019,6824,485,1522,3202,1518,3013,868,921,166,795,268,871,168,1053,2292,862,2177,1041,1729,1054
48201453502,2019,3768,336,887,2269,246,1078,128,288,110,453,108,799,69,572,1157,202,1048,625,1302,477
48201453601,2019,2308,122,604,1243,339,1081,388,108,50,264,37,599,102,277,773,337,736,386,640,311
48201453602,2019,8321,781,1811,4590,1139,3777,648,444,365,703,195,1608,15,1155,2514,941,1901,1312,2090,1440
48201454301,2019,11974,1301,6041,2907,1466,4698,1746,2251,266,2288,288,1711,637,1372,4981,3166,1804,3389,3121,1903
48201454302,2019,6375,1391,1421,2739,782,2583,345,1099,150,1117,144,734,78,1650,2361,354,1314,573,1015,1892
48201454501,2019,9778,6114,260,953,2244,3628,1231,4951,161,3020,562,188,287,2761,3469,299,303,1477,2659,2171
48201454502,2019,2540,1468,159,209,666,1114,302,1245,66,769,117,171,7,720,812,0,85,363,776,396
48201455101,2019,7134,3726,479,2310,273,1796,903,1735,359,1428,260,349,178,1753,2598,344,2024,959,1794,1313
48201455102,2019,2920,1660,103,572,433,551,132,1024,60,866,122,45,62,849,1083,0,320,449,598,623
48201511001,2019,3108,2159,92,627,188,361,94,1461,54,1331,137,260,93,819,1459,497,1072,879,654,664
48201511002,2019,4400,2603,273,1161,228,467,157,1823,35,1473,201,154,151,839,2376,1370,2111,1459,621,769
48201511301,2019,4124,3009,274,736,97,454,209,1990,146,1597,291,283,368,1250,2273,615,1524,1188,831,582
48213950500,2019,2577,2208,92,233,25,137,4,191,39,221,47,566,227,737,1228,95,697,470,647,723
48213950700,2019,4438,3606,0,813,19,238,3,313,113,394,141,569,562,1354,2224,111,1042,662,965,1408
48029121116,2019,5399,2471,308,2471,85,447,241,1673,146,1137,208,580,156,1195,2368,784,1913,1406,1208,1082
48029121118,2019,6263,3557,773,1824,83,696,255,2012,73,1611,216,413,14,1250,2463,1150,1164,1531,1037,1110
48029121203,2019,4727,1101,166,3321,94,656,349,111,60,350,164,729,80,700,1699,291,1314,873,1013,868
48029121205,2019,4627,1535,459,2481,118,662,212,335,55,345,37,1319,89,477,1545,749,1312,1023,1498,464
48029121206,2019,8742,3233,1021,4183,194,551,84,950,110,914,101,1093,113,1718,2744,233,2501,1139,2307,2302
48029121402,2019,7500,1149,1315,4532,440,2146,776,1027,133,675,168,696,180,1569,2270,0,957,1211,1779,1234
48029121803,2019,4994,1951,561,2354,67,330,85,707,107,778,61,443,32,1266,1721,124,1445,678,1286,1005
48029121804,2019,7217,2922,543,3586,92,298,46,1033,161,868,101,2078,205,1018,2663,1099,1908,1308,2395,949
48029130800,2019,6068,325,2818,2582,0,493,136,623,253,528,46,2292,192,654,2069,882,1192,1139,1920,821
48029131100,2019,2651,134,976,1522,0,220,27,172,47,209,143,624,156,415,902,72,822,299,714,397
48029120300,2019,8374,6169,125,1585,21,528,163,4237,44,3157,119,368,562,2208,3726,1135,3156,1681,2072,1944
48029120501,2019,9985,2550,1072,5891,333,1635,123,868,285,812,220,1663,279,1520,3510,1401,3128,1971,2775,1437
48029121115,2019,5755,3709,213,1704,53,519,159,1973,34,1502,129,807,16,1688,2249,360,1630,947,972,1694
48029121117,2019,4623,2257,167,1885,160,343,140,1390,61,1261,91,352,96,1018,2026,906,1075,1091,889,1061
48029130200,2019,1623,89,275,1179,12,283,5,159,30,172,59,340,120,329,659,55,575,222,379,253
48029141000,2019,3531,277,382,2864,0,408,13,169,40,187,29,1032,68,471,1381,647,1224,862,934,495
48029151600,2019,8616,1019,1,7481,74,934,53,343,248,583,204,1942,147,1459,2660,624,2205,1208,2441,1675
48029151700,2019,7506,1306,0,6181,0,897,290,462,219,872,255,1466,124,1549,2179,218,1801,588,1945,1368
48029160701,2019,3831,153,0,3678,0,570,17,55,88,218,109,954,20,772,1059,29,881,211,1089,738
48029171801,2019,6037,617,94,5185,73,1052,65,281,283,298,149,905,243,1056,1993,428,1634,766,1656,1005
48029180201,2019,5372,574,70,4666,5,1219,368,313,55,380,116,1357,188,680,2048,1019,1867,1122,1090,1204
48029181200,2019,5335,2530,113,2392,260,657,64,1902,77,946,54,544,135,1666,2168,322,2086,806,850,1505
48029181301,2019,4536,1333,177,2630,282,675,53,1513,137,1333,272,717,361,548,2226,1576,1549,1446,1068,685
48029181402,2019,2728,954,180,1150,393,815,376,923,37,730,0,659,260,133,1466,1436,1058,1109,329,471
48139060211,2019,3260,2787,204,201,60,253,18,751,45,683,201,151,142,960,1175,0,392,468,789,657
48139060212,2019,5943,4240,234,1360,40,488,68,1312,75,1453,396,145,93,1432,2142,527,336,1406,1612,756
48139060213,2019,7450,4858,333,2117,2,404,15,1008,142,1525,544,561,203,2194,2750,83,936,1102,1861,1471
48139060214,2019,10199,7643,377,1789,157,524,144,2506,89,2455,402,142,160,3041,3439,17,349,2030,2872,1340
48139060701,2019,2281,1166,139,727,31,290,31,274,13,340,144,240,35,497,707,6,148,391,829,204
48139060702,2019,5007,3648,398,809,38,198,47,918,103,971,335,478,77,1287,1775,181,923,944,1207,996
48451000900,2019,2149,690,28,1405,0,189,0,224,0,240,131,262,267,578,1247,423,1192,400,306,842
48139060703,2019,2197,1557,169,376,22,139,24,358,37,264,78,89,44,382,851,357,389,569,514,394
48139060801,2019,8010,6393,352,667,60,103,0,2207,179,2135,447,344,11,2279,2663,321,482,1345,2162,1820
48139060802,2019,7778,6207,295,844,140,374,68,1611,123,1784,267,375,53,2143,2601,186,778,1413,2154,1133
48139060803,2019,1337,722,16,439,38,109,0,113,36,131,88,62,39,342,501,3,292,191,260,263
48141001115,2019,4129,328,129,3535,81,1376,450,668,71,525,82,2128,215,184,1860,1572,1069,1177,1224,413
48141000207,2019,4750,640,162,3726,113,1046,185,214,189,344,97,1155,255,918,1740,290,956,699,1437,759
48141000208,2019,4253,605,402,3177,58,721,95,334,126,322,193,905,76,973,1519,19,937,802,1298,570
48141001114,2019,5158,1034,137,3828,91,954,206,1338,147,845,140,1324,360,545,2457,1721,1548,1442,1412,858
48029131506,2019,3859,566,910,2101,79,680,144,431,43,361,110,397,117,839,1240,91,302,688,1137,463
48029131507,2019,6326,1202,961,4035,39,940,82,405,164,591,217,1346,239,1156,1989,9,1806,821,1976,808
48029131608,2019,5928,1201,1976,2322,127,455,85,1210,94,1100,138,676,92,975,1950,722,612,1223,2004,660
48029131609,2019,6725,1705,1279,2995,412,770,98,1066,130,1025,250,626,176,1625,2190,107,920,1027,1868,1150
48029131610,2019,5029,960,1439,2189,108,336,195,747,50,813,144,489,70,844,1451,22,193,697,1754,445
48029131611,2019,873,268,164,302,124,188,54,205,44,162,15,90,0,310,327,0,215,144,181,205
48121021753,2019,6710,4889,241,424,927,1073,220,3172,228,2354,283,230,137,1965,2486,270,515,1369,1818,898
48121021800,2019,3611,2614,200,221,532,833,300,1976,66,1144,208,369,90,1038,1640,468,124,991,744,866
48245011203,2019,2392,761,795,824,8,79,28,40,0,0,0,0,0,0,0,0,0,0,82,260
48245011302,2019,5132,1107,1925,1939,49,715,135,333,0,0,0,0,0,0,0,0,0,0,94,438
48245000900,2019,1935,180,1493,262,0,135,20,47,28,136,36,847,210,297,852,348,415,407,567,346
48245002000,2019,2499,268,1009,1086,136,700,202,55,34,117,59,618,165,402,914,111,779,328,860,391
48245002200,2019,2935,238,2299,368,7,184,40,336,93,242,9,683,233,572,1461,488,993,572,902,780
48245010300,2019,2902,361,561,1679,301,737,67,231,21,213,100,454,297,659,1163,17,1046,353,876,400
48245005400,2019,1360,108,892,318,42,243,5,54,116,57,25,338,229,380,724,41,494,275,321,308
48245010500,2019,4163,1709,654,1538,154,628,215,242,289,354,297,1000,170,1023,1678,200,1558,685,1250,737
48245006400,2019,1860,92,859,890,0,452,76,116,44,88,70,821,178,532,817,52,621,302,493,347
48271950100,2019,3659,1485,5,2169,0,594,234,359,34,329,0,667,658,1024,1995,264,1326,570,470,1116
48359950100,2019,2094,1615,64,319,39,81,25,278,13,312,111,152,163,466,757,68,640,250,704,420
48117950400,2019,5105,1083,48,3910,18,692,21,248,134,720,350,893,253,1240,2007,215,1859,783,1768,822
48117950500,2019,3937,512,17,3372,28,923,192,133,19,161,302,900,220,525,1453,417,1227,721,1343,511
48117950300,2019,5777,1339,49,4223,85,931,135,561,168,566,882,519,90,1282,2032,322,1781,959,1701,987
48167720700,2019,11993,6527,1046,3014,1264,1833,248,3866,324,3560,605,728,276,2633,4416,1550,1030,2506,3060,1599
48167723600,2019,4628,2977,592,1026,0,211,3,531,190,836,299,336,432,1470,2149,29,1298,743,1232,964
48029131612,2019,1940,364,505,1012,9,158,48,347,53,284,31,217,54,465,649,0,19,437,689,202
48029131613,2019,4066,1022,919,1796,157,635,267,651,86,718,151,126,76,1016,1401,17,379,606,1131,768
48179950400,2019,3839,3004,15,750,0,361,65,387,73,544,46,427,445,1161,2149,440,1864,849,868,1019
48179950500,2019,3199,1803,39,1294,0,447,26,254,8,314,101,684,212,759,1238,57,1156,552,1020,562
48179950100,2019,4906,3347,379,916,125,246,0,414,79,578,125,456,443,975,1711,185,1420,573,947,987
48179950300,2019,4345,3420,149,602,70,56,8,868,119,590,171,214,257,1401,1903,50,1823,671,1144,1159
48179950600,2019,2240,997,196,994,0,313,21,64,73,125,78,858,265,567,1073,33,894,402,729,361
48303001904,2019,1930,1582,0,251,62,86,0,603,14,453,23,135,5,541,710,134,538,323,339,608
48303002400,2019,6850,981,324,5481,11,618,71,159,97,381,273,2153,309,1129,2374,428,2074,1063,2407,923
48303010102,2019,2055,1035,2,1009,7,65,1,248,19,285,114,302,151,607,921,117,784,308,475,519
48029191411,2019,4576,1957,466,1828,283,627,303,1585,81,1228,23,498,215,790,2243,1514,1069,1478,966,837
48029191412,2019,2447,1680,0,516,132,331,62,1250,52,715,42,12,15,777,805,0,98,272,623,705
48029191413,2019,6536,3611,45,2554,135,789,352,2137,93,1856,107,446,289,1349,2786,1122,1157,1433,1608,1315
48029191503,2019,5474,2942,0,2281,165,639,16,2260,0,1610,85,200,125,1569,2303,528,1049,982,1300,1752
48029191504,2019,2583,1934,54,393,142,249,31,1457,33,860,33,70,84,931,1028,0,453,322,573,954
48029191505,2019,2492,1367,39,874,120,307,79,1125,33,664,56,59,64,800,903,6,644,343,575,934
48029191506,2019,6553,3240,165,2581,367,929,298,2802,172,1693,123,454,155,1392,2859,1336,1914,1922,1495,1732
48029191701,2019,1410,1027,6,333,15,77,11,676,7,455,28,65,36,498,548,49,450,169,312,490
48029191806,2019,8484,5029,110,2262,737,890,95,4032,151,2582,162,181,268,2423,3319,657,230,1849,2580,1538
48029191807,2019,7565,3616,541,2854,473,1079,405,3179,53,2618,451,807,538,1683,4168,2048,485,2847,1388,1468
48029191808,2019,4615,2117,342,1636,376,665,200,1624,39,1245,100,212,84,929,1580,604,43,1094,1480,533
48029191809,2019,6966,3680,257,2399,459,652,114,2538,147,1917,227,152,84,1883,2362,259,76,1601,2031,1228
48029191810,2019,4275,2333,183,1337,323,658,171,1551,73,1114,63,113,154,888,1588,557,12,908,1386,506
48029191811,2019,4451,2513,262,1267,332,416,46,1741,58,1083,107,142,0,1250,1440,0,18,879,1574,573
48029191702,2019,7619,5012,621,1790,95,588,69,2967,64,2355,127,389,151,1674,3161,1379,1625,1882,1717,2082
48245010600,2019,5645,3567,337,1547,72,521,135,393,121,700,373,472,301,1362,2265,151,1830,1023,1442,975
48029191812,2019,4203,2036,521,1176,369,544,135,1586,39,1016,126,191,8,1118,1250,33,31,659,1362,466
48029191813,2019,7314,3965,244,2517,493,917,111,2611,119,2067,247,463,164,1917,2532,376,353,1241,2166,1070
48029191814,2019,4183,2347,109,1483,106,385,21,1068,47,955,26,265,91,1188,1466,0,205,756,1243,736
48029191815,2019,4750,2014,159,1708,605,1241,718,1858,49,1185,72,249,144,1248,1876,378,202,1000,1386,643
48157672601,2019,10962,1287,2402,6357,674,4650,569,537,179,782,379,1851,166,2058,3213,29,2359,1216,2852,1257
48157672602,2019,7280,435,3893,1831,1121,3102,618,1123,318,1281,364,815,18,1443,1802,6,528,696,1732,971
48157672701,2019,12817,1315,3071,3760,4507,6617,1017,2437,277,1966,426,1699,346,2539,3785,0,638,1288,3975,1738
48157672702,2019,7929,2469,1907,2018,1022,2056,386,2012,309,1540,283,814,102,1509,2258,338,564,809,2333,975
48157673001,2019,7564,5383,473,838,808,1892,713,3418,211,2227,193,351,98,2176,2596,266,91,932,2067,1653
48157673002,2019,9393,4360,1369,2516,1101,3548,2019,3139,352,2481,297,1523,319,1541,3338,1499,60,2013,2659,1180
48157673003,2019,11883,6257,696,1525,3113,4140,1234,4944,139,3808,740,256,331,3270,4085,228,104,1859,4112,1044
48157673101,2019,72041,30315,5299,17523,15891,25706,10883,27163,1851,21870,4851,2450,1000,17542,21705,1409,569,16973,26019,6570
48157673102,2019,17783,7997,1387,3521,4587,6782,2970,7319,378,4978,757,1181,145,4505,6202,1023,167,3418,5067,3371
48157673901,2019,8960,3419,464,1400,3275,3111,599,4096,259,2945,286,96,48,2621,2800,0,369,713,2264,1986
48157673902,2019,12026,1922,351,496,9113,7042,1831,5625,105,4131,517,641,94,2628,3485,697,124,2136,3498,1562
48157674501,2019,13281,3697,3000,1852,4125,4021,1380,5053,241,4416,539,198,374,2987,4562,1193,264,3074,3865,1613
48157674502,2019,23361,10339,5832,5046,1451,2701,321,7789,524,6708,1230,1238,233,5860,6700,0,455,3467,8243,2562
48157674601,2019,3737,2766,483,316,137,442,121,1812,40,1200,194,110,70,1285,1479,90,131,522,901,1062
48167725300,2019,2110,1229,165,632,0,188,33,569,34,500,91,188,112,572,926,61,885,393,490,525
48167722700,2019,4984,459,3634,508,85,102,13,569,248,482,226,697,361,1117,2157,489,1176,879,1112,1226
48167723200,2019,5060,2239,809,1747,177,442,82,676,179,821,310,477,257,1319,1940,222,1028,1004,1278,1005
48167724000,2019,3428,1599,792,911,91,239,102,107,58,120,24,281,109,81,322,150,137,195,95,111
48167724400,2019,3051,1539,447,1017,17,251,6,787,173,539,28,695,606,765,2069,461,1992,853,492,841
48167724600,2019,1926,634,865,406,16,198,40,145,150,184,0,872,180,245,900,494,521,585,792,270
48167724700,2019,1772,445,760,444,7,195,17,209,159,160,22,633,420,283,1127,327,1026,444,314,409
48167725500,2019,1034,809,63,123,25,75,3,409,17,346,27,59,97,382,601,72,573,210,146,391
48167721600,2019,2419,1431,0,974,7,570,130,302,94,322,102,341,175,501,1000,82,745,411,574,481
48167725800,2019,4236,1519,1043,1508,125,713,309,704,112,595,143,694,370,505,2044,1021,1278,1323,1016,660
48167726000,2019,1339,1004,13,297,11,84,8,377,62,268,29,28,651,511,1216,232,706,267,193,616
48167721400,2019,8109,5877,206,1241,452,948,93,3132,198,2213,535,382,178,2097,3437,1120,919,1801,1979,1705
48167722600,2019,2583,573,1316,640,0,154,51,311,139,249,111,368,167,365,1093,469,748,618,651,415
48167723100,2019,3324,1360,1187,712,24,154,21,428,113,407,89,431,226,556,1687,856,1340,900,665,814
48167723300,2019,7126,4832,474,1406,253,180,87,907,215,1390,345,789,197,1877,2581,118,1046,1277,1819,1503
48167723900,2019,2549,1932,11,601,0,369,47,260,0,298,23,353,2127,755,3154,44,1171,580,386,914
48453002409,2019,3586,1752,127,1611,12,467,20,1240,31,973,161,407,60,934,1510,229,1339,735,501,602
48453002410,2019,4419,1797,153,2187,0,846,33,998,78,717,110,662,22,455,1852,864,1492,1182,779,624
48453002419,2019,4945,613,762,3305,233,1544,644,754,130,606,59,894,170,13,2246,2206,1244,1943,1332,242
48453002421,2019,10980,4568,527,4950,407,1321,327,3438,258,3106,306,1536,362,1747,5125,2857,717,3770,2287,1024
48453000803,2019,2941,1766,583,397,112,177,57,1450,150,1236,130,401,185,566,1292,280,681,735,243,204
48453001200,2019,5857,4575,52,473,583,626,282,4143,132,2928,268,251,680,884,4209,3398,1489,2862,304,1002
48453001503,2019,4390,2577,249,1166,170,545,122,2088,166,1722,151,626,210,694,2184,873,1796,1404,469,485
48453001602,2019,3364,1973,50,417,861,1231,846,2435,18,1881,80,335,222,625,1903,1292,1401,1364,408,291
48453001712,2019,4557,2680,224,1575,35,450,57,1694,99,1318,122,672,258,958,2178,865,1887,1125,984,1049
48453001746,2019,4606,2731,355,1254,186,448,65,1728,114,1500,200,361,71,1263,2097,754,875,1253,936,809
48453001749,2019,7250,3166,291,1656,1960,1982,1388,3321,178,2851,626,319,233,914,3207,1941,1357,2433,1322,896
48453001751,2019,2203,1940,10,199,16,115,4,1382,20,724,30,78,60,875,1032,72,913,417,469,865
48453001813,2019,7466,1020,585,5167,197,3203,1221,653,179,557,109,2218,187,790,2558,1500,1606,1641,2542,733
48453001829,2019,2459,1808,81,278,186,319,105,1096,49,976,199,98,151,379,1566,1062,1112,963,324,300
48453001842,2019,13628,2469,1239,8502,1030,4501,1407,2107,359,2094,686,2886,0,2603,3893,369,929,2441,4727,1282
48453001844,2019,4157,1798,596,1405,203,949,330,1256,92,1130,234,678,99,596,1788,876,1466,1125,942,555
48085030702,2019,5401,2696,403,2236,15,1106,248,838,167,941,234,1122,59,1063,2056,482,1861,1278,1407,775
48085030801,2019,4476,2452,783,1093,63,527,56,844,52,976,213,525,168,498,2087,1430,400,1507,1063,672
48085030802,2019,5597,2001,877,2325,15,1396,626,868,120,597,294,912,377,709,2421,1254,1433,1455,1318,1101
48085031003,2019,7057,3813,1128,1744,177,932,297,1448,169,1461,291,568,121,1759,2343,58,371,1343,2086,893
48201333901,2019,10209,689,1261,5926,1813,3572,404,1346,245,1382,633,785,69,2348,2679,0,173,1034,3070,930
48201333902,2019,9431,1339,1203,6208,542,3265,285,782,403,1266,651,1165,122,1449,3279,1354,1516,1922,2366,918
48201334002,2019,2338,472,890,856,120,272,124,573,172,733,133,201,127,69,1241,1137,111,1006,314,216
48201334003,2019,6478,1158,1366,3337,523,1542,393,742,283,672,448,631,100,1223,2472,966,2342,1180,1305,1185
48381021802,2019,5790,3875,278,1403,80,286,174,1174,101,1223,108,900,153,777,1962,856,1509,1135,859,674
48381020100,2019,2334,1988,25,203,27,24,13,693,38,521,113,159,65,717,920,104,893,333,525,730
48381021300,2019,5631,3663,393,1164,117,483,0,787,222,805,195,362,199,1346,2352,542,2279,905,1331,1372
48381021602,2019,4943,3891,85,624,263,388,126,1585,73,1080,191,290,442,1339,2428,914,2235,936,1185,1206
48381021606,2019,5244,4223,34,564,309,223,120,1556,139,1088,184,277,115,1780,2018,145,1387,694,1352,1296
48381021900,2019,5384,4771,57,376,51,176,0,1445,29,1226,182,203,363,1673,2283,133,1104,1009,1393,1297
48381021500,2019,5090,4116,30,858,56,125,21,1018,140,964,258,174,71,1601,1916,0,1551,701,1202,1095
48381020900,2019,3022,1594,279,1016,38,330,144,286,44,419,82,706,53,587,1123,81,1068,681,978,358
48381021604,2019,3721,2916,79,453,150,428,52,1604,87,1040,160,235,405,1134,2130,612,1338,920,472,1358
48381021801,2019,6686,5595,53,794,49,204,106,1409,186,1290,98,1365,385,1246,2851,737,2512,1547,1489,1004
48381020500,2019,3500,1749,172,1572,0,164,0,210,173,462,119,486,238,819,1650,31,1561,828,891,603
48381021603,2019,2115,1435,40,565,29,147,13,470,23,482,34,32,37,656,767,8,718,271,475,605
48381021200,2019,5199,3394,72,1542,11,231,166,975,89,783,327,500,173,1444,2179,505,2073,933,1337,1351
48381021702,2019,5065,4185,57,638,45,164,38,958,64,935,295,278,176,1549,1981,79,998,765,954,1455
48385950100,2019,3408,2491,19,895,2,121,2,392,16,332,4,780,1487,861,2613,32,1375,456,877,1214
48411950100,2019,2611,1437,16,1126,1,451,151,209,25,233,108,490,212,624,1180,111,1011,469,721,759
48411950200,2019,3380,2410,105,677,8,81,32,385,25,461,108,252,897,801,2011,63,1335,369,523,1045
48431950100,2019,1231,578,0,641,0,80,0,74,12,157,6,29,134,392,592,7,456,170,424,200
48507950100,2019,1448,7,0,1441,0,36,0,57,28,128,25,752,201,310,583,49,339,128,444,194
48507950301,2019,2085,153,8,1866,3,138,14,81,53,164,23,926,219,267,826,246,498,329,641,273
48507950200,2019,1608,417,0,1191,0,175,10,77,79,170,0,567,174,371,657,0,430,147,491,315
48507950302,2019,6898,34,32,6806,0,507,27,555,248,736,189,1766,220,1622,2319,203,1918,500,1980,1374
48005000901,2019,6377,3429,1222,1189,197,408,25,1643,11,1131,137,869,264,1385,2749,880,1650,1550,1700,1614
48005000902,2019,3704,2225,464,593,361,310,65,1140,53,911,148,519,298,693,1905,935,1102,1088,574,910
48085030701,2019,3621,1582,171,1677,108,1002,390,638,26,560,334,276,75,522,1260,351,943,855,846,592
48005001001,2019,4886,1827,823,2159,0,850,31,299,240,428,201,1087,405,1008,1743,280,1176,606,1068,1317
48005001002,2019,4031,2294,526,1089,32,411,141,498,153,331,199,836,206,1051,1639,57,790,557,1165,946
48019000101,2019,4393,3606,0,750,23,214,20,811,73,608,73,290,619,1492,2393,42,882,774,793,1801
48019000102,2019,5955,4688,12,1139,5,410,41,977,194,903,25,1038,603,1941,2810,31,1254,710,921,2117
48019000200,2019,2825,2426,104,292,0,130,67,541,28,376,28,413,980,831,2001,18,1201,377,556,1138
48019000300,2019,6774,4690,38,1719,19,234,0,940,103,750,291,1373,613,2140,3080,0,866,754,1100,2351
48007990000,2019,0,0,0,0,0,0,0,0,0,0,0,0,0,0,0,0,0,0,0,0
48015760501,2019,4894,4122,154,473,0,273,144,1312,40,905,268,323,342,1596,2109,34,902,673,1202,1531
48015760502,2019,5427,3350,874,1173,0,657,30,973,339,713,225,783,214,1463,2525,501,1604,950,982,1210
48019000400,2019,2268,1879,0,275,15,67,12,588,37,366,69,341,716,737,1646,9,1200,441,439,917
48021950501,2019,8588,3531,452,4384,78,1194,173,646,97,879,310,656,574,1695,2597,12,1137,788,1814,1448
48021950502,2019,6386,5128,73,951,20,268,23,926,65,971,344,397,379,1921,2558,66,771,1201,1454,2062
48021950801,2019,8014,1542,258,6114,0,1910,309,462,513,582,503,719,168,1484,1992,0,986,758,2376,859
48201320200,2019,5437,266,39,4535,543,2228,645,409,141,596,349,1012,422,791,2183,1077,1949,1090,1407,645
48201321700,2019,3440,567,15,2822,19,996,37,328,95,366,346,178,41,831,1043,56,1006,317,906,581
48201322600,2019,5516,1478,55,3956,6,1170,69,411,252,530,232,1119,152,1043,1773,406,1532,643,1560,632
48201323500,2019,5671,584,677,4401,0,1492,208,202,301,266,232,1902,252,396,2116,1411,1211,1449,2006,466
48201423201,2019,3683,905,803,1548,394,1009,77,768,208,414,109,270,8,830,1082,10,1013,304,981,701
48201423202,2019,7948,733,3016,4110,43,2832,606,605,239,585,106,2471,451,323,3363,2930,2998,2419,2471,561
48201423301,2019,4472,1322,1471,1301,300,1158,328,1215,285,915,178,519,287,915,2133,1025,1906,1208,762,887
48201423302,2019,5455,1090,2672,1516,160,1022,116,1328,119,1087,163,907,198,874,2541,1512,2092,1398,1443,1302
48201423401,2019,6255,1235,2691,1924,382,2147,741,1182,71,982,134,926,106,998,1968,830,1806,929,1949,1348
48201423402,2019,4743,36,2610,1095,927,2196,394,1030,132,918,258,837,29,1057,1481,172,597,545,1159,683
48201431201,2019,3788,1232,1242,979,287,1687,1140,1491,90,1078,23,876,569,16,2795,2779,1077,2012,447,577
48201431202,2019,6031,2876,617,995,1344,2557,1761,2355,139,1447,206,1550,380,704,3009,2356,2183,2003,1688,760
48201431301,2019,5711,2339,779,1959,557,2082,962,2429,31,1781,191,408,400,502,3168,2677,2079,2101,791,1200
48201431101,2019,3868,1506,1266,577,428,1520,617,1665,55,987,155,456,311,717,2867,2308,2085,2043,240,775
48201431102,2019,4297,1530,1254,1135,378,1139,442,1554,30,1015,267,954,167,350,2271,1978,1363,1814,798,861
48201431302,2019,4503,3383,163,621,205,986,376,2479,130,1580,85,109,209,1221,2214,858,1495,1062,1101,1031
48201431501,2019,4718,3344,227,514,514,1010,382,2965,48,2202,214,137,267,1447,3106,1902,2165,1892,482,1349
48201431401,2019,1937,1177,110,412,238,797,393,975,58,839,142,119,117,332,1177,971,695,776,261,312
48201431402,2019,3329,1869,152,558,698,1147,476,2325,156,1652,194,264,308,783,2377,1876,1535,1468,386,486
48201431502,2019,3635,2575,166,199,442,688,159,2158,10,1470,97,313,340,982,2002,897,1073,1005,650,1019
48201431801,2019,3611,2075,208,398,884,1451,753,2271,110,1511,179,80,526,611,2238,1672,1627,1186,554,765
48201431802,2019,4700,2448,219,1119,888,1980,1150,2795,86,2076,104,298,797,552,3461,3357,1121,2417,517,899
48201432001,2019,4265,1747,533,1339,421,1493,794,1748,85,1190,192,542,133,654,2071,1199,1200,1574,972,601
48201432002,2019,4753,786,861,2699,332,2043,684,763,165,661,106,1323,592,150,2892,2722,2715,1812,1005,452
48201432701,2019,5984,381,247,5301,21,3344,1523,395,264,347,47,3018,364,99,2494,2352,2362,1751,1999,238
48201432702,2019,4036,1358,542,1745,317,1564,824,1271,113,973,179,471,217,419,2026,1517,1431,1408,700,345
48201432801,2019,4890,481,855,2816,607,2540,1091,833,214,641,241,1567,405,506,2470,1919,2199,1751,1273,362
48201432802,2019,6464,379,1143,4207,516,3929,1425,476,110,96,124,2505,715,158,3066,2879,2711,1882,1902,1246
48201432901,2019,3042,460,294,2276,12,1392,306,278,29,197,58,1111,142,206,1264,916,1137,844,960,414
48201432902,2019,6203,583,508,3938,1115,4207,1820,818,212,479,294,1851,306,492,2636,2092,2433,1876,1483,571
48201433001,2019,5722,195,369,4197,961,3971,2129,513,239,206,193,2026,207,0,2085,1987,1456,1472,1523,442
48439103701,2019,4138,291,787,3058,0,1099,29,89,0,236,276,1120,94,803,1338,118,1255,506,1445,500
48439104400,2019,5461,2118,101,3139,9,1024,60,1108,32,825,488,1096,296,1079,2208,348,2000,953,1527,1045
48439104900,2019,3013,532,67,2293,114,819,65,135,49,223,282,545,34,628,905,27,817,294,956,502
48439105204,2019,2826,1266,828,501,173,371,156,228,137,310,29,965,404,84,1709,1572,1432,1141,609,359
48439105508,2019,7611,3656,1735,1573,377,1056,165,2270,132,1965,221,659,174,1059,3633,2355,1769,2718,1894,1414
48439110102,2019,3728,1399,265,1772,259,1128,368,205,122,280,229,903,193,641,1381,405,1348,567,1113,635
48439110202,2019,4272,1244,32,2668,268,1651,305,175,152,283,314,397,42,786,1217,45,1144,429,984,1000
48439110204,2019,7032,2167,311,3624,762,1503,224,509,178,836,502,526,135,1398,2296,427,1435,1102,1989,873
48439110905,2019,5013,4053,56,589,24,190,19,1238,118,1199,349,325,130,1548,1995,207,1704,621,1221,1208
48439111301,2019,9350,7035,638,1577,49,488,133,1945,168,1747,521,864,499,2734,3676,50,1745,1047,2473,2203
48085031630,2019,4612,2951,296,521,686,1071,162,2107,127,1412,228,44,19,1379,1603,6,910,577,1007,948
48085031648,2019,7269,4954,443,273,1157,1541,434,4144,81,2507,115,440,68,2051,2751,669,743,1197,1617,1869
48085031652,2019,7947,3091,764,465,3336,3299,1926,3732,174,2815,246,153,177,1035,3565,2384,797,2370,1721,1056
48085031704,2019,3642,2176,420,522,272,542,116,1735,52,1296,39,62,296,885,2061,1092,1579,1166,577,921
48085031706,2019,2468,2141,69,97,114,346,32,1426,64,841,64,49,23,846,898,7,369,255,559,749
48141003502,2019,4184,246,40,3898,0,995,173,236,171,136,80,1952,136,695,1594,643,1328,736,1265,720
48141001110,2019,5217,1364,60,3398,335,1194,238,1925,223,1230,111,843,282,994,2095,977,1358,1160,1313,1192
48141004307,2019,5904,845,88,4768,132,1312,182,1332,140,1155,142,1245,73,1403,2124,495,1867,893,1316,1633
48141000108,2019,2558,635,213,1618,43,543,126,192,148,239,39,628,139,465,1083,232,652,590,731,377
48141001104,2019,8387,1583,57,6073,546,2453,638,2490,237,2091,205,1540,462,1350,3654,2013,2263,1796,1763,1375
48141003601,2019,4112,45,0,4067,0,1426,135,241,162,506,172,1188,160,753,1477,202,1341,499,886,1003
48141003402,2019,5700,453,83,5080,56,1482,243,332,272,442,189,1680,240,894,2428,1371,2141,1075,1269,1125
48141004317,2019,4281,889,473,2828,45,890,129,629,101,1076,59,468,353,121,2276,2055,1550,1620,1049,419
48141004318,2019,3762,570,68,3052,55,776,48,913,29,611,132,544,63,1096,1314,0,1314,300,754,1026
48141004319,2019,5845,503,86,5162,80,1354,186,757,129,806,136,233,47,1469,1703,25,769,437,1298,1116
48141004320,2019,3260,153,47,2730,315,743,429,324,105,373,136,1094,41,662,959,25,735,323,911,388
48141010210,2019,6897,1986,672,3813,249,493,231,1834,16,1632,197,615,274,1468,2675,526,192,1559,2244,573
48141010211,2019,2600,910,406,1042,193,443,32,782,32,727,52,44,92,872,1097,156,98,340,394,507
48141010212,2019,8519,2159,1099,4773,291,930,441,1710,212,1263,333,632,104,1854,3025,396,754,1974,2523,773
48141010214,2019,6022,1800,36,3922,142,1230,279,2213,99,1785,198,363,373,1533,2317,241,743,1038,1682,1088
48141010213,2019,7958,2361,125,5013,417,2021,442,3234,75,2504,421,103,23,2209,2445,0,36,1468,2621,921
48141010215,2019,9469,1633,194,7276,250,2031,494,3102,262,2713,310,977,313,2168,3381,528,629,2070,2827,1067
48141010216,2019,9006,799,62,8122,0,2275,344,1298,209,1417,256,2525,292,1431,2917,551,990,1579,2824,943
48141010217,2019,5057,1174,15,3484,251,1463,293,1623,144,1183,156,244,131,1339,1702,7,131,706,1323,587
48141010218,2019,3738,704,0,3034,0,403,182,957,92,861,107,495,178,1004,1255,20,139,581,1342,364
48141010219,2019,8956,1923,68,6944,0,1717,204,2492,120,1759,298,804,84,2385,2815,59,938,1147,2259,1291
48141010220,2019,5024,267,45,4621,15,1422,139,429,49,456,141,1728,133,1164,1638,50,536,814,1641,757
48141010221,2019,5116,164,0,4907,45,1404,184,410,121,630,172,1524,266,1060,1788,206,695,606,1571,782
48141010222,2019,1813,376,0,1437,0,477,110,201,69,191,74,417,75,460,657,4,424,244,440,330
48141010322,2019,4879,411,83,4365,13,1204,68,486,51,702,66,803,190,1141,1681,126,200,686,1478,561
48141010323,2019,4363,318,186,3790,0,857,46,689,173,744,191,174,73,1002,1386,116,154,530,1171,635
48141010324,2019,7950,502,255,6901,271,2073,315,1123,81,1154,436,558,88,2102,2529,55,139,727,2378,945
48141010325,2019,9200,266,432,8275,173,2612,507,885,193,798,272,1533,0,1779,2463,53,80,1087,3018,1035
48141010326,2019,5126,860,17,4178,40,1020,174,884,159,854,84,658,163,971,1784,360,1195,635,1214,1062
48141010327,2019,4106,453,37,3543,73,816,117,665,160,488,171,504,51,918,1251,65,590,547,1196,433
48141010328,2019,4601,230,63,4239,56,1058,315,860,146,836,125,577,75,856,1569,533,215,845,1120,431
48141010329,2019,6083,232,144,5689,9,1201,327,675,157,702,223,1407,143,1087,1724,212,45,717,2035,448
48141010330,2019,11496,806,507,9855,239,2777,216,1942,404,1929,380,1234,329,2649,3320,0,73,1268,3888,804
48141010331,2019,11948,1446,609,9510,62,2156,515,1721,368,1549,339,1770,366,2373,4117,918,144,2297,3816,987
48141010332,2019,9870,484,37,9337,0,2453,766,988,335,888,595,2302,183,2144,2825,57,407,1481,3375,602
48141010333,2019,4490,49,7,4396,27,1900,306,260,99,120,268,1292,15,1002,1178,0,295,484,1587,538
48141010334,2019,3907,63,0,3802,0,1370,195,198,141,266,159,1086,104,788,1010,37,154,312,1243,279
48141010335,2019,3844,14,0,3830,0,1364,87,127,57,154,123,1395,83,808,1077,24,483,477,1311,415
48141010336,2019,6374,276,22,5965,84,1776,364,779,125,963,235,643,90,1288,2039,374,407,970,1666,629
48141010337,2019,7252,641,173,6383,32,1205,255,1002,158,687,252,486,153,1310,2383,589,342,1065,1800,643
48141010338,2019,7110,347,218,6409,104,1705,213,1676,82,1572,252,1094,229,1476,2386,707,192,873,2069,958
48141010339,2019,11020,1501,619,8684,33,2611,545,1250,149,988,234,2434,136,1656,2811,526,617,1828,2811,919
48281950301,2019,6033,4411,507,849,76,392,69,993,224,1246,107,413,413,2072,2750,16,835,737,1167,1594
48281950302,2019,3689,2807,0,775,0,67,90,552,164,601,132,135,195,1123,1485,69,603,517,761,867
48283950300,2019,7416,982,108,6236,12,580,246,392,95,664,121,1098,787,1559,3056,194,1864,973,1498,1539
48285000100,2019,3648,3070,74,401,0,140,15,373,31,519,240,368,722,1147,2272,49,1310,571,818,1273
48251130207,2019,7218,5919,350,827,87,203,140,1566,90,1690,457,629,121,2290,2906,302,957,1450,1703,1593
48251130500,2019,7252,6149,44,869,17,35,0,769,129,851,264,583,340,1963,2858,105,1516,1331,1762,1672
48251130900,2019,3184,1063,198,1883,0,160,0,115,42,90,70,423,144,792,1164,169,929,353,780,428
48251131100,2019,5532,3390,282,1698,76,236,82,414,142,602,185,831,34,1261,2265,550,1794,1351,1288,1289
48251130800,2019,4044,1823,205,1905,81,319,51,206,26,148,179,952,165,619,1520,554,1134,715,1173,798
48251131000,2019,4623,4158,36,418,0,79,0,1117,107,915,284,118,147,1468,1882,43,1592,824,962,1218
48251130410,2019,7336,5354,300,1576,0,256,47,477,35,824,296,591,277,1896,2726,238,1108,1295,2458,938
48221160100,2019,4885,4177,204,408,18,79,6,857,33,773,144,551,470,1112,2411,746,1680,1223,868,1647
48223950600,2019,3667,1950,827,771,59,383,187,506,47,399,182,856,306,911,1750,292,1289,785,701,1063
48223950700,2019,5061,3222,154,1623,30,830,65,430,161,378,338,1018,320,1145,1893,61,1294,587,1400,1091
48223950100,2019,3017,2569,31,248,69,150,7,403,37,398,116,401,201,973,1301,0,666,435,894,765
48223950200,2019,4263,3626,12,402,18,175,38,633,105,567,152,447,302,1336,1939,16,1055,619,981,1129
48223950800,2019,2824,2263,186,327,4,166,0,380,11,432,89,205,166,941,1256,0,657,507,714,642
48223950300,2019,6027,4651,91,1203,35,515,49,1087,8,1068,355,372,168,1910,2390,92,1089,971,1546,1591
48223950500,2019,3005,1722,680,434,28,142,0,189,61,360,126,613,164,424,1215,410,1089,646,646,710
48357950100,2019,1263,1021,0,192,0,85,2,270,38,212,21,112,156,463,674,0,544,142,273,313
48357950300,2019,3761,1032,9,2708,0,1144,278,255,79,217,92,731,260,832,1462,122,1128,606,1343,490
48357950400,2019,5107,2314,0,2589,23,913,208,424,161,625,40,679,214,1261,1977,410,1673,653,1537,819
48269950100,2019,237,159,0,78,0,42,2,33,13,39,0,25,47,26,124,9,66,35,70,43
48275950100,2019,1804,1151,16,571,38,160,54,253,36,181,22,197,350,522,1001,57,928,287,481,517
48275950200,2019,1901,1006,158,701,2,165,54,229,21,250,62,338,308,618,1032,88,966,370,507,469
48309002501,2019,5187,2597,1529,1042,0,134,0,800,127,966,324,1204,178,1189,2346,751,2069,1173,947,1154
48309002504,2019,3749,3085,102,362,115,152,26,1507,64,945,121,287,116,1184,1402,9,1123,531,955,1087
48309000800,2019,3254,805,581,1789,67,581,95,245,69,300,152,968,131,539,1109,75,1105,555,1185,314
48309001400,2019,7526,1221,4725,1314,0,216,41,301,172,437,247,3831,385,1005,3393,1527,2466,1969,2624,1350
48309003602,2019,2648,2064,218,335,3,35,0,255,35,313,162,255,124,748,1121,35,673,512,678,555
48463950100,2019,3045,1805,0,1130,0,103,92,342,78,201,27,577,768,971,1927,46,1018,336,830,1116
48463950400,2019,3505,981,17,2422,27,356,67,570,115,677,84,669,127,798,1273,277,738,675,1259,472
48463950500,2019,5734,580,58,5096,0,733,16,257,167,231,208,645,256,1310,1966,226,1510,700,1349,1408
48463950300,2019,6069,738,0,5189,84,975,86,545,60,553,190,667,310,1402,2134,19,1735,744,1638,1230
48463950200,2019,8567,2938,13,5469,142,837,152,1282,206,873,167,2179,858,2001,3860,481,1824,1365,2221,1942
48483950100,2019,2792,1985,16,751,3,343,52,392,65,413,49,330,274,782,1362,37,1053,424,759,674
48483950300,2019,2546,1670,142,637,0,86,20,218,55,202,32,635,264,672,1359,152,1211,550,610,596
48037010400,2019,3730,1221,2207,139,31,190,31,313,217,221,111,1706,383,746,1924,379,1395,822,995,851
48201250701,2019,5777,3090,704,1746,151,498,99,1148,234,1076,193,263,114,1659,2060,0,1412,697,1381,1229
48201250702,2019,4759,2498,458,1276,249,549,77,1200,211,1191,266,348,46,1473,1672,0,686,565,1291,833
48201251402,2019,6266,4239,20,1593,249,720,75,1621,92,1235,95,872,176,1574,2389,269,2024,1137,1861,1070
48201251501,2019,6002,4354,96,631,773,970,117,2147,91,1632,233,141,148,1717,1907,10,107,926,2006,860
48201251503,2019,2402,1808,183,245,97,199,40,851,45,662,92,132,15,730,802,0,383,315,700,417
48201251901,2019,10887,7144,413,2942,37,578,95,1324,301,1364,804,807,50,3275,3830,46,1953,1609,2717,2190
48201251902,2019,6233,4235,550,1107,104,403,37,1068,112,1122,280,236,48,1881,2313,183,1027,1031,1432,1477
48201252301,2019,9270,838,3345,4941,33,1889,119,626,247,1010,464,507,102,2001,2656,246,1220,848,2720,1239
48201252302,2019,14935,1106,2702,10621,166,3804,212,1035,525,1397,616,1898,0,3340,4209,196,1632,2259,4982,1408
48201314001,2019,2716,801,378,361,1069,1150,646,1623,76,1394,75,418,324,489,1888,1601,1467,1212,186,468
48201314002,2019,6911,2426,1259,378,2724,3396,2358,3669,110,3125,58,1364,690,371,4582,4347,3034,3349,542,619
48201314400,2019,3527,1240,103,350,1700,1611,901,2075,114,1673,37,822,482,448,2361,2275,875,1729,469,201
48201320601,2019,2512,184,25,2293,10,1081,197,128,120,169,138,364,92,460,894,288,729,424,686,368
48213951100,2019,3521,3203,57,43,12,23,2,340,14,301,155,521,755,1147,2215,0,1184,619,738,1155
48213950300,2019,7822,6016,232,1220,35,431,21,1487,106,1300,171,810,805,2627,3946,136,2184,1198,1470,2599
48213951000,2019,2484,1516,489,434,0,163,13,107,69,166,127,895,109,418,915,178,705,539,662,490
48213951300,2019,5556,3548,800,840,304,323,45,1196,94,815,237,1041,451,913,2446,614,1761,1201,1399,1627
48213950400,2019,4716,3845,115,703,0,316,38,568,91,546,326,246,591,1263,2178,17,1283,632,1022,1235
48329000500,2019,4657,2973,164,1260,17,291,68,1251,75,1098,73,334,235,1293,2040,467,1890,800,1193,1202
48005000200,2019,6677,4328,495,1775,0,804,0,611,256,726,384,813,415,1801,2852,36,1737,1102,1702,1377
48005000400,2019,4938,2404,937,1555,36,523,5,494,113,366,545,672,423,845,2256,567,1547,1038,1149,1097
48005000500,2019,3973,570,2615,684,0,351,118,144,241,293,147,1457,261,542,1705,475,1112,692,993,877
48005000600,2019,6674,1289,1853,3373,135,1207,129,280,102,463,440,1666,215,1040,2088,92,1738,1039,2055,1103
48005001300,2019,5566,5133,109,211,0,47,35,295,187,508,141,1109,531,1507,2590,105,1258,846,1340,1188
48101950100,2019,1642,850,238,380,0,41,0,179,61,153,0,505,438,397,1145,219,1002,374,513,431
48209010600,2019,12106,7418,196,3955,155,1211,201,3595,257,2815,364,2190,187,3024,4898,1060,2019,2515,1726,2844
48209010901,2019,8310,6710,89,1262,192,412,109,3329,132,2399,340,54,63,2890,3077,40,1134,1473,1944,2215
48209010200,2019,6190,2921,767,2092,242,299,73,306,657,541,28,987,99,198,816,547,613,590,103,139
48209010302,2019,4853,1552,114,2939,124,651,273,770,157,625,99,1133,111,558,2049,846,1444,1346,1011,456
48209010400,2019,12139,4498,661,6435,311,1214,450,1545,359,1979,600,2986,204,1838,4477,1793,1340,3238,2310,2044
48209010902,2019,18252,10840,582,5950,294,1177,563,5728,241,4834,475,1093,123,4538,6387,1145,805,4026,5064,2776
48209010500,2019,5144,1636,90,3246,62,596,299,879,93,609,266,1005,255,522,2262,1186,1007,1460,1100,848
48209010100,2019,2362,1630,87,578,51,33,12,722,130,585,49,597,240,366,1281,651,998,747,217,261
48279950500,2019,3315,745,148,2284,0,284,46,192,77,366,88,821,450,743,1547,49,1323,514,1079,520
48279950200,2019,1534,795,31,694,0,84,4,215,4,255,51,128,193,467,779,19,715,235,391,385
48279950300,2019,2241,1025,70,1128,15,399,57,251,51,365,74,375,258,686,1121,39,983,290,550,476
48279950600,2019,3487,1897,106,1414,53,107,18,339,49,645,136,726,222,867,1513,235,1203,686,988,874
48279950100,2019,2546,696,37,1771,0,381,60,199,26,288,40,403,223,617,1114,93,957,387,658,611
48453002431,2019,9899,1762,994,6913,203,2319,347,1822,180,1794,379,1521,174,1798,2840,315,542,1552,3130,883
48453002432,2019,2982,851,102,1864,113,484,48,614,94,628,149,385,124,766,1012,14,450,509,734,399
48453002433,2019,9458,1304,682,7119,96,2041,119,838,236,1034,620,883,57,2202,2665,11,697,1533,3188,866
48453002434,2019,1661,517,90,1008,0,380,19,101,23,158,25,215,56,362,524,0,210,160,406,334
48453002435,2019,8318,1033,525,6437,238,1809,40,499,92,1103,227,1134,354,1696,2566,0,359,1016,2713,988
48453002436,2019,2768,335,72,2318,0,771,125,148,37,147,63,294,85,597,833,58,412,242,535,597
48453002500,2019,6056,3998,332,1085,422,950,282,2686,280,2221,212,594,179,1141,3182,1824,1700,2178,1108,1116
48453980000,2019,0,0,0,0,0,0,0,0,0,0,0,0,0,0,0,0,0,0,0,0
48465980000,2019,0,0,0,0,0,0,0,0,0,0,0,0,0,0,0,0,0,0,0,0
48465950301,2019,4860,304,31,4440,12,954,203,372,149,468,64,1746,159,831,1739,620,1039,930,1578,652
48465950302,2019,4378,107,0,4240,0,1215,24,165,123,332,275,765,190,837,1499,207,937,577,1220,655
48465950800,2019,5167,1544,0,3595,28,1019,126,674,72,633,91,422,1085,1677,3024,86,1166,800,1267,1405
48469001503,2019,2374,1534,105,505,142,154,0,819,39,616,99,135,126,630,1133,427,665,527,464,663
48469001504,2019,8636,5369,350,2599,120,311,71,2147,103,1725,433,705,283,2433,3263,405,1806,1356,2217,2435
48469001606,2019,8184,5285,343,2098,348,668,297,1873,211,1703,420,401,517,2218,3664,803,1558,1835,1883,2097
48469980000,2019,0,0,0,0,0,0,0,0,0,0,0,0,0,0,0,0,0,0,0,0
48471790101,2019,6977,3391,1669,1830,46,631,56,521,23,348,29,429,325,624,1050,19,499,334,594,1276
48471790102,2019,3653,2592,225,818,18,283,16,533,54,337,151,430,390,1068,1608,0,682,562,829,714
48471790103,2019,5968,4160,1250,472,0,137,0,901,81,874,71,501,615,1594,2726,36,1555,1012,1228,1390
48479000105,2019,2613,39,0,2560,0,844,181,130,5,193,13,1414,42,320,706,149,486,336,965,336
48479000106,2019,3538,16,0,3522,0,1012,77,103,19,159,70,677,145,591,1051,66,781,219,895,638
48479000107,2019,3059,50,22,2987,0,748,170,36,53,115,18,1681,145,358,847,179,599,267,1263,439
48113014405,2019,3759,772,153,2604,167,1547,398,305,113,284,170,528,34,555,1322,653,1202,753,893,596
48113001202,2019,3641,1679,639,1169,115,592,66,1445,67,1527,81,240,246,359,2192,1694,1370,1555,619,405
48113019035,2019,7069,845,2574,2753,474,2766,1533,1127,163,570,196,2617,393,317,2729,2364,2373,1988,2560,394
48113019501,2019,6903,6131,0,267,348,293,55,3894,70,2379,123,18,202,2043,2403,49,1481,949,2350,1125
48113019004,2019,6825,1643,900,3033,1135,2520,322,758,326,825,572,759,93,1305,2233,524,2172,1063,1714,926
48113019205,2019,4147,3517,311,73,236,328,157,2277,97,1490,169,125,90,1346,1642,110,1275,714,994,1152
48305950400,2019,2034,1250,7,758,16,90,40,289,43,342,43,298,114,535,863,42,599,298,516,498
48305950500,2019,2553,980,26,1439,1,34,2,237,112,259,30,644,257,590,1166,108,1118,408,754,612
48305950600,2019,1243,644,8,556,35,198,6,131,17,195,26,111,152,346,648,32,587,230,308,290
48311950100,2019,774,380,0,385,0,24,10,143,19,151,9,91,181,205,451,3,187,105,224,180
48503950200,2019,4061,3084,16,857,10,179,34,658,146,529,393,611,382,1240,2136,40,1886,885,884,1236
48503950600,2019,5919,4525,140,1237,0,492,0,668,49,729,350,679,319,1530,2572,449,2044,1103,1510,1339
48503950400,2019,5843,4676,135,914,38,319,68,882,27,961,143,658,533,1977,2800,52,1820,981,1519,1645
48503950500,2019,2213,1767,88,358,0,64,10,194,46,139,62,235,179,774,1212,158,1148,496,463,637
48251130100,2019,4397,3325,225,759,0,85,17,486,97,523,50,435,108,1281,1727,44,944,731,976,1000
48251130205,2019,4022,3229,56,646,0,169,10,517,53,560,188,296,37,956,1652,439,1177,901,838,901
48251130406,2019,5937,5331,0,528,0,45,12,1131,142,1015,368,450,14,1827,2146,14,934,572,1478,1482
48251130409,2019,6681,5395,3,1066,2,271,128,806,109,531,345,1246,356,1613,2676,25,1595,1108,1639,1693
48251130408,2019,8720,4897,646,2617,278,329,28,583,177,893,318,660,225,1963,2584,66,635,1167,2180,1037
48251130700,2019,4955,2904,73,1755,146,551,34,379,128,386,173,429,77,1135,1775,180,1487,1054,1471,801
48251130405,2019,6157,4747,0,1314,22,267,72,982,52,1076,199,424,191,1779,2233,0,918,635,1469,1492
48251130208,2019,6837,5369,393,894,31,167,120,1066,181,1034,332,391,153,1513,2431,320,1341,1392,1935,1239
48251130204,2019,11388,9662,249,910,352,174,0,1335,256,2028,462,687,74,2682,3972,426,1592,2052,3105,1580
48113016612,2019,13587,2016,9145,2163,117,1137,500,2436,471,3275,524,1262,107,3584,4544,0,1845,1848,3784,2232
48113016617,2019,4064,633,2813,360,117,278,10,1412,101,1043,127,139,166,1233,1663,38,909,491,862,1295
48113016517,2019,5011,1014,1742,2121,54,654,25,496,211,570,86,825,73,763,1714,464,1409,792,1587,727
48113017806,2019,4799,934,736,3086,0,1376,319,334,141,385,317,687,117,730,1671,646,1459,844,1576,509
48113017812,2019,2301,1022,382,690,109,298,18,356,68,419,114,185,47,514,796,123,784,313,600,563
48113018105,2019,6226,1084,793,4138,65,1924,287,224,106,444,318,421,95,987,1649,150,1594,611,1813,671
48113018110,2019,5218,3478,431,550,639,917,113,1699,125,1265,196,121,17,1581,2087,402,1779,1004,900,2229
48113018403,2019,1188,209,217,738,0,440,123,54,11,156,96,172,23,0,480,443,450,355,356,94
48113019019,2019,8110,1328,3276,1752,1097,3877,2100,1224,242,944,499,2584,148,655,2884,2039,2382,1997,2344,1151
48113019021,2019,7309,2293,1499,2550,606,2109,610,1019,248,921,362,1090,65,1254,2449,689,2274,1356,1921,1328
48467950100,2019,5397,4473,17,786,36,199,10,402,105,566,350,771,312,1513,2090,24,1214,627,1310,1411
48467950600,2019,7512,6555,39,598,203,421,137,921,131,1006,229,597,406,2269,3050,100,1396,1116,1813,2199
48467950800,2019,5777,4511,183,954,0,227,18,769,124,827,223,1024,231,1648,2399,184,1492,937,1393,1586
48029161000,2019,4101,445,9,3647,0,484,0,83,252,252,162,1401,149,410,1260,490,760,657,1172,792
48029161501,2019,8236,949,90,7156,0,1600,66,371,312,677,210,2099,259,1004,2961,1567,2208,1706,2496,1169
48029162001,2019,2122,346,43,1697,0,178,9,131,22,179,66,303,69,377,595,0,320,239,619,370
48029170102,2019,3514,143,1,3361,1,841,85,68,131,208,98,1077,155,783,1350,156,1246,504,636,697
48029171100,2019,3736,88,64,3584,0,392,0,147,95,165,50,1164,135,794,1267,177,1216,400,855,828
48201421700,2019,4715,1801,255,1942,506,1501,540,1699,46,1050,115,935,186,1022,1934,804,1735,939,1354,955
48201422100,2019,5294,1812,739,2393,239,1413,108,1276,135,920,157,828,178,1438,2002,237,1989,725,1231,1086
48201422600,2019,6816,2066,433,3980,291,2645,495,1222,106,865,137,1489,485,982,2689,988,2450,1469,1910,898
48201422800,2019,5415,1212,1062,2847,273,2220,743,566,239,627,68,1264,189,536,1813,1077,1456,991,1357,881
48201331700,2019,4933,77,3470,1336,40,407,1,244,305,285,175,1407,134,827,1614,434,1433,627,1795,870
48201340800,2019,5955,3449,394,1085,912,1223,308,2187,217,1965,508,195,12,1864,2065,0,1507,652,1334,1362
48201452400,2019,7546,407,155,4189,2723,3954,780,698,120,655,64,1818,231,1326,2727,983,2343,1328,2210,1435
48201452900,2019,4755,378,506,3102,769,2114,530,208,211,237,114,1327,192,607,1295,266,1265,564,1380,753
48201520300,2019,5355,1505,391,3149,112,1964,602,1085,241,729,262,1880,200,558,2100,1194,1579,1368,1011,893
48201520700,2019,4334,2362,150,1320,296,900,305,1617,121,1231,166,361,119,1040,1493,367,862,769,1329,733
48201521200,2019,5804,652,310,4553,181,2685,924,845,125,540,360,959,369,716,2486,1770,1923,1620,1648,769
48201530500,2019,5423,371,1694,3348,8,1659,299,204,135,251,130,1768,156,641,1889,953,1707,862,1754,896
48201531100,2019,3347,2496,0,787,64,546,162,1467,100,1080,148,147,31,1128,1333,34,794,740,969,418
48201531800,2019,2548,60,1299,1069,78,457,39,267,72,309,51,940,125,577,1052,171,728,423,662,415
48201533000,2019,2433,23,1473,871,66,310,111,133,105,98,45,562,156,117,985,712,622,635,709,310
48201533300,2019,6049,79,4035,1740,0,594,285,340,256,216,200,2507,226,1062,2400,860,1835,1083,1940,1158
48201540100,2019,10485,4787,737,2702,2100,3531,908,4781,243,3601,591,340,255,3121,4140,328,563,1835,2198,2151
48201541900,2019,8020,2820,1133,3081,469,1730,343,1670,364,1611,297,608,49,1801,2517,392,593,1530,2258,1002
48201550800,2019,3668,146,1494,1688,149,935,117,268,190,356,134,646,49,586,1040,233,742,465,1091,629
48201312200,2019,1939,47,1785,92,5,107,54,113,79,74,76,862,285,159,1041,294,803,441,447,282
48201312600,2019,8023,3920,948,1542,1159,2150,934,4597,231,3603,397,1394,1071,1083,5134,4027,1163,3332,857,1114
48215020903,2019,5390,613,81,4671,25,1297,157,1290,139,1279,127,1029,277,867,2239,1083,1274,1249,1218,903
48215020904,2019,4978,1132,33,3760,41,959,66,1156,111,948,73,1130,216,995,2248,957,1565,1220,1109,1129
48215021304,2019,6259,40,2,6217,0,2272,337,818,211,579,235,1787,108,1063,1847,367,412,753,2054,674
48215021305,2019,8129,23,0,8106,0,3314,728,881,371,839,182,2835,69,1681,2210,68,226,657,2387,1098
48215021403,2019,5340,622,0,4669,49,1338,74,844,83,872,99,1311,302,1066,1925,235,949,530,1745,1263
48215021404,2019,10116,1525,18,8517,56,3663,752,1478,94,1408,329,1815,998,1779,4427,1578,1300,2234,2832,2168
48215021701,2019,10829,511,33,10143,117,2567,258,1023,295,1198,263,2411,621,1794,3793,1174,968,1635,3973,1204
48215021702,2019,12629,799,0,11826,0,3775,665,1042,291,1104,382,3147,365,2334,3817,426,713,2015,4475,1658
48215021803,2019,5254,42,0,5212,0,1686,184,306,290,409,69,1905,48,1036,1504,109,502,588,1874,559
48215021804,2019,3868,69,2,3797,0,1031,74,235,54,305,25,1138,246,702,1355,169,895,539,1000,955
48215021805,2019,9965,130,0,9835,0,2986,424,790,191,673,173,3310,164,1893,2607,35,672,691,3073,1458
48215021806,2019,8596,13,0,8583,0,2235,485,368,216,648,112,2562,180,1560,2270,176,1066,719,3145,916
48215021903,2019,5365,117,34,5213,0,1223,300,338,31,375,0,1708,144,889,1543,301,772,664,2027,1069
48215021904,2019,4797,656,0,4141,0,1396,98,288,116,440,51,1363,347,1087,1778,47,774,544,1424,1099
48215022003,2019,6147,1048,0,5099,0,1627,208,389,214,672,157,1489,529,1408,2408,149,1105,600,1921,1319
48215022004,2019,9031,571,0,8460,0,2250,280,250,209,493,171,2713,869,1762,3060,230,1172,1025,3952,778
48215022103,2019,5605,825,0,4751,0,1066,197,420,101,495,71,1660,568,1255,2455,306,1287,756,1488,1423
48215022104,2019,13840,96,0,13744,0,4028,448,504,381,894,351,6318,375,2592,3280,0,1162,1507,6371,596
48215022105,2019,3513,0,0,3513,0,634,97,113,38,239,71,1491,205,548,1280,337,774,462,1149,686
48215022106,2019,7309,505,0,6804,0,1690,170,327,144,680,95,3470,390,1304,2244,377,1067,759,2780,1051
48215022203,2019,4742,200,2,4405,94,871,112,139,162,308,76,1609,247,828,1609,125,926,646,1399,775
48215022204,2019,5961,97,0,5785,0,1467,224,258,130,508,88,2243,145,1242,1605,144,734,647,2189,772
48215022401,2019,4775,149,0,4592,29,936,158,471,74,628,24,1391,398,847,1774,137,1062,624,1761,690
48491020509,2019,7206,4110,275,694,1956,1596,320,2878,94,2101,599,74,20,1829,2030,0,319,833,2598,934
48441010300,2019,2279,1092,357,814,0,113,17,148,63,158,51,573,131,319,763,166,603,354,663,308
48441011300,2019,3546,1303,766,1307,87,232,54,506,83,506,80,778,253,721,1675,414,1637,753,879,788
48441012000,2019,1999,1792,11,98,19,44,5,818,62,507,22,73,40,758,829,21,502,256,419,760
48441010400,2019,1957,563,122,1260,12,203,31,92,34,142,66,539,134,435,923,93,795,369,539,534
48441011600,2019,2556,1767,171,518,6,159,5,621,14,510,55,263,254,650,1264,70,1250,571,501,602
48441011900,2019,1886,703,86,1065,0,195,12,95,43,191,25,633,197,422,918,27,902,336,530,324
48441012200,2019,2634,1494,210,878,7,12,0,195,20,185,149,193,184,511,940,33,876,329,500,328
48321730100,2019,2404,655,193,1447,70,379,73,171,65,152,66,487,247,520,1098,156,880,365,669,706
48355005601,2019,5898,416,26,5427,3,364,0,609,255,425,71,1357,317,1340,2446,176,2135,933,1416,1995
48355001300,2019,4033,152,0,3881,0,772,90,56,96,173,42,1217,232,747,1680,396,1569,635,955,793
48355001902,2019,9101,954,408,7680,59,1048,270,879,299,1010,450,1563,61,2033,2820,237,1938,1270,2630,1159
48355002304,2019,4938,977,173,3597,81,409,67,355,177,704,36,540,358,769,2439,1424,2228,1319,1198,929
48355000600,2019,6518,378,531,5593,0,681,35,163,25,508,355,1194,407,1439,2561,538,2512,714,1862,1485
48355003602,2019,6154,1899,2,4202,0,511,205,607,49,790,284,624,247,1424,2410,591,1943,950,1618,1140
48355000900,2019,4245,79,36,4108,0,1199,311,95,36,194,187,916,209,703,1820,334,1673,895,866,754
48225950100,2019,5212,4077,782,346,0,103,45,719,43,825,120,808,989,1615,3141,102,2339,962,1096,1601
48225950200,2019,1142,737,249,143,13,55,13,177,0,150,96,137,431,388,895,11,562,104,230,386
48225950300,2019,3319,1440,1322,238,56,179,3,374,40,390,7,1145,226,481,1340,198,1153,799,876,775
48225950700,2019,5072,2993,1232,770,9,135,16,425,20,251,29,302,472,794,1429,15,811,434,571,1140
48341950300,2019,7800,3093,276,3778,553,1491,310,881,316,1060,750,930,224,1733,2625,188,2015,1191,2517,1140
48355005404,2019,4652,1784,146,2650,61,218,40,1030,56,1273,173,146,121,1304,1880,387,155,1266,1287,613
48355001801,2019,6133,117,233,5667,105,658,145,188,171,262,58,1330,186,1421,2219,97,2174,608,1472,1487
48355000500,2019,1760,53,553,1154,0,194,63,27,53,119,35,546,206,149,697,272,620,340,501,221
48355002400,2019,6065,1538,377,4097,0,275,19,792,293,714,104,998,103,1573,2378,145,2355,1073,1245,1411
48355006000,2019,2171,406,0,1765,0,118,13,214,71,258,98,319,293,556,1031,3,533,329,521,510
48355002900,2019,917,581,197,58,54,52,0,188,2,86,0,29,12,0,245,162,76,229,246,20
48355005406,2019,3762,1477,55,2175,27,269,54,685,110,729,170,161,98,851,1226,159,260,626,884,622
48355000800,2019,4172,788,342,3036,6,358,33,93,60,136,111,451,161,546,1304,322,676,644,1052,830
48355006100,2019,3576,754,91,2655,0,179,7,343,95,345,172,754,169,906,1428,102,1308,572,919,714
48089750100,2019,4648,1240,797,2443,0,593,0,415,125,532,176,722,379,1201,1881,172,1367,584,1275,962
48089750300,2019,5310,3364,755,1169,3,346,31,734,140,749,467,320,1186,1587,3059,52,1727,720,1178,1615
48089750200,2019,1983,1083,286,585,0,260,92,187,49,272,140,315,340,586,1034,5,757,258,396,614
48089750400,2019,5502,3731,434,1198,0,712,278,1047,24,578,110,527,763,1564,2746,260,1567,454,1385,2079
48089750500,2019,3781,2453,411,915,2,211,48,625,4,630,161,196,592,1204,1990,144,1297,445,757,1105
48409010500,2019,1977,182,6,1757,7,118,9,75,32,133,126,298,136,417,766,57,673,193,499,390
48409010700,2019,4246,1927,86,2160,16,203,0,658,121,744,146,163,270,1188,1705,17,663,777,1238,596
48409010603,2019,2769,1973,30,679,32,160,47,871,66,679,158,170,67,821,1070,143,313,524,786,670
48409010601,2019,5841,2444,55,3053,254,255,45,743,45,1131,229,801,472,1171,2671,942,2147,1205,1350,898
48409010800,2019,4083,551,29,3471,4,133,40,102,166,343,90,1064,422,808,1841,239,1692,639,1027,842
48409011200,2019,3139,1353,0,1786,0,41,4,310,77,419,118,705,561,1075,1798,11,1134,392,650,903
48409011300,2019,4943,346,63,4487,7,103,0,113,104,345,121,1494,302,984,1940,178,1589,639,1359,897
48113019039,2019,7339,3819,261,2341,755,1374,215,1956,118,1477,326,830,134,1661,2457,492,2292,913,2160,1646
48113019040,2019,7442,1440,2738,721,2034,2681,911,2127,146,1575,151,1366,203,582,3002,2257,1263,2258,2269,881
48113019041,2019,3140,1877,423,202,461,446,43,1248,16,781,49,56,32,862,1211,123,1131,513,535,950
48113019042,2019,5268,2210,655,850,1315,1412,450,1720,105,1434,309,144,38,1102,2016,749,661,1161,1198,949
48113019043,2019,8027,4976,672,846,1418,1648,302,2995,232,2554,253,500,49,2685,2899,34,938,1169,1375,2539
48113019212,2019,4240,22,170,3970,0,2262,779,130,221,65,61,1398,184,0,1292,1283,1263,932,1891,89
48113019213,2019,3716,362,721,2463,126,1572,308,301,174,142,188,1464,192,26,1598,1589,1315,1211,975,587
48113008603,2019,551,0,393,158,0,43,0,63,11,24,0,140,165,180,355,92,314,77,146,132
48113008604,2019,2887,61,1845,981,0,439,95,89,85,49,109,1403,442,185,1578,1195,966,879,968,497
48113008801,2019,2898,24,1922,866,0,408,65,232,62,99,158,606,97,688,1155,171,1133,348,514,897
48113009202,2019,6875,432,836,5607,0,2311,246,89,122,119,258,1912,59,1041,1779,172,1667,592,2571,654
48113009604,2019,4556,2852,430,1189,37,929,244,1446,0,917,245,478,117,1075,2328,1189,2218,1409,898,1547
48113009607,2019,3475,2398,225,775,41,632,48,1181,8,1076,148,102,218,994,1519,161,1330,618,752,696
48113009608,2019,3324,2258,103,750,62,589,201,1513,77,913,67,96,21,1042,1276,143,1258,535,743,947
48113006100,2019,4559,451,1955,2077,16,921,193,453,167,353,77,1139,143,787,1716,806,1584,796,1405,952
48113007819,2019,2172,527,503,1100,28,578,153,338,51,348,88,553,332,46,1514,1427,1409,1090,468,200
48113007903,2019,2174,1774,67,179,78,218,125,1109,49,891,119,162,122,592,1168,462,764,657,298,629
48113008802,2019,4751,118,2725,1810,0,773,51,100,148,150,126,1851,262,1075,2179,267,2129,767,1277,1007
48113008900,2019,3550,50,2342,1158,0,594,63,267,150,229,114,1129,117,385,1417,458,1296,833,880,426
48113009105,2019,3991,263,523,3178,0,1280,23,43,39,129,203,1176,77,638,1143,101,1039,527,1293,467
48113009201,2019,6773,435,1130,5208,0,2663,429,178,174,243,214,1155,183,1233,2050,177,1854,782,1868,880
48441010200,2019,2286,1224,112,897,6,126,59,194,80,305,16,581,219,278,814,275,564,304,384,247
48441010700,2019,3933,1112,73,2748,0,670,63,193,129,264,266,679,186,844,1431,62,1393,531,1100,704
48441011200,2019,2585,1234,148,1109,23,298,11,203,30,277,55,447,145,563,1233,410,1101,583,545,462
48441012500,2019,3794,2596,196,772,61,125,0,651,58,617,77,502,77,843,1407,204,1362,643,899,993
48441013200,2019,1884,1342,28,408,45,37,0,144,20,207,33,285,119,537,804,0,435,323,447,490
48441013000,2019,1336,716,259,218,68,89,23,76,0,78,18,0,0,61,61,0,8,53,98,21
48441013300,2019,3509,2401,315,703,0,219,96,594,28,607,75,704,220,738,1509,423,575,885,1058,662
48441010100,2019,5863,4337,601,527,228,437,293,1085,267,1085,53,786,605,669,2475,1129,1495,1318,577,1131
48441010500,2019,3428,1543,275,1536,68,112,0,189,19,285,207,1203,156,758,1423,239,1339,772,980,623
48441012100,2019,558,429,70,45,0,0,0,0,18,0,0,292,0,12,12,0,0,0,0,150
48441012600,2019,3353,2897,0,340,23,90,7,1034,32,781,39,98,145,968,1311,206,1264,549,851,886
48441012900,2019,2189,1410,191,414,113,130,84,195,18,160,30,96,86,0,773,142,210,679,904,2
48441013402,2019,8233,6013,111,1727,229,810,239,1860,83,1431,241,688,111,2009,2984,411,977,1719,2698,1506
48441013600,2019,4892,4075,63,658,9,66,3,472,32,606,233,705,440,1461,2292,129,1854,784,1278,1241
48441011400,2019,4387,2761,486,892,43,128,81,392,24,429,131,729,421,1041,2061,329,2046,831,1070,931
48441011700,2019,2072,1004,93,975,0,85,7,128,54,153,72,534,289,436,1141,309,970,500,576,380
48441013100,2019,6036,2788,999,1933,173,355,26,212,63,388,521,982,374,634,2496,520,1997,1514,1794,737
48441011000,2019,1086,521,82,468,1,47,1,61,47,81,37,198,196,148,693,318,678,319,258,150
48441011500,2019,2934,1758,181,936,17,174,10,579,35,631,80,577,184,648,1301,5,1242,509,665,608
48441013401,2019,3997,2568,504,743,136,421,177,454,42,622,73,385,167,674,1723,530,1296,1102,824,449
48447950300,2019,1436,1218,14,190,0,11,0,237,34,223,18,241,360,487,1028,98,861,262,230,537
48331950100,2019,2250,1473,82,661,30,159,20,241,27,267,114,154,482,667,1273,7,902,312,702,721
48331950500,2019,2689,2003,223,391,13,65,12,347,32,372,74,260,292,926,1367,38,695,400,572,869
48121021900,2019,5263,3552,397,277,917,1141,199,2070,99,1464,192,116,116,1357,1632,169,82,861,1825,534
48127950400,2019,2379,221,2,2132,14,165,3,137,131,188,13,735,372,603,1111,38,643,158,506,647
48131950500,2019,3332,95,0,3237,0,127,0,270,90,314,12,624,960,849,2057,55,1383,335,763,996
48135003100,2019,4248,817,166,3232,0,769,97,159,66,236,92,556,253,604,1666,570,1564,764,1169,664
48137950300,2019,1918,830,0,1086,0,113,27,266,0,139,17,165,939,675,1728,13,1183,163,284,635
48201323000,2019,6870,377,48,6444,1,2998,879,187,365,296,158,2287,240,295,2275,1602,1977,1505,2609,613
48201323300,2019,3310,483,203,2570,22,1037,89,119,86,102,139,1127,186,338,1292,828,1264,678,993,477
48201331800,2019,3985,101,3139,672,20,174,55,147,306,199,48,1291,263,537,1435,439,1032,507,1223,788
48201332100,2019,3588,0,1359,2229,0,807,95,133,163,125,131,987,86,534,1035,0,978,456,1175,578
48113007815,2019,5939,842,1312,1467,1882,3278,2113,575,263,347,492,2018,366,221,2414,2245,2170,1789,2070,380
48113007902,2019,5231,4387,241,337,147,265,0,2675,67,1949,161,333,386,1663,3051,1000,2497,1463,822,1443
48113008000,2019,7250,6146,74,546,323,447,100,4544,38,2566,157,119,71,2505,2776,0,2106,1249,2110,1655
48113008400,2019,9590,1018,121,8412,0,3322,346,339,227,439,216,1506,291,1738,2984,425,2880,1247,3102,1028
48113008701,2019,5394,64,4235,1012,0,230,9,172,220,226,76,1925,309,620,2375,1373,1842,1399,2026,821
48113008703,2019,3034,144,1828,1054,0,378,55,150,35,180,41,1095,128,638,1123,44,821,457,640,629
48113009000,2019,9056,672,2133,6157,24,2501,388,83,156,576,240,2045,211,1465,2973,996,2449,1543,2867,1008
48113009603,2019,4500,3355,162,556,266,632,120,2362,19,1514,147,130,100,1453,1951,327,1846,943,1014,1090
48113009702,2019,3129,2483,10,496,79,278,54,1398,43,1089,127,62,103,1140,1321,65,1242,612,658,853
48113009803,2019,2266,850,120,1249,22,839,77,305,33,316,162,198,103,469,841,374,818,350,617,379
48113010701,2019,5761,293,371,4830,42,1750,427,589,85,856,211,1594,273,414,2152,1305,891,1477,1939,478
48113011602,2019,6860,706,1248,4812,94,2195,469,303,21,504,204,1230,56,1221,2013,99,1408,1098,2269,713
48113013607,2019,3532,2364,140,830,86,609,153,1331,69,1081,163,218,40,953,1367,304,1325,633,898,918
48113011800,2019,11243,640,2526,8068,9,3469,342,209,67,330,364,3162,199,1787,2977,626,2468,1330,4536,1211
48113012601,2019,6256,773,866,3970,587,2348,496,262,74,571,268,729,241,1011,2091,774,1974,941,1727,752
48029190800,2019,1832,1328,76,415,6,108,16,950,30,547,53,78,101,515,788,210,691,297,435,467
48029190901,2019,6286,1410,45,4438,235,672,227,1198,349,1054,151,2018,280,973,2433,1535,2197,1461,1843,843
48029150900,2019,6956,472,28,6442,0,1056,49,338,367,547,181,1189,201,1370,2233,354,2112,779,2049,1059
48147950500,2019,2589,2139,175,184,0,53,3,357,66,378,99,353,307,761,1357,49,875,473,590,751
48147950701,2019,4829,4104,87,535,10,250,22,613,153,636,271,686,194,1263,1923,134,1247,765,1117,1073
48147950100,2019,2945,2309,207,358,12,177,67,401,23,376,214,466,220,795,1320,107,923,562,727,790
48147950702,2019,3290,2790,107,289,37,124,20,493,62,618,255,245,133,1051,1365,41,559,646,826,580
48255970300,2019,6776,1370,786,4233,153,518,8,503,113,472,103,961,685,1272,2312,405,1642,553,1125,1128
48255970200,2019,4218,1392,167,2622,8,1077,948,534,103,312,138,624,471,747,1545,151,1138,441,955,790
48255970100,2019,2848,2378,0,441,0,27,7,446,25,595,138,308,325,736,1322,17,873,379,668,716
48255970400,2019,1703,432,44,1210,0,50,0,157,43,138,59,306,232,435,816,58,577,221,489,431
48123970300,2019,4209,2468,444,1297,0,38,34,453,132,556,81,342,346,1047,1818,95,1258,627,982,1218
48123970400,2019,3866,2810,97,937,0,68,6,456,119,429,127,524,342,1218,1838,0,1245,550,944,1219
48123970500,2019,2274,1447,87,734,0,31,0,325,75,356,73,345,506,802,1528,58,1163,363,389,789
48123970100,2019,4453,2391,243,1746,0,396,9,266,138,367,208,649,555,1140,2117,57,1538,666,1282,955
48123970200,2019,5538,2027,1017,2478,1,215,20,311,134,500,153,1086,455,922,1951,170,1208,592,1010,1137
48041001303,2019,4658,3006,520,570,382,461,303,788,127,1123,41,1410,656,307,2629,1845,1514,1616,599,327
48041001801,2019,5855,3867,585,1092,105,204,59,1484,94,1813,113,1230,186,615,2568,1094,2258,1926,1262,636
48041002001,2019,5667,4669,32,600,306,747,125,2630,49,1948,106,463,105,1905,2211,17,1017,1004,1089,1718
48041001302,2019,5088,2832,373,1426,340,1180,713,1479,34,1214,128,1669,286,479,2261,1358,1612,1608,838,615
48041000300,2019,6895,1720,1187,3908,0,1476,211,516,116,765,502,774,300,1823,2691,185,1648,954,1944,960
48041001400,2019,2897,1205,48,503,1031,912,807,508,84,679,87,1221,310,7,1280,1237,626,914,108,26
48041001604,2019,5598,3717,374,594,737,937,753,1416,96,1210,102,1958,505,459,2974,2200,2168,2116,825,432
48029191816,2019,2692,1808,74,563,161,273,24,1526,59,684,68,94,61,649,1586,875,193,957,247,1099
48029191817,2019,12785,5937,414,5035,1178,2719,1332,4587,381,3969,295,806,378,2485,5240,2338,687,3576,2605,2086
48029191900,2019,4855,853,846,2946,42,551,89,781,195,661,83,1584,363,958,2015,458,1489,921,1025,801
48029192000,2019,5010,2343,279,2166,52,564,247,1380,91,1144,280,511,292,619,2440,1419,2140,1448,660,752
48029192100,2019,2299,1090,17,1129,49,233,2,1217,56,999,88,131,289,743,1588,817,1217,824,197,753
48029192200,2019,2790,375,265,1918,74,180,106,369,89,499,88,538,95,95,1223,808,507,1013,619,262
48029192300,2019,5670,2521,209,2583,171,579,30,2833,74,1824,196,508,52,1287,2518,1162,1164,1650,828,1562
48029980001,2019,0,0,0,0,0,0,0,0,0,0,0,0,0,0,0,0,0,0,0,0
48029980002,2019,0,0,0,0,0,0,0,0,0,0,0,0,0,0,0,0,0,0,0,0
48029980003,2019,1033,662,162,140,28,31,40,80,18,66,2,63,31,0,213,7,96,180,244,2
48029980004,2019,0,0,0,0,0,0,0,0,0,0,0,0,0,0,0,0,0,0,0,0
48029980005,2019,0,0,0,0,0,0,0,0,0,0,0,0,0,0,0,0,0,0,0,0
48439114006,2019,7193,5547,104,1363,88,394,160,1093,205,1347,381,715,138,1836,2825,306,1687,1125,1821,1428
48439101301,2019,5011,1773,1664,1302,42,560,70,701,137,570,346,758,310,1319,2191,315,2041,898,1254,979
48439104503,2019,2812,21,63,2728,0,972,192,42,148,91,114,725,44,567,846,27,825,368,813,425
48439106101,2019,1904,65,1123,701,0,140,0,119,35,151,212,381,128,300,626,57,532,251,677,351
48439100502,2019,7234,1104,56,6052,3,2419,322,172,114,571,345,1618,278,1313,2433,227,2111,957,2222,1001
48439102402,2019,4625,3650,297,496,115,247,21,2277,44,1369,150,170,110,1468,1975,304,1711,918,1140,1114
48439105404,2019,4128,3552,91,247,78,183,27,2472,67,1405,276,186,21,1490,1688,132,1545,730,1069,1112
48061011903,2019,2668,105,0,2563,0,799,81,77,34,193,42,744,135,536,827,0,498,273,913,519
48061013002,2019,4367,275,0,4077,15,1189,210,696,186,739,59,1476,122,524,1741,1206,1475,933,1467,846
48061013700,2019,4042,34,0,4008,0,1240,149,226,175,158,21,2277,198,376,1274,344,973,532,1330,662
48061013004,2019,2651,260,0,2385,6,753,74,385,98,347,23,409,46,531,994,281,938,418,530,731
48061013303,2019,4079,156,0,3891,32,1295,20,535,238,436,79,816,67,643,1172,239,772,610,1106,676
48061013401,2019,2396,61,22,2304,0,871,135,100,107,122,62,1030,132,285,823,292,591,300,673,462
48061013600,2019,2839,169,8,2661,0,1010,133,210,107,286,73,814,151,491,1072,402,826,468,748,719
48061013802,2019,3190,181,11,2998,0,1074,237,149,115,204,22,1358,112,399,983,239,750,369,978,638
48147950300,2019,3180,2821,19,154,9,46,7,322,38,474,214,307,186,885,1403,84,756,561,667,870
48147950600,2019,2455,2043,49,223,16,79,0,261,41,344,151,485,170,687,1102,16,570,502,675,553
48049950600,2019,2333,1593,286,413,0,114,0,230,59,232,147,755,247,423,1147,386,834,524,529,576
48049951200,2019,4714,3489,98,951,62,131,28,715,29,873,208,456,197,1329,1940,202,1465,922,1240,1073
48049950300,2019,2904,2537,6,339,0,142,21,385,85,336,93,236,395,1015,1546,0,1022,367,539,1005
48049950800,2019,2687,1318,113,1162,0,262,59,127,99,261,199,315,184,608,1271,134,1231,604,617,394
48049950700,2019,1284,625,178,478,3,74,7,66,29,58,42,177,171,178,499,123,495,193,167,185
48049951000,2019,2787,1716,178,854,0,186,20,331,98,417,246,496,138,616,1176,90,1152,589,822,416
48049951100,2019,4395,3074,76,1046,102,277,71,697,37,616,520,186,217,1221,1887,334,1370,763,1008,1325
48025950100,2019,1819,978,18,809,0,19,11,163,31,212,41,126,388,439,1000,10,787,231,447,498
48025950300,2019,5720,1878,103,3584,102,136,61,389,203,553,53,1398,319,1052,2317,522,2089,1243,1610,1092
48025950500,2019,6215,1365,123,4651,10,178,21,192,184,445,34,1635,465,949,2654,646,2402,1178,1641,980
48025950400,2019,2189,596,4,1532,21,84,1,123,125,169,12,569,280,319,908,90,812,335,689,424
48025950600,2019,2542,751,6,1785,0,120,0,215,139,173,55,315,265,705,1085,0,800,204,549,615
48159950100,2019,5366,4492,72,747,0,243,0,1066,102,940,342,235,1274,1634,3253,109,1722,963,1145,1584
48159950300,2019,2678,2325,0,220,0,99,39,502,109,364,160,431,406,902,1478,20,709,458,671,904
48159950200,2019,2672,1613,396,583,5,260,44,370,115,323,147,322,182,585,1096,149,863,471,774,558
48163950200,2019,6889,660,106,6028,95,1791,1186,196,104,551,165,1148,499,879,1895,56,1398,486,1520,1211
48163950300,2019,6074,1040,453,4463,24,881,709,296,340,440,18,854,420,575,1440,177,804,470,1725,460
48163950100,2019,6908,1533,72,5262,41,782,186,415,34,613,103,1616,532,1682,2658,227,1338,651,1497,1611
48453002105,2019,5090,1457,624,2850,76,1416,535,1037,123,872,32,1358,375,324,2474,1855,1868,1807,979,591
48453002109,2019,4243,1544,1524,980,89,391,47,1315,13,1268,127,861,152,901,1763,321,1152,962,470,828
48453002308,2019,6467,2744,529,2916,155,928,479,2188,152,1584,61,1300,227,471,2911,2145,2006,1999,820,615
48453002313,2019,4589,1239,761,2281,109,946,328,880,88,971,175,1211,182,239,2261,1939,1241,1669,1192,343
48453001716,2019,7296,4191,1011,1239,361,751,162,3932,150,3330,546,221,161,1537,3260,1619,1136,2178,1626,1173
48453001754,2019,5029,3577,240,845,251,527,28,2299,66,1960,226,228,115,1211,2425,1153,2060,1560,867,1018
48453001769,2019,6988,4530,56,2005,262,974,9,2438,128,2016,243,394,104,1898,2731,542,1441,1362,1288,1488
48453001817,2019,4105,2946,131,752,112,481,183,1839,117,1470,217,554,82,1042,2362,1354,2175,1358,546,960
48453001826,2019,2788,1419,324,585,330,616,354,976,80,753,237,347,92,313,1437,984,465,1015,368,418
48453001848,2019,5226,2016,928,1215,899,1385,559,1995,220,1346,393,291,186,971,2363,1020,795,1517,913,1075
48453001910,2019,4749,3847,42,668,144,551,295,2585,77,1558,180,443,245,1102,2065,779,1392,1076,1205,1144
48453001911,2019,2949,1736,47,761,362,439,332,1924,14,1511,247,224,275,189,1994,1852,1238,1469,263,262
48453002005,2019,5560,3174,154,1904,274,1115,577,2358,74,1911,177,867,231,698,2987,1634,2272,2274,710,383
48201223001,2019,4217,164,479,3563,7,1534,286,131,54,153,136,1340,63,589,1112,397,1107,456,1453,386
48201232301,2019,12938,1364,4249,7068,88,2995,567,613,325,949,799,2776,257,1902,3857,267,1095,2306,5301,951
48201232302,2019,12014,714,3842,7323,80,2819,456,919,478,1514,896,1375,354,2382,3495,180,1169,1666,3701,1200
48201232401,2019,9255,1039,2053,5761,355,2693,629,813,552,1126,454,1228,327,1971,2879,345,1084,1060,2620,998
48201232402,2019,4121,418,1093,2385,121,913,185,262,262,307,351,612,79,713,1387,467,1135,648,1220,572
48201232403,2019,4674,175,1069,3313,94,1564,237,221,99,459,258,882,126,680,1600,441,1363,721,1311,577
48201232702,2019,5334,367,1605,3251,20,1650,326,318,156,298,377,1324,400,312,2278,1742,1640,1378,1610,828
48201233003,2019,2555,737,182,1585,20,336,16,335,53,375,123,258,38,732,838,4,804,203,656,582
48201232701,2019,7825,279,1772,5728,17,3545,1466,265,344,321,319,2345,243,827,2722,1630,2202,1850,2438,613
48201233001,2019,4161,724,1506,1877,0,594,261,206,96,219,207,710,288,465,1606,1092,1435,861,1455,449
48201233002,2019,4992,516,1605,2384,432,1011,201,905,224,740,310,249,14,1104,1323,14,967,380,1248,844
48201233101,2019,4458,588,232,3543,0,1796,285,132,127,271,84,1369,238,520,1455,493,1183,705,1439,331
48201233102,2019,7115,732,0,6340,0,2982,706,283,168,287,356,2759,243,923,2049,173,1400,1090,2738,482
48201233103,2019,5550,501,67,4960,11,2305,443,50,213,128,308,2266,136,666,1684,312,1416,843,2124,487
48201233701,2019,5414,602,903,3901,0,1652,362,347,153,403,273,1987,91,913,1514,137,1415,575,1623,635
48201233702,2019,3036,76,39,2895,0,1077,145,74,123,133,155,779,44,414,795,166,769,330,1132,292
48201233703,2019,2510,318,77,2115,0,778,11,72,45,186,210,422,8,480,682,41,648,241,727,335
48167724200,2019,2762,1239,549,468,471,614,280,934,163,677,48,816,489,398,1774,1224,1686,941,375,483
48167724300,2019,3043,1881,370,457,252,419,157,1075,55,779,66,664,615,498,1986,919,1757,965,287,598
48167720100,2019,5372,4013,87,885,326,364,25,1624,192,1431,254,408,91,1718,2035,62,1055,656,1544,1289
48453000901,2019,2604,1096,422,843,129,262,64,1109,61,994,130,320,188,338,1267,618,473,816,266,135
48453000402,2019,3661,1860,957,660,92,304,178,1592,115,1503,110,392,184,593,1824,854,1202,1152,524,692
48453000601,2019,10332,4936,1756,2383,947,956,610,225,532,913,19,535,67,0,364,332,149,287,145,9
48453001303,2019,5093,3745,84,1083,143,372,70,3211,94,2326,296,483,792,1151,3818,2667,1029,2403,420,792
48453001304,2019,4593,3517,54,735,174,285,67,2852,54,1786,219,163,78,1278,2289,674,1466,1485,636,659
48453001501,2019,5582,4755,90,478,184,315,0,3006,96,2140,121,135,233,1677,2550,661,2348,1059,1170,1193
48453001713,2019,4490,2627,135,1539,83,536,250,1995,93,1569,76,231,95,1211,2107,388,1625,1239,569,846
48453001912,2019,4129,3122,131,351,376,468,42,2448,114,1405,218,232,229,1052,1769,457,687,804,868,959
48453001729,2019,5075,2799,19,1631,480,629,159,1896,136,1596,291,332,90,1133,2336,602,1743,1386,696,1169
48453001733,2019,4348,3118,120,782,181,402,40,1787,31,1247,184,147,23,1339,1435,0,630,582,1199,958
48453002314,2019,5392,1815,652,2706,138,1128,354,1405,41,1391,197,1093,327,209,2747,2524,1461,2240,781,509
48453002411,2019,7419,711,503,6191,0,2477,294,398,285,663,119,1663,98,792,2083,925,1017,1118,2232,677
48453001603,2019,5236,4220,55,430,407,353,169,3279,53,2001,241,179,221,1486,2068,237,1706,879,1369,851
48021950802,2019,8375,2481,89,5713,20,1588,371,588,272,1067,304,1067,301,1795,2464,0,669,1041,2704,1034
48025950201,2019,8417,2170,1952,3668,14,415,56,282,27,103,16,168,79,314,424,11,240,116,278,459
48025950202,2019,5709,2496,22,3165,26,130,0,602,158,600,173,909,674,1407,2351,139,1546,617,1688,1313
48023950300,2019,3577,3098,110,305,40,103,41,579,38,468,29,406,1115,1107,2645,96,2304,686,746,1107
48027020201,2019,8745,6704,310,1216,309,802,181,2449,175,2007,154,217,151,2543,2967,34,1151,1514,2724,1533
48027020401,2019,3310,1297,745,1053,66,302,64,254,131,299,89,619,110,765,1408,452,590,939,952,547
48027020202,2019,7320,5907,28,1317,0,262,0,1162,288,1031,332,485,221,2344,2921,53,1211,1196,1725,1891
48027020402,2019,2498,1187,535,722,0,157,26,246,126,228,139,463,54,528,979,60,564,418,619,592
48027021903,2019,9104,4106,1834,1717,587,794,194,2897,246,1309,39,219,144,2139,3224,263,392,1821,2490,1227
48029121122,2019,6009,3248,346,2199,52,499,36,1579,93,1569,115,361,123,1647,1950,32,1510,639,1238,1449
48029121605,2019,2027,1164,131,583,87,152,0,214,54,240,25,412,44,574,759,0,759,210,439,501
48029121606,2019,5015,2206,493,1876,171,574,151,749,130,742,83,484,188,1035,2346,1000,1531,1136,1101,938
48029121702,2019,7880,3579,993,2373,610,695,173,2234,71,1747,283,1190,93,1872,2851,519,1043,1492,2388,1844
48029121808,2019,3343,1584,154,1538,31,260,6,621,28,603,50,236,64,826,1080,0,493,458,636,886
48029121809,2019,5117,2355,302,2181,167,578,194,987,94,880,153,263,94,1424,1790,32,765,706,1176,1016
48029121810,2019,4891,2188,322,2199,93,315,66,1019,152,1045,70,407,56,1150,1496,0,168,687,1251,699
48029121811,2019,5616,2553,371,2198,339,407,53,1522,87,1554,49,734,33,1321,1837,218,110,1072,1547,672
48029121812,2019,6881,3119,572,3005,42,389,13,1050,99,1008,71,976,58,1510,2088,235,1221,931,1997,1062
48029121813,2019,1738,786,122,777,0,47,0,263,42,287,42,207,43,466,588,0,554,175,369,384
48029121903,2019,5883,3236,436,1803,244,575,202,2020,320,1285,142,313,135,1567,2275,515,510,999,1239,1297
48029121904,2019,3176,1817,90,809,359,552,248,1317,52,952,89,63,80,969,1135,0,192,442,967,435
48029121905,2019,5438,2894,223,1720,394,892,336,2049,52,1625,101,337,190,1247,2464,1061,33,1616,1223,812
48029121906,2019,5583,3312,121,1657,205,620,0,1809,14,1366,157,336,128,1227,2309,981,467,1376,1274,965
48309004202,2019,3372,2950,98,267,12,85,5,460,65,549,255,411,199,1110,1523,4,995,468,682,778
48309001300,2019,2741,822,412,1259,188,632,70,325,45,321,114,547,64,627,901,3,697,417,842,279
48309001200,2019,2753,139,1074,1491,0,423,30,102,78,133,102,1441,258,348,1185,506,918,505,1013,391
48309001900,2019,5447,2315,1259,1646,101,401,120,285,245,528,169,3200,254,232,2333,1568,1256,1812,1171,332
48309003500,2019,4271,3843,35,332,0,160,8,460,21,639,219,569,244,1215,1689,5,941,538,1170,1095
48309000200,2019,3585,2227,262,746,197,227,171,372,129,759,33,2357,372,98,1847,1530,820,1432,174,41
48309000400,2019,5951,3726,898,947,345,675,377,515,208,986,178,3694,613,279,3039,2520,1922,2229,966,217
48309002000,2019,4179,3019,155,909,55,156,8,730,64,821,161,147,88,1153,1605,128,965,549,1129,970
48309003601,2019,3366,1958,721,619,6,64,8,358,122,396,118,496,247,770,1314,88,967,484,1098,689
48309002700,2019,3632,728,412,2467,25,698,169,205,56,145,121,1056,231,694,1630,159,1566,673,846,689
48309003708,2019,7440,5097,626,1406,271,298,137,1728,112,1652,563,309,144,2119,3002,410,1571,1618,1609,1512
48309000300,2019,3934,2476,319,606,408,307,245,0,90,216,8,0,0,0,0,0,0,0,29,0
48309002100,2019,5643,1365,1546,2622,0,493,84,247,95,605,251,834,132,792,2063,961,1736,1292,1827,829
48309002498,2019,5100,2382,939,1756,0,399,31,1082,92,910,334,534,292,1087,2272,481,2220,1180,1320,1170
48309002800,2019,4149,2733,497,689,96,241,11,1348,50,806,315,282,146,1189,2214,881,1878,1211,624,1506
48309002900,2019,3922,3146,2,568,150,210,26,1011,50,820,188,79,149,1247,1632,21,663,826,903,1072
48309003701,2019,3225,2320,206,620,13,238,25,437,54,607,151,363,132,885,1355,69,676,577,729,847
48309004201,2019,3661,2947,235,430,16,202,54,456,77,540,208,440,245,968,1666,108,1286,643,748,1118
48215024402,2019,9370,76,30,9264,0,1994,186,754,161,1019,456,2850,392,1849,2493,0,1020,494,3485,1317
48215020701,2019,11289,1187,0,9992,110,2503,575,1966,425,2173,238,1639,135,2809,3317,45,1080,1375,3877,1649
48215020721,2019,7860,794,114,6099,779,1693,290,1138,321,1259,124,1312,256,1395,2596,863,625,1172,1735,1122
48215021000,2019,6485,777,15,5679,0,1769,252,835,107,679,85,2042,288,1162,2488,572,1832,1194,1686,1639
48215021901,2019,8620,898,0,7722,0,2754,207,551,107,429,69,3686,680,2296,3319,34,966,1007,2710,1632
48215023102,2019,8077,151,0,7926,0,2015,100,259,258,416,140,2893,275,1661,2172,55,1060,472,2657,1100
48085031708,2019,4216,2228,923,570,285,987,272,1828,73,1180,117,353,175,1132,2306,1144,1903,1363,607,1129
48085031632,2019,6037,3136,1272,461,1044,1252,409,2093,191,1708,194,406,80,876,2598,1354,810,1506,1297,1422
48085031635,2019,4542,1875,804,795,857,1352,494,1218,148,1122,179,248,197,584,1836,929,1044,1063,891,575
48201411100,2019,3741,2210,288,552,636,849,313,2168,38,1410,82,226,242,1131,1711,584,976,796,1055,989
48201412600,2019,3913,2938,0,296,565,750,143,2068,24,1416,164,64,82,1162,1354,0,678,486,1252,758
48201420300,2019,3575,2359,566,417,147,448,168,1899,130,1527,60,258,177,825,1705,645,1123,839,853,633
48201421500,2019,7897,439,2099,4236,856,4512,2046,1271,116,986,362,2319,242,134,3152,2950,2779,2244,2203,731
48201531500,2019,2856,1203,141,1386,68,424,106,825,75,767,142,354,193,760,1433,360,1018,758,553,756
48201531700,2019,3515,2335,102,650,205,233,51,1696,41,1269,122,76,56,1166,1348,6,1085,688,982,649
48201312300,2019,1965,254,1232,382,47,252,86,518,110,426,84,640,266,329,1147,410,652,647,398,286
48201312800,2019,2813,236,2051,326,130,361,141,219,176,209,7,1103,58,119,800,601,784,525,708,206
48201312900,2019,4361,490,3520,128,159,291,162,1223,139,952,41,1053,299,706,2023,1057,1765,952,610,728
48201350200,2019,8612,1513,1133,4983,913,2117,282,857,744,1650,380,1551,170,2202,2854,223,2795,1144,1869,1371
48201340900,2019,4522,1647,483,1768,515,1018,400,781,179,704,199,528,310,296,2276,1913,2134,1603,1100,380
48201342100,2019,4323,1570,49,2460,144,725,216,431,118,487,313,558,34,1257,1483,123,888,569,1098,853
48201350500,2019,7851,831,1303,4224,1357,3038,384,806,359,805,389,1758,114,1436,2529,715,1860,1129,1952,1322
48201410500,2019,4560,3192,89,831,302,774,310,2598,73,2119,180,200,458,1221,3012,1429,1832,1876,438,656
48201411700,2019,3476,1714,634,648,352,524,223,1783,77,1634,174,122,161,89,2075,1967,1059,1710,558,219
48201430800,2019,6209,3728,71,973,1398,1892,1092,3282,103,2138,311,233,366,1192,2834,1440,1407,1611,1731,1045
48201431700,2019,4642,3724,306,428,146,589,200,2908,94,1333,134,272,574,1569,2708,1461,1269,1172,561,2135
48201432500,2019,5289,1307,575,2954,343,2886,1260,1250,212,914,177,1973,404,710,2710,1787,2562,1589,1191,536
48085031715,2019,2783,1951,184,383,148,532,68,1399,35,963,86,141,139,816,1331,373,806,535,506,723
48085031716,2019,2500,1506,192,306,281,640,179,1005,78,871,127,87,120,647,1479,839,1043,898,351,611
48085031717,2019,1923,865,169,400,380,632,336,896,107,759,102,241,233,290,1254,886,802,731,292,215
48085031718,2019,2640,1769,55,364,389,533,74,1226,75,826,82,195,53,683,1102,251,842,496,500,642
48085031719,2019,1830,1085,92,99,496,594,244,913,89,694,86,183,30,571,920,364,488,457,269,480
48085031720,2019,4640,553,539,1447,1947,2950,2063,1484,630,1075,193,2276,292,42,2132,2083,1911,1545,838,247
48085031806,2019,2676,523,344,315,1394,1406,1186,1300,23,931,60,502,89,0,1290,1245,223,1137,535,115
48085031807,2019,4699,3817,95,388,379,715,142,2013,107,1354,127,332,202,1445,2313,585,1667,860,654,1871
48085032010,2019,6163,1992,1123,2141,722,1842,523,1407,103,1006,247,974,90,765,1941,958,1332,1291,1707,565
48085032011,2019,7623,3673,663,436,2665,2754,1028,3315,202,2817,390,210,149,1583,2762,820,356,1622,2273,1046
48085032012,2019,4299,1042,345,2746,28,1296,158,545,88,607,82,1024,92,816,1313,212,1211,524,1292,472
48085032013,2019,6359,1362,843,2461,1407,2524,1134,1603,153,1382,210,942,66,828,2191,887,1014,1340,1566,585
48091310403,2019,7473,4796,120,2091,265,735,309,1894,141,1561,294,485,179,2109,2970,522,908,1590,1880,1517
48091310404,2019,4885,2588,12,2133,7,873,156,614,86,763,140,1046,122,1002,1789,388,1142,892,1284,799
48091310501,2019,5016,2366,82,2326,168,201,102,853,137,729,224,749,57,706,1585,213,1046,1017,1417,836
48091310503,2019,5046,3828,27,919,230,421,101,1525,121,1037,299,150,460,1023,2854,1551,617,1750,900,1623
48087950300,2019,2969,1784,248,854,0,260,10,398,128,397,98,493,454,779,1489,72,1290,432,744,659
48091310502,2019,6267,3007,279,2820,11,214,47,648,145,950,222,831,208,1109,2369,668,562,1569,1647,848
48091310603,2019,3829,3080,119,538,29,217,25,756,132,575,116,295,203,1375,1602,10,362,727,602,1324
48091310604,2019,2964,2247,0,622,9,108,14,752,0,576,95,189,546,1088,1778,0,1109,667,505,1002
48091310605,2019,5781,4220,31,1403,0,462,30,989,83,1024,80,588,342,1907,2519,0,713,1186,1254,1593
48091310606,2019,5281,4004,226,860,45,160,111,1106,42,847,199,475,511,1625,2533,428,904,1280,1077,1639
48091310607,2019,4778,3887,0,789,80,206,33,1480,60,865,171,404,791,1747,2921,122,1526,1175,490,1941
48091310608,2019,3729,2687,0,1013,0,161,52,527,44,406,57,542,461,984,1662,33,711,583,851,1032
48091310701,2019,6684,5682,16,948,31,227,86,2096,217,1426,133,266,348,2110,2613,137,613,950,1506,2003
48091310702,2019,5081,3854,11,1203,0,172,7,1625,101,1263,144,99,54,1822,1970,58,262,762,678,1921
48285000300,2019,2403,1976,0,400,20,113,35,244,13,298,173,158,468,711,1410,50,950,314,583,806
48285000400,2019,3519,3151,171,191,1,25,12,588,33,497,299,208,486,1103,1845,15,1295,496,821,1114
48285000500,2019,3688,2661,212,780,0,133,13,345,39,540,319,426,342,1161,1726,82,1044,455,972,1050
48285000600,2019,3143,1385,338,1410,0,460,29,277,78,359,368,338,194,813,1400,142,1202,516,737,777
48287000100,2019,4965,4243,115,555,34,156,0,574,12,948,156,535,404,1665,2273,37,1047,838,1056,1368
48287000200,2019,2765,1555,787,401,0,198,0,292,33,347,92,321,594,963,1656,0,960,264,373,1043
48287000300,2019,3188,2460,151,567,0,195,54,207,6,305,17,300,332,1071,1507,61,746,369,545,984
48287000400,2019,6140,2546,846,2517,135,882,24,623,159,542,144,884,397,1163,2327,389,1577,829,1810,1233
48303001708,2019,2873,1161,200,1250,207,459,214,601,136,674,0,704,312,0,1799,1742,976,1400,493,317
48303010407,2019,9506,6861,166,1614,519,695,137,2924,187,2516,320,302,147,2963,3571,163,351,2301,2566,1379
48303001709,2019,4417,2211,687,1373,49,148,17,606,45,740,59,987,80,535,2037,940,1682,1389,1171,638
48303010405,2019,5337,2865,0,2038,202,532,46,1221,57,1303,142,634,173,1391,2482,628,1150,1389,1142,1324
48303010406,2019,6763,4441,337,1391,487,517,107,1433,135,1394,125,905,294,1864,2612,311,664,1375,2116,1017
48303010408,2019,11948,9047,171,2207,168,592,159,3254,279,2630,173,696,96,3352,4416,363,747,2675,3802,1764
48303010511,2019,5486,3297,184,1772,104,373,29,1263,45,1386,108,538,188,1290,2086,190,96,1361,1674,638
48309004103,2019,9469,6863,878,1232,286,368,57,1944,146,1861,400,577,337,2293,3336,364,957,2003,2832,1567
48309004300,2019,7809,1866,1278,4562,0,1361,201,532,102,803,624,1327,343,1463,3031,586,2399,1269,2039,1248
48313000100,2019,3997,1564,1197,1104,62,326,101,203,24,156,23,145,169,365,615,5,301,160,231,303
48313000200,2019,2164,1668,20,242,170,183,92,401,44,352,38,361,221,725,1076,12,586,354,627,571
48313000400,2019,5007,2086,1087,1424,255,923,224,457,29,534,284,584,335,1141,2158,278,1606,857,1445,1172
48303010509,2019,3160,2700,0,406,33,148,86,1186,54,795,54,72,50,1054,1240,25,30,684,820,809
48303010510,2019,2811,2108,90,429,68,106,39,1045,36,812,88,69,73,1028,1156,46,283,660,677,672
48303980000,2019,0,0,0,0,0,0,0,0,0,0,0,0,0,0,0,0,0,0,0,0
48309980000,2019,0,0,0,0,0,0,0,0,0,0,0,0,0,0,0,0,0,0,0,0
48313000300,2019,3029,2491,6,520,0,74,0,374,74,301,109,229,296,935,1441,0,657,481,739,958
48321730201,2019,6767,2777,484,3305,0,804,375,879,176,650,422,1118,441,1789,2780,313,2247,895,1442,1724
48321730202,2019,1874,1048,149,666,4,91,15,200,82,287,154,389,71,566,771,44,529,226,492,451
48285000200,2019,3620,2474,439,603,73,139,49,468,105,522,171,585,441,876,1826,152,1314,610,814,1012
48321730301,2019,4068,1668,173,2167,52,435,152,521,30,389,196,611,177,829,1628,333,1390,739,1299,714
48321730302,2019,4876,1447,931,2389,34,678,136,432,301,566,250,1351,635,775,2511,1421,2128,1224,1576,862
48321730303,2019,996,706,105,185,0,54,0,111,6,116,97,189,97,311,458,10,310,101,199,217
48321730501,2019,3746,2844,713,86,79,102,0,472,62,397,87,616,2754,1516,4486,96,3174,642,578,1523
48321990000,2019,0,0,0,0,0,0,0,0,0,0,0,0,0,0,0,0,0,0,0,0
48485011400,2019,2411,933,97,1265,17,328,7,81,56,143,115,585,215,588,1031,72,917,370,815,296
48485011000,2019,2363,960,282,1098,0,367,118,197,44,177,47,1103,258,334,1273,338,1210,586,762,528
48485011900,2019,3876,3122,202,332,150,253,120,1094,84,823,171,633,281,802,2034,1097,1810,1214,856,772
48485012400,2019,6966,5407,96,894,365,452,171,1399,80,1284,122,508,371,1839,3223,901,2387,1700,1866,1566
48485013000,2019,1951,1122,303,304,20,99,0,131,28,118,86,545,272,538,1112,148,1020,323,539,411
48485010200,2019,1177,545,212,348,0,9,0,105,24,128,91,241,106,101,595,268,561,354,221,251
48485010100,2019,1158,334,327,451,5,116,15,120,53,86,11,490,179,208,686,281,660,310,213,296
48485010700,2019,2572,1152,355,1027,0,248,0,141,134,349,103,731,242,450,1307,303,1279,618,642,320
48485012200,2019,6212,4387,649,944,95,467,229,1117,143,1080,393,928,170,1762,2810,615,2336,1359,1093,1493
48027020300,2019,11243,6584,1247,2795,251,531,233,2216,121,2141,450,997,112,2652,3718,283,784,2336,3727,1435
48027020800,2019,2897,577,1346,855,0,218,282,155,179,249,141,1313,195,443,1194,320,1031,573,829,600
48027020900,2019,2887,1048,866,907,0,182,0,219,139,189,15,1121,118,246,1095,470,549,744,719,825
48027021700,2019,8754,7228,65,984,149,251,58,2488,133,2097,177,1003,400,1867,4157,1429,1567,2474,2352,2071
48027021800,2019,9390,5695,1358,1873,207,616,168,1287,163,1452,201,1294,449,2174,3726,228,1043,1926,2729,1510
48201320602,2019,4960,302,169,4489,0,2067,459,132,162,218,120,1617,77,562,1560,593,1147,864,1398,808
48201321401,2019,4719,314,8,4376,21,1476,84,105,187,250,189,1388,110,877,1305,93,1100,413,1558,714
48201321402,2019,4412,540,0,3872,0,1401,263,222,152,415,209,153,185,837,1397,341,1093,590,1402,466
48201323701,2019,4934,1635,141,2934,71,550,150,723,106,817,340,518,143,620,1997,1316,1605,1373,1205,1245
48201323801,2019,3820,824,0,2961,0,967,128,211,203,247,306,385,39,979,1213,41,1213,368,1107,558
48201323802,2019,5018,890,99,3871,59,1639,234,353,179,348,308,1021,98,1054,1691,285,1374,814,1705,677
48201323702,2019,3183,1173,2,1776,226,480,144,390,82,512,340,249,166,601,1269,538,1222,589,815,523
48201324100,2019,5463,351,121,4919,0,2112,425,291,365,323,112,1252,167,651,1709,340,1517,881,1913,699
48201324200,2019,1087,42,16,1029,0,473,12,47,44,58,66,275,80,212,461,48,434,156,280,245
48201330301,2019,8737,143,1950,6281,266,3653,110,703,175,874,339,762,0,1950,2244,56,108,677,2423,871
48201330302,2019,6540,248,2456,3775,48,1701,220,472,241,484,162,1111,0,1191,1755,28,1261,612,1910,1175
48201330303,2019,4231,640,1543,1931,24,873,147,595,96,562,75,716,117,620,1747,816,833,1006,992,784
48201331601,2019,6762,61,5864,650,52,358,41,962,521,642,184,1489,142,1677,2622,468,2094,884,1359,1775
48201331602,2019,1946,107,1324,417,30,221,49,286,77,406,22,404,566,184,1230,800,846,528,557,247
48201333201,2019,4691,275,1102,3170,144,1764,382,249,177,519,247,787,56,514,1889,1222,1697,1259,1106,636
48201333202,2019,5949,451,2332,2998,149,1779,311,356,221,494,285,1443,499,373,2657,2163,2612,1686,1769,646
48201334001,2019,3746,469,1328,1272,677,1096,558,229,112,278,292,494,54,384,1350,894,1094,931,1176,456
48085030408,2019,7675,3383,310,3491,351,2054,562,1761,36,1553,396,712,414,1025,3408,1807,1104,2129,1619,1145
48085030504,2019,3642,2671,267,117,502,513,225,1652,29,1124,117,155,190,540,2023,1446,196,1506,695,649
48085030506,2019,2963,2108,209,259,259,452,114,1250,62,1099,119,79,44,906,1130,0,49,453,812,331
48085030505,2019,5161,2985,438,380,1224,1567,961,2708,410,2142,263,404,299,234,3402,3107,104,2755,682,565
48085030507,2019,1750,1280,69,184,188,253,66,809,63,585,60,51,42,570,672,0,9,260,508,180
48085030508,2019,7077,4577,346,942,1033,1579,544,2870,46,2319,316,376,66,1763,2602,400,310,1379,2090,768
48085030510,2019,3455,1939,400,373,677,962,158,1356,35,1224,111,190,21,908,1203,36,52,611,938,513
48085030509,2019,2817,1630,174,402,537,649,212,1009,62,837,119,106,37,688,942,71,14,372,829,443
48085030512,2019,5238,3462,98,237,1133,1067,134,2101,75,1489,174,0,0,1400,1418,0,40,594,1922,404
48085030513,2019,13098,7107,1987,1488,2156,2680,960,4535,196,4551,903,369,764,2363,6493,3777,123,5370,3102,1711
48085030514,2019,7454,4712,1288,663,503,673,164,2240,98,1881,193,211,47,1717,2532,196,219,1232,2021,1101
48085030515,2019,6339,3864,1056,742,539,772,88,1850,92,1683,404,263,132,1665,2269,225,55,1095,1845,842
48085030518,2019,7379,2952,432,305,3102,2237,455,3381,159,2526,335,75,130,1931,2198,104,131,1755,2800,523
48085030519,2019,4966,2588,449,465,1252,1312,288,2230,98,1904,112,48,340,1169,2080,690,21,1546,1447,447
48085030511,2019,12065,4585,763,1195,5141,4018,861,5402,227,4383,607,317,251,3224,3896,139,121,2606,4380,880
48201412000,2019,3967,3006,98,400,332,540,186,2385,58,1655,94,206,263,1058,1891,681,1037,926,829,1108
48201421000,2019,3113,2038,65,221,694,536,61,1557,21,1126,99,55,54,945,1178,8,615,448,923,721
48201100000,2019,6011,3152,1264,980,452,1060,543,3040,138,2568,323,821,863,434,3987,3881,2124,2775,99,877
48201221700,2019,7898,377,0,7521,0,4240,358,59,89,412,316,1676,96,1562,2373,281,1988,1223,2593,893
48201341000,2019,8759,4001,1326,2577,536,1012,323,2637,173,1968,274,786,56,1185,4040,2675,2490,3044,1518,1621
48201342900,2019,6383,3915,16,2180,23,559,39,741,271,1316,414,606,150,1853,2388,231,2018,905,1284,1292
48201411000,2019,5175,3652,84,455,687,1243,730,3500,68,2679,269,334,504,763,3870,3297,1412,2997,240,1141
48201421300,2019,8107,839,1797,3421,1478,5088,3277,1121,322,636,345,2867,276,291,2690,2340,2531,1937,2915,441
48201433300,2019,5121,1418,201,2423,979,2284,439,1075,109,817,97,1369,208,1154,1756,41,1735,454,1297,996
48201454800,2019,8434,4316,189,3128,433,2247,1260,1885,264,1791,377,927,86,1795,3169,798,2337,1808,2269,1561
48201541800,2019,6731,1662,1059,3122,594,2321,639,981,154,1188,174,1037,468,896,2928,1848,1105,1679,2006,862
48201230500,2019,3640,158,332,3038,99,814,112,112,98,351,58,1118,131,709,1245,68,1159,401,967,619
48201420400,2019,3608,2499,312,463,309,389,29,1650,132,1269,163,375,111,1184,1596,123,1512,612,712,962
48201432100,2019,6053,1768,1209,1899,986,2927,1950,1600,319,1114,198,1074,153,373,2941,2543,1986,2581,1171,632
48479000108,2019,4001,38,1,3962,0,957,310,133,169,177,39,1455,77,450,959,276,470,395,1404,363
48479000109,2019,2239,0,0,2239,0,577,11,80,61,86,9,781,56,357,587,71,340,120,804,332
48479000601,2019,2765,53,0,2712,0,681,180,215,72,294,34,1088,149,456,903,68,730,223,802,513
48479000602,2019,2428,25,5,2398,0,494,35,64,58,112,8,1356,35,356,621,79,275,262,911,299
48479000903,2019,2764,0,6,2758,0,710,133,162,74,202,0,1289,47,214,758,292,571,384,1085,294
48479000904,2019,3817,132,0,3685,0,1289,290,121,132,133,38,1723,113,447,1060,109,803,488,1398,466
48479001003,2019,3625,73,117,3283,152,1009,414,471,89,386,27,1118,49,341,1177,583,404,724,1048,328
48479001004,2019,1764,33,0,1731,0,455,163,58,20,199,0,517,49,296,588,179,370,251,500,369
48479001103,2019,1495,51,0,1444,0,530,59,103,14,45,7,456,24,163,555,225,396,309,439,249
48479001104,2019,3373,58,23,3282,2,785,270,358,58,254,0,1130,99,550,1140,384,897,421,1030,630
48479001105,2019,2744,58,0,2655,31,551,86,142,45,324,17,1212,26,325,787,328,83,403,982,208
48479001201,2019,2513,23,21,2449,20,599,102,129,49,195,38,1097,236,364,1077,191,906,354,753,584
48479001202,2019,2885,32,23,2819,0,711,103,79,40,111,18,1424,70,263,902,238,797,407,974,556
48479001401,2019,3439,106,6,3327,0,849,140,168,73,276,52,990,87,585,1181,348,1011,391,1109,792
48479001402,2019,3474,15,26,3397,0,1045,227,182,53,184,81,1551,41,418,885,188,587,391,1325,546
48479001601,2019,3903,24,16,3863,0,1051,114,302,68,614,0,544,97,658,1322,429,1039,473,842,710
48253020102,2019,6856,1733,2420,2182,73,356,22,120,0,0,0,0,0,0,0,0,0,0,0,158
48253020500,2019,4276,3801,30,372,0,39,0,547,105,648,83,371,427,1539,2301,7,1452,818,993,1286
48243950100,2019,2241,1308,23,893,0,468,40,518,34,263,13,85,859,860,1913,37,1286,389,376,1039
48247950200,2019,2409,110,2,2297,0,161,58,121,71,148,49,1063,227,419,930,133,660,348,867,489
48247950400,2019,2822,313,0,2481,0,38,0,287,160,237,14,513,615,746,1538,175,1121,349,806,730
48249950200,2019,7990,1394,0,6596,0,200,27,439,251,857,186,1455,763,2001,3149,13,1953,705,2372,1788
48249950300,2019,6862,1181,151,5366,164,577,258,999,131,721,199,1724,238,1468,2673,638,2146,1011,1691,1718
48249950500,2019,6403,584,0,5671,48,318,21,330,201,723,159,1727,426,1208,2372,333,1824,767,2040,815
48135001000,2019,5902,1345,147,4306,53,970,263,349,115,410,222,409,234,1147,2035,481,1958,868,1881,869
48135001300,2019,5015,1687,116,3138,15,573,62,595,121,666,241,250,205,1208,1907,217,1813,698,1129,779
48135001600,2019,5936,2470,109,3357,0,446,19,458,41,753,314,297,285,1531,2347,136,2105,1133,1735,651
48135002503,2019,6289,2253,443,3283,21,626,306,814,463,929,119,909,434,705,3027,2128,1653,1837,1545,968
48135000300,2019,1403,955,0,406,0,61,13,87,82,109,36,162,97,400,667,34,351,328,318,285
48135000600,2019,5889,1580,200,3797,117,646,107,354,212,479,228,917,303,1109,2078,83,2052,787,1680,655
48135002200,2019,3222,921,2,2259,0,732,146,183,48,200,73,444,47,862,1102,15,739,456,934,521
48061012800,2019,5167,277,46,4844,0,1209,140,361,88,381,107,924,85,1043,1553,172,1055,415,1442,1119
48061013204,2019,2086,63,0,2003,0,764,113,128,43,200,16,808,120,424,745,142,443,221,638,510
48061013307,2019,1758,0,0,1758,0,671,78,56,34,78,31,556,79,336,572,81,406,158,468,307
48061013902,2019,4216,42,0,4157,17,1215,140,254,104,246,48,1668,94,531,1164,273,920,544,1290,642
48061012301,2019,3929,1732,13,2116,27,687,227,877,60,587,20,805,547,1241,2142,549,748,688,618,1531
48061012508,2019,4164,495,0,3638,26,1293,161,264,111,230,39,1197,162,908,1237,0,256,618,1363,632
48061012607,2019,3016,29,0,2987,0,807,101,78,63,148,93,1073,31,517,809,182,296,286,1084,377
48061011100,2019,2364,149,8,2207,0,434,98,113,75,257,26,818,212,484,971,211,889,305,708,411
48061011500,2019,6300,235,5,6060,0,914,76,214,201,431,128,1951,366,912,2185,629,1367,953,2052,1068
48061010401,2019,6510,461,137,5864,48,944,63,618,105,709,106,1421,217,1475,2094,75,937,579,2025,975
48061010700,2019,2885,376,0,2486,12,725,109,289,103,178,80,687,111,589,1147,329,1066,461,704,645
48061011000,2019,2796,134,0,2662,0,731,0,44,69,132,42,1337,143,461,1006,180,907,351,1041,594
48061011802,2019,3381,212,33,3046,68,814,114,162,105,268,67,1277,140,598,1149,146,707,448,1007,630
48061012506,2019,4541,941,0,3404,196,1281,166,1192,91,845,179,653,509,1021,2056,505,1416,876,1184,845
48181000502,2019,1496,958,58,260,79,83,47,188,75,143,58,284,123,254,637,124,595,324,387,278
48181000600,2019,3543,2923,25,425,17,128,0,581,89,541,130,562,86,1123,1494,32,1176,564,605,998
48245005900,2019,1403,33,1358,8,0,4,4,124,38,101,35,547,180,184,690,310,515,276,531,213
48245010800,2019,5090,3938,277,495,44,269,66,684,128,638,224,707,106,1152,2008,166,1617,1132,1376,1020
48369950200,2019,4891,1288,58,3441,0,1050,189,620,19,658,378,821,208,1054,1810,181,1475,632,1472,978
48369950300,2019,4827,2026,58,2710,33,1028,130,450,65,606,419,619,394,1090,1995,178,1624,687,1378,985
48367140405,2019,7645,6566,27,761,3,352,48,672,373,906,239,764,308,1696,2672,146,1785,1056,1516,1891
48367140407,2019,10990,9177,9,1331,144,919,357,2155,135,2220,766,570,374,3253,3972,13,1527,1501,2521,2180
48367140300,2019,6280,4262,104,1507,0,862,445,910,222,1138,316,540,235,1751,2528,354,1878,1102,1636,1350
48367140602,2019,10367,8376,152,1811,16,980,162,1593,121,1574,573,853,1057,2794,4415,115,1642,1653,2820,2258
48367140200,2019,7276,6355,109,663,11,187,12,755,178,1102,292,851,280,1137,3253,1251,1936,2109,1474,2084
48367140601,2019,7096,6475,115,366,31,173,2,1290,235,886,279,504,538,2281,3020,56,1156,1098,1507,1779
48367140403,2019,7048,6148,0,764,11,239,75,789,91,941,287,944,377,1763,2707,208,1135,1071,1630,1842
48377950100,2019,2626,792,0,1683,15,809,324,529,78,425,12,419,626,657,1621,243,1387,475,629,735
48377950200,2019,4349,112,0,4158,79,1977,196,405,217,457,0,2298,952,814,2500,337,1470,554,1180,1379
48465950500,2019,7695,1690,219,5581,39,1913,554,675,104,475,82,939,394,848,2292,511,1227,1123,1991,715
48465950201,2019,8695,2287,322,5860,183,1259,149,2116,37,1245,148,1148,486,2112,3617,804,1951,1661,2654,1805
48465950400,2019,4149,412,51,3573,68,838,210,265,109,293,49,1624,126,659,1563,570,1179,814,1204,792
48465950602,2019,3726,123,0,3603,0,809,23,135,109,214,42,824,283,966,1556,29,1299,461,1065,938
48465950700,2019,6367,954,12,5363,17,1771,291,804,212,628,241,1038,453,1236,2546,291,2285,993,1922,1438
48465950601,2019,3932,48,0,3876,8,1075,346,219,77,389,132,1030,183,855,1302,81,798,421,1043,854
48135000100,2019,2853,1629,0,1060,0,290,22,379,90,350,191,234,124,759,1066,0,711,399,903,466
48135001500,2019,5333,688,281,4311,0,1087,133,263,186,380,132,877,290,980,1824,229,1671,654,1803,780
48135000700,2019,5239,1184,328,3481,176,1225,394,354,304,555,110,705,152,839,2154,795,1506,1323,1657,440
48201421900,2019,2701,2096,40,241,267,312,23,1438,19,1006,63,56,96,1002,1129,0,1097,372,749,676
48201430200,2019,1489,925,88,340,113,382,166,652,13,454,67,49,143,232,821,636,753,475,306,258
48201210400,2019,4422,318,784,3236,0,1151,120,287,173,327,249,1530,220,648,1783,619,1561,781,1257,793
48201220200,2019,2646,190,76,2380,0,873,57,257,59,173,104,615,182,485,1044,129,991,291,532,554
48201222900,2019,8011,271,763,6846,14,2384,120,214,58,589,496,2104,250,1563,2255,0,1913,582,2764,1082
48201230100,2019,1229,36,846,345,2,211,7,61,40,150,44,246,63,159,574,154,518,270,194,246
48113014203,2019,3298,1181,86,1816,132,895,157,634,151,672,66,151,54,756,1156,174,1048,490,854,577
48113014902,2019,2785,397,178,2184,15,1030,261,121,48,192,64,430,73,243,864,359,744,557,1016,196
48113017201,2019,5595,1046,891,3647,11,1992,530,134,114,281,244,1132,273,720,1776,643,1331,897,1954,686
48029180702,2019,6892,2284,712,3695,183,911,557,1288,264,1157,185,1748,348,725,3246,2196,2851,1930,1611,1423
48029180901,2019,5890,1277,9,4537,20,1100,200,765,135,695,191,501,50,1351,2019,191,1930,744,1286,1017
48029181303,2019,4173,1324,428,1662,680,1541,1196,341,87,464,76,1502,211,143,1546,1350,1315,1182,1388,256
48029181504,2019,6930,1685,1325,3275,426,841,388,1779,114,1689,65,652,394,835,3609,2494,2412,2568,1480,929
48029181601,2019,3468,680,139,2586,0,255,35,297,170,386,24,668,123,622,1253,377,1038,473,800,675
48201422900,2019,3974,507,611,2536,205,1830,343,528,85,409,88,1452,509,497,2033,1399,1800,931,995,699
48201423000,2019,6004,685,759,4067,200,3495,1688,512,236,244,112,2086,464,307,2383,1987,2138,1536,2097,371
48201423100,2019,2711,29,584,2098,0,1509,574,195,36,137,69,946,276,0,1200,1103,829,758,963,81
48201430500,2019,2698,1711,45,445,385,986,475,1253,44,814,34,242,140,627,1118,469,862,529,821,599
48201430700,2019,3802,2252,110,219,1050,1154,480,1928,106,975,93,497,154,589,1870,1150,1449,1172,920,1174
48201431900,2019,4779,2122,321,586,1357,1706,697,2942,83,1980,141,382,748,649,3640,3493,1031,2455,527,716
48201432600,2019,2026,650,350,856,95,599,230,473,64,385,82,310,35,234,944,609,872,649,523,267
48201450400,2019,4612,1432,1610,1234,208,1741,947,1269,115,1111,257,830,687,595,2462,1652,1149,1207,1362,653
48201450500,2019,2915,1883,122,543,283,913,366,1545,41,1008,51,66,398,907,1522,349,1048,529,647,908
48201450900,2019,3091,1797,641,295,272,858,267,1210,12,852,115,304,11,716,1267,471,1120,782,709,463
48201313800,2019,4427,60,3740,598,19,271,76,408,331,362,32,1483,346,351,2144,1031,1285,1234,1346,701
48201542800,2019,9529,5383,222,3583,136,1666,158,2105,342,1900,465,291,151,2617,3045,137,1291,1009,2601,1776
48201551000,2019,3621,258,760,2321,274,1338,314,224,236,290,110,865,39,533,932,62,750,384,980,421
48201551300,2019,4219,781,1261,1266,838,1018,89,650,154,816,268,247,36,880,1226,0,571,478,1129,761
48113016701,2019,7259,40,5725,1408,0,733,127,293,76,429,44,1234,158,1709,2662,165,1948,777,1978,1602
48113016704,2019,4058,198,2817,880,133,420,3,350,102,552,158,1036,120,776,1461,38,1135,382,1240,757
48113005902,2019,4980,132,3354,1494,0,570,12,302,222,206,199,1771,144,569,1737,723,1448,818,1710,938
48113018126,2019,6766,2291,1309,3063,0,1457,35,968,175,1017,343,521,81,1776,2249,88,2167,763,1737,1246
48113018204,2019,4755,148,614,3747,51,1738,226,117,118,105,192,980,86,654,1159,56,990,479,1784,504
48113018402,2019,4619,1749,345,2461,27,1046,180,773,76,679,141,908,84,1063,1390,153,1337,461,1424,919
48113019014,2019,7071,1273,709,3609,1383,2652,449,566,153,524,396,1439,135,1028,2094,670,2044,1005,2257,926
48113019020,2019,5739,1892,806,1342,1354,2444,1120,1520,297,990,280,646,97,1211,2234,903,1835,1178,1092,1275
48371950300,2019,3272,259,0,2954,0,635,136,169,46,302,37,886,268,809,1523,257,1189,428,1093,884
48371950500,2019,6195,1481,480,4072,47,789,205,322,0,315,74,504,387,1003,1564,27,867,451,1268,875
48371950100,2019,2047,1042,4,917,38,268,52,239,23,382,17,178,254,563,992,30,728,283,469,354
48371950400,2019,4301,1201,59,2934,35,395,66,307,84,531,94,473,189,988,1675,276,1384,722,1058,667
48395960500,2019,5295,1618,1602,2065,0,670,121,388,94,735,378,910,299,1459,2241,270,1906,696,1371,971
48395960300,2019,4764,3724,506,401,16,140,104,665,142,576,37,463,1099,1401,2945,208,1674,825,1071,1463
48395960100,2019,1773,1219,423,85,31,39,13,161,47,203,26,338,399,542,1181,113,822,320,252,620
48395960400,2019,3401,2529,119,732,0,286,20,510,166,392,228,254,375,1103,1595,7,884,485,951,938
48395960200,2019,1757,628,787,281,0,72,0,146,79,86,77,391,239,397,893,53,709,323,396,467
48397040200,2019,7114,5865,174,690,163,331,30,2552,78,2309,382,93,112,2296,2524,0,745,1527,1895,1451
48397040302,2019,8485,6795,409,1068,158,384,72,2462,163,2034,349,815,226,1862,4043,1871,1884,2468,1525,2583
48397040301,2019,6103,4117,667,895,227,681,119,1302,44,1276,268,533,128,1690,2227,41,1264,906,1504,1529
48401950900,2019,3387,1615,679,999,0,529,144,318,62,352,99,317,201,860,1386,261,1179,548,864,763
48401950100,2019,6022,4215,694,956,27,297,0,917,51,843,373,811,658,1790,2873,149,1652,809,1604,1497
48401950400,2019,5546,4425,509,489,2,166,16,411,143,419,315,795,345,1291,2132,149,1646,867,1262,1190
48401951100,2019,2715,1674,673,360,0,161,31,254,99,208,216,283,324,937,1420,0,931,412,511,813
48303001601,2019,2825,1545,124,1057,59,193,102,557,43,489,23,954,64,571,1245,305,1189,734,705,672
48303001801,2019,6595,2789,172,3342,148,242,140,743,118,952,180,1404,100,1182,2318,169,2145,1257,1503,856
48303000405,2019,11882,5524,879,4624,648,1154,684,1777,171,2353,399,3364,886,1483,5007,1869,2562,3121,2331,1379
48303000900,2019,5185,76,2550,2324,7,124,50,144,62,562,269,2064,189,754,1941,551,1329,1020,1901,868
48303000100,2019,2732,585,31,2066,36,182,70,213,46,359,165,384,125,651,1046,32,751,444,803,560
48303000201,2019,1845,883,144,818,0,59,12,208,28,291,53,346,124,326,560,59,272,180,594,272
48303001000,2019,3409,333,1580,1415,29,163,32,138,110,189,105,735,234,537,1377,175,1193,519,1032,625
48303001501,2019,2624,2073,31,347,65,172,68,964,34,839,74,964,107,485,1209,41,1181,750,302,346
48303002204,2019,4867,922,633,3169,74,240,62,196,44,309,89,1635,289,843,1949,640,1729,998,1691,717
48113004000,2019,1185,33,1122,27,0,38,14,25,160,79,0,234,140,147,592,128,448,258,129,243
48113005700,2019,5139,183,2857,2033,31,677,252,158,177,366,130,1800,199,696,2085,386,1623,1212,1482,952
48113006502,2019,4295,334,11,3930,10,1476,99,71,80,265,307,325,24,718,1033,14,971,287,1210,604
48113006700,2019,7401,294,60,7002,6,2950,539,154,223,291,475,2336,199,975,2219,479,1901,914,2512,700
48113007809,2019,2874,1507,585,723,19,260,50,1001,52,733,112,386,157,510,1503,812,1286,892,650,473
48113007818,2019,5508,714,2051,2385,312,2391,1419,615,346,368,257,1631,623,15,3036,3015,2900,2200,1495,564
48113009101,2019,5808,541,1314,3926,0,1815,81,317,124,362,131,1351,142,1042,1768,298,1438,771,1781,604
48113009701,2019,5017,2201,163,2475,17,1903,191,876,195,811,246,351,118,938,1595,396,1503,689,1403,616
48113010801,2019,9781,616,1330,7731,104,3460,425,203,140,587,417,1828,147,1399,3106,1303,2250,1190,2960,1706
48113011104,2019,4063,122,2254,1633,0,599,89,64,53,265,87,1454,134,733,1484,193,1344,542,1433,754
48113012000,2019,8973,288,2783,5840,10,2460,636,429,108,378,65,2291,323,867,3016,1803,2830,1866,3564,842
48113012207,2019,7617,614,3764,3184,45,1998,264,659,120,835,157,1444,325,1117,3066,1731,2375,1990,2255,967
48113012301,2019,4773,737,543,3472,0,1731,299,308,94,342,262,777,102,898,1567,262,1524,668,1384,653
48113012701,2019,6018,1610,543,3713,135,2056,175,498,136,418,284,1709,240,950,2184,581,2110,882,1676,1259
48157675700,2019,6586,3371,450,2647,42,621,21,695,190,818,218,989,263,1628,2571,65,1391,916,1767,1280
48157675300,2019,6949,1140,594,5154,3,830,47,222,287,393,310,913,137,1039,2341,224,1661,969,1690,1306
48157670300,2019,3319,89,2123,896,137,373,0,374,170,237,131,887,62,732,1192,0,1126,318,901,784
48157675800,2019,3316,1191,788,1316,13,410,12,266,72,352,128,771,325,637,1485,0,982,590,710,765
48011950100,2019,1973,1763,5,149,0,43,0,319,9,292,85,174,227,611,921,4,716,227,456,562
48069950200,2019,4189,883,92,3160,35,732,158,292,9,550,195,532,326,800,1662,330,1504,509,1233,956
48069950300,2019,2122,713,71,1312,15,392,74,222,51,235,39,458,208,444,943,11,781,296,633,423
48069950100,2019,1362,856,0,485,0,150,0,213,25,232,27,48,128,388,589,14,400,91,364,344
48235950100,2019,1620,1132,66,414,0,55,13,156,41,197,14,241,227,529,909,16,611,291,425,423
48273020100,2019,5472,2056,30,3359,19,119,0,826,249,560,132,796,390,1402,2136,16,1036,701,1405,1146
48367140408,2019,4932,4159,3,646,0,88,0,772,113,864,387,366,156,1289,1802,149,560,935,1168,1048
48367140409,2019,3625,2845,41,712,8,213,46,219,129,406,182,449,267,866,1299,18,422,456,1025,607
48367140410,2019,4161,3437,105,541,10,179,8,338,78,408,123,386,190,1025,1368,0,406,536,1053,759
48367140411,2019,4925,3883,67,866,92,475,48,558,195,691,246,412,156,1452,1758,152,616,782,1379,1152
48367140501,2019,8288,7248,0,813,0,306,160,861,271,1204,488,853,257,2103,3052,174,961,1459,2074,1589
48367140502,2019,4680,4231,38,322,0,92,22,683,197,761,266,295,320,1297,1923,18,859,734,791,1264
48367140703,2019,7963,7136,33,365,87,153,42,2419,89,2027,346,448,169,2329,2762,102,777,1138,2124,1652
48367140704,2019,10161,8683,118,952,91,293,246,3385,162,2783,517,227,191,2794,3164,0,729,1544,3230,1332
48367140705,2019,8374,7229,0,793,128,237,15,2197,133,1895,734,766,471,2608,3472,338,1299,1588,1833,2326
48367140706,2019,9130,7952,59,944,99,361,219,3089,146,2559,383,223,127,2819,3236,61,1137,1540,2365,1842
48373210203,2019,6408,3088,1364,1894,28,782,458,339,95,247,30,829,384,901,1522,0,736,759,956,998
48373210204,2019,5147,3252,533,1073,217,550,67,475,62,540,117,859,620,1405,2568,132,1745,1050,1150,1335
48373210205,2019,3070,2363,162,421,106,326,14,578,173,203,26,802,925,925,2151,110,1177,731,760,987
48373210206,2019,3445,3247,11,116,32,101,0,504,121,380,84,472,1323,1231,2874,56,1357,837,563,1439
48373210301,2019,3589,3312,13,202,0,66,8,324,58,321,55,682,905,1252,2472,32,1327,827,800,1103
48439111304,2019,8033,5642,672,1023,186,625,62,1938,120,1654,445,191,83,2011,2770,257,1240,1110,2106,1604
48439111516,2019,7151,1993,2221,1916,711,1449,361,1236,165,1313,282,424,151,1245,2393,513,1340,1319,1772,912
48439111536,2019,3413,493,1299,1246,251,926,271,547,113,649,193,412,161,521,1492,900,745,912,850,373
48439111538,2019,6146,1486,2371,1984,166,934,171,1067,67,964,563,172,172,1084,2267,1033,1024,1274,1716,755
48439111542,2019,6777,1832,1906,2054,821,1631,396,1336,179,1480,481,145,70,1571,1962,0,530,722,1488,677
48439111533,2019,5748,3362,589,1333,246,547,136,1762,103,1585,219,291,19,1646,1930,82,1226,747,1169,899
48439111544,2019,8534,3521,2503,1986,266,1104,210,1413,356,1669,385,516,31,1973,2493,68,1116,1094,2481,1074
48439111546,2019,6403,4328,799,806,414,227,0,1697,147,1462,237,129,84,1863,2256,0,1892,671,1326,1390
48439113206,2019,5409,3324,166,1555,134,631,112,826,171,874,230,1383,83,947,2195,875,1838,1306,1261,1135
48439113301,2019,4113,2797,163,751,82,353,47,835,56,665,169,129,153,1200,1681,223,1513,759,773,1048
48439113302,2019,4690,2119,31,1759,521,862,237,423,36,260,198,713,123,938,1749,602,1539,942,1354,1066
48439113408,2019,5499,3257,543,1194,123,450,32,772,86,799,168,569,114,1378,2122,220,2002,1167,1260,1249
48439113610,2019,14009,12006,286,612,835,971,113,6063,296,4191,578,558,62,4328,4707,107,1796,2138,3910,2687
48439113705,2019,6994,3282,69,3181,245,2087,263,1187,166,1187,389,686,380,1074,2996,1148,1795,1651,1399,1179
48439114003,2019,8852,4265,830,3306,340,1455,271,1202,159,1381,583,339,110,2197,2887,115,870,1310,2409,1596
48029171200,2019,4065,133,0,3920,6,997,156,103,63,80,146,934,156,741,1296,197,1007,426,1107,764
48029141800,2019,3880,1286,34,2501,11,417,100,251,145,276,106,602,119,915,1235,6,566,357,1080,783
48029171912,2019,7934,1548,669,5287,250,980,220,1862,80,1771,221,592,71,1874,2401,250,186,1075,2094,969
48029181712,2019,4460,1610,215,2518,54,273,27,1041,189,986,46,269,0,1185,1324,14,987,422,1184,1075
48029181602,2019,6007,214,242,5249,212,756,306,573,215,637,134,965,214,970,2123,842,1856,1018,1608,970
48029121505,2019,4858,1725,592,2107,151,362,94,480,134,628,141,444,85,1221,1627,9,1086,732,1135,877
48029140300,2019,3590,186,20,3340,0,704,44,84,87,184,154,1225,123,552,1154,258,1110,447,945,645
48029152000,2019,3160,197,169,2756,20,282,156,184,84,274,34,730,45,304,836,250,166,614,1123,173
48029170101,2019,3881,127,150,3604,0,1232,29,99,185,185,40,780,164,613,1195,63,1105,455,968,511
48029171802,2019,6400,669,142,5552,36,985,174,213,249,458,185,1551,237,953,2287,723,2016,974,1300,1214
48017950100,2019,7100,2519,33,4411,57,1111,115,735,84,643,276,590,461,1532,2515,266,2081,885,2061,1404
48499950400,2019,4645,4354,14,157,0,122,55,389,83,401,180,561,580,1560,2452,128,950,793,1006,1869
48499950800,2019,4926,3308,634,876,0,248,75,439,70,508,207,1129,266,1146,1977,334,1402,861,1219,1352
48499950700,2019,6522,5555,27,608,69,269,26,723,122,838,353,1043,351,1731,2422,83,1238,894,1277,1869
48499950200,2019,3267,2355,197,585,106,227,0,279,73,324,93,416,201,437,1087,203,809,569,871,680
48499950500,2019,2963,2282,235,399,0,49,0,317,51,278,118,335,154,674,1182,250,979,609,606,982
48499950100,2019,4202,3823,0,323,0,47,0,423,180,443,82,552,743,1517,2402,0,1208,461,937,1260
48007950100,2019,5333,4274,16,746,248,249,0,1129,165,406,51,690,2302,1955,4713,831,2203,1300,710,2426
48007950500,2019,5873,4782,2,900,0,177,1,503,295,505,189,1298,1547,1906,3840,9,1423,904,1172,2130
48007950300,2019,7598,4322,37,3087,0,1148,265,1498,198,1046,96,1821,942,2166,3775,676,1876,1458,1197,2608
48007950400,2019,4573,2193,282,1827,241,546,23,371,126,265,126,1286,837,1178,2242,473,1399,537,1398,1015
48007950200,2019,1085,915,0,161,0,10,0,410,8,252,9,32,989,452,1595,494,1286,191,112,570
48075950100,2019,2316,1118,419,698,13,119,36,250,50,251,12,51,159,272,457,0,310,88,209,293
48075950200,2019,4937,3122,164,1551,26,614,82,695,203,716,190,748,344,1169,2453,444,1935,1170,1077,1143
48079950100,2019,2887,1041,111,1695,0,378,147,151,107,288,53,730,349,782,1347,36,1213,396,781,622
48439111017,2019,12559,4967,4354,1716,1259,2092,333,4017,307,3226,913,713,131,3675,4339,0,178,2312,3087,2260
48439111018,2019,2264,1352,333,521,8,132,26,572,68,535,125,31,111,679,872,57,301,264,358,619
48439111103,2019,4445,263,1491,2691,0,1348,620,268,110,248,354,1323,106,751,1135,21,931,443,1703,452
48439111104,2019,2526,253,1281,929,3,234,0,157,54,146,82,404,98,699,977,54,964,260,746,516
48439111203,2019,7066,3134,758,2555,20,526,88,934,199,1025,174,664,251,1463,2471,220,700,1308,2464,1141
48439111204,2019,4986,3921,242,785,14,253,66,1055,76,832,171,684,216,1563,2050,0,937,734,1264,1190
48439111307,2019,3435,1797,639,793,7,185,84,538,70,582,206,454,62,412,1307,782,383,827,1020,491
48439111308,2019,1535,1059,139,295,24,93,66,289,26,281,120,191,6,370,664,160,406,416,336,385
48439111309,2019,4868,1882,472,2284,17,705,146,362,219,652,330,363,91,845,1524,347,1112,745,1312,540
48439111310,2019,11213,3250,4554,2150,1067,2735,1051,2480,397,1908,503,1386,0,2485,2850,0,98,1439,3780,406
48439111311,2019,6764,4308,1000,879,303,699,42,2080,93,1830,385,221,102,2060,2422,233,155,1172,1911,1028
48439111312,2019,3563,3014,165,177,53,237,58,1583,16,1181,199,33,10,1190,1237,4,390,477,718,1130
48439111314,2019,7387,2960,2061,1497,514,815,127,2090,203,1889,315,128,48,1866,2038,0,30,1307,2714,618
48439111406,2019,4465,2866,778,492,196,386,42,1375,42,1217,274,66,22,1237,1484,32,324,682,1146,787
48439111313,2019,11529,5332,3011,1816,1071,1427,154,3611,205,3250,720,446,282,2830,3859,725,98,2344,3946,1130
48439111547,2019,19122,3037,6630,5484,3038,6189,616,3014,357,3507,1041,1295,0,3987,4947,28,648,2027,5315,2034
48439111548,2019,8832,1826,3572,1484,1672,1961,258,2171,169,2022,470,214,34,2249,2435,0,57,1002,2373,884
48439111549,2019,11304,3579,3849,2196,1190,1536,207,3801,152,3753,517,333,102,2587,3644,672,150,2483,3626,1025
48439111407,2019,3556,2479,528,221,245,437,52,1127,71,943,179,212,65,1027,1193,22,331,323,1026,721
48439111408,2019,3929,2332,964,584,49,235,7,883,42,1046,176,289,283,931,1693,627,261,912,1036,785
48439111409,2019,5541,3615,572,677,277,625,119,2139,148,1678,315,219,26,1758,1838,0,308,736,1342,1068
48469001400,2019,8553,6085,175,2206,4,72,66,1111,153,1436,581,562,237,2541,3386,0,1857,1189,2140,1817
48469000302,2019,1898,216,220,1440,0,239,6,54,60,56,43,431,178,454,787,0,588,282,563,330
48469001700,2019,3336,878,174,2284,0,399,31,199,223,225,160,470,350,804,1444,66,972,455,748,892
48469000501,2019,4562,1669,305,2437,15,233,23,314,81,521,398,888,149,642,1728,668,1301,1035,1159,931
48469000202,2019,5921,777,487,4370,81,887,96,281,142,606,325,1299,316,1026,2199,504,1421,1081,2021,971
48473680100,2019,6655,4208,340,1560,269,706,56,1768,86,1572,250,483,106,1748,2024,32,353,1388,1866,929
48473680200,2019,9916,2827,1768,5158,57,2446,577,709,280,1058,720,1670,381,2319,3441,284,1927,1455,2401,1824
48439113517,2019,4108,2249,643,741,358,705,379,1203,79,980,138,252,75,638,1755,943,1157,1074,1010,795
48439113518,2019,5644,2446,1022,1328,530,946,357,1680,116,1597,245,634,414,44,3255,3098,1321,2659,1135,514
48439113519,2019,6807,4127,487,1054,927,1338,339,2253,148,2267,353,223,116,1475,2792,909,1434,1726,1527,1027
48439113520,2019,4711,2962,373,605,632,638,197,1735,67,1375,230,345,290,818,2481,1492,1153,1503,890,802
48439113631,2019,7045,2931,704,2935,289,1696,532,1722,179,1585,222,709,83,916,2938,1808,1659,1799,1985,962
48439113632,2019,5148,4090,200,445,292,400,49,2529,68,1710,260,184,44,1717,1796,24,889,582,1190,1319
48375012800,2019,4888,575,682,3460,156,1412,560,93,78,191,362,1297,234,971,1852,216,1642,961,1604,587
48375014100,2019,2885,682,370,1804,0,653,45,24,24,152,263,743,74,776,1033,10,767,513,1141,482
48375014300,2019,5908,4727,0,864,79,527,242,1117,106,1295,222,403,149,2012,2455,38,991,1083,1612,1360
48375011500,2019,4305,3269,202,531,224,146,0,713,86,942,230,403,118,928,2114,442,2045,1277,980,761
48375011800,2019,3630,1997,182,1228,154,453,167,561,71,686,238,417,245,881,1956,444,1628,1108,734,677
48375013200,2019,1477,1178,31,216,22,26,0,444,22,248,39,133,99,391,786,250,590,379,186,735
48375013400,2019,2540,2111,0,343,42,102,9,295,19,362,168,251,159,922,1230,11,776,402,549,704
48375013900,2019,4061,680,1510,1367,296,794,199,138,65,206,298,467,144,725,1464,170,1246,806,1517,522
48375014900,2019,6528,818,769,1538,3154,3025,700,302,60,423,1038,1910,260,1253,2160,351,1964,958,2243,818
48405950200,2019,2710,1186,1120,336,0,111,26,415,152,190,101,583,334,705,1484,318,1086,603,519,804
48405950100,2019,2941,2062,648,217,0,101,13,235,49,291,137,705,439,1014,1611,3,1076,283,683,947
48405950300,2019,2635,2477,0,44,0,0,0,203,14,229,102,707,1231,955,2360,30,1710,346,440,1050
48415950100,2019,4857,2028,430,2252,0,480,219,310,29,261,44,1021,422,963,1664,131,1375,573,987,680
48415950300,2019,5767,3743,79,1821,0,221,87,986,138,777,101,390,128,1787,2506,252,2259,1173,1385,1559
48415950200,2019,1415,1075,1,293,0,32,21,173,0,126,11,69,151,400,645,0,555,220,490,252
48415950600,2019,5057,2174,282,2538,51,370,163,340,122,282,28,693,575,1317,2402,274,1967,748,1437,1062
48417950300,2019,3296,2816,7,380,8,101,0,683,84,480,19,436,464,1048,1781,86,1374,514,772,820
48427950500,2019,4910,12,1,4886,3,1125,120,162,429,290,31,2092,382,798,1568,164,1193,462,1482,772
48427950202,2019,2471,0,0,2471,0,652,88,189,321,169,70,875,317,558,992,35,495,171,779,430
48427950702,2019,3547,18,0,3529,0,1206,61,208,52,146,14,1439,121,694,1104,205,823,318,901,923
48427950701,2019,3807,0,0,3807,0,1588,141,324,170,226,11,1559,337,592,1425,345,1008,438,1147,974
48215023902,2019,15741,1022,387,13213,1099,3184,516,4126,375,3996,80,2678,369,3308,5180,1027,1530,2554,4724,2181
48215024106,2019,12663,960,82,11412,177,3288,1024,1716,694,1944,169,3114,519,2660,3799,436,816,1390,4429,1646
48215024201,2019,15813,157,0,15656,0,5197,557,341,248,607,378,9877,506,3127,4377,182,1521,1861,6824,1448
48215024500,2019,8777,42,0,8735,0,2043,281,474,96,748,135,3124,353,1673,2785,407,1202,1012,2978,1491
48215022501,2019,6808,68,15,6725,0,1724,43,306,60,510,168,3028,278,1388,2071,146,816,554,2383,789
48215020402,2019,9680,481,0,8307,892,3800,1539,3099,124,2082,311,718,557,2046,3204,347,408,1580,3121,1157
48215020503,2019,11739,220,345,10228,36,4852,1263,1444,386,1263,349,3220,430,1940,3703,880,515,1511,3848,1489
48215022600,2019,1972,24,0,1948,0,478,108,79,34,139,16,621,159,522,891,40,769,304,390,559
48201450200,2019,5450,3903,162,584,607,973,338,2591,79,1722,320,63,149,1419,2062,568,1686,936,1846,956
48201451800,2019,5399,1053,1814,1790,597,1789,232,1033,220,727,228,753,135,1140,2120,678,1642,1137,811,1144
48201452600,2019,9195,520,2608,2622,3026,4962,1511,847,319,629,298,3014,214,690,2863,1846,1685,1814,3024,923
48201452700,2019,13362,353,4354,2652,5798,7209,2407,2205,293,1304,522,1689,112,1920,3958,1334,1628,2458,3426,2353
48201453100,2019,4216,290,879,2468,550,2062,546,487,133,331,69,1308,234,438,1725,1369,1498,1055,1236,539
48113017003,2019,11769,3475,1997,6174,57,2788,344,567,298,884,445,2024,168,2232,3442,436,1478,1560,3970,1251
48113017202,2019,8654,1554,2313,4571,190,2336,904,338,152,633,265,1676,221,1113,2782,1147,1689,1674,2915,912
48113017303,2019,8161,2923,2331,2603,138,964,108,676,147,998,337,528,53,1959,2525,19,1860,856,2307,1546
48201520100,2019,2088,1031,70,694,190,646,295,981,17,776,188,132,132,373,1028,453,377,652,414,353
48201522100,2019,7734,2493,536,4227,438,2585,969,1632,102,1323,363,1088,213,1140,2906,1537,2642,1644,1878,1152
48201530100,2019,6389,798,742,4763,31,2782,834,722,135,588,295,1891,311,290,2704,2299,2479,1734,1812,728
48201530200,2019,3679,2102,60,1194,169,397,75,1405,94,1164,208,639,91,1102,1681,457,1248,799,737,686
48201530900,2019,4132,2123,182,1690,47,871,298,1298,119,883,258,452,302,1025,1800,471,1717,640,960,933
48201531400,2019,2194,1123,132,834,68,211,63,687,86,641,125,228,56,676,1019,220,993,470,318,495
48201553100,2019,6335,1947,1426,2688,215,866,277,1367,53,1217,203,707,527,1182,2830,1065,2341,1443,1493,1341
48201553600,2019,7383,4542,1128,895,660,936,216,2111,145,1900,516,367,165,1682,2902,1188,1519,1673,1755,1415
48201553700,2019,4166,2124,558,792,461,940,371,1516,126,1138,215,348,184,1037,1651,539,1064,710,1064,900
48201210900,2019,1320,47,911,313,36,150,44,91,53,127,46,175,151,312,715,94,563,220,270,323
48201211200,2019,2211,2,1511,643,0,123,0,84,95,151,45,818,313,382,1325,319,1152,430,334,637
48201220300,2019,4437,279,64,4028,66,1095,64,270,82,147,143,1206,187,588,1424,165,1341,603,1350,392
48201220700,2019,6419,338,969,5112,0,2080,258,71,168,274,150,2845,188,971,2102,635,1731,1130,2247,757
48201221000,2019,4214,339,386,3476,0,1220,223,50,77,77,139,1514,128,573,1233,281,1084,526,1428,557
48201252400,2019,6461,2178,145,4124,0,1759,258,206,217,337,414,1342,183,1331,2197,130,1907,730,1933,1290
48201253200,2019,10019,5001,1313,3278,17,974,495,1089,306,1285,1075,1423,442,2398,3804,595,1909,1626,2908,1810
48201253400,2019,623,403,16,194,10,44,5,63,16,50,31,89,68,106,269,66,229,112,118,287
48201254100,2019,5184,1178,881,2984,0,1132,244,247,142,281,207,1009,193,805,1845,420,1356,961,1671,694
48201254400,2019,2971,337,215,2381,15,820,17,29,160,135,120,958,104,669,1054,167,925,378,921,521
48113001900,2019,7408,5134,807,949,293,946,289,5237,93,4718,341,756,713,671,5452,5313,748,4433,429,1032
48113004300,2019,3052,809,573,1483,49,620,77,835,89,845,245,318,291,431,1705,1031,598,974,309,436
48113006002,2019,5749,695,3794,1040,194,981,673,651,360,618,129,1488,355,178,2348,2056,1069,1551,1399,525
48113019033,2019,4672,624,330,3329,389,2138,233,357,80,321,154,1058,29,692,1224,331,1205,516,1291,618
48113019400,2019,4671,3908,0,200,476,514,175,2359,38,1706,75,394,146,1342,1879,586,1092,838,1243,802
48113006301,2019,6006,392,422,5135,23,1609,141,513,318,437,266,494,86,1144,1780,0,1726,529,1743,878
48113006501,2019,6449,228,12,6181,10,2808,214,168,40,259,347,970,0,1121,1526,25,1051,344,2028,781
48113007301,2019,1754,1643,4,85,0,97,14,1076,13,691,33,48,173,669,923,154,675,421,387,420
48113007302,2019,4111,2996,117,815,50,628,106,2022,70,1429,185,189,236,1145,1991,471,1167,1142,868,869
48113007604,2019,3042,2667,0,71,197,221,22,1926,18,998,131,19,48,1123,1213,0,457,542,698,946
48113007605,2019,1650,1468,0,67,90,134,9,1042,20,553,47,20,129,720,906,310,733,379,204,716
48113007811,2019,6482,1313,3694,1312,41,1417,767,725,157,927,318,1011,417,512,3512,3115,3079,2647,1522,584
48113007906,2019,2182,2147,0,0,25,106,0,1384,16,769,67,104,165,719,1188,441,676,558,474,882
48113008704,2019,3809,51,2888,843,0,241,10,139,50,142,99,1712,292,517,1866,998,1506,1065,957,677
48113009304,2019,6743,103,4057,2583,0,1004,106,176,118,98,157,3399,305,406,2504,1552,2134,1521,2814,709
48113009500,2019,2112,1623,83,342,27,112,4,1206,16,736,43,13,105,811,970,0,797,311,480,592
48113011200,2019,7334,313,4683,2019,19,745,256,676,297,981,281,2498,116,1358,2767,617,1545,1311,2344,1239
48113011500,2019,4608,340,1901,2348,0,1390,548,124,139,226,125,1396,146,388,1496,802,783,1023,1735,370
48113011701,2019,7010,414,1481,5099,0,2028,268,131,113,283,198,1819,60,1270,1968,236,1865,832,2132,769
48113011900,2019,11274,707,3106,7386,19,3090,169,255,218,820,264,3198,189,2048,2984,81,2381,1249,3879,1309
48113013102,2019,1943,1776,17,42,33,152,9,1130,46,690,75,18,64,603,876,51,852,430,339,594
48113013500,2019,2298,2067,0,84,122,148,0,1461,14,942,49,38,57,847,941,0,783,344,545,577
48113013617,2019,2830,1970,252,315,108,458,137,1245,56,904,69,159,127,828,1349,471,1274,549,633,650
48113013721,2019,6051,4326,248,792,562,972,50,2412,127,1983,374,267,76,2343,2548,80,1655,835,1032,2031
48113013901,2019,4013,505,104,3332,58,1613,111,168,91,297,176,674,73,717,1093,94,1010,347,1090,547
48113013619,2019,5249,3898,155,579,424,624,90,2921,168,1656,175,177,147,1663,2171,369,2117,859,1291,1213
48113013714,2019,6813,974,309,5388,132,2537,145,623,136,665,435,1072,30,1051,2126,803,1412,1165,2046,831
48183001500,2019,4461,1002,1975,1295,45,768,166,298,107,392,234,1103,464,892,1730,208,1414,489,945,851
48183000600,2019,8485,6199,1446,474,186,366,47,1628,106,1616,407,1240,161,2014,3499,897,2234,1839,2284,1688
48183010301,2019,5244,3619,755,670,111,241,80,878,154,910,172,994,254,1112,2104,576,1365,1038,1671,835
48183010400,2019,8150,5698,399,1649,14,770,56,854,113,928,297,909,442,2084,3238,229,1685,1275,2248,1650
48183010200,2019,7088,4584,1089,1169,11,321,16,746,232,669,87,1713,303,1683,3105,520,2276,1421,1650,1408
48183000700,2019,5533,3562,839,1006,72,460,42,748,171,766,234,433,198,1397,2190,416,1984,910,1717,1038
48183000502,2019,4796,2717,1282,614,0,368,0,716,60,643,201,394,145,1009,2225,897,1658,1407,1051,1137
48183001300,2019,4268,1328,1410,1371,33,1055,176,298,98,304,334,1406,229,802,1627,339,1602,681,1272,716
48183001000,2019,2452,712,527,1199,10,462,7,83,52,179,115,526,150,465,895,134,792,367,846,336
48183001400,2019,3384,543,1576,1157,48,548,230,230,110,181,228,706,269,604,1647,632,1489,749,762,536
48183010100,2019,5572,4265,467,550,127,280,72,1383,27,1095,369,463,337,1639,2349,118,1331,746,1214,1651
48183000300,2019,5100,3462,985,547,44,114,9,945,118,875,160,522,315,1042,2320,845,1833,1272,1037,1571
48183000800,2019,7500,3407,986,2553,97,1103,181,438,248,476,358,1959,371,1034,2531,575,2101,1366,2741,810
48183010302,2019,6055,4223,659,1024,88,644,295,682,45,898,409,1411,242,1543,2293,173,1399,997,1816,1047
48183000900,2019,3355,1662,818,838,0,359,15,140,176,137,234,1199,111,628,1236,268,1062,553,1066,530
48183010700,2019,4605,1540,1016,1886,16,787,91,214,179,341,123,1059,414,805,1846,214,1477,775,1412,558
48183001100,2019,4358,1392,1457,1410,21,525,148,396,41,263,185,1305,277,562,1535,580,1206,760,1052,656
48183010500,2019,5194,2367,1913,738,1,274,11,571,101,649,277,622,494,1598,2459,66,1201,741,1402,1454
48183000200,2019,6774,4588,1165,903,57,281,123,1497,39,1451,605,599,330,1356,3297,1558,1263,2047,1285,2160
48183000501,2019,5004,4045,578,57,301,360,109,1870,195,1070,339,391,117,1403,2287,592,1441,1085,991,1627
48183010600,2019,6509,5399,604,60,196,114,30,1112,128,1040,330,870,296,1607,2897,783,2055,1607,1401,1573
48179950800,2019,1833,702,156,915,0,384,0,15,123,76,51,420,178,345,818,24,766,381,498,172
48179950700,2019,2048,916,31,1027,0,404,118,56,52,115,90,353,346,590,1138,102,1043,396,529,331
48249950700,2019,3207,445,8,2747,7,322,51,345,160,256,90,592,333,851,1350,51,1104,297,484,855
48249950100,2019,8931,3084,26,5813,0,284,19,553,29,850,306,1944,1089,2060,3668,106,2196,1051,3101,1536
48249950600,2019,4088,131,0,3875,0,312,49,123,45,409,38,1309,246,853,1730,142,1389,568,988,1053
48249950400,2019,3491,538,70,2825,45,300,20,342,64,495,12,637,283,729,1423,249,1117,419,787,741
48339691900,2019,6522,4842,320,1124,30,595,130,1516,24,1239,325,407,26,1375,2095,288,612,1190,1539,963
48339690300,2019,5645,3003,159,2070,29,757,0,618,194,664,271,1117,177,1401,1921,18,846,682,1687,1116
48339693000,2019,11141,5649,63,5335,67,1944,253,460,217,904,374,1673,446,2634,3929,19,1699,1890,3349,1355
48339694600,2019,8745,7162,378,1150,20,572,92,1302,229,1457,676,789,342,2463,3453,355,980,1534,2389,1807
48339693500,2019,5809,3343,294,2065,42,987,223,651,152,831,107,660,425,954,2740,1166,2238,1445,1237,1239
48339694500,2019,13777,12027,93,1220,178,789,125,3655,255,3160,836,581,257,4030,4546,9,643,2755,3688,3017
48339691500,2019,4416,2767,751,496,208,614,310,1952,35,1128,124,312,205,825,2237,1188,1404,1319,827,844
48339693400,2019,4716,838,1096,2587,0,1411,377,108,212,253,120,1409,246,213,1676,1187,1222,1022,1466,356
48339693600,2019,4156,2583,430,1046,60,577,230,782,107,590,211,750,239,578,2271,1649,1151,1596,648,1106
48339693700,2019,13653,9533,814,2571,487,1038,170,3848,189,3347,701,498,214,2884,5259,2031,1050,4105,3379,2481
48339693900,2019,13671,5823,819,6976,11,3491,742,881,260,1240,496,2190,128,2301,3927,441,1726,2421,3944,1719
48439110806,2019,5711,4107,384,981,79,342,61,1369,130,1351,337,384,141,1663,2077,0,651,1144,1594,782
48439110805,2019,6492,4325,488,1234,196,196,15,945,158,1400,438,543,107,1684,2479,409,1211,1354,1602,1129
48439110808,2019,3924,2940,272,487,127,187,30,1733,78,1284,236,169,194,1155,1399,0,298,800,1207,684
48439110809,2019,2274,1939,37,215,54,97,28,832,62,657,211,70,33,818,935,0,38,413,530,619
48439111015,2019,2366,1504,193,622,15,161,31,286,69,265,115,233,91,623,964,97,552,428,541,448
48439111016,2019,11179,8076,802,1437,250,650,125,2338,236,2405,523,329,189,2763,3773,213,642,2048,3273,1921
48061012507,2019,7064,293,0,6771,0,1999,233,558,252,706,101,2135,187,1422,2003,232,684,802,2415,1152
48061013003,2019,2081,85,17,1970,0,644,70,195,13,174,69,864,83,95,776,631,584,437,592,354
48061013102,2019,4521,503,0,3994,24,1027,130,728,97,510,163,1205,89,1062,1436,136,744,515,1404,993
48103950100,2019,4802,1495,111,3091,95,756,123,427,30,517,83,379,260,1217,1681,41,1336,614,1468,852
48449950600,2019,4491,1130,770,2503,20,1077,62,156,124,345,544,485,208,505,1549,614,1079,784,1373,672
48045950200,2019,1457,845,12,519,22,88,5,207,30,160,24,233,395,417,997,36,893,213,237,462
48291700200,2019,3076,1318,1132,546,9,131,9,101,97,169,66,372,127,291,1209,658,928,722,658,544
48291701000,2019,7417,3021,389,3787,81,1381,207,326,316,784,390,963,322,1796,2633,256,638,1162,2444,828
48291700500,2019,2840,2251,233,356,0,108,65,195,61,218,112,392,224,778,1109,5,529,369,852,579
48291700600,2019,2268,1708,259,291,10,77,32,236,58,235,31,417,670,790,1679,10,1213,402,414,792
48291701400,2019,8154,4033,1717,2007,0,645,92,458,134,677,465,1227,358,2240,3251,157,2173,1180,1915,1405
48291700400,2019,6908,5855,414,588,37,219,0,641,180,675,622,1598,439,2108,2965,0,1131,1256,2080,1583
48291700800,2019,8529,6598,776,1029,115,516,0,561,153,653,719,508,202,2481,3489,457,1610,1538,1875,2317
48291701200,2019,6699,4786,708,1069,59,263,36,738,377,952,389,499,404,1719,2887,508,1786,1399,1870,1222
48291700100,2019,4334,2149,127,2022,0,717,76,138,102,235,202,831,188,1010,1539,0,850,710,1367,708
48291700300,2019,12482,6673,151,5470,109,2075,411,728,300,785,427,2539,602,2774,4521,293,2306,2013,4533,1840
48291700900,2019,8864,4333,1744,2675,11,328,23,306,116,334,193,173,114,685,952,35,370,319,820,663
48291700700,2019,2342,1836,144,271,0,23,20,182,17,284,101,250,207,674,1017,0,632,382,572,557
48291701300,2019,3322,2794,154,287,0,98,0,334,124,337,132,301,297,1020,1548,18,836,497,918,800
48291701100,2019,6467,5628,291,390,16,202,73,335,266,674,671,638,335,1936,2563,0,721,837,1536,1452
48445950300,2019,2648,388,380,1821,0,267,91,66,15,56,33,666,165,488,863,58,710,371,584,272
48201211100,2019,5322,107,2048,3125,42,1238,288,371,102,386,182,2091,290,659,2193,116,1673,924,1130,1087
48201313500,2019,2792,81,2062,618,0,156,50,176,132,207,17,1021,270,387,1093,314,862,416,726,522
48201313700,2019,2210,159,1806,217,15,109,51,347,59,391,2,439,94,486,1037,216,980,423,330,644
48113019025,2019,4635,2316,298,804,802,872,154,963,153,1037,193,119,74,1380,1641,9,1459,429,941,1384
48113019034,2019,4652,909,2561,711,432,1904,757,838,169,762,117,845,234,479,2298,1918,2169,1542,1056,596
48113019202,2019,5393,2076,985,1969,255,1101,314,1330,157,1162,144,928,121,1014,1961,751,1950,1077,1560,735
48113019600,2019,2334,2034,19,50,196,213,101,1368,45,663,53,37,111,756,1033,255,676,426,609,689
48113019800,2019,4830,4298,9,152,243,346,31,2917,13,1641,93,84,233,1558,2180,348,1745,1127,1316,1419
48113000202,2019,3962,2955,66,736,118,267,108,2112,8,1716,155,211,115,1014,2031,673,1764,1192,857,497
48113000404,2019,3766,1831,191,1285,408,888,193,1543,149,1351,169,435,331,752,2577,1832,1797,1628,248,601
48113001002,2019,1930,1056,45,675,83,290,28,958,71,724,102,163,182,474,1077,443,580,667,201,245
48113001101,2019,3831,2941,133,524,160,222,71,2085,39,1799,151,293,250,849,2069,776,1360,1405,529,368
48113001301,2019,2803,1788,41,844,78,456,185,1034,27,893,115,502,131,539,1645,857,1273,1079,392,773
48113002500,2019,6356,319,1568,4439,0,2131,274,278,229,229,112,2291,231,751,2025,523,1441,952,2004,1121
48113003902,2019,2071,13,1400,632,0,386,139,130,144,166,107,526,100,442,855,45,626,270,472,402
48113004201,2019,4047,1487,253,2273,25,719,63,1238,85,881,131,735,240,923,1884,581,1649,877,990,786
48113004202,2019,2138,797,21,1198,86,539,36,747,48,705,123,232,46,514,996,403,922,543,366,366
48113004800,2019,2575,144,53,2316,21,1296,331,119,95,94,47,601,0,207,831,449,728,538,716,238
48113004900,2019,4089,127,2037,1911,0,809,394,179,160,189,112,1669,229,887,1733,307,1245,620,1264,951
48113005500,2019,4507,182,1937,2388,0,958,133,315,229,339,123,1325,240,937,1540,68,1480,461,1263,779
48113005901,2019,5497,277,3438,1772,3,692,17,263,160,290,34,1393,114,1241,2138,48,2047,859,1185,1441
48113006001,2019,5006,47,286,4673,0,1682,84,113,233,129,235,1519,96,522,1244,335,1091,595,2103,423
48113006302,2019,4547,613,199,3724,0,1239,25,474,207,384,199,759,60,1032,1436,0,1299,591,1520,654
48113006800,2019,5232,718,448,4041,0,1750,233,576,100,449,355,1122,205,708,2078,1300,1771,1245,1149,891
48113007102,2019,5408,2313,1554,1291,103,749,98,1330,102,1359,383,519,575,1162,2862,921,2145,1254,997,979
48113007201,2019,8282,2268,526,5464,0,4599,1418,323,278,253,302,1663,420,142,2993,2814,2663,2070,2539,693
48113007801,2019,2091,1715,59,157,120,232,75,1229,37,521,9,89,108,862,1307,274,1067,679,138,1244
48113008100,2019,6491,4741,532,901,74,479,44,3202,30,2577,208,239,237,1945,3598,1325,2395,1992,989,1753
48113008500,2019,5064,597,719,3641,14,1939,363,231,14,223,151,1306,148,717,1401,262,1370,688,1594,721
48453001605,2019,3968,3558,22,276,79,187,34,2476,65,1757,195,218,359,1108,2257,1200,1799,1264,753,763
48453001706,2019,3894,2783,415,510,107,422,168,2273,52,1691,222,282,33,1087,2018,1046,1696,1321,754,956
48453001738,2019,6846,4879,128,1086,507,636,26,3540,122,2627,191,296,87,2432,2892,159,1438,1127,1493,1779
48453001757,2019,2250,1687,53,278,197,363,87,1306,105,725,62,75,89,694,1137,334,525,582,401,716
48453001819,2019,4272,991,394,2561,220,1811,583,559,45,629,124,1343,131,233,1578,1014,1444,1176,1253,380
48453001846,2019,2526,1895,25,407,147,274,66,1323,47,938,119,69,41,966,1079,10,641,431,461,735
48453001764,2019,7953,6937,20,772,147,369,29,3515,197,2235,342,329,908,2534,3825,91,893,1862,1967,2065
48453001742,2019,6545,4266,68,1695,123,710,240,2190,294,1699,174,343,227,1924,2666,50,696,1392,1733,1400
48453001761,2019,8012,5989,108,971,496,1133,368,4354,87,2948,310,238,280,2087,3397,1191,394,1927,2066,1421
48453001768,2019,11230,8723,4,1361,882,1127,351,4786,92,3566,483,754,340,3252,4175,440,805,2893,3391,1594
48453001806,2019,7174,1109,481,5268,139,2864,1081,788,232,602,177,1125,338,542,2745,1745,2103,1674,1896,643
48453001811,2019,3259,755,741,1722,30,889,173,688,77,476,171,614,165,439,1479,951,1468,755,763,509
48453001824,2019,2086,1158,176,438,238,436,234,879,24,697,139,171,17,559,908,312,694,486,318,318
48453001833,2019,9645,2350,590,6236,296,4199,1224,749,182,717,272,971,92,1314,2758,1189,1783,1188,2024,1640
48423002102,2019,5435,4389,384,465,8,210,0,756,67,669,234,394,258,1761,2281,0,1115,691,1155,1794
48423980000,2019,0,0,0,0,0,0,0,0,0,0,0,0,0,0,0,0,0,0,0,0
48425000100,2019,7275,5764,105,1312,92,310,0,1346,136,1116,295,1637,624,2053,3045,180,1097,1078,1750,1543
48425000200,2019,1585,1246,0,334,0,28,0,304,22,300,32,380,97,455,799,49,613,312,247,580
48427950106,2019,3199,6,0,3166,0,1076,148,250,47,226,34,943,129,571,898,92,476,159,1033,532
48427950104,2019,5590,64,9,5510,0,1022,215,391,286,553,24,1192,174,940,1323,41,213,466,2345,396
48427950105,2019,4181,0,0,4181,0,1264,159,183,393,413,12,1463,175,762,1150,7,331,415,1520,234
48427950107,2019,3254,0,0,3254,0,1198,72,103,259,247,19,1215,183,529,1077,152,378,425,1068,424
48427950108,2019,3723,49,0,3674,0,772,9,342,107,437,45,933,234,702,1073,122,374,288,1560,464
48427950203,2019,4520,0,0,4520,0,1553,201,248,110,364,0,1553,268,876,1315,52,438,247,1596,655
48427950204,2019,5454,18,0,5436,0,2009,468,237,266,201,143,2507,260,1005,1660,147,928,589,1557,1056
48427950401,2019,5274,36,0,5238,0,1416,130,102,314,431,117,1871,357,1209,1843,124,933,332,1613,926
48427950402,2019,5251,76,0,5159,7,1503,115,166,362,313,73,1811,197,1004,1389,54,462,364,1933,584
48435950300,2019,3824,1304,3,2510,6,519,195,438,141,533,87,531,614,977,2026,182,1568,587,1009,900
48439102601,2019,4024,1693,437,1783,40,689,152,614,208,526,104,610,199,539,2000,884,1658,1104,739,741
48439102602,2019,3953,1762,232,1915,0,546,60,1090,112,932,179,254,185,1079,1773,190,1650,912,884,673
48439104804,2019,2758,442,34,2238,34,851,203,128,90,157,144,776,198,375,970,141,914,445,959,174
48439105007,2019,5407,2450,1060,1100,638,841,270,1444,122,1348,318,365,363,533,2827,2092,667,2141,1231,579
48439105008,2019,8779,3556,1366,2357,913,1165,497,1546,304,1591,406,648,169,1506,3212,1206,552,1928,2882,1112
48429950500,2019,3366,2882,104,367,13,115,14,384,102,432,96,478,961,1043,2119,15,1443,271,497,1042
48439104701,2019,4481,248,23,4112,69,2092,285,202,178,175,226,890,36,804,1404,50,1377,571,1391,574
48439104702,2019,3435,200,130,3069,21,1351,188,101,95,131,240,891,42,471,1079,242,929,563,1172,539
48439104803,2019,6871,965,172,5197,504,2370,645,843,162,482,180,1915,247,958,2008,606,1512,897,2233,692
48439105513,2019,2902,1140,950,614,135,300,63,555,143,511,57,610,298,7,1853,1750,1283,1392,495,683
48439105514,2019,2662,1137,465,846,121,401,100,570,113,592,59,331,211,8,1779,1746,1385,1364,336,316
48439105901,2019,3875,418,351,3094,12,1152,78,78,145,164,325,810,38,676,1178,231,1043,508,1194,393
48439105902,2019,6549,1017,1638,1794,1964,2955,2269,225,171,159,195,2214,293,86,1528,1331,1170,925,1804,559
48439110807,2019,7609,3942,589,2053,243,909,133,1323,209,1225,414,1162,184,1829,2575,320,878,1223,2162,1149
48439106517,2019,9193,3190,2546,1889,1185,2459,1052,1711,107,1490,412,1250,459,1189,3874,2376,1634,2442,2635,1145
48439106518,2019,5813,1374,1939,1205,930,1998,1108,2265,66,1913,186,486,335,0,3358,3329,1318,2909,936,242
48439110600,2019,2681,1549,47,967,47,166,56,524,45,504,140,312,102,474,1224,446,652,740,698,553
48029980100,2019,793,278,78,346,68,48,40,39,21,47,0,109,224,0,308,267,249,84,147,51
48215024105,2019,9771,415,0,9356,0,3050,658,870,373,986,198,2293,403,2089,3170,622,1362,1168,2747,1693
48215024301,2019,1211,122,0,1089,0,232,16,234,24,222,18,304,175,309,611,0,271,145,199,282
48215024600,2019,7875,72,11,7792,0,1978,836,405,117,621,115,2190,238,1333,1904,118,1025,502,2381,946
48215020202,2019,7106,0,0,7101,0,2433,458,500,269,656,116,2159,220,1306,2119,222,709,647,2358,1016
48215021202,2019,5279,713,40,4340,147,1588,325,1600,68,1086,245,919,995,900,2889,1434,924,1233,1603,1252
48215023504,2019,10234,554,0,9561,47,2524,924,1359,327,1353,166,3229,196,1856,3149,706,754,1563,3322,1234
48215024000,2019,17384,1391,509,15360,52,2570,510,2222,648,2507,314,4056,660,1616,6185,3527,1257,3968,5230,1424
48215020201,2019,8048,127,39,7872,10,2805,136,524,297,659,89,2141,278,1816,2584,240,573,667,2209,1446
48245010902,2019,4610,3348,41,766,391,400,142,1034,85,964,252,543,126,1456,1802,116,1421,598,1070,1250
48245011201,2019,8902,6616,1281,579,409,419,0,1118,128,1037,738,416,289,2271,3436,477,1981,1496,1680,2052
48245000103,2019,3758,368,3243,120,27,72,17,132,177,119,94,1946,142,355,1405,793,799,943,1611,503
48245000400,2019,4429,2825,1484,120,0,46,48,1140,33,1124,92,756,333,1019,2271,877,1919,1093,1238,763
48245000700,2019,2337,36,2135,166,0,52,0,64,144,71,40,828,222,476,1234,310,923,495,558,576
48245002100,2019,3019,340,2072,584,0,273,0,116,33,73,139,780,248,755,1433,243,1179,507,801,751
48245002400,2019,2335,287,1028,1000,0,360,26,68,26,62,170,777,237,618,1199,158,930,526,781,381
48245002600,2019,5515,1248,3177,472,428,659,554,565,117,691,114,1412,448,377,2080,1130,1529,1065,457,540
48245005600,2019,3206,142,639,2053,363,1223,142,188,111,178,224,541,260,707,1245,10,1160,469,1001,467
48245006500,2019,3834,801,492,2108,409,1630,208,218,120,124,95,913,183,776,1463,284,1221,725,1123,700
48245006600,2019,3700,764,1301,1362,188,833,225,148,158,242,108,1220,464,723,1931,977,1266,830,1187,498
48245007002,2019,3943,1124,959,474,1193,1238,553,552,72,391,133,897,148,643,1760,1014,901,1071,894,889
48245010700,2019,3129,2435,81,541,18,230,12,559,125,514,115,219,131,952,1299,90,1152,383,603,802
48245011400,2019,7879,5303,2099,300,35,124,8,1141,240,1279,408,440,717,2696,3866,108,2280,1182,1287,2234
48245000200,2019,5167,988,3627,488,47,281,22,768,62,616,326,602,264,1192,2298,605,1542,798,1192,1197
48245000306,2019,3456,2681,284,330,102,157,76,1229,70,796,146,112,260,1013,1792,442,1591,723,689,1129
48245000500,2019,2510,508,847,1148,0,410,158,171,29,167,34,937,224,414,1046,297,730,532,886,476
48245007100,2019,3518,1999,611,882,7,314,32,220,109,344,98,653,154,1018,1541,17,1297,601,777,830
48245002300,2019,2775,179,2371,185,10,113,58,274,59,201,115,491,374,965,1717,281,1461,379,475,959
48245005500,2019,3356,271,1288,1510,271,1072,161,211,82,216,205,612,240,729,1202,58,1034,332,1010,597
48039660702,2019,15351,7424,3619,2458,1722,1498,128,5048,276,4688,627,705,270,4023,5591,854,569,3703,4572,2103
48039660801,2019,9590,4615,1674,3032,138,492,113,2276,163,2512,738,186,52,2413,3312,445,980,1711,2785,1403
48039660802,2019,9038,4073,1043,3348,439,849,205,1799,312,2131,822,92,210,2242,2669,0,576,1367,2858,741
48039661501,2019,5223,2792,72,2203,0,770,20,512,117,675,198,526,341,1438,2023,31,1199,558,1510,1124
48039661502,2019,4647,2981,155,1337,31,359,49,451,63,679,243,357,233,1242,1733,134,880,534,1106,982
48039661601,2019,6143,3934,109,2021,24,568,81,940,140,1139,463,690,267,1510,2709,843,1538,1339,1307,1334
48039661602,2019,3031,1187,39,1744,41,554,148,272,43,412,245,451,104,732,1098,127,570,572,867,400
48039990000,2019,0,0,0,0,0,0,0,0,0,0,0,0,0,0,0,0,0,0,0,0
48041001605,2019,4082,2020,741,819,391,704,607,1101,93,1255,153,1493,256,230,1959,1237,1379,1481,458,280
48039664501,2019,5507,3685,555,1216,0,415,14,459,231,471,441,855,557,1566,2480,35,1590,939,1543,1404
48041000101,2019,8810,5779,527,2057,122,800,79,2340,227,1863,175,572,172,2663,3586,401,1078,2011,1886,1775
48041000102,2019,5785,5053,26,464,222,417,277,1822,5,1504,167,266,153,2056,2425,16,977,973,1314,1334
48041000103,2019,1625,1332,62,193,0,20,0,404,47,285,70,62,62,567,680,0,262,239,336,440
48041001606,2019,3539,1815,195,860,484,1018,823,855,85,985,63,1482,123,75,1653,1261,1012,1390,362,429
48041001701,2019,6061,3077,824,1078,988,1396,781,1340,201,1346,198,2857,688,176,3543,2972,997,2673,716,98
48041001702,2019,2789,1721,544,460,21,235,39,360,31,550,0,1500,109,296,1237,761,194,854,438,313
48041001803,2019,7232,4674,537,879,927,1223,429,2863,66,2296,143,1247,95,1163,2887,1143,1273,1788,1441,958
48041001804,2019,1668,798,73,637,155,158,76,300,40,424,20,381,47,164,585,129,65,433,409,57
48091310703,2019,6550,5186,19,1239,2,156,67,2212,68,1785,96,94,195,2108,2359,0,253,1176,1585,1660
48091310704,2019,7100,4352,21,2275,57,514,159,1892,49,1248,126,569,2,2204,2402,0,703,883,1676,1936
48113016803,2019,6032,1038,3808,920,71,170,48,699,182,589,312,1201,285,1153,2448,643,2024,1284,2246,998
48113016903,2019,5486,1389,1430,2537,12,1152,141,250,138,229,231,1379,134,1052,1890,181,937,1120,1377,787
48113017702,2019,7148,2118,2270,2302,241,1160,293,805,137,1014,452,1224,152,1527,2893,1024,2071,1284,1674,1399
48113017704,2019,6536,1377,839,3976,96,1778,355,299,106,427,174,1720,147,962,2090,600,1932,1100,2191,1028
48113018001,2019,6427,2136,805,3280,34,1274,183,579,105,497,201,738,182,1265,2369,475,2256,1168,1765,1154
48113018002,2019,3375,704,394,2074,145,1365,541,342,30,326,155,505,222,635,1179,159,1168,459,1199,471
48113018127,2019,2781,840,201,1458,84,759,187,235,75,316,133,459,77,573,937,170,860,331,870,491
48113018503,2019,5997,747,4025,991,163,1968,1074,986,251,811,177,1627,490,145,3355,3202,2955,2482,1633,270
48113018203,2019,6726,745,1588,3351,712,2283,132,704,152,847,452,151,96,1349,1844,14,1123,621,2132,727
48113018205,2019,4290,757,726,2366,349,1779,413,399,178,337,212,590,107,715,1457,608,1267,854,1230,444
48113018600,2019,3952,1487,55,2347,17,931,137,567,133,533,140,635,62,884,1366,62,1355,562,1167,733
48113018900,2019,5973,1692,673,2799,706,1790,318,704,138,734,270,1039,141,1200,1955,337,1655,767,1568,1118
48113019023,2019,5236,3264,329,612,801,842,465,1939,77,1466,218,35,0,1383,2168,595,1672,1042,1045,1352
48113019024,2019,4488,1824,785,785,926,1492,258,1092,59,793,210,352,68,1226,1576,148,1513,516,951,1165
48113014124,2019,3953,1899,286,575,1104,1182,294,2184,53,1674,228,139,95,1133,1523,191,289,691,857,870
48113018104,2019,7508,3810,1097,1361,992,995,183,1966,266,1957,266,730,51,1929,2541,404,1010,1320,2132,1179
48113018120,2019,4711,1400,840,1499,744,1206,255,693,120,868,249,236,71,1279,1554,65,848,583,1212,689
48113018123,2019,9103,2916,1139,3103,1815,2717,491,1580,196,1827,567,585,72,2209,3051,499,1643,1209,2036,1437
48113018124,2019,19493,9509,3934,3962,1494,3086,291,5271,650,5222,1005,1441,101,5271,6153,24,1179,2470,5731,2575
48113013718,2019,5222,816,510,3762,94,2407,704,325,88,445,552,424,22,327,1479,982,1417,1027,1861,397
48113013720,2019,6953,1823,446,3851,675,2168,411,959,223,829,240,655,26,1161,2193,649,2100,1286,2093,1102
48113013803,2019,7820,4056,162,2947,327,1692,165,2443,132,2047,401,435,16,2244,2835,332,2422,1039,1651,1596
48113014103,2019,4819,325,1706,784,1882,2208,1346,1175,59,957,202,1117,198,319,1823,1433,1324,1570,1711,142
48113014115,2019,7755,1415,2144,2894,1152,3033,1154,872,147,976,280,479,29,1298,2184,487,2015,1039,2250,1357
48113014126,2019,6850,3872,108,1335,1401,1446,302,3173,62,2461,369,183,8,2026,2310,34,890,1194,1971,953
48113014306,2019,6196,1123,238,3960,298,2406,456,404,163,559,133,1250,60,1046,1684,197,1599,799,1937,836
48113014501,2019,3351,1184,58,1977,92,808,74,526,118,419,165,408,115,767,1017,152,953,429,1069,557
48113015305,2019,4456,947,462,2819,185,1721,342,372,121,435,223,499,100,855,1447,203,1031,687,1270,532
48113015401,2019,6963,2904,957,2810,193,1051,201,1547,82,1583,532,226,111,1492,2895,1134,2122,1412,1476,1389
48113015500,2019,3851,1064,459,2178,102,1140,148,404,91,408,328,557,98,674,1256,477,928,611,1097,605
48113015700,2019,2881,252,0,2434,183,1000,90,75,64,211,218,471,48,451,752,59,623,283,977,203
48113016511,2019,4812,429,2993,1279,88,470,113,413,168,705,115,832,31,1020,1536,36,1144,555,1379,841
48113016513,2019,5060,1595,2059,1121,82,407,20,1422,124,1053,198,290,70,1675,1864,16,1533,620,990,1447
48339693800,2019,4732,2065,577,1880,163,925,106,375,145,458,150,680,124,746,1820,738,932,1131,1442,560
48339694700,2019,3175,2654,290,129,15,109,30,689,79,596,265,322,331,1133,1607,23,488,542,694,830
48339690700,2019,11099,8131,616,1158,1099,1645,690,3895,193,2738,303,604,795,2113,5856,3346,671,3896,1732,3963
48339690500,2019,12443,10116,503,862,575,1046,215,3931,203,3178,692,412,392,3847,4656,433,575,2297,3348,2632
48339690900,2019,4391,3425,30,603,200,695,348,2159,16,1318,187,320,12,1364,1455,9,126,550,1347,831
48339691200,2019,7246,6175,165,707,193,961,258,3390,125,2398,321,194,224,1918,3024,559,1815,1222,1511,2299
48339691400,2019,9188,5722,900,1951,546,1451,863,2983,271,2311,334,474,583,1555,4879,2537,1896,3275,1453,1403
48339691800,2019,10163,5697,1201,2843,263,2032,709,1990,188,1803,457,1243,158,2035,3654,1095,1802,2200,2713,1659
48339692200,2019,8710,6363,55,2188,0,591,58,511,120,967,537,1757,363,2113,3221,0,1276,1276,2821,1645
48085031504,2019,7112,5145,643,769,427,508,115,1958,167,1939,219,161,108,1942,2451,37,1478,681,1746,1222
48085031506,2019,9509,5667,1667,1738,290,1348,225,1713,165,1641,227,1025,286,1737,3525,994,2525,1670,2771,1627
48027022900,2019,3555,1141,1164,861,227,452,242,204,235,163,47,1096,464,333,2075,1093,1949,1298,800,555
48027023103,2019,4603,1516,1545,1044,408,314,157,300,216,302,42,1102,143,622,1925,674,1537,1234,1362,699
48027022000,2019,8180,3220,1843,2137,483,1044,265,813,287,885,246,1987,870,1429,3695,831,1761,1769,2292,1228
48037011300,2019,5152,4123,488,359,15,193,3,535,157,543,155,958,354,1451,2413,188,1447,821,1196,1255
48037011402,2019,2219,1934,131,38,28,23,0,203,26,257,114,247,162,570,968,65,613,337,552,486
48037011600,2019,5151,3840,730,316,54,93,11,577,88,560,134,781,560,1518,2562,164,1722,866,1231,1551
48037011100,2019,7654,4459,2427,596,0,181,23,668,135,922,278,1109,131,1271,2420,189,1433,1188,1650,1329
48037010902,2019,7706,5254,1429,743,153,451,67,1766,132,1519,251,1017,284,1787,3449,1071,1251,2043,2124,1413
48037011200,2019,6797,6000,212,55,228,162,12,1864,87,1448,286,455,196,2015,2414,48,935,934,2118,1573
48037011700,2019,2198,2019,0,118,0,61,0,373,23,305,95,364,242,816,1201,0,669,365,419,789
48037011000,2019,7604,4861,1874,642,0,280,173,1225,111,1266,264,696,312,2066,3191,511,2218,1477,1676,1853
48009020100,2019,2939,2792,5,71,15,31,22,677,48,638,132,162,51,1075,1157,9,636,435,598,866
48009020200,2019,2323,2155,0,63,0,2,0,278,54,353,93,370,438,755,1394,69,1127,393,445,683
48009020300,2019,3454,2753,71,588,0,257,69,512,27,536,94,501,217,1058,1607,95,1185,528,851,808
48043950400,2019,1829,362,0,1426,41,124,45,309,99,216,44,288,300,427,1002,97,705,269,407,355
48043950300,2019,4496,2759,5,1610,69,280,125,1531,59,911,29,580,473,1042,2559,582,1835,1249,1000,1321
48263950100,2019,647,542,6,91,0,12,0,120,11,114,10,87,218,190,491,0,386,95,159,240
48149970300,2019,5887,3790,395,1584,93,605,37,682,133,636,145,968,572,1555,2682,475,1876,848,1581,1578
48149970400,2019,3821,2594,277,867,0,288,0,473,0,605,151,261,488,1174,1884,49,965,476,795,1116
48149970500,2019,3745,2676,138,923,4,228,74,515,58,377,251,503,995,1156,2330,20,1423,351,682,1332
48149970100,2019,2071,1807,121,131,0,90,41,529,58,291,60,219,786,726,1612,5,1015,252,232,900
48149970200,2019,2254,1869,11,362,0,163,0,359,46,308,83,249,582,864,1512,0,671,346,341,818
48149970700,2019,2016,1593,273,146,0,91,0,304,8,256,40,120,561,638,1306,4,838,290,337,760
48149970600,2019,5347,3578,430,1263,22,458,136,735,79,489,356,609,868,1347,2661,137,2089,694,1189,1740
48491020503,2019,6125,4106,45,1232,532,561,51,2389,89,1822,295,93,187,1827,2142,62,1563,747,1436,1700
48491020602,2019,6204,2986,534,2268,241,1063,349,1349,324,1070,432,411,97,1204,1852,270,847,844,1854,771
48491020301,2019,8617,6170,179,1958,140,469,37,1420,142,1997,532,718,165,2389,3058,166,802,1855,2456,1205
48491020504,2019,10753,3817,1296,4760,437,1812,556,2585,134,2776,521,851,391,992,4238,2778,1594,2928,2261,1134
48491021000,2019,3207,663,708,1714,111,669,415,129,15,218,249,505,206,623,1146,217,871,391,630,664
48491020404,2019,3777,2585,121,709,277,480,43,1220,150,969,112,191,9,971,1297,68,1085,587,807,1008
48491020405,2019,6385,3006,453,1591,1046,1578,706,1862,270,1676,174,815,313,964,2820,1492,2279,1685,1399,865
48491021100,2019,3010,1293,124,1586,0,274,35,267,100,444,99,566,128,446,1002,185,774,557,709,532
48491021202,2019,3953,2504,234,1117,75,308,0,538,152,695,189,339,15,1000,1415,254,817,693,850,820
48491021203,2019,3080,1283,277,1505,0,400,9,253,113,408,165,372,62,619,1181,355,978,614,627,763
48491021401,2019,13312,7726,419,4646,110,1419,38,2296,195,2468,346,1017,122,2926,3687,297,712,2259,3558,1406
48491021403,2019,7314,3896,577,2387,277,833,260,1466,395,1427,344,1085,60,1551,2395,509,672,1642,1880,909
48491021502,2019,6293,2184,922,3102,42,1610,516,681,152,613,333,1088,128,949,1844,689,1209,1079,1659,619
48491020310,2019,4349,2742,63,679,780,831,339,1655,160,1357,200,80,65,1263,1400,8,558,856,1197,736
48491020704,2019,6290,2808,287,2609,47,799,76,822,155,1163,600,569,216,746,2462,1183,1719,1471,1407,835
48029181713,2019,8183,2629,430,4947,70,733,135,1606,225,1222,154,836,43,1735,2651,343,1962,1231,2155,1341
48029181505,2019,4942,1666,120,3092,64,339,60,1203,168,948,130,450,104,1312,1739,130,1676,653,961,1371
48085031638,2019,6849,2742,21,263,3656,3046,411,3647,122,2314,404,187,0,1969,2147,0,72,786,1851,911
48085031805,2019,5127,4155,37,330,500,538,84,2593,143,1666,304,177,71,1802,2222,301,1823,890,840,1603
48085031100,2019,9203,6162,785,2005,34,484,110,1132,196,1499,410,799,429,2128,3359,369,1817,1574,2155,1744
48085031634,2019,3622,2118,167,733,471,787,257,1029,43,816,144,108,26,689,1242,230,1120,681,638,691
48085031641,2019,6415,2242,136,251,3709,2810,742,3136,108,2203,447,147,64,1516,2032,299,89,796,1887,613
48201511100,2019,3514,1921,134,913,465,585,109,2135,21,1724,275,167,153,955,1791,627,553,1245,459,479
48201313400,2019,2972,183,2348,325,39,412,183,479,162,321,11,977,174,542,1557,873,1081,775,436,749
48201231000,2019,4677,157,2424,1901,0,777,147,245,348,507,153,816,214,1025,1613,55,1342,510,1150,911
48201233200,2019,6590,969,145,5408,68,2659,441,392,275,256,375,699,165,1309,1931,21,1912,758,2160,812
48201250500,2019,6410,2960,1268,1782,252,927,334,1062,185,1190,204,644,107,1242,2283,705,785,1337,1919,919
48201321900,2019,6006,580,12,5398,16,2226,107,156,380,339,469,1015,110,852,1606,140,1474,638,1707,673
48201323900,2019,3952,1294,190,2378,33,879,151,226,320,180,169,1073,160,457,1618,831,1008,1052,1098,815
48201332700,2019,2555,59,11,2462,23,1141,126,82,42,121,145,582,93,444,843,132,733,269,626,408
48201551900,2019,6185,1594,2583,1736,139,1302,714,1076,228,1237,321,1160,392,21,3386,3208,1044,2801,1400,370
48003950300,2019,4889,1174,39,3397,0,978,27,181,118,299,178,512,190,887,1646,116,1172,975,2052,625
48003950100,2019,2305,1152,8,1141,0,381,270,345,55,410,99,298,44,560,769,0,339,453,742,353
48003950200,2019,7465,3133,75,4023,96,1072,448,705,97,912,256,765,322,1922,2850,319,2350,1158,1999,1448
48003950400,2019,3377,1787,0,1590,0,302,0,75,47,216,78,72,167,761,1031,0,654,370,895,455
48309003707,2019,8496,5732,815,1229,369,644,39,2741,119,2458,405,712,333,1582,4140,2144,1832,2690,1956,2014
48309003802,2019,5725,4597,142,927,8,201,29,561,207,665,298,549,298,1776,2452,113,1553,830,1280,1493
48309003200,2019,4673,2328,1000,1199,109,367,60,249,86,434,224,1078,245,1038,2016,293,1479,1023,1348,854
48309001800,2019,3132,1250,893,941,14,326,77,243,41,197,78,199,77,502,641,17,544,217,298,437
48309003703,2019,6078,4754,137,838,0,167,62,1040,132,1231,315,758,100,1633,2052,75,1038,930,2003,1132
48309003801,2019,6724,5789,0,820,69,155,0,1374,28,1643,495,409,243,1971,2589,137,1197,1053,1720,1393
48309004102,2019,5508,4710,42,640,13,170,86,863,158,865,255,319,83,1677,1945,7,1048,732,1458,1314
48309000700,2019,2884,913,715,1218,0,375,186,495,91,428,134,863,184,411,1281,489,1146,725,683,302
48309000900,2019,5153,1634,1191,2328,0,804,300,516,95,451,58,1801,188,969,1837,65,1804,945,1632,762
48309002302,2019,5109,2117,1258,1573,0,736,335,389,140,671,399,1256,356,266,2761,2187,2514,2033,791,1018
48309000598,2019,5427,673,508,4222,0,1798,282,144,112,206,441,1755,214,1018,1789,111,1657,579,1510,704
48309001100,2019,5528,944,1425,3072,7,910,39,114,99,354,434,1294,285,842,2087,52,1934,985,1738,746
48309001600,2019,6610,2487,1187,2760,76,1069,210,552,191,433,515,1528,383,966,2864,974,2256,1554,1856,1065
48309001700,2019,5992,2726,1239,1752,28,787,472,332,103,355,456,1126,273,1335,2336,214,1673,988,1632,1262
48309002503,2019,5149,3940,314,824,71,305,14,1649,54,777,207,98,183,1484,2247,471,1919,995,1015,2288
48309002600,2019,6599,4658,452,1180,103,160,56,1975,133,1535,196,295,14,2035,2653,290,2513,1356,1697,2067
48309003300,2019,2586,1420,329,529,107,85,47,120,156,202,27,734,279,7,817,424,797,520,326,38
48309003400,2019,6837,5427,231,983,30,240,21,836,14,905,260,1115,386,1838,2730,201,1696,973,1880,1718
48027021302,2019,2975,2518,71,230,19,84,18,979,59,728,123,325,122,941,1383,383,1212,538,495,1143
48027021602,2019,2881,1657,199,883,34,200,22,197,55,426,68,210,43,234,497,115,207,282,320,258
48201451100,2019,3911,2072,893,662,218,910,103,1654,128,1204,144,684,260,1178,2220,816,2074,1005,762,1143
48029140800,2019,5124,375,86,4631,32,881,113,293,120,372,221,1208,189,1050,1845,339,1765,617,988,827
48029150502,2019,3595,83,20,3473,19,735,120,112,77,201,152,857,149,657,1202,61,970,387,762,717
48029150700,2019,7360,494,44,6810,12,886,21,298,42,418,175,1434,102,1322,2184,282,1992,622,1890,1180
48029160100,2019,7160,106,0,7054,0,1311,153,53,257,174,289,2885,242,878,2139,644,1336,866,2523,845
48029170500,2019,4648,549,7,4018,71,717,133,500,70,351,109,1907,255,872,1708,386,1492,675,1147,971
48029180504,2019,4868,305,182,4363,18,647,7,92,179,135,149,1440,77,806,1343,271,1020,398,1509,950
48029120502,2019,5327,1199,703,3018,174,1129,397,341,239,339,218,1782,346,896,2052,586,1737,900,1615,894
48029120701,2019,6416,2746,49,3527,55,1094,435,1981,222,1214,123,697,210,807,2646,1685,2476,1706,1499,1355
48029121504,2019,6553,2352,1307,2574,259,923,34,1482,172,949,132,241,234,1696,2814,499,1351,1509,1463,1703
48029150300,2019,4845,357,89,4349,50,971,29,206,36,449,113,1236,171,794,1411,118,1256,468,1251,814
48029160200,2019,3327,92,0,3225,1,535,68,134,87,205,152,489,48,737,989,19,954,246,765,583
48453001745,2019,2263,1822,50,225,98,146,62,1078,44,760,190,222,115,757,1084,285,695,441,360,515
48453001747,2019,6090,2428,683,2728,34,528,285,1539,146,1517,124,776,87,1167,2291,721,1311,1388,1571,793
48181000800,2019,5911,4913,335,356,59,100,0,883,49,869,339,243,312,1805,2464,225,2056,712,1276,1943
48181000901,2019,4362,3754,232,80,66,73,35,834,177,777,172,325,86,1044,1796,484,1154,940,983,1053
48181001500,2019,6766,3314,514,2600,179,1175,150,413,85,769,418,1132,293,1555,2506,243,2176,950,1923,1040
48181001801,2019,6452,5031,50,846,44,356,79,929,140,1120,561,898,212,1893,2621,233,1515,1153,1562,1480
48181000700,2019,3993,3083,460,184,40,69,0,161,125,352,319,631,202,890,1720,234,1546,834,1139,894
48181001101,2019,4922,3960,121,328,257,391,179,846,100,768,408,532,267,1151,2056,581,864,1025,1114,1230
48181001300,2019,3921,2473,549,238,334,307,67,449,64,652,360,411,341,600,1883,722,1754,997,901,835
48181001700,2019,5569,3264,160,1413,360,829,143,764,150,610,569,1480,134,894,2299,994,1148,1441,1825,1005
48181000102,2019,3469,2872,282,216,6,103,3,460,87,442,202,494,188,961,1423,67,892,503,947,733
48181000902,2019,6709,5366,509,671,34,151,26,1584,138,1404,341,641,416,1457,3475,1516,2160,2185,1129,2262
48181000302,2019,4943,4304,0,374,29,282,0,931,119,796,154,509,366,1311,2219,163,1128,839,1143,1231
48181001400,2019,5758,2423,669,2525,100,1114,152,268,133,431,175,1259,143,1000,1805,179,1525,719,1420,668
48181000501,2019,3796,3064,361,112,28,49,8,542,196,406,265,839,152,557,1656,689,1266,995,911,1003
48181001200,2019,6095,4249,705,616,91,268,0,1273,80,998,422,605,258,1367,2648,351,2370,1442,1478,1427
48181001102,2019,7782,7085,193,443,3,216,47,904,143,896,430,813,332,2019,3176,419,1783,1404,1641,2159
48181001802,2019,5054,4162,76,573,8,151,32,828,143,853,469,363,291,1448,2023,96,1222,610,1133,1094
48181000101,2019,5245,4247,20,635,62,298,5,692,127,790,263,384,236,1691,2183,54,1210,686,1142,1438
48181001803,2019,7096,5529,383,873,0,377,0,927,53,1022,297,517,207,1817,2488,159,1040,1089,1592,1526
48181001900,2019,11313,9636,123,1225,66,522,60,1847,160,2307,517,761,403,3194,4357,166,1838,1823,3114,2268
48181000400,2019,2950,2287,110,415,9,197,119,262,107,257,78,743,154,708,1255,207,1126,434,747,738
48387950500,2019,4370,2434,1528,296,0,80,0,374,62,283,396,1003,827,1274,2733,345,2256,687,703,1503
48387950600,2019,2968,2574,11,302,6,111,63,246,118,426,145,596,296,915,1361,57,939,390,732,759
48387950100,2019,2381,1944,183,204,4,100,6,319,78,327,88,354,473,878,1501,25,872,345,336,854
48029151500,2019,2625,303,118,2169,35,224,60,130,78,261,119,376,39,560,894,175,850,328,666,560
48029160300,2019,5471,169,0,5272,30,833,68,427,144,611,200,1317,121,1160,1855,118,1796,593,1457,1048
48029161200,2019,2939,268,77,2562,8,288,44,93,31,253,96,948,169,518,933,225,363,291,1012,387
48029161302,2019,6129,263,456,5371,20,1608,86,243,278,437,342,1378,75,810,1537,183,1049,677,2102,553
48029170300,2019,6455,252,222,5952,23,1500,216,324,243,370,192,1886,101,1139,1828,185,1766,654,1705,1178
48029170402,2019,5394,72,63,5259,0,1351,30,225,135,272,189,1816,169,976,1640,68,1576,598,1397,983
48029170600,2019,4591,200,28,4346,3,905,129,266,179,541,105,821,225,828,1603,100,1558,583,847,985
48029170700,2019,5057,107,0,4948,2,1241,78,262,163,213,101,935,189,851,1521,108,1357,492,1205,905
48029121204,2019,7789,2358,1672,3109,374,1199,603,1364,182,1165,237,1394,604,860,4421,3752,3372,3003,1548,1247
48029121508,2019,4563,774,1030,2544,73,641,206,323,102,309,157,1575,210,712,1426,156,1219,746,1381,643
48029121601,2019,5657,2233,670,2585,59,600,97,687,143,654,182,963,127,550,2146,1363,1512,1502,1578,771
48029121802,2019,8497,3896,252,4032,174,717,226,908,196,1193,247,1019,141,2086,2952,155,985,1312,2247,1109
48029130300,2019,3360,96,538,2711,15,595,31,184,48,184,24,1000,253,545,1222,119,1162,458,1000,617
48029130700,2019,2636,237,360,1987,0,312,25,101,30,127,28,1331,157,247,1063,445,657,623,944,345
48029130900,2019,5246,270,2230,2568,130,540,223,217,104,341,164,1648,188,575,1798,885,1578,1026,1789,760
48029131000,2019,5206,325,2362,2394,105,448,148,316,156,352,143,2184,180,1101,1977,295,1745,748,1388,1177
48029140500,2019,4234,820,60,3301,16,296,60,305,125,433,79,651,172,982,1495,91,1437,426,840,1080
48429950200,2019,4298,2794,93,1247,0,188,111,430,87,377,102,1007,423,1063,1800,164,1690,578,1356,864
48429950300,2019,1700,981,68,609,18,152,0,207,72,164,180,350,327,559,1039,102,982,264,266,566
48495950200,2019,2741,853,36,1821,0,393,51,110,33,251,0,417,119,693,970,6,960,369,914,451
48495950400,2019,1272,829,16,410,0,126,60,136,31,133,3,132,109,334,523,23,452,162,312,243
48495950300,2019,3854,1081,125,2565,0,536,148,134,65,277,20,618,197,1058,1551,110,1434,540,1126,633
48201321800,2019,4155,195,27,3914,0,1513,159,84,176,226,297,603,88,760,1179,86,1111,409,1181,585
48201313600,2019,4650,273,3292,972,91,512,184,242,226,270,31,2038,257,708,2084,744,1652,1063,1371,904
48113007101,2019,2412,1997,28,189,148,315,76,1486,50,884,92,242,19,541,1143,664,691,841,559,354
48113007805,2019,2794,1331,681,740,17,395,12,929,15,457,56,388,59,722,1538,556,1244,748,374,1125
48113010500,2019,3020,243,784,1993,0,1037,150,42,184,94,113,712,98,547,925,0,650,283,922,515
48113013101,2019,2921,2544,33,211,103,238,22,1681,24,946,102,119,151,1060,1330,421,1162,494,696,989
48113013722,2019,4875,1651,1108,1549,349,1115,258,1412,79,1251,187,447,88,397,2406,2049,1535,1744,916,699
48113006200,2019,7226,649,2363,4058,139,1714,277,475,311,541,276,1554,93,880,2269,887,1766,1280,2315,903
48113009401,2019,3384,1926,69,1299,42,770,103,848,57,823,167,233,83,959,1421,76,1333,633,632,547
48113012204,2019,7322,2669,775,3598,0,2178,747,1408,44,1370,237,1582,160,1618,2639,798,2506,1409,2024,1088
48113013713,2019,749,61,32,656,0,385,93,32,23,22,10,109,16,31,206,164,206,143,274,110
48113017001,2019,9961,4114,1156,4442,0,2016,678,642,127,654,239,1427,403,1851,2853,502,1829,1284,2590,1555
48113017703,2019,5157,1306,1475,2082,197,1213,333,197,71,280,107,1176,25,602,1679,673,1313,1035,1855,550
48113007810,2019,4937,2537,1512,573,171,1323,885,1778,110,1329,131,832,243,1067,2208,1160,2064,1306,1083,891
48113008705,2019,1403,31,896,467,0,152,39,99,59,37,29,444,66,357,557,1,471,138,287,272
48113009900,2019,4371,986,905,1133,1222,1951,943,1730,37,1581,174,396,249,76,2429,2227,340,2041,793,281
48113002000,2019,6264,1120,1105,3755,137,1667,262,1067,403,1146,90,1371,432,311,3114,2246,1415,2099,1439,509
48303010200,2019,8290,4024,529,3469,0,356,62,442,132,734,186,1363,375,1825,2884,85,2034,1009,1914,1613
48303010302,2019,2506,1772,15,616,0,87,71,346,17,363,58,298,86,700,1053,60,615,489,720,646
48303010404,2019,3056,1993,32,921,0,269,150,454,152,471,81,507,105,738,1234,64,743,645,901,561
48303000301,2019,4006,1026,547,1946,371,723,499,568,97,787,84,1524,235,335,2032,1453,1209,1465,530,234
48303000402,2019,4404,2355,388,1549,46,130,38,845,47,824,122,795,376,811,2200,973,1976,1143,1086,650
48039663800,2019,6383,2529,569,3186,21,858,35,1023,172,688,700,956,299,1276,2743,1142,1465,1564,1707,746
48039663000,2019,4244,2516,773,870,39,114,27,346,89,537,317,395,113,1057,1316,15,1015,359,649,892
48039664100,2019,5878,3400,20,2327,98,713,124,350,161,664,342,791,499,1646,2633,205,1669,1231,1290,1276
48039660200,2019,6704,3934,580,1808,360,439,46,1543,158,1800,376,314,122,1713,2251,249,514,819,1845,1013
48039662100,2019,5367,2817,686,1671,33,561,152,900,127,766,311,443,403,1550,2343,228,1265,738,1055,1170
48039662600,2019,3119,2123,292,667,0,191,125,461,102,294,217,135,229,884,1394,90,1097,497,699,686
48039663600,2019,5249,3753,26,1244,152,354,0,1630,184,1450,538,118,66,1686,1906,19,1395,728,1279,1244
48039661400,2019,7030,4656,108,2090,146,236,52,723,277,813,289,846,283,1770,2744,386,2160,1310,2003,1344
48039663100,2019,7575,4235,1117,1989,144,775,87,1554,94,1551,683,128,205,1917,2300,175,1082,746,1029,1820
48039664200,2019,2149,1468,130,457,14,94,20,243,99,266,87,488,1226,640,2197,104,1338,571,430,589
48039660400,2019,11429,5962,1090,3033,1150,1553,345,3153,117,3081,767,845,215,2883,4203,828,1386,2677,3513,1676
48039661200,2019,4283,2250,135,1788,42,505,118,479,34,612,102,937,225,588,1801,923,1209,1161,978,591
48039662700,2019,2344,1790,178,348,0,198,75,272,69,304,165,210,162,796,1001,0,498,153,555,585
48039663300,2019,2340,1236,198,678,143,320,0,232,67,279,176,375,28,526,797,24,785,343,654,403
48039663500,2019,5624,2974,53,2406,46,372,75,725,210,858,520,223,154,1084,2315,664,1993,1277,1598,1054
48039663900,2019,2581,687,118,1670,0,590,85,95,95,180,158,424,116,454,958,350,818,441,691,488
48039661300,2019,2432,1006,25,1384,0,405,68,136,96,252,40,665,172,384,1017,181,892,387,779,385
48039663400,2019,7720,4750,594,2100,276,1169,416,1704,78,1688,891,704,274,1807,3415,1429,1498,2075,1979,1252
48039662300,2019,5038,2904,588,1269,117,355,56,492,78,670,223,1128,197,1036,2104,520,1781,1024,1415,908
48039662400,2019,5110,3254,269,1491,18,324,30,453,135,743,394,389,215,1374,2203,442,1635,959,1201,1148
48039662800,2019,6196,3990,684,1522,0,307,0,488,170,655,435,977,702,1744,3055,443,2226,889,1542,1792
48039660900,2019,7845,3250,234,3903,343,2370,446,927,197,912,299,1015,290,1818,2505,19,1286,1183,2324,1178
48039661900,2019,15144,4831,3596,6320,237,1945,225,1634,210,1484,292,786,548,2435,3377,54,782,1626,2561,2180
48039664000,2019,3602,734,711,2157,0,516,31,223,122,389,448,284,554,808,1909,827,1622,616,886,632
48039660100,2019,5037,2899,488,1033,370,492,161,1334,117,1061,278,140,104,1505,1837,11,1153,622,1115,1258
48039660500,2019,9163,4064,860,3542,536,1382,295,2004,190,2079,465,972,424,3009,3902,29,1932,1414,2276,1807
48039664300,2019,5691,736,596,3904,7,753,299,199,176,398,232,1357,353,721,2109,876,1753,1092,2284,529
48039662500,2019,2944,1989,241,688,0,77,0,371,63,460,296,361,77,792,1077,17,575,395,742,768
48039663200,2019,4960,3272,81,1461,103,367,104,1230,78,1167,644,898,203,1168,2235,866,1747,1110,1292,931
48039663700,2019,3631,1576,61,1928,18,407,19,345,61,510,379,387,137,897,1443,436,901,811,1133,439
48039664400,2019,6205,1240,1051,3750,101,756,147,238,344,545,384,1727,410,1027,2579,593,2359,1197,2011,780
48039661800,2019,6980,3663,609,1810,604,1116,142,794,212,1037,488,545,197,2016,2350,3,933,965,1608,1474
48273020500,2019,7535,1872,370,4808,326,617,250,1275,236,697,320,1841,483,1153,2919,988,2140,1684,2072,1229
48273020400,2019,5892,1303,103,4016,111,339,29,868,115,767,54,1148,402,1257,2976,815,2058,1558,1613,1064
48273020200,2019,4480,79,68,4325,8,234,17,235,251,321,116,1874,438,982,2235,388,1876,796,986,946
48273020300,2019,7595,945,339,6066,231,706,242,1024,345,1173,131,2245,615,987,3017,1101,2091,1469,1447,1029
48489950300,2019,6934,509,0,6425,0,791,102,289,407,372,104,2509,263,1034,2132,332,1495,894,2029,1057
48489950400,2019,6969,874,119,5976,0,1085,59,298,446,465,80,1041,435,1079,2036,159,1484,848,1360,1273
48489950500,2019,3223,406,0,2817,0,593,19,255,171,304,66,767,164,774,1128,74,802,301,749,785
48489950600,2019,2189,234,0,1955,0,426,35,197,53,185,42,528,200,635,911,61,505,234,587,538
48489950700,2019,2273,404,0,1866,0,326,14,139,147,174,6,623,479,556,1116,77,677,113,469,476
48107950100,2019,2085,910,109,1043,11,66,10,220,38,276,28,568,438,617,1220,81,1127,325,520,590
48107950300,2019,1628,500,42,1043,14,80,33,122,44,164,45,399,154,361,678,72,629,250,476,350
48107950200,2019,2123,889,32,1183,19,102,6,151,59,216,26,222,261,574,1016,56,921,302,572,490
48077030302,2019,2826,2589,34,170,0,72,39,435,52,516,91,320,483,1006,1604,0,1021,377,523,990
48077030200,2019,3066,2848,13,86,0,40,0,477,90,346,162,386,257,948,1506,99,1192,555,672,932
48205950200,2019,5669,3400,420,1515,82,571,179,762,8,722,167,251,261,1052,1939,203,1237,870,1218,1066
48491020302,2019,6356,4301,278,1456,238,721,190,1784,94,1916,403,363,252,1677,2283,228,290,1473,1874,908
48491020406,2019,6654,4093,326,1872,177,580,141,1870,213,1970,393,624,557,443,3603,2923,1732,2688,1242,509
48491020703,2019,11802,4593,1564,4466,691,2030,674,2215,483,2716,686,1464,422,2270,4404,1575,1069,2476,3495,1222
48491021503,2019,4924,2358,329,1993,59,963,335,566,214,788,325,528,103,583,1902,1061,1454,1147,865,877
48491021300,2019,3353,1990,439,888,0,278,67,219,71,363,81,494,124,759,1085,54,787,397,472,759
48267950100,2019,2241,1935,0,298,0,35,0,471,16,415,45,385,1169,857,2139,16,1407,259,328,1278
48267950200,2019,2132,1374,48,655,0,145,21,251,72,296,30,579,316,502,1129,88,880,438,604,484
48113014001,2019,4809,2332,110,1907,403,1034,227,1382,92,1199,329,200,124,1214,1978,680,1440,1032,837,918
48113014114,2019,3514,514,1092,711,1144,1363,843,814,113,525,185,541,107,90,1665,1611,1073,1277,737,194
48167724500,2019,904,539,150,181,16,88,44,293,9,220,29,195,217,113,749,626,704,428,26,309
48167720600,2019,14555,9224,1332,2708,663,1161,55,3977,436,4775,1003,109,350,4743,5923,561,759,3415,3458,2257
48167720800,2019,3852,2052,785,903,112,450,80,740,61,658,112,390,265,1191,1742,50,1145,558,891,1107
48167720900,2019,5173,3079,337,1574,9,698,140,649,166,748,195,969,583,1385,2525,889,1822,719,1489,1120
48167721100,2019,12618,4836,945,6485,246,2760,435,904,272,1687,373,3070,211,2676,4429,445,2308,2251,3649,1829
48167721500,2019,7688,5614,541,1252,133,464,153,2985,280,2311,344,242,332,2022,3885,1465,1641,2328,1185,2059
48167722300,2019,7258,2394,1775,2276,45,876,144,404,196,377,101,2212,675,1213,2742,489,2597,879,2440,1240
48167722800,2019,2547,729,820,949,29,132,15,159,163,133,139,592,178,486,1059,164,676,505,625,515
48167725700,2019,2210,1543,82,469,107,274,64,781,0,647,52,45,56,757,964,77,886,402,443,743
48167725900,2019,2491,1674,27,665,106,355,185,792,54,704,24,179,680,266,2031,1660,1027,1167,339,516
48167725600,2019,4649,2166,624,1545,95,772,360,675,168,868,65,820,478,323,2685,2334,2131,1757,866,916
48167721800,2019,4795,2767,11,1669,274,647,129,505,377,353,285,1713,590,1335,2441,30,1100,1059,880,1315
48167722100,2019,6967,3765,913,2234,26,651,126,866,201,674,239,988,141,1890,2572,0,2447,1045,1747,1676
48167725200,2019,2149,308,436,1355,6,642,156,166,68,165,33,785,98,239,893,402,733,532,671,325
48167725400,2019,3796,1456,302,1976,9,705,46,426,113,383,58,765,185,818,1722,312,1587,788,859,744
48141000404,2019,3675,179,108,3246,125,1082,81,80,257,65,107,2475,425,132,1585,1342,1260,856,1404,569
48141000600,2019,4762,243,222,4144,55,1214,197,283,304,516,130,1707,121,813,1674,589,1545,776,1465,1017
48141000900,2019,9279,1346,891,6700,188,2315,672,1220,336,973,295,1849,876,1408,4157,2059,2594,1801,2077,1944
48141001201,2019,4495,193,50,4145,96,1228,181,331,170,348,79,1526,257,719,1791,772,1203,696,1252,855
48141001202,2019,4697,613,16,3952,98,1237,377,1196,63,1079,103,533,187,1065,1828,423,959,844,1101,931
48141002202,2019,4079,296,89,3663,0,1284,177,484,202,415,84,1390,263,504,1987,1082,1910,933,811,880
48141002400,2019,2993,314,16,2642,21,824,100,479,123,376,131,607,215,699,1316,265,1285,470,649,662
48141002800,2019,3917,37,0,3880,0,1594,169,33,51,84,135,2019,396,411,1965,1081,1850,755,1170,1183
48141003804,2019,3963,77,0,3886,0,1061,110,230,252,216,94,1296,79,615,1250,331,999,488,1190,748
48141003901,2019,3758,92,56,3558,14,1104,219,259,109,305,84,1176,127,566,1378,294,1181,690,798,821
48141010203,2019,4363,593,124,3480,37,1062,80,302,109,238,128,952,112,736,1228,203,698,552,899,634
48141010303,2019,3914,447,197,3183,47,803,89,574,54,514,104,296,100,735,1209,238,1085,418,783,1027
48141010311,2019,6981,822,98,5989,40,1280,91,834,241,750,207,1419,33,1522,2240,242,1740,966,1913,1276
48141010404,2019,4259,103,0,4105,6,1387,146,270,114,376,234,1104,125,1110,1437,74,725,327,1077,779
48141010502,2019,1595,87,12,1471,25,438,73,77,85,73,21,595,78,398,594,15,431,97,499,319
48141010102,2019,5313,2459,857,1180,148,225,296,495,79,83,19,749,224,0,1038,479,470,814,1363,0
48141000111,2019,2715,816,200,1570,46,334,72,400,83,280,33,407,65,541,1184,488,808,641,625,585
48453001781,2019,2616,1855,0,233,432,465,144,1207,61,811,143,59,57,818,1020,102,855,408,657,753
48323950204,2019,4634,0,0,4593,0,1797,560,96,141,217,76,1058,148,807,1223,165,722,402,1484,586
48323950205,2019,8785,160,27,8598,0,2954,1041,291,490,545,56,3130,227,1634,2660,409,1024,1027,2969,921
48323950700,2019,10491,397,48,9790,24,2536,529,999,341,851,262,1859,483,2214,3380,480,1243,1264,3591,1404
48325000101,2019,7209,3082,47,4024,0,409,118,1033,207,1247,367,1240,289,1936,2618,23,1133,963,1788,1344
48325000102,2019,9228,4951,251,3625,57,391,13,2263,98,1909,331,945,430,2524,3504,198,1472,1281,2160,2308
48325000200,2019,1560,998,0,562,0,32,0,275,18,236,43,207,291,537,890,0,461,157,338,598
48325000300,2019,8046,3517,817,3499,167,245,21,774,38,945,140,312,587,1663,2615,71,1232,575,1540,1660
48325000401,2019,5777,1303,104,4317,21,732,185,561,126,836,176,437,423,1479,2094,10,603,582,1292,1187
48325000402,2019,4223,1878,0,2283,33,157,0,355,33,565,76,521,307,1327,1788,115,1060,374,724,1308
48325000500,2019,5380,2014,7,3245,12,239,8,610,80,496,107,536,266,1293,2123,314,1347,667,1407,1262
48325000800,2019,8634,4065,11,4461,74,492,0,800,161,722,152,1174,380,1849,3023,313,2167,1160,2348,1952
48201521100,2019,2304,327,0,1956,0,1302,557,165,78,136,61,740,52,125,708,488,665,500,696,214
48201455300,2019,10991,4326,1586,3467,1215,3269,1813,3052,414,2638,441,996,225,797,4759,3830,152,4095,2791,1411
48201510700,2019,4905,2958,290,682,809,842,188,3322,81,2871,305,204,289,1090,2970,1558,658,2147,510,448
48327950300,2019,2119,1162,0,883,0,216,47,318,39,249,15,276,837,701,1851,66,1491,482,266,832
48335950400,2019,1843,1489,2,312,0,15,0,193,55,211,58,173,738,600,1427,15,1235,346,457,459
48201251100,2019,7077,5064,284,1588,47,623,159,1897,267,1332,234,421,195,2480,2974,213,2067,1133,1528,1664
48201251300,2019,7054,5615,131,971,34,460,96,2439,243,1505,313,198,231,2215,2748,220,2392,1062,1781,1798
48201251700,2019,8501,6379,212,1716,25,560,141,639,112,798,540,1065,214,2119,3243,468,1599,1551,2389,1550
48201254200,2019,2620,448,71,2013,0,803,149,97,122,170,154,552,167,500,963,46,890,312,659,471
48201311200,2019,4922,408,117,4388,9,1673,376,327,126,420,189,1333,156,924,1914,727,1517,847,1207,1025
48201312100,2019,4030,1600,902,705,755,589,342,191,186,481,0,0,0,0,0,0,0,0,9,41
48201313200,2019,3998,570,2946,261,213,325,80,1635,202,1099,211,531,351,925,2119,784,1438,907,639,968
48201320900,2019,7291,693,318,6243,25,1809,23,485,125,483,399,1897,348,1346,2590,814,2458,822,2095,646
48201321300,2019,6765,506,602,5543,40,2282,1021,353,218,430,353,1684,460,324,2444,1944,2321,1684,2367,364
48201452100,2019,11307,2769,4614,2078,1419,3295,1624,3935,375,3027,216,2193,609,632,5581,4637,1369,4470,2621,1635
48201510300,2019,5123,4330,41,595,96,439,82,3142,20,2334,302,126,367,1748,2797,671,2136,1464,1051,1243
48201511500,2019,8052,4400,39,3100,392,1202,235,3563,148,3262,403,448,448,2124,3856,719,2042,2352,1564,976
48201520500,2019,9579,890,477,8017,0,3645,800,196,315,395,348,3496,237,1065,2922,1165,2339,1676,2978,845
48201521400,2019,7766,285,22,7368,91,4348,1175,286,218,278,443,3069,97,501,2215,1499,2073,1507,2636,460
48201521800,2019,5866,987,540,2827,1418,2456,419,1050,113,1257,418,439,64,1399,1922,317,1337,727,1057,1065
48113004600,2019,2008,988,313,671,12,130,18,870,26,683,71,270,130,449,1094,598,794,660,414,418
48113019029,2019,6418,1698,1158,1602,1655,2382,342,1123,308,937,238,449,111,1576,2296,280,1892,753,1224,1318
48113019204,2019,10051,2945,987,5844,151,4133,1323,1583,323,1477,159,1338,218,1091,2936,1416,2814,1840,3128,1067
48113014701,2019,4323,479,149,3544,127,2183,467,277,35,254,279,650,72,492,1534,831,1473,928,1199,456
48113014308,2019,3953,475,558,2663,191,1541,599,404,73,407,178,762,52,229,1449,1170,1368,1247,1171,323
48113014406,2019,4523,1158,44,3212,81,1555,570,405,122,483,125,717,59,636,1424,485,1289,890,1470,605
48113014601,2019,2329,706,312,1243,18,678,76,286,52,334,33,365,45,340,686,199,564,359,752,438
48113014602,2019,4599,690,20,3770,80,2110,479,265,14,379,214,918,87,474,1476,676,1214,895,1324,691
48113014703,2019,2085,283,25,1689,88,1034,424,81,36,62,54,446,75,209,739,406,674,488,709,186
48113015000,2019,7924,1312,354,5806,435,3564,703,712,188,501,515,955,189,1291,2384,540,1962,1037,2484,774
48113015100,2019,6357,1238,143,4325,431,2108,511,680,151,637,102,1193,145,1245,1939,276,1591,820,1868,1056
48113015800,2019,2217,210,0,2002,0,926,149,79,5,116,206,263,83,425,695,38,637,250,715,241
48113016001,2019,5199,611,290,4152,0,1806,474,95,96,177,248,1660,129,821,1492,258,1332,737,1655,767
48113016202,2019,6977,990,405,5424,101,2396,844,361,286,556,320,854,157,897,2218,981,1446,1340,2421,836
48113016302,2019,2025,203,62,1669,87,943,322,65,26,115,40,499,80,366,628,138,615,216,649,330
48113016401,2019,11658,2003,3368,4894,1109,2798,645,1431,440,1590,786,660,130,2720,3462,188,1187,1523,3518,1604
48113016411,2019,9005,1560,2677,3716,835,1632,423,1498,271,1683,699,686,203,2409,3019,191,1805,1204,2515,1527
48113016514,2019,6662,1138,3034,1846,595,1406,395,1378,182,1377,248,405,137,1935,2527,110,1026,1039,1381,1280
48113016611,2019,6245,639,3986,1490,0,562,0,1017,251,1082,571,241,180,1455,2426,493,1271,1262,1821,737
48113016902,2019,6078,1370,1967,2485,14,773,74,249,123,200,96,1357,77,723,1233,94,758,528,1589,540
48113019208,2019,6460,831,581,4571,287,2485,536,621,229,623,155,1053,279,596,2267,1541,2179,1383,2310,434
48113019502,2019,4626,4220,0,206,172,276,116,2559,85,1467,163,157,232,1323,1999,450,1287,939,1349,1041
48113019700,2019,2004,1825,0,46,83,137,12,1293,0,571,30,89,130,721,917,69,612,311,454,691
48113017807,2019,5325,1263,1094,2831,33,1658,347,726,159,777,278,340,194,784,2382,1423,2011,1726,1222,791
48113012500,2019,8118,1684,203,6039,153,2568,307,817,220,714,335,1770,105,1783,2618,0,2604,957,2432,1094
48113013007,2019,3950,1426,425,987,1062,1353,335,1121,101,814,329,565,72,933,1435,379,1402,714,1151,764
48113013605,2019,6094,4405,37,1200,124,660,277,2763,90,1791,130,304,44,1876,2138,127,2093,720,1767,1392
48113013711,2019,3453,323,248,2774,92,1383,398,116,77,270,252,451,46,196,1030,743,981,713,1156,203
48113013712,2019,2842,602,0,2027,110,1054,182,362,107,470,264,320,24,640,793,0,793,339,656,358
48113014403,2019,4751,699,1683,1878,376,1471,662,590,92,688,191,552,211,76,2149,2053,1347,1816,1322,360
48167721000,2019,2212,1465,0,570,31,223,0,381,57,309,113,281,133,644,939,28,820,307,475,742
48167723000,2019,3183,588,1785,779,0,244,0,175,354,267,191,427,210,904,1585,290,1145,525,490,838
48167723400,2019,7092,6200,0,839,0,88,0,732,96,1618,290,594,476,1868,3012,235,1423,808,1567,1865
48167723800,2019,4277,3418,278,542,25,116,3,1314,66,1010,211,293,1098,1696,3125,125,1878,910,424,1804
48167724800,2019,1308,552,287,408,2,121,0,349,70,271,49,184,401,313,986,371,944,321,194,359
48167722200,2019,3127,980,1262,840,3,117,29,281,200,195,117,891,206,372,1403,481,1263,718,492,799
48167721300,2019,4910,3573,19,933,213,434,219,1231,101,1071,198,638,211,1474,2212,530,1153,1095,1069,1177
48167722900,2019,2630,852,555,1207,9,261,12,217,167,156,29,601,102,819,1147,117,985,616,652,619
48167725000,2019,1796,757,226,758,14,256,70,231,77,183,45,372,203,369,1022,175,1000,470,252,527
48167726100,2019,2605,2419,0,140,46,110,2,906,53,575,67,95,4355,1096,5591,619,3219,519,230,1173
48167720200,2019,4597,3562,44,633,240,390,36,1801,97,1114,228,174,27,1284,1764,306,1074,932,1264,1213
48167720400,2019,8815,6595,313,848,964,766,302,3469,303,2732,605,107,32,2583,2654,53,437,1407,2614,1263
48167721700,2019,9993,4977,268,4279,266,1608,676,756,266,1240,344,2218,342,2090,3631,95,2010,1835,2755,1435
48167721900,2019,11251,4343,2641,3610,265,1130,393,1119,286,1201,502,2941,327,1560,4217,1991,1527,2732,3106,2092
48167723700,2019,2467,712,1200,521,0,126,10,133,166,229,71,807,166,438,1128,370,633,650,721,480
48167724900,2019,1653,885,110,613,24,158,8,299,101,346,30,377,252,388,935,167,935,360,171,401
48167725100,2019,2073,438,833,756,0,318,88,196,125,170,47,499,183,357,936,208,906,392,430,432
48029131614,2019,4009,998,1387,1517,82,395,50,671,122,712,43,239,87,844,1194,95,112,681,1227,230
48029131615,2019,7458,1609,1838,3739,134,852,37,1214,357,1432,302,745,173,1563,2555,389,1004,1395,1614,1167
48029131801,2019,2116,1781,2,263,3,86,11,361,49,317,61,96,43,655,745,0,360,186,462,523
48029131802,2019,4327,2239,317,1660,25,124,8,700,83,784,119,619,89,1208,1479,0,842,461,926,1215
48201231100,2019,5010,253,1330,3314,0,1168,164,146,214,200,221,1213,190,971,1654,202,1364,623,1865,669
48201231500,2019,3000,8,2570,422,0,164,60,178,158,255,0,1077,167,550,1105,173,1087,293,772,694
48201231800,2019,3091,98,902,2091,0,767,46,114,142,236,53,746,69,580,925,0,767,262,974,590
48201232200,2019,16474,4529,4503,6031,834,3263,620,5308,293,3965,696,1906,238,3321,6464,2785,895,4973,4160,1935
48201550100,2019,5609,266,2644,2630,3,1577,463,165,140,153,240,2457,300,144,2334,2113,1607,1676,2004,285
48201541400,2019,15920,2517,2632,7182,3321,5512,709,3750,551,3500,683,1673,244,3589,5059,742,1601,2539,4457,2026
48201542900,2019,26770,10396,4406,9679,1644,5889,2177,5910,912,6369,1075,1880,661,6246,8387,576,1400,5829,8926,2535
48201551800,2019,4210,3299,135,567,180,324,28,1732,48,1100,334,161,84,1665,1794,0,1487,459,619,1517
48201554700,2019,7773,5262,302,1360,642,846,269,2371,158,2100,451,305,124,1974,2999,783,1068,1625,2045,1370
48201551100,2019,11366,641,4057,4817,1686,4157,1139,1440,483,1570,587,2428,228,1690,3806,1859,1823,2139,3027,1619
48201551500,2019,8050,1281,2448,2845,1373,2278,543,1374,328,1063,527,979,416,1078,3191,1465,1109,1666,1844,1044
48201552800,2019,9636,5677,1923,1120,554,884,99,3574,252,2387,412,305,363,2514,4621,1706,2246,2197,1798,3080
48201552900,2019,9033,4252,2151,1813,492,890,316,2474,223,1751,561,1133,193,2123,3951,1982,3241,2311,2616,1908
48201553500,2019,6620,4438,298,1227,338,803,254,1604,237,1167,268,216,144,1775,2568,259,2274,977,1402,1474
48201232500,2019,4060,586,1023,2451,0,792,256,85,25,181,158,626,55,478,982,282,705,434,880,759
48201232600,2019,3138,470,179,2471,4,692,18,255,113,221,202,564,40,722,937,6,914,269,878,556
48201241400,2019,9796,5643,1440,2314,177,1276,321,1928,153,1766,324,1385,222,2191,3508,592,1709,1759,2413,1653
48113018130,2019,4453,1101,2055,1093,23,588,233,394,117,593,67,777,68,454,1961,1463,1357,1359,1334,499
48113018300,2019,6604,2076,66,4196,162,2310,474,355,174,525,395,1274,200,1256,2218,395,2143,1019,1827,1083
48113018700,2019,6935,1270,203,5423,0,2598,397,184,174,273,328,1456,132,974,2002,418,1948,971,2297,850
48113018802,2019,1261,417,278,547,17,200,45,203,18,257,52,173,82,73,583,397,248,381,283,175
48113019028,2019,3644,954,566,1181,894,1119,246,514,107,490,189,477,110,801,1247,217,1210,353,751,836
48113018132,2019,4977,1918,1248,1405,319,999,74,865,229,1003,147,153,58,1375,1755,159,1469,750,1259,833
48113018501,2019,4073,936,309,2588,84,1251,151,209,67,268,280,1026,53,811,1222,196,1168,488,1400,552
48113018801,2019,5372,1004,218,3655,407,1975,241,310,104,479,245,1008,64,923,1421,35,1369,617,1737,674
48113019026,2019,5797,2251,520,1335,1467,1547,332,1191,96,1052,395,947,82,1452,2002,281,1598,617,1072,1701
48037011501,2019,7961,4942,1314,1477,60,471,63,863,144,824,159,467,398,1362,2254,248,1502,1018,1007,1265
48037011502,2019,2762,1668,844,90,17,33,0,157,70,314,105,613,180,636,1434,319,1217,595,504,661
48039660601,2019,13005,5279,2615,2104,2259,2695,211,3729,266,3764,668,300,172,4195,4876,0,1336,1803,3129,2939
48039660701,2019,15574,5866,3426,3134,2602,2317,785,5628,181,4092,1007,879,536,3456,6169,2092,816,3501,4631,1806
48039660602,2019,49119,10609,15968,11114,10554,12446,2367,16573,681,15633,2399,1965,1030,10361,16712,3625,1092,11293,14333,4941
48167722001,2019,5290,2869,507,1740,61,172,0,709,212,1029,211,118,116,1790,2186,158,1033,598,841,1096
48167722002,2019,3246,1567,571,1022,0,245,137,217,99,379,83,375,98,719,1452,405,1220,647,657,861
48167723501,2019,1226,1001,72,153,0,31,0,179,45,170,95,61,35,352,458,0,271,161,267,225
48167723502,2019,8903,7590,0,1038,0,145,0,544,379,947,596,391,630,2835,3844,0,1923,958,1916,1928
48167726200,2019,2337,673,487,1084,90,302,96,199,17,254,78,411,437,546,1214,136,1031,368,668,420
48167990000,2019,0,0,0,0,0,0,0,0,0,0,0,0,0,0,0,0,0,0,0,0
48177000100,2019,3240,1261,241,1651,6,493,39,143,44,306,302,359,352,968,1568,66,944,484,667,882
48177000200,2019,5323,2871,315,2111,26,491,36,624,86,608,305,746,447,1344,2337,241,1347,795,1370,1483
48157674602,2019,8865,5614,977,1376,812,1249,299,3447,86,2782,576,46,0,2493,2749,0,183,1031,2860,1424
48157674603,2019,5798,2989,483,2044,194,900,242,1366,121,1313,332,391,129,1505,2111,0,1046,821,1505,896
48157674604,2019,5021,1133,2021,668,1150,1214,123,1724,190,1654,146,72,42,1281,1435,42,56,493,1305,803
48161000100,2019,4647,3435,797,199,58,248,0,648,141,566,99,828,828,1436,2632,99,1224,792,1007,1354
48161000200,2019,1249,968,12,269,0,147,22,240,15,134,62,104,66,349,510,0,370,180,270,386
48161000300,2019,1375,531,496,240,30,124,16,35,35,61,7,385,121,303,634,78,499,320,439,303
48161000400,2019,2421,1727,226,432,0,111,0,307,60,221,73,484,330,629,1232,82,889,428,639,620
48161000600,2019,5177,3700,584,801,0,240,27,405,13,432,75,484,514,1206,1903,0,1051,435,973,1344
48161000700,2019,3015,1512,450,993,0,494,129,251,37,319,135,849,446,762,1477,105,1143,424,860,522
48161000900,2019,1830,1257,408,121,0,8,4,240,19,152,56,126,432,549,1107,6,515,233,298,613
48167720301,2019,2240,1675,27,434,81,293,85,718,69,545,100,181,38,625,826,77,567,321,483,611
48167720302,2019,7227,5104,267,1226,407,390,10,2377,191,1965,342,127,165,1866,2338,88,1549,778,1928,1664
48349971000,2019,3186,2605,158,329,22,84,34,439,92,374,74,515,518,957,1816,71,1043,470,652,920
48349970200,2019,5321,2719,1376,1190,17,663,60,624,92,896,568,1302,304,1539,2312,168,1509,915,1414,1273
48349970600,2019,3846,2350,973,391,0,103,0,462,304,384,83,871,362,951,1757,151,1160,574,817,1191
48349970700,2019,5576,3750,1175,339,9,134,4,763,209,817,335,841,561,1753,2867,119,1224,1001,1252,1818
48349970900,2019,8473,2949,548,4602,198,2108,325,370,261,702,1037,1064,396,1528,2885,407,2005,1304,2664,1202
48349970400,2019,4350,3530,145,456,0,221,51,458,64,455,154,692,505,1220,2048,29,1245,628,1218,1149
48375012000,2019,1577,724,143,666,0,214,39,55,125,106,94,555,185,201,907,276,808,527,411,272
48375012600,2019,2453,515,353,1567,12,691,81,58,76,125,115,1059,240,486,1150,299,888,399,725,342
48375013000,2019,1462,34,1011,309,8,108,56,75,90,168,52,419,235,321,832,151,754,340,364,267
48375014500,2019,5731,1620,143,3785,126,1275,103,218,54,291,497,892,167,1429,2181,270,1936,845,1671,881
48375014800,2019,2349,233,674,1393,0,374,0,89,95,62,90,935,240,377,1095,175,999,421,682,277
48375015100,2019,2473,1974,0,474,0,183,0,322,35,304,144,214,227,782,1240,43,1018,441,521,648
48375015200,2019,2810,1740,64,988,0,143,0,126,27,164,202,722,130,793,1270,84,1063,624,777,605
48375015300,2019,4805,1865,923,1884,19,544,192,157,82,216,114,1656,253,795,2128,287,2057,1150,1531,526
48375010100,2019,2048,1486,45,469,6,113,9,353,0,358,92,288,118,348,1049,576,893,629,580,388
48375010700,2019,3359,1061,35,2188,63,331,14,163,42,447,112,684,50,851,1329,0,1173,599,1042,528
48375011600,2019,4658,2287,338,826,1112,1102,701,668,52,652,483,821,148,906,2011,781,1918,1288,1446,763
48375011700,2019,4040,2400,163,906,284,507,102,428,12,290,184,998,438,208,2557,1993,1754,1877,734,917
48375014700,2019,4535,3409,175,791,62,171,75,518,126,440,291,546,280,747,2513,1195,2261,1639,1070,1290
48375015000,2019,7578,1322,691,5095,396,2109,366,195,126,367,845,2256,113,1384,2640,359,2269,1291,2626,1005
48375010600,2019,1910,165,208,1520,4,446,92,26,40,136,129,492,135,355,850,178,628,335,562,303
48375011000,2019,2359,617,72,1645,11,571,49,78,27,95,204,684,81,379,915,178,776,445,689,488
48041002007,2019,7581,5141,417,1173,698,866,49,2297,227,2429,143,912,125,1677,2812,212,201,1732,1825,688
48041002008,2019,10250,7310,445,1168,1247,1269,467,4033,99,3399,270,301,222,3200,3729,141,167,2356,3418,1092
48041002009,2019,5391,4232,92,353,601,653,26,2787,93,1814,84,224,86,1841,2060,32,96,1031,1596,1285
48041002010,2019,2998,2403,101,332,142,176,3,1269,68,724,88,145,104,1024,1229,90,218,491,730,929
48041002011,2019,5239,3819,300,787,143,218,33,1827,64,1469,186,217,62,1409,1769,165,294,1195,1589,737
48041002012,2019,6881,4602,348,1397,425,639,397,534,143,1234,10,4403,730,36,3302,3080,844,2572,180,81
48041002013,2019,7631,5642,439,1280,236,389,226,1587,91,1359,33,2331,424,1537,3064,617,582,1988,1417,844
48201334100,2019,14703,1585,8093,3708,799,3594,749,3988,590,3584,304,1861,534,2510,6295,3171,1951,4119,3811,1762
48201340201,2019,1546,732,89,314,384,280,15,624,22,513,172,79,68,519,674,123,61,253,348,286
48201340202,2019,5356,2976,97,871,1342,1151,355,2341,135,1791,459,125,86,1491,1826,220,174,770,1424,989
48201340203,2019,3989,2757,109,284,716,866,262,2111,131,1388,480,190,54,1084,1663,466,280,720,744,964
48201340301,2019,3878,2526,127,347,819,757,82,2295,79,1338,210,49,41,1339,1434,0,629,449,860,1222
48201341301,2019,5214,3070,519,775,526,1154,613,1721,357,1185,345,924,457,862,2940,2105,1992,1773,826,848
48201340302,2019,6728,4482,138,1274,746,856,43,3081,237,1946,480,294,83,2267,2462,0,1848,678,1723,1813
48201341202,2019,4643,2957,90,1359,237,1045,537,1918,88,1298,159,648,467,1002,2476,1478,2015,1304,701,1017
48201341201,2019,3977,1485,1115,1266,60,751,423,551,211,657,97,1192,301,167,1914,1721,1176,1407,1118,292
48201341302,2019,2896,1310,415,724,197,465,79,594,165,733,172,434,176,130,1697,1526,1021,1242,623,369
48201341501,2019,6467,4532,276,1462,55,607,161,1929,137,1449,475,467,209,1555,2659,1030,1561,1460,1517,1044
48201341502,2019,4376,3383,268,682,11,269,67,1368,65,1120,321,208,274,981,2185,1137,1254,1173,910,656
48201342001,2019,7044,4257,86,2082,356,764,68,1691,147,1835,340,38,11,2106,2329,108,1000,985,1739,1279
48201342002,2019,3352,1626,36,1330,343,843,159,556,47,795,245,181,90,852,1437,539,339,662,750,531
48201343301,2019,4951,2675,87,1943,120,494,61,389,146,682,233,538,48,1366,1550,0,1067,439,1404,785
48201343302,2019,4815,2763,495,1325,43,470,33,667,145,834,594,235,0,1386,1741,263,1130,746,1028,954
48201343600,2019,2907,1804,65,948,28,315,20,205,136,413,227,421,238,856,1435,158,1220,503,514,847
48201343700,2019,3946,1637,643,1597,0,434,33,271,85,407,280,590,257,611,1683,651,1088,857,880,716
48201350601,2019,4979,2555,527,1373,250,554,89,1069,73,1158,349,217,9,1015,1841,552,924,1081,1435,898
48201350602,2019,9329,4643,944,2261,971,1690,162,2389,272,2155,581,499,98,2318,3060,358,1128,992,2436,1320
48201350801,2019,5391,2875,430,1593,166,730,450,971,272,943,279,516,153,932,2093,704,2044,1191,1285,793
48201350802,2019,8737,4012,772,2045,1556,2310,928,2277,334,2023,319,703,280,1581,3128,1318,1311,1834,2596,1157
48201410401,2019,4019,3103,0,341,344,706,354,2506,0,1920,271,70,224,1430,2288,730,1306,1382,414,1010
48201410402,2019,2433,1705,69,312,321,390,102,1546,31,1184,75,178,164,758,1603,626,883,1016,290,504
48201410701,2019,4001,2615,249,550,406,672,311,2549,202,1819,222,479,360,1028,2841,1823,2245,1695,213,762
48201410702,2019,2768,1655,401,409,253,434,162,1356,169,1189,120,379,265,251,1817,1508,1225,1263,152,310
48201411501,2019,7519,4596,441,1009,1392,1579,807,4836,77,3777,167,625,610,876,4998,4552,1422,3584,780,1056
48201411502,2019,4146,2673,128,722,567,957,572,2768,77,2179,126,288,560,471,2905,2354,1298,1837,326,361
48201413201,2019,2742,1413,114,518,642,1138,786,1687,101,1124,70,621,247,50,1787,1737,963,1444,246,170
48041002006,2019,1696,1295,33,41,299,335,119,591,27,464,42,198,89,367,757,155,68,359,305,287
48201413202,2019,3980,1947,247,541,1137,1351,573,2124,123,1898,80,516,339,656,2654,2259,1310,1911,409,684
48201421102,2019,5456,287,1031,4032,62,2863,1062,520,119,311,211,2340,264,0,2329,2263,2258,1746,1919,183
48201421101,2019,3060,524,425,1574,508,1227,532,768,122,653,142,802,198,57,1645,1487,1121,1168,544,200
48201421201,2019,5652,207,1056,4047,231,3196,994,670,98,518,127,1507,149,0,2312,2256,2072,1841,1665,240
48201554002,2019,4178,3289,157,515,217,466,26,1877,83,1072,224,170,77,1434,1569,0,1119,460,964,1258
48201553801,2019,2779,1984,128,508,64,297,42,1121,52,739,112,157,5,800,910,0,304,397,773,608
48201554101,2019,1161,883,48,135,60,167,38,419,25,249,45,59,3,402,416,0,390,119,253,404
48201554102,2019,9725,5385,976,2025,1258,1791,534,2801,308,2460,716,438,169,2784,3347,0,1581,1407,2308,1835
48201554301,2019,7238,5344,694,796,258,824,69,2555,262,1869,244,200,151,2299,2700,0,2346,960,1676,2001
48085031624,2019,3828,1631,255,1309,633,1590,633,845,40,741,241,555,84,414,1575,955,1354,1032,768,895
48201330200,2019,4438,119,1711,2587,0,1329,247,465,87,384,65,687,107,680,1408,351,1031,562,1129,673
48201330500,2019,4982,107,1713,3006,148,1665,177,251,153,295,141,864,139,825,1476,56,1108,575,1381,1023
48201330700,2019,9966,295,3308,6009,229,2312,257,953,173,910,345,2058,25,1591,2529,29,1261,1108,3559,1118
48201331200,2019,3637,35,3345,170,26,83,37,189,66,260,115,1922,411,438,1839,854,1024,853,1474,754
48201331500,2019,10258,318,8284,1382,20,526,149,1025,544,1457,390,964,286,2130,3289,126,2108,994,2657,1947
48201332300,2019,3165,29,2151,985,0,452,0,167,161,277,140,844,108,579,1075,71,1062,406,685,701
48201333100,2019,4374,308,637,2329,1100,1853,778,628,151,467,240,926,87,615,1426,746,1318,765,1136,715
48201554903,2019,13121,7531,1067,2510,1489,2176,643,4029,304,3508,637,415,16,3648,4316,173,242,2258,3905,1992
48201555301,2019,2224,1407,60,705,22,570,252,764,22,619,116,60,249,547,1113,422,34,703,576,432
48201555302,2019,19893,11818,892,4730,1589,4992,2790,7681,230,5292,1365,721,515,5275,6739,363,434,4632,6753,2482
48201555303,2019,11985,6965,1069,2986,557,2150,933,3694,243,3042,398,446,120,2737,4203,954,185,3318,3890,1365
48201555401,2019,2379,1496,251,621,3,154,56,418,61,467,103,271,106,524,898,85,640,368,507,719
48201555402,2019,8255,5133,757,2249,9,1006,224,1611,392,1429,426,1198,187,1328,3393,1429,1806,2217,2006,2184
48201555501,2019,5030,2832,299,1781,38,800,73,1081,121,705,214,547,235,1163,1812,168,768,780,1238,988
48201555502,2019,29605,17986,1673,5653,3198,4490,748,9206,928,7305,1668,504,394,7956,9622,956,821,6402,9699,4111
48201555701,2019,9990,5922,1015,2192,618,1421,270,2599,138,2359,581,317,183,2611,3178,73,386,1572,3321,992
48201555702,2019,14796,9792,1001,2397,1248,1975,485,5236,327,4204,782,516,143,3744,4634,564,298,2959,4940,1853
48201556000,2019,8639,3372,1289,3503,340,1730,385,933,168,1414,475,1288,266,1984,3107,118,1045,1820,2688,1063
48201980000,2019,4,4,0,0,0,0,0,0,0,0,0,4,0,0,4,4,0,4,0,0
48201980100,2019,519,46,276,192,0,60,38,45,18,36,10,239,58,5,270,260,28,207,232,6
48203020103,2019,4552,2964,1027,470,0,94,29,565,38,508,302,468,322,1293,1827,0,793,563,1087,1285
48203020104,2019,3569,2295,799,351,14,51,0,646,71,514,169,455,500,983,1694,9,933,425,696,1055
48203020301,2019,4822,3038,1014,473,159,415,222,942,193,898,237,321,175,1019,1915,482,1267,980,1178,1159
48203020302,2019,3452,1661,1134,602,0,278,0,364,101,251,253,1274,290,682,1378,197,1198,439,1092,764
48203020501,2019,3074,962,885,1204,1,602,150,213,0,446,230,313,354,558,1440,231,1361,525,817,603
48203020502,2019,4139,2525,528,774,198,425,11,510,78,590,131,758,513,1233,2110,193,1817,557,971,1235
48203020603,2019,6341,5562,331,298,19,91,0,1125,130,1526,368,382,270,1639,2440,257,656,1366,1923,781
48203020604,2019,3607,2589,346,594,40,266,49,454,203,480,203,749,267,870,1553,41,901,568,874,664
48203020605,2019,6686,5812,378,394,0,143,0,649,264,904,438,1060,145,1469,2518,346,1131,1084,1692,1395
48113020200,2019,3889,80,3076,733,0,290,0,243,73,131,91,1359,174,1032,1657,177,1604,443,775,950
48113020000,2019,5075,2039,356,589,1955,1741,674,2523,103,1609,282,6,11,1336,1703,234,363,1056,1591,459
48113020100,2019,2121,507,33,1538,39,693,73,242,91,166,97,374,83,441,804,185,663,355,536,257
48113020300,2019,2385,249,1939,177,9,76,18,232,40,205,47,763,300,225,1534,1105,1243,928,317,599
48113020400,2019,8535,3930,2193,2009,182,930,442,3418,285,3151,585,2448,617,511,4163,3635,1394,3235,551,778
48113020500,2019,5531,261,3414,1622,222,1185,331,249,174,362,160,2148,90,372,2013,1379,349,1301,2109,853
48113020600,2019,2131,1743,0,144,148,180,0,1408,16,725,46,25,66,824,923,0,547,267,407,828
48113020700,2019,5104,3238,161,1229,420,1184,284,1782,99,1537,293,475,159,1538,2428,718,2314,1209,665,1490
48113980000,2019,0,0,0,0,0,0,0,0,0,0,0,0,0,0,0,0,0,0,0,0
48113980100,2019,19,0,0,19,0,9,0,0,0,0,0,0,0,0,5,0,5,5,10,0
48117950600,2019,3917,1692,5,2141,5,612,61,376,15,499,171,683,361,888,1577,1,1234,467,1054,954
48115950401,2019,4225,1476,132,2569,10,316,36,421,88,508,64,955,301,1170,1933,134,1691,626,1178,1002
48115950402,2019,3432,676,729,1890,14,134,0,52,19,92,35,474,218,427,817,84,785,228,634,358
48121020103,2019,11682,9498,354,1484,52,760,69,2370,296,2165,650,709,251,3022,4606,300,2065,2246,2500,2605
48121020106,2019,8221,6249,809,827,121,208,0,1878,149,2245,153,972,2,1972,2578,97,183,1935,2758,882
48121020104,2019,7374,4648,1067,1073,447,1404,415,1857,159,1726,165,254,186,1959,2430,9,256,1719,2275,866
48085031709,2019,4300,1847,318,523,1367,1704,1215,2233,176,1652,94,819,549,779,2398,1378,965,1239,667,860
48085032009,2019,6755,4089,557,385,1538,1777,266,3265,32,2431,313,645,68,1940,2556,346,1052,1107,1225,1796
48085031802,2019,7372,4629,445,1087,998,1441,529,2167,160,1656,153,1773,266,1216,2930,1408,2034,1478,1264,1481
48085031001,2019,6695,3938,128,2500,95,1084,252,595,65,1044,240,453,279,1542,2459,233,927,1202,1840,1122
48085031653,2019,7188,4134,857,662,1434,2084,502,3462,265,2361,326,313,186,1767,2950,891,1143,1486,1516,1509
48085030601,2019,10687,8296,981,795,444,904,68,4013,234,2718,720,516,248,2624,3982,1179,565,2233,2928,1943
48085031900,2019,7515,2667,1348,2641,502,1875,829,1908,295,2202,299,721,524,335,4024,3337,1339,3164,1252,767
48005000700,2019,3834,750,810,2063,0,823,99,209,363,296,306,1381,185,442,1323,350,1045,791,1210,349
48005001200,2019,2400,2278,25,17,5,13,0,140,51,160,55,527,978,830,2033,3,1270,554,554,663
48005000800,2019,5933,3934,508,1363,6,439,0,789,196,676,291,603,355,1636,2558,294,1856,1048,1481,1426
48005001100,2019,6716,6061,179,380,76,173,0,473,206,815,367,682,269,2059,2677,93,1454,1265,1573,1647
48213950601,2019,4144,3542,220,359,0,53,10,294,166,290,197,794,467,1144,2063,79,1020,889,770,1174
48213950602,2019,5225,4599,58,458,63,199,88,571,149,513,66,1102,594,1614,2806,433,1551,1442,1048,1607
48213950901,2019,5623,4680,75,773,19,265,145,605,38,442,340,1281,1258,1698,3485,0,2027,1113,1169,1611
48113014129,2019,5020,665,899,158,3120,2522,1308,2531,50,1983,145,106,106,584,2150,1411,225,1699,1305,181
48113014131,2019,4055,1179,671,928,969,1275,844,1632,84,1561,221,465,0,593,2065,1434,1230,1618,650,465
48113014132,2019,2448,706,621,217,769,711,363,942,105,730,116,370,13,341,1017,598,394,793,693,240
48113014133,2019,5013,919,1863,936,1220,1563,470,1259,104,1086,131,570,96,510,2529,1941,1696,1993,944,470
48113014134,2019,4465,2237,157,387,1501,1432,391,1951,95,1553,277,182,45,1194,1542,144,640,743,1255,477
48113014135,2019,4932,2589,430,639,1039,1529,634,2117,51,1469,174,381,58,993,1928,862,1122,1176,1510,508
48113014136,2019,7230,858,1457,757,3954,3994,2817,3433,128,2556,201,443,255,269,3141,2807,1556,2636,1930,251
48113014137,2019,8233,2123,973,677,4144,3630,1863,4929,187,3627,245,364,120,976,4038,3004,338,3753,1538,512
48113014138,2019,3888,930,494,417,2005,1748,752,2251,21,1789,184,95,156,445,1979,1555,53,1571,790,406
48113014205,2019,1510,997,35,180,213,253,12,864,20,598,22,86,20,597,641,4,453,251,226,556
48085031004,2019,6032,4049,155,1753,0,776,241,558,137,815,246,484,109,1287,2082,307,1234,1034,1607,924
48085031201,2019,5096,3883,208,728,105,349,62,828,94,1095,223,373,116,1637,1928,3,438,992,1285,958
48085031202,2019,4982,3386,389,1019,53,431,104,821,9,1018,138,68,79,1380,1632,9,311,984,1424,658
48085031308,2019,6382,3885,1132,1033,208,1107,66,1693,172,1753,609,357,20,1778,2083,124,389,959,1836,763
48085031309,2019,9697,5432,1435,1945,692,1431,218,2149,216,2395,535,828,228,2213,3398,574,785,1888,2950,1021
48085031310,2019,11899,6033,1168,3290,424,1594,277,2103,197,2602,527,669,47,2988,3650,177,1411,1711,3706,1529
48085031312,2019,6617,4626,493,512,934,1371,234,2703,219,2032,276,47,0,2097,2325,0,1075,1047,1353,1566
48085031313,2019,13198,6372,1318,1836,3182,3150,228,4863,353,3634,578,296,117,3165,3575,12,296,1592,4183,1874
48085031314,2019,2985,2294,157,362,58,237,40,1072,40,751,132,43,96,848,997,0,453,446,812,554
48085031315,2019,21863,10738,3205,3188,4029,5820,1764,5699,460,5792,1339,1554,158,4680,5918,265,636,3351,6992,2798
48085031311,2019,11872,7743,799,2229,620,1725,227,2919,237,3273,742,694,159,3250,4041,202,736,2373,3525,1340
48085031316,2019,6921,2664,596,478,2968,2560,300,2719,169,2217,328,169,88,1799,2049,51,85,724,1901,804
48085031317,2019,9742,5617,1112,1075,1704,1645,227,3095,220,2843,680,114,177,2454,3299,528,504,1783,2735,1360
48085031405,2019,25820,14385,1210,1317,8493,6163,1382,11477,460,8495,1503,405,337,6800,8431,1096,32,5015,8194,2990
48085031406,2019,18766,11666,2017,2318,2256,3549,394,7678,439,5647,794,312,212,4805,6183,707,588,3122,5872,2471
48085031407,2019,7977,6879,69,525,250,513,126,3289,110,1785,357,242,193,2681,3019,94,789,1313,2015,2601
48141010340,2019,2335,156,5,2142,23,796,62,196,42,225,51,596,128,514,743,33,277,227,709,344
48029171402,2019,6610,113,22,6389,45,1741,283,150,130,450,171,1428,27,1140,1672,144,1064,589,1936,938
48029171401,2019,4986,247,73,4666,0,754,75,226,62,430,111,1009,81,670,1304,446,691,582,1608,463
48029171501,2019,2609,82,169,2358,0,569,70,78,72,210,85,696,123,490,900,180,723,276,713,527
48029171502,2019,5062,77,294,4681,5,949,91,183,76,363,246,1464,153,969,1632,167,1494,461,1040,1024
48029171601,2019,4412,14,422,3976,0,632,79,273,121,389,277,1509,52,655,1366,452,926,669,1526,490
48453001748,2019,6521,3923,241,1982,144,560,164,2597,58,1860,318,353,108,1598,2631,493,544,1726,1506,827
48453001750,2019,4849,2181,91,2074,371,785,315,1986,110,1768,191,402,95,756,2727,1894,1231,2012,625,776
48453001812,2019,7889,1552,675,5204,194,3054,800,1274,351,997,94,2249,245,354,3259,2730,2423,2463,1857,771
48453001822,2019,6800,1472,516,4677,98,2591,949,1007,137,442,156,1740,141,658,2631,1728,2428,1690,2067,776
48453001849,2019,8355,4323,521,1869,1427,1996,1338,4426,135,3977,614,889,712,48,5643,5624,917,4765,718,423
48453000203,2019,2334,1431,228,380,257,397,273,970,43,931,44,608,124,0,1008,989,63,842,144,107
48453000802,2019,3792,1320,1268,1158,8,146,0,1059,138,818,119,1656,66,459,1381,543,1043,991,1094,367
48453001740,2019,5017,3165,182,985,501,570,118,2464,46,1860,240,219,82,970,2103,800,131,1294,923,833
48453001839,2019,10172,2218,1579,3443,2153,2887,1363,2610,223,2495,901,659,216,1553,4015,2118,555,2884,2201,599
48453002307,2019,5947,2456,773,2397,161,927,258,1679,112,1213,238,1019,241,525,3017,2401,2463,2267,753,719
48453002310,2019,2890,314,188,2317,0,989,124,108,24,153,73,614,82,450,915,134,461,537,1035,273
48453001741,2019,2760,2222,9,244,144,283,11,1322,49,895,85,233,401,966,1669,215,688,604,510,933
48453002112,2019,5426,1720,1298,2187,119,952,356,1186,196,882,103,1758,368,658,2259,1246,1995,1281,1680,504
48453002106,2019,3087,1237,316,1377,10,503,16,1147,94,985,131,289,119,815,1276,151,1205,402,633,621
48453002316,2019,4587,1425,589,2283,223,1406,673,805,108,936,104,865,311,27,2431,2390,1889,1993,716,67
48453001804,2019,6757,1840,639,3765,498,2408,884,1525,197,1095,387,1902,115,717,2856,1860,2558,1921,1397,759
48453001834,2019,11691,4017,1869,3692,1809,3548,1497,3795,277,3345,478,921,259,1916,4722,2217,1212,3262,2561,1412
48085031625,2019,4868,3336,237,526,557,811,74,1765,42,1478,149,292,32,1409,1799,156,1744,861,992,1339
48085031633,2019,4341,2555,316,598,610,882,126,1299,86,1332,257,199,0,1142,1422,6,1029,624,922,884
48085031636,2019,7198,4197,462,572,1735,2000,456,3561,111,2520,212,77,65,1770,2703,432,1758,1275,1197,1883
48085032008,2019,4484,2362,424,1061,484,953,118,1455,104,1177,156,233,24,1436,1621,0,1149,608,715,1119
48085031505,2019,8729,4978,409,1069,2096,2157,546,3471,206,2896,543,471,153,2367,3280,727,169,1642,2230,1220
48085031611,2019,4184,1854,660,1311,278,1114,145,988,87,962,185,692,96,986,1456,212,1140,705,1051,857
48085031621,2019,5528,3585,682,618,517,1049,231,2416,53,1668,198,495,365,1179,2745,1181,2015,1509,1095,1412
48085031629,2019,3980,2252,313,987,329,683,80,1182,43,917,77,450,30,779,1331,156,1301,768,1093,725
48085031631,2019,4670,2276,598,927,662,1075,392,1343,25,1190,124,436,120,882,1880,859,1261,973,1072,688
48085031643,2019,5036,2746,300,509,1319,1437,614,1869,143,1439,231,553,53,730,1919,1075,1355,1220,1221,792
48085031645,2019,1950,1452,48,84,325,272,31,1034,11,604,53,68,17,677,700,6,83,227,539,450
48085031647,2019,3198,1985,336,226,624,606,288,1193,59,852,121,37,188,460,1486,958,429,885,847,632
48085032003,2019,5448,1515,225,3406,120,1961,535,547,66,603,114,1303,215,830,2294,1113,1772,1125,1327,758
48439103702,2019,2948,99,1043,1771,0,615,65,95,62,105,148,1078,125,527,931,33,868,329,1083,359
48037010500,2019,2514,608,1664,184,30,114,38,93,44,85,85,777,189,218,1000,363,733,593,401,467
48037010901,2019,7089,5468,740,356,373,443,91,1825,182,1338,334,379,483,1924,3205,644,2018,1348,1544,2057
48037011401,2019,7451,6549,565,132,2,99,2,934,89,795,368,572,452,2431,3342,92,1658,1022,1738,1951
48037010800,2019,4681,1612,2451,264,0,176,40,196,237,391,51,1084,389,496,2272,1157,1596,1369,1506,843
48037010600,2019,1632,226,1066,279,0,148,0,93,69,101,87,873,189,297,863,151,709,349,461,324
48037010700,2019,5346,2384,2353,462,0,21,67,693,247,636,204,1344,340,1066,2489,933,1952,1358,1292,1125
48037010100,2019,5726,2394,2273,848,0,456,26,663,157,682,320,1092,507,954,2426,655,2050,1173,1734,1054
48027023300,2019,8544,4190,1535,2152,213,748,68,1398,182,1296,119,841,351,2480,3353,25,850,1386,1822,1691
48027023500,2019,2088,465,507,1010,42,420,54,65,134,94,18,608,366,191,1224,726,1080,631,600,233
48027020701,2019,1474,586,372,481,19,51,33,58,56,99,44,601,84,137,830,519,789,617,306,322
48027021202,2019,4101,2584,465,955,45,219,76,729,60,554,320,513,178,846,1727,732,1310,930,1041,949
48323950201,2019,8566,100,0,8006,22,2561,186,387,303,326,0,2500,244,1876,2648,297,897,1351,2886,1471
48323950500,2019,6144,348,17,5504,275,2434,574,517,228,373,128,2279,318,862,2100,903,1477,956,1941,1221
48323950601,2019,2833,160,0,2673,0,945,204,203,88,162,42,1058,106,434,855,129,741,260,740,700
48323950602,2019,5218,20,0,5198,0,1747,433,217,85,338,103,769,202,1048,1662,305,1072,554,1468,871
48323950300,2019,7672,241,95,7209,21,1940,324,1174,443,704,100,1915,147,1277,2358,675,1102,1136,2330,1246
48201321500,2019,3299,120,122,3004,0,1140,101,56,89,149,109,1037,56,208,1006,700,667,653,1225,435
48201331300,2019,5220,97,4073,1035,15,763,269,633,219,396,89,875,409,1132,2110,75,1832,598,970,1302
48201331900,2019,3899,46,2852,1001,0,288,55,320,150,480,189,672,164,944,1363,72,1224,465,922,847
48201332000,2019,6785,164,4490,2023,60,981,231,292,511,317,175,2778,182,849,2192,700,2019,1124,2729,1047
48201332200,2019,4892,30,2846,2002,0,825,75,308,197,376,94,1030,309,933,1684,72,1640,540,1356,907
48201341700,2019,3076,2402,29,610,13,121,0,519,138,497,207,136,119,940,1214,51,952,463,866,627
48201342200,2019,3883,1374,167,2264,10,730,199,247,205,383,119,222,191,728,1462,450,959,712,996,683
48201342400,2019,3436,1192,96,2039,0,694,127,288,136,463,185,237,64,669,1242,379,954,779,1216,222
48201350100,2019,17635,4453,2573,5477,4493,4983,1284,3771,410,3431,1334,1412,389,4664,5686,579,847,2252,4738,2878
48201412500,2019,1652,1155,34,148,249,286,48,900,22,540,46,73,47,408,603,152,272,273,468,300
48201410800,2019,4226,2861,116,671,271,634,230,2610,58,2012,124,455,291,713,2806,1914,1968,2019,517,721
48201410900,2019,3198,2120,80,427,518,602,280,2110,104,1561,100,323,266,582,2012,1180,1107,1184,351,517
48201413100,2019,2827,1920,72,433,243,393,134,1786,84,1165,83,89,121,887,1104,14,492,496,795,598
48201420800,2019,2183,1464,64,198,405,453,105,1227,26,794,91,54,188,713,957,0,776,363,537,603
48201420900,2019,7126,4642,198,605,1561,1430,128,4174,125,2641,270,147,154,2378,2672,0,1149,815,1792,1794
48201430100,2019,5928,3783,355,1122,299,981,339,2919,81,1784,137,703,539,1297,3429,2226,2159,1966,1004,1698
48201432300,2019,7339,1400,2125,3024,522,2974,1274,1641,538,1430,150,1603,431,116,3854,3545,2228,3022,1633,572
48201452000,2019,8259,1588,2461,2920,1053,3112,1392,2731,275,1715,312,2130,710,669,4382,3369,1417,3008,1938,943
48139060208,2019,5467,3932,391,991,49,185,34,1106,76,1145,275,388,38,1522,1964,286,718,1147,1468,1027
48139060209,2019,5146,3785,488,773,0,174,32,1440,90,1229,279,26,37,1547,1670,0,389,714,1343,923
48139060210,2019,1696,1320,40,232,85,105,14,452,16,427,64,69,25,520,574,17,158,189,396,411
48295950200,2019,2071,1106,7,924,0,350,36,241,59,287,37,214,122,528,841,88,734,303,485,440
48295950300,2019,1327,1018,11,162,21,85,36,199,45,159,2,214,166,352,639,12,535,240,417,342
48301950100,2019,98,83,0,12,0,12,0,0,0,10,0,15,36,19,66,3,55,10,25,39
48439113910,2019,10997,8963,145,778,600,944,229,4462,99,2932,728,363,71,3372,3560,0,1177,1911,2965,2233
48439113810,2019,4601,2659,65,1442,377,580,55,642,156,766,241,368,102,1205,1566,0,1359,669,1099,861
48439111102,2019,6194,189,3021,2914,0,1436,78,443,269,301,316,1562,202,1358,2090,76,1656,713,1728,1139
48439104604,2019,3228,41,1777,1392,0,558,31,127,70,121,163,938,41,460,1040,256,791,516,1118,423
48201320500,2019,4583,280,12,4104,81,1783,52,129,169,240,280,884,72,976,1295,11,1215,250,1135,475
48439105403,2019,6467,5025,101,669,552,744,337,3587,62,2388,260,462,218,1581,3208,1731,1820,2042,1251,1583
48439106510,2019,8987,4892,1299,1299,1328,1632,504,2217,292,2275,618,462,178,2657,3114,19,389,1350,2392,1009
48439121611,2019,5129,2956,782,909,395,575,104,1079,139,955,231,779,49,1274,1648,113,1258,685,1302,746
48439110901,2019,4551,3719,267,479,19,238,22,1325,62,940,396,498,123,1601,2134,362,1298,904,916,1351
48439111532,2019,7333,4796,666,1228,410,416,41,1982,137,1865,478,483,161,2103,2923,332,1455,1221,1601,1462
48439113212,2019,4663,3752,115,641,88,175,25,1400,104,1189,171,281,87,1288,1856,463,1527,764,849,1416
48439113512,2019,5945,3191,476,1578,325,441,49,1169,89,1324,127,216,146,1133,2571,1160,1951,1664,1360,1459
48439113626,2019,3736,3108,83,356,132,303,52,1183,85,922,114,108,58,1243,1507,42,1223,463,799,1046
48213950800,2019,5127,4414,100,527,0,120,0,619,237,468,100,671,1342,1810,3476,44,2392,1024,743,2052
48213951400,2019,6680,5366,749,235,50,74,3,858,112,849,274,714,1081,2212,3786,34,2097,1270,1126,2221
48213950100,2019,6780,5976,443,296,3,96,0,942,155,1002,116,909,407,1976,3058,234,1650,1370,1232,2232
48213951200,2019,6472,2537,1222,2607,16,1082,123,413,161,562,302,2209,275,1052,1922,270,1475,832,2242,950
48213950200,2019,5383,4522,80,646,0,311,118,648,105,693,208,562,423,1563,2300,58,1131,690,1437,1141
48203020402,2019,4866,1215,2775,740,4,271,55,246,99,377,182,977,562,874,2110,384,1751,688,1155,1182
48203020200,2019,6613,5286,873,415,20,81,0,788,115,978,393,1064,531,2355,3132,0,1839,977,1595,1454
48203020102,2019,5295,2981,921,1212,0,375,40,611,167,677,89,616,1111,1422,2798,132,1637,744,1150,1500
48203020401,2019,4065,771,2339,873,0,396,5,214,102,398,283,2162,229,686,1629,529,1023,689,1263,612
48375011900,2019,2835,1389,207,1032,16,139,10,188,29,301,152,825,212,611,1471,217,1418,680,826,458
48375012200,2019,3892,559,89,3174,70,1365,322,147,73,115,379,958,128,647,1367,71,1334,673,1310,250
48375010200,2019,2162,1698,6,303,52,66,12,640,38,499,95,149,49,664,841,36,799,400,684,499
48375010300,2019,1160,532,221,334,57,194,72,33,23,46,167,347,170,8,896,815,807,671,280,104
48375010400,2019,3177,2419,201,488,0,51,0,910,8,646,221,233,170,799,1597,369,1538,898,848,711
48375013300,2019,5697,4790,69,614,185,211,100,1675,45,1508,206,106,28,1781,2120,146,571,1231,1527,1371
48381020300,2019,1972,1348,138,388,66,167,94,304,18,369,59,265,78,376,935,363,852,493,387,371
48381020800,2019,6803,4041,61,2318,130,158,37,512,239,986,84,678,308,1418,2417,117,1888,961,2197,1035
48381021000,2019,2363,1751,3,520,24,98,10,434,53,451,127,190,0,735,925,40,849,419,601,500
48381020400,2019,2132,1703,13,341,28,95,7,623,33,501,32,104,58,686,800,0,754,284,506,565
48381020600,2019,4172,1562,129,2292,63,452,0,409,80,451,152,331,0,1111,1387,39,1294,446,1167,815
48381021605,2019,1864,1540,55,142,71,93,12,525,59,446,83,29,92,655,866,107,425,357,394,489
48453002202,2019,9747,456,2038,7004,18,3386,1041,567,362,311,344,3528,167,1271,2782,971,958,1585,3667,780
48201552400,2019,7519,2609,1582,2602,634,1935,301,1063,272,1165,302,456,223,1666,2918,863,1228,1648,2014,1417
48201552700,2019,8427,3690,1492,2429,494,1404,267,2327,193,2118,576,889,607,1499,4380,2462,1769,2570,1785,1878
48201553200,2019,6827,1888,2164,2199,423,1195,252,582,191,876,230,1386,606,978,3290,2124,2958,2106,1574,1078
48201555000,2019,8293,4315,841,2315,639,1245,162,1602,234,1636,299,756,50,1932,2632,0,1626,1122,2408,1434
48201221100,2019,3694,300,26,3340,0,1488,175,70,26,112,73,1357,115,614,1096,114,971,380,1104,557
48201223100,2019,2313,381,66,1823,25,782,79,32,66,105,159,508,29,483,639,6,557,165,710,338
48201230300,2019,2460,10,1619,765,17,347,41,233,246,235,22,740,113,517,948,110,800,375,671,421
48201230800,2019,2317,0,1340,951,0,354,61,120,152,84,61,534,253,480,1009,38,865,286,535,475
48201231400,2019,2837,35,2357,445,0,191,0,152,141,180,147,653,94,616,1058,0,945,325,675,685
48201233300,2019,4263,280,0,3983,0,2109,247,41,97,66,184,996,88,663,1349,258,1198,621,1213,699
48201233600,2019,2207,43,1015,1131,0,374,38,162,57,133,112,838,203,514,983,90,917,362,781,346
48201240400,2019,8300,1409,1642,5097,82,2530,323,840,80,729,190,2356,29,1687,2407,239,804,962,3035,1056
48201252700,2019,4101,2306,363,1319,47,493,17,289,88,287,336,706,94,909,1674,276,1064,847,1148,974
48201252800,2019,7056,1899,2629,2230,177,1549,82,451,303,635,367,1389,185,1741,2564,121,1271,1122,1687,1480
48201253100,2019,12358,3614,2342,5925,363,1689,119,1566,295,2177,995,310,269,3229,3895,102,520,2182,3733,1160
48201310100,2019,5346,1201,1860,1958,208,1407,513,1673,302,1655,181,1829,340,887,2996,1688,1248,2147,888,494
48201310300,2019,4840,1066,227,3510,28,1213,118,800,177,780,268,979,262,844,2187,804,2006,935,918,992
48201311500,2019,7543,149,109,7189,96,3222,288,277,214,517,311,1393,239,1262,2384,643,2174,747,2201,1436
48201311900,2019,2454,237,61,2083,73,820,29,204,76,170,180,403,82,347,780,116,744,259,570,437
48201312500,2019,3470,1620,680,643,435,609,158,1804,174,1646,205,726,394,848,2077,1014,506,1164,244,392
48201313300,2019,2491,173,1909,360,18,117,0,428,150,378,86,778,172,588,1219,290,1105,438,581,660
48201330400,2019,4863,267,1735,2835,0,1429,168,276,213,372,65,992,31,804,1550,341,1183,578,1357,799
48201321000,2019,9550,839,674,7838,53,2938,405,372,518,401,484,1120,191,1314,2753,939,2577,1449,2905,1233
48201322700,2019,7002,1440,102,5418,0,1910,39,370,376,350,199,797,217,1163,2218,289,2124,1044,2467,818
48201323600,2019,8547,2763,304,5045,314,2033,155,962,549,1152,351,1222,338,1803,3657,1415,2646,1797,2081,1707
48201332400,2019,4115,0,3119,750,45,191,0,140,253,312,28,876,96,906,1515,9,1502,518,831,1169
48201333300,2019,10222,572,1186,8126,221,3783,943,416,198,809,480,3056,399,782,3441,2230,2465,2194,2953,989
48201333800,2019,11520,648,1642,8962,235,3883,693,522,199,715,507,1287,165,1799,3330,772,2051,1547,3454,1644
48201340700,2019,8000,3230,807,2601,554,1551,594,1827,187,1757,521,809,88,1944,2737,486,2665,1417,2522,1218
48201343100,2019,4590,2860,75,1412,23,360,75,503,158,786,370,172,33,1426,1698,77,1563,529,786,1183
48201343200,2019,5037,2682,173,1874,14,242,27,780,213,1140,395,88,8,1469,1666,13,901,697,918,979
48201350400,2019,6756,921,919,4207,640,2005,372,638,235,600,393,862,202,1222,2182,566,1637,1032,1932,886
48201211400,2019,3890,365,1747,1676,41,485,58,638,168,609,133,1442,257,456,1710,554,1173,982,1136,516
48027023202,2019,4665,2168,590,1506,227,381,196,253,107,149,22,392,555,8,1126,120,919,563,769,16
48201554302,2019,4639,2579,1159,501,375,572,27,1428,69,1180,147,218,185,1087,1730,525,1002,830,1290,843
48201554402,2019,16345,9551,1775,3230,1458,2701,927,4872,220,4692,1098,326,88,4522,5086,16,479,2699,4889,2019
48201554403,2019,13044,5823,1689,3840,1545,2228,747,3637,222,3012,608,347,185,3403,4241,331,201,2442,4098,1453
48201554501,2019,6353,3875,494,1518,334,885,419,2194,191,1623,450,251,30,1957,2012,0,94,845,2140,845
48201554401,2019,15028,10298,459,2153,1844,1503,50,5903,317,4746,837,464,249,4230,5026,591,726,2287,4808,2312
48201554502,2019,6045,4613,165,812,251,612,166,2402,128,1669,424,203,32,2072,2168,0,520,907,1623,1202
48201554801,2019,17986,6955,2952,5881,1436,3427,695,3253,653,3853,950,1367,313,4392,5453,117,745,3074,5511,1829
48209010803,2019,4605,4181,27,312,0,173,10,1505,0,844,57,505,377,1475,2282,167,913,878,744,1484
48209010804,2019,9459,8142,0,1159,5,286,23,3139,101,2292,167,180,697,3245,4390,167,1824,1843,1872,3083
48209010805,2019,9256,7253,283,1070,291,677,218,3719,225,2417,602,160,18,2736,2952,97,242,1998,3223,1446
48209010806,2019,4788,3896,4,821,43,583,169,1664,39,1033,122,437,108,1320,1711,58,396,721,1257,930
48209010807,2019,2667,2193,21,443,8,54,0,819,22,597,114,144,110,744,1068,56,310,529,534,616
48209010808,2019,6068,4811,9,1109,0,362,0,1661,67,1353,284,448,184,1772,2361,179,590,1001,1560,1369
48209010905,2019,7292,4012,212,2829,100,418,38,2341,91,1626,333,304,107,2264,2922,58,577,1819,1460,1498
48209010809,2019,5842,4801,12,757,117,534,150,2264,75,1812,343,242,43,1864,2088,27,387,840,1259,1492
48209010906,2019,16851,6284,1003,9071,226,1362,364,2832,424,3384,404,986,149,4267,5446,4,125,3111,4535,1869
48209010907,2019,14466,3572,255,10395,5,3242,820,1247,222,1190,276,3065,302,2530,4082,611,825,1721,4823,1562
48209010908,2019,15448,4869,1065,9069,254,2352,876,2466,278,2523,426,1157,211,3450,4960,703,502,3722,4845,1417
48209010909,2019,8299,5065,102,2792,167,646,161,2054,193,1821,306,354,190,1548,3230,821,148,2281,2398,1113
48209010910,2019,10379,3877,532,5787,29,719,55,1447,222,1796,429,463,211,2170,3401,551,331,1870,3216,1404
48211950300,2019,3994,2519,39,1391,1,661,98,515,98,560,43,326,431,925,1729,226,1226,577,1261,753
48201522401,2019,5479,2739,276,2108,305,1070,129,1616,73,1478,288,945,370,1140,2459,1108,2064,1078,1511,982
48201522402,2019,3980,1333,21,2402,174,1546,283,734,38,524,205,763,33,781,1325,431,1208,628,1149,549
48201522500,2019,5157,4041,0,530,421,497,46,2799,37,1566,124,183,95,1689,1840,0,1123,726,1521,1163
48201532001,2019,6619,745,2072,3660,76,1825,565,583,139,456,564,1838,797,297,3557,3099,2897,2352,1963,766
48201532002,2019,1139,477,155,416,0,89,5,310,5,285,50,19,31,371,445,0,427,143,331,258
48201532501,2019,9319,1865,517,4836,1989,3995,658,1221,233,1169,339,815,152,2410,2993,0,1894,1071,2155,1562
48201532502,2019,5127,735,296,3862,234,1650,292,305,74,351,286,909,61,1257,1593,142,1510,453,1252,948
48201533701,2019,5558,172,770,4557,59,2139,591,135,61,281,211,2205,189,509,1908,1297,1664,1072,1977,547
48201533702,2019,3815,233,431,3064,77,1404,272,132,105,180,131,1103,10,686,957,9,862,377,1193,434
48201533801,2019,11239,631,2084,6981,1464,4490,930,609,115,787,730,2015,47,2285,2966,0,881,1324,3658,1295
48201533802,2019,7851,419,944,5251,1148,2970,592,322,55,388,504,1886,136,1630,2216,0,1110,799,2704,643
48201533901,2019,9472,546,2157,6259,493,2985,186,747,332,699,361,1321,53,2133,2746,99,2273,622,2735,1476
48201533902,2019,4629,297,1215,2910,207,1749,634,62,132,250,123,1601,280,316,1762,1399,921,1044,1693,559
48201534001,2019,3237,305,233,2079,620,1529,389,177,76,249,202,1183,92,316,1056,453,750,780,1020,189
48201534002,2019,6438,863,615,4552,371,1726,170,161,48,218,161,1070,24,1025,1577,147,1564,470,2173,854
48201534003,2019,2777,193,589,1630,325,1071,145,173,107,285,197,542,55,501,744,90,114,294,770,257
48201534201,2019,3289,351,299,1977,587,1115,335,361,49,417,296,454,107,445,1011,279,285,578,1055,439
48201534202,2019,9583,4300,1167,3014,1007,1847,406,2850,258,2487,816,491,124,2277,3905,1185,1492,1991,1806,1956
48201534203,2019,2279,590,50,1502,128,918,316,161,85,141,119,332,31,372,620,151,242,435,810,311
48201540501,2019,6755,872,517,4963,188,2717,954,326,164,595,380,2597,340,268,2685,2119,2213,2041,2146,560
48201540502,2019,4790,2747,471,1386,142,737,132,1054,178,942,251,347,211,1366,1946,0,1871,551,1019,1230
48201540901,2019,2607,1641,293,389,258,372,45,1058,10,1038,73,107,37,946,1137,93,580,585,420,623
48201540601,2019,4076,1156,530,1780,529,1205,515,885,82,854,269,355,111,1115,1519,151,772,679,937,625
48201540602,2019,7085,1757,1753,2873,615,2183,727,952,263,1053,359,458,0,1488,2511,920,1412,1106,2073,1454
48201540902,2019,7058,2472,1828,1973,680,1545,410,2264,120,1747,519,624,499,1296,3518,1963,1522,1948,1513,1093
48027021904,2019,12109,6430,2030,2501,682,1462,627,2766,459,1669,114,1577,470,2402,4559,607,1459,2743,3573,1605
48027022104,2019,4196,1156,1611,989,322,361,98,375,288,429,77,711,332,571,2105,1151,1576,1224,916,690
48027022105,2019,2101,585,745,518,91,226,80,215,113,246,17,292,132,383,897,132,655,415,614,242
48027022403,2019,4568,1277,1303,1374,269,547,216,583,119,645,99,424,98,1079,1648,46,387,794,1330,574
48027022404,2019,7439,2112,2261,2176,390,589,436,1450,146,1354,118,456,208,1856,2755,131,262,1599,2354,834
48027022405,2019,2101,1078,440,438,89,124,74,401,46,313,23,355,50,307,1189,797,502,917,356,184
48027022501,2019,3026,1495,462,885,56,264,196,268,70,328,70,445,317,579,1523,526,1419,663,754,616
48027022502,2019,12231,3276,4838,2817,921,1436,677,2074,344,1649,198,820,251,2058,4750,1732,683,3521,3405,1355
48027023105,2019,15983,4036,6260,3414,1048,848,434,2201,642,2170,186,1903,309,3417,5634,413,232,4253,5928,807
48027023106,2019,8719,2259,3320,2126,522,1238,226,1438,442,1391,133,820,684,1338,4019,1680,104,2293,2414,544
48027023107,2019,6917,1259,3437,1589,311,505,182,593,487,888,168,789,324,751,2932,1354,817,2061,2047,407
48027023108,2019,15257,3695,4967,4830,755,1657,436,1584,743,1767,158,2016,597,1714,5449,1512,2066,3697,5123,1033
48027023201,2019,1301,768,103,262,91,93,72,377,36,116,12,100,479,0,942,53,778,463,440,0
48121021627,2019,7926,6038,467,612,585,940,289,4328,68,3192,173,698,397,1220,5074,3265,83,3808,783,1501
48121021628,2019,6004,3323,370,1352,747,1371,282,1594,119,1480,399,432,214,1540,2574,689,1763,812,1076,1190
48121021629,2019,7224,3432,658,508,2482,2130,710,2767,100,2250,366,199,112,1651,2358,686,381,1277,1947,1037
48121021630,2019,5457,2607,639,1212,908,1172,110,1722,181,1383,339,398,34,1140,1982,720,1219,1144,1177,942
48121021631,2019,5376,2745,469,835,1166,1179,82,2183,52,1862,301,198,25,1688,1817,29,754,751,1335,1042
48121021632,2019,3834,2426,589,405,238,532,205,1438,46,1093,125,194,104,1084,1687,482,1177,743,730,824
48121021633,2019,4824,3304,155,885,416,690,33,1594,56,1438,284,98,30,1442,1739,57,1511,678,914,1055
48121021634,2019,5262,1915,1773,1152,137,1071,469,1375,261,1305,234,536,137,0,3359,3337,2856,2909,838,361
48121021635,2019,4883,1381,2228,836,337,825,132,1108,290,1085,181,715,230,282,2564,2285,1561,2073,843,461
48121021636,2019,7622,2659,2282,1571,695,1438,614,2887,110,2596,379,978,470,225,4732,4276,1832,3818,1263,687
48121021637,2019,4522,1229,1471,1283,301,964,204,984,61,841,154,773,237,510,2115,1430,1635,1331,1103,508
48121021638,2019,4158,1360,978,1022,541,1165,289,944,52,702,282,365,156,545,1910,1206,1666,1270,840,389
48121021715,2019,4739,2934,584,713,403,598,106,1391,133,1264,192,282,59,1312,1783,316,432,790,1044,777
48121021716,2019,4319,2438,350,717,478,820,171,1265,43,1154,219,301,232,700,2087,1243,454,1363,935,724
48121021717,2019,5636,3750,230,1304,251,953,188,1098,120,879,217,559,156,1166,2083,481,1583,984,1088,1427
48121021718,2019,11387,8925,364,1175,580,1145,376,4780,108,3480,679,125,102,3489,3731,15,310,2315,3684,1573
48121021719,2019,5208,3943,350,547,219,435,146,1859,79,1568,232,187,23,1369,1678,235,365,879,1159,888
48121021720,2019,3572,2116,153,325,780,640,35,1493,59,1113,188,10,0,1054,1073,0,51,522,1086,349
48121021721,2019,4403,2826,543,673,93,329,50,1494,107,1141,172,85,0,1061,1386,27,1006,678,958,687
48121021722,2019,4490,3300,280,690,71,350,38,1524,176,1340,159,104,10,1049,1695,339,944,969,1150,516
48121020105,2019,11689,7436,1900,1500,144,1070,482,3071,225,3099,484,804,168,2865,4090,581,177,3170,3842,1398
48121021723,2019,1429,651,205,254,211,246,36,488,33,382,96,83,6,448,529,0,206,248,320,157
48121021724,2019,4440,3475,144,168,419,465,20,1766,60,1547,233,61,44,1286,1384,0,198,610,1235,610
48121021725,2019,3703,2656,92,433,395,406,117,1554,44,1198,178,70,0,1285,1321,0,189,577,913,740
48121021726,2019,3394,2718,118,368,137,225,24,1223,75,1044,160,78,0,1035,1120,6,473,498,966,398
48121021727,2019,5182,3283,290,433,1106,1115,211,2132,94,1649,224,167,82,1342,1742,340,97,833,1411,612
48121021728,2019,3637,1507,251,1576,252,982,258,757,85,694,89,237,215,423,1626,1053,117,1202,965,279
48121021729,2019,2976,2019,109,486,245,378,97,1235,88,911,93,81,56,886,1079,0,134,513,758,364
48121021730,2019,3683,2686,213,252,461,461,158,1332,71,1172,254,122,34,1061,1256,0,539,549,900,662
48121021731,2019,3545,2002,439,532,487,733,161,1154,75,990,211,184,0,1071,1171,0,257,450,772,583
48121021732,2019,2158,518,463,681,435,577,103,558,101,594,133,145,86,330,934,433,236,624,458,270
48121021733,2019,2780,864,554,588,460,601,182,602,111,781,109,180,138,417,1134,595,633,689,618,305
48121021734,2019,3596,1227,713,1437,134,671,153,818,82,897,173,695,222,27,1805,1766,1155,1437,1092,147
48121021735,2019,3839,1380,789,1070,123,602,143,1188,135,996,53,222,173,132,1673,1444,440,1390,933,196
48029171602,2019,4590,263,179,4065,44,846,157,113,245,237,50,2253,18,553,1101,222,688,540,1609,491
48029171913,2019,6309,748,664,4644,89,1073,249,610,169,648,88,1111,52,1174,1792,51,1283,764,1854,982
48029171914,2019,5902,1046,410,4319,24,923,104,575,112,900,146,517,50,1392,1709,0,1212,492,1375,1092
48029171915,2019,2322,386,325,1560,30,234,32,221,72,165,47,288,57,543,728,0,639,165,687,555
48029171916,2019,9099,2536,1140,4982,297,1056,218,1812,380,1753,263,244,157,1918,2596,98,532,1295,2733,1044
48029171917,2019,10128,2283,870,5870,669,1293,784,1793,138,1637,460,477,124,2195,2853,0,359,1235,3213,1174
48029171918,2019,6151,1299,619,4013,110,619,279,1241,122,1662,128,327,221,855,2488,1320,337,1799,1417,526
48029171919,2019,5333,785,532,3703,221,524,247,562,166,744,136,460,0,1141,1368,9,137,929,2010,332
48029171920,2019,9402,1493,421,7274,101,1421,261,742,247,829,307,1462,50,1830,2465,0,835,1202,2792,1043
48029171921,2019,4593,556,326,3303,180,581,185,515,177,588,103,591,47,1008,1421,39,1167,593,1345,641
48029171922,2019,3505,840,263,2166,23,256,44,481,103,412,20,353,0,799,918,0,82,443,1239,213
48029171923,2019,10263,1943,1292,6423,309,987,211,2065,489,2671,169,902,68,1987,3758,1467,1380,2236,2382,1462
48029171924,2019,7856,1876,859,4380,293,836,245,2026,240,2216,287,763,190,924,3124,2015,96,2474,1798,606
48029171925,2019,10228,2810,592,6101,223,1153,681,1806,292,1845,225,1283,138,2034,3320,864,1364,1508,2747,1616
48029172003,2019,5195,1786,429,2650,189,557,251,1053,108,1099,99,236,80,1105,1503,131,446,733,1672,475
48029172004,2019,7580,3342,678,2955,129,574,176,2353,198,1650,225,216,76,2141,2428,9,93,1816,1973,1718
48029172005,2019,9060,2768,805,4686,475,777,241,2165,298,1838,162,732,301,1635,3012,1098,52,2378,2888,883
48029172006,2019,9694,3493,893,4684,192,675,247,2003,202,2213,192,562,243,2202,2733,9,264,1521,3292,1120
48029172007,2019,11073,3562,1188,5519,321,875,490,2854,141,2659,241,362,171,2508,3200,285,235,1955,3718,1009
48029180101,2019,5257,1019,17,4162,19,536,27,1060,56,1022,69,799,201,1296,2073,217,1973,821,1039,1133
48029181403,2019,7029,1960,154,2463,2297,2325,1650,1957,288,1695,61,555,426,211,3154,2811,2205,2249,1693,836
48029181722,2019,5166,1575,351,3042,44,527,51,1198,72,1273,176,70,22,1185,1513,29,946,608,1361,824
48029180102,2019,1874,496,26,1333,19,151,35,556,27,476,75,149,209,436,883,273,869,322,287,499
48029180603,2019,2386,438,402,1479,67,156,24,324,68,315,48,252,76,260,742,348,680,458,734,359
48029180604,2019,6812,1230,389,5092,73,989,429,859,63,536,187,1652,170,1158,2515,918,2454,1215,1673,1165
48029181404,2019,5667,1712,287,1701,1546,2248,1617,2593,296,1856,59,846,698,187,3382,3014,1310,2302,1187,615
48029181720,2019,5066,1976,343,2585,121,423,18,1528,147,1175,84,159,30,1303,1476,0,282,506,1264,822
48029181721,2019,3979,1679,66,2082,116,311,51,899,125,821,119,71,0,840,1091,0,193,372,976,476
48029181723,2019,4912,1445,302,2774,184,615,142,870,105,912,114,238,21,1107,1493,0,628,606,1415,694
48029181724,2019,5488,1860,230,2884,387,768,310,1611,106,1466,120,208,29,1306,1505,0,103,684,1652,675
48029181725,2019,5045,979,409,3568,46,593,66,595,196,700,148,638,221,451,2358,1715,1548,1588,1432,889
48029181726,2019,10383,2657,537,6688,221,1215,252,2444,185,2870,246,708,45,2180,2785,26,230,1626,3743,753
48141010341,2019,41538,4094,1933,34439,467,7829,1459,6008,863,6073,739,3545,765,9724,12816,976,767,9252,15626,2275
48141010342,2019,14737,1350,607,12712,0,3076,295,2455,322,2921,366,2372,603,3534,4901,231,355,2778,5310,795
48141010343,2019,5375,621,46,4708,0,1048,117,861,185,1056,168,500,64,1458,1727,86,665,630,1439,891
48141010344,2019,3190,88,0,3097,5,1274,134,201,37,260,104,602,73,615,846,60,282,249,878,594
48141010345,2019,10639,559,137,9874,0,2593,405,1158,375,1285,185,2684,149,2400,2883,53,651,1643,3995,841
48141010346,2019,4490,234,0,4238,0,1390,104,306,127,387,163,721,90,1009,1322,36,843,275,1095,925
48141010347,2019,3888,293,0,3595,0,1069,146,308,119,388,169,1058,60,892,1307,105,775,542,1134,597
48485013300,2019,1361,869,234,192,4,58,77,172,5,160,20,33,11,6,411,58,380,400,525,85
48485013501,2019,5763,4646,192,767,58,62,1,623,236,554,467,939,444,1332,2917,97,2349,1307,1341,1218
48485010900,2019,1605,1173,152,180,0,9,0,296,41,275,11,189,252,406,917,280,904,423,287,439
48485013200,2019,6693,3717,1330,1347,73,485,219,1008,351,782,117,882,388,1411,2996,718,2218,1612,1642,1348
48485011500,2019,2756,1467,345,852,25,151,20,203,37,248,67,820,114,600,926,158,806,320,856,634
48339692900,2019,4924,4025,66,805,3,150,0,210,267,348,295,345,179,1229,1825,9,840,582,1174,946
48339690100,2019,11151,7681,170,3112,13,1350,320,1557,326,1980,695,1434,116,3161,3902,11,1310,2073,2585,1964
48323950400,2019,3831,26,0,3797,0,1406,229,285,83,301,73,1048,226,550,1501,526,1251,749,917,1025
48329000304,2019,3825,3009,123,629,24,406,45,1057,32,995,80,15,171,1075,1813,666,1473,925,802,855
48329001500,2019,5278,490,669,4119,0,1212,145,287,218,365,39,745,223,1075,1896,445,1088,832,1453,749
48329000302,2019,6135,3168,688,2066,144,747,252,834,192,558,269,928,250,960,2139,886,1821,1106,1560,973
48329000600,2019,4479,2161,132,2090,13,443,12,894,41,968,62,386,168,1045,1725,374,1539,670,1405,722
48329001300,2019,7531,2402,412,4614,5,1346,56,701,101,957,264,325,53,1755,2378,245,1783,1140,2019,985
48329001400,2019,6937,555,807,5445,50,1931,563,159,262,511,114,1746,140,883,1804,473,1220,972,2505,754
48329001700,2019,5186,418,683,4042,0,1172,47,89,191,376,194,962,102,1093,1707,338,1121,747,1593,775
48329010105,2019,3456,1444,123,1219,359,665,440,657,32,705,107,82,0,561,1234,627,684,867,869,291
48329010107,2019,5225,3300,267,1407,188,693,385,1583,66,1448,259,474,190,953,2486,1375,1027,1711,993,847
48329010109,2019,6973,2696,8,4235,0,760,68,431,92,821,211,816,303,1763,2561,145,1333,1004,2170,1172
48329010106,2019,6345,3647,618,1933,118,1059,731,1642,66,1572,101,1023,92,1078,2688,1256,1641,1930,1598,1334
48329010113,2019,12489,6546,51,5690,0,1412,0,1529,123,2155,294,448,216,2831,3469,0,1286,1530,4840,1515
48329000303,2019,4541,3310,26,1084,36,185,13,1292,28,1028,87,47,83,1388,1585,0,1500,670,1198,917
48329010104,2019,8512,5030,213,2804,274,1326,120,2190,74,2381,213,663,142,1825,3466,1532,1681,2511,2170,1330
48329000305,2019,5584,3492,70,1642,158,341,219,1349,136,1493,77,485,92,1213,2079,716,1892,1069,1515,1114
48329001100,2019,4943,1680,259,2940,5,570,14,529,164,436,97,851,185,1112,1851,195,1598,728,1492,735
48329000200,2019,5449,3363,379,1503,118,415,178,1940,86,1542,103,376,109,1425,2170,569,1647,1113,960,1079
48329010112,2019,17901,11441,423,5346,475,1882,444,4648,211,4392,535,1342,539,5231,6840,620,1228,4347,5133,2356
48329000100,2019,7687,1408,1805,4302,102,748,58,624,173,1033,79,980,80,1410,2250,479,1354,1088,2278,1150
48329000401,2019,3758,1410,97,2088,51,425,105,392,59,606,163,188,147,834,1425,341,1094,705,1001,411
48329000402,2019,5653,2279,450,2717,169,777,493,725,85,611,95,313,237,1034,2101,709,1898,939,1943,766
48329010108,2019,3840,2532,241,781,234,337,143,1441,110,923,30,188,111,985,1631,578,782,986,867,946
48329001200,2019,6072,1476,721,3470,405,1996,916,165,117,845,285,643,51,1737,2162,26,2036,829,1289,794
48029190700,2019,3107,902,71,2074,24,295,22,828,15,763,99,739,149,633,1504,543,1348,743,518,781
48029190902,2019,4467,1194,262,2903,40,462,102,850,59,909,209,338,92,1002,1569,150,1560,687,986,858
48029181001,2019,3393,796,107,2454,28,834,216,552,65,476,68,770,104,683,1228,413,1064,472,825,856
48029181004,2019,5392,1594,480,2666,420,1143,682,1386,262,1219,243,1416,391,240,2967,2627,2197,2317,1094,457
48029182103,2019,3820,1989,108,1476,62,311,92,1218,50,918,113,175,46,1064,1193,13,231,695,1231,811
48029190100,2019,3515,678,101,2723,4,727,58,482,65,553,109,720,258,527,1628,758,1588,653,377,984
48085030516,2019,7569,3969,1242,898,1339,1575,426,2495,196,2124,316,147,23,1709,2323,145,98,1501,2823,619
48085030517,2019,9398,5923,711,790,1469,1494,653,3690,185,2785,403,640,80,2066,3479,1142,143,2431,2636,1137
48085030520,2019,6942,3189,1108,937,1560,2098,503,2516,101,2186,271,56,91,1588,2185,352,28,1370,2436,555
48085030521,2019,5164,1977,689,438,1971,1749,296,2144,162,1790,188,35,20,1156,1471,0,144,981,1803,319
48085030522,2019,12020,5188,1066,1439,3792,3892,925,4637,104,3683,541,352,109,3164,3528,0,98,2653,4559,849
48085030523,2019,11900,5934,2083,1126,2348,2316,505,3740,119,3409,460,827,118,2870,3828,63,231,2558,3824,1376
48085030524,2019,5708,2565,756,1173,879,1208,371,1813,86,1676,158,307,77,1552,1913,22,169,1483,1644,704
48085030525,2019,6256,5494,196,254,92,472,35,2460,76,1893,189,91,43,1820,2210,301,62,1240,1775,1077
48085030526,2019,11222,7604,872,1606,940,1709,437,4487,225,3311,785,395,188,2971,4163,964,92,2957,3591,1450
48085030527,2019,5212,3558,746,606,177,456,125,1547,93,1464,227,236,0,1292,1521,0,61,822,1642,659
48027021303,2019,10237,5924,1278,1998,495,498,157,2601,91,2065,58,1305,386,2166,4033,1180,924,2660,3026,1715
48027021901,2019,3535,1947,375,929,93,378,110,549,112,484,19,348,298,858,1473,278,980,496,734,877
48027022600,2019,4251,1220,1207,1579,83,485,218,118,271,166,85,1350,446,361,2230,1087,2048,1325,1309,405
48027023402,2019,5479,3920,191,1255,4,230,4,578,50,1004,199,758,239,1258,1951,165,1262,741,1654,1182
48027021601,2019,5589,2308,492,2566,12,697,110,479,139,662,320,1020,191,1060,2235,646,1498,1157,1709,853
48027022101,2019,4297,1892,1064,990,152,322,149,333,348,268,24,592,306,663,2030,701,1929,1170,971,717
48027023000,2019,10026,3378,3024,2440,443,1023,543,1202,476,1222,157,1498,388,2053,3722,389,1158,2424,3386,947
48277000900,2019,4809,3904,442,159,51,53,35,1035,42,809,351,544,140,1219,2122,462,1351,1163,1133,1386
48277001000,2019,3677,2121,857,416,77,73,123,249,38,271,250,826,264,596,1729,426,1535,973,911,675
48277000800,2019,3593,2067,894,442,0,91,22,258,96,184,163,1163,270,603,1693,512,1323,837,1007,743
48277000200,2019,3835,2923,229,517,0,199,9,460,95,381,230,705,244,976,1524,7,741,556,988,947
48277000300,2019,6390,5920,250,141,0,33,21,1001,75,1029,243,609,342,1980,2748,120,1813,994,1588,1635
48277000700,2019,3187,2265,522,245,102,172,29,176,74,245,365,852,235,687,1449,135,1083,625,875,619
48277000500,2019,3552,1569,1356,476,17,194,19,264,94,290,181,1043,258,730,1917,575,1459,988,585,1044
48029140600,2019,2861,284,74,2445,47,389,203,112,55,360,56,661,57,492,885,72,642,369,763,490
48029140700,2019,4838,553,229,3867,9,247,0,330,113,452,246,1064,131,953,2017,480,1911,922,1076,1236
48029141300,2019,6851,995,950,4539,103,708,68,699,198,765,235,954,281,1098,2452,995,1957,1084,1799,1279
48029141402,2019,5986,852,259,4717,126,550,14,901,288,1150,237,582,95,1477,1782,15,141,1006,1657,615
48029110100,2019,3160,1104,114,1866,17,621,128,1080,36,879,57,536,786,160,2572,2471,1646,1511,121,795
48029120902,2019,7551,3288,1504,2535,88,538,185,1831,85,1378,121,1292,397,909,3687,2645,2696,2443,1347,1759
48029121403,2019,6281,1513,1015,3366,225,995,248,944,197,844,57,947,169,882,2227,1118,1441,1262,1638,1252
48029121604,2019,9259,3292,1739,3563,106,748,127,1331,333,1612,148,1318,93,2022,3018,482,1233,1626,2631,1362
48029130600,2019,3878,242,1198,2438,0,858,175,148,133,276,48,1453,284,500,1612,212,1322,784,968,807
48029140200,2019,3377,341,45,2972,0,574,148,197,62,392,238,595,140,588,1111,180,1013,338,830,643
48029181718,2019,5850,2947,279,2493,81,287,29,1232,88,1347,140,289,80,1741,2078,7,1279,728,1517,970
48029181811,2019,4555,1446,391,2550,100,422,8,1068,122,819,119,261,110,1129,1595,204,859,760,1198,1025
48029190200,2019,4363,1679,63,2480,16,445,59,1557,90,1035,80,422,363,770,2348,994,2147,1360,306,1037
48029190501,2019,3474,273,9,3192,0,794,377,450,87,353,25,802,123,573,1104,192,1070,496,1019,475
48277000600,2019,2320,1270,529,440,0,277,15,50,72,125,134,543,372,384,1260,328,898,597,642,315
48419950300,2019,4814,2927,367,1433,0,817,116,398,156,501,267,712,249,1385,1954,0,1029,660,1219,1068
48143950600,2019,3982,2733,127,1032,27,333,65,500,62,372,214,847,443,532,1839,605,1437,953,659,726
48143950400,2019,7532,5472,160,1696,143,864,80,1484,164,1228,607,972,496,1059,2794,1083,1925,1765,1655,1179
48143950100,2019,3763,3343,0,393,10,102,33,792,65,620,240,242,521,1015,1686,7,638,487,682,1117
48143950500,2019,8155,6148,416,1484,35,405,95,944,321,1101,415,2442,880,978,3504,1060,2220,2061,1358,781
48143950300,2019,5611,3297,20,1970,58,900,69,777,54,643,402,1152,578,1394,2242,235,1790,779,1494,1105
48143950700,2019,1980,1469,0,482,2,216,14,301,11,328,73,218,347,590,1139,0,615,256,293,670
48039660300,2019,11643,7527,1148,2361,340,737,130,3172,166,3157,561,450,118,2853,4120,1080,1527,2313,3530,1746
48039661000,2019,7896,4126,439,3107,171,948,118,802,104,1246,453,529,240,2252,2685,47,1122,927,1947,1616
48039661100,2019,3763,1739,234,1770,20,444,76,293,107,381,249,550,83,769,1346,154,491,802,1075,560
48039661700,2019,2796,1718,101,950,7,231,11,232,42,354,259,290,313,1000,1369,7,847,408,732,667
48039662200,2019,7339,4523,648,1599,334,455,274,1183,43,1046,617,365,240,1508,2677,792,1802,1403,1711,1351
48303010504,2019,4053,3231,63,641,51,228,13,1610,31,898,84,292,99,1452,1749,90,1511,724,838,1345
48303010600,2019,5898,2707,220,2885,0,215,116,592,158,864,207,1002,307,1463,2593,393,2323,1001,1633,1661
48303010508,2019,11220,6747,523,3641,72,161,0,2151,178,2028,158,1240,387,2801,4099,489,1225,2228,3127,1642
48303001702,2019,5930,3719,366,1693,106,102,3,1179,176,1132,156,1416,252,967,2937,1375,2512,1923,1197,960
48303001804,2019,3774,2559,113,1007,69,308,114,916,168,960,38,338,269,771,1978,939,1660,1176,632,1051
48303010505,2019,4629,2241,338,1859,101,298,139,727,35,938,192,492,92,1218,1846,249,1281,932,1283,724
48303010506,2019,4170,2114,268,1559,133,243,10,868,50,1041,196,237,193,796,1843,255,847,1052,1006,671
48303000500,2019,8307,5287,426,1863,436,564,316,375,691,670,51,300,117,58,761,664,512,562,88,657
48303000700,2019,975,134,6,835,0,81,0,57,0,80,65,156,176,223,516,179,389,105,215,177
48303001400,2019,4648,2944,263,1408,4,170,78,900,46,867,104,1089,350,772,2414,326,2159,1384,777,586
48303001706,2019,7052,3060,380,3318,137,445,149,837,293,1187,291,1133,273,965,3454,1751,1681,2463,1555,556
48303002001,2019,2316,1540,194,516,25,76,32,464,29,478,39,640,126,481,994,135,981,524,561,407
48303002002,2019,3004,1389,86,1437,69,100,94,232,49,487,53,661,272,423,1442,529,1215,866,827,350
48303002101,2019,5692,2884,385,1779,139,439,169,1302,68,1009,199,801,265,1375,2514,769,2133,1247,1390,1596
48303002202,2019,6394,2856,208,3010,17,387,78,1090,78,1240,95,1010,92,1029,2423,661,1202,1656,2175,520
48303010403,2019,5497,3834,42,1417,63,250,51,1617,56,1501,115,282,0,1711,2292,62,1865,989,1257,1536
48303010502,2019,3325,2608,27,516,66,114,0,1323,44,766,113,209,108,986,1585,471,1162,841,654,1075
48303010700,2019,3399,2868,3,492,3,81,48,793,36,658,146,143,271,1232,1692,0,1034,562,677,1163
48303000607,2019,2175,901,227,890,106,217,113,223,57,201,79,888,547,78,1454,687,1275,765,422,155
48303001707,2019,6064,4279,282,1222,72,268,153,1569,86,1832,40,747,458,1391,3036,1411,913,1812,1512,930
48303002203,2019,3122,1986,210,902,0,181,23,344,85,319,211,782,132,676,1266,305,1191,561,744,647
48113019027,2019,5548,1431,1216,899,1793,1996,331,1057,122,1067,302,730,105,779,2073,1079,1012,1298,1365,907
48113019203,2019,3995,3287,44,399,141,341,63,2030,9,1293,117,221,111,1380,1745,228,1664,766,903,988
48113019206,2019,6679,3738,204,1424,1104,1491,1008,2167,156,1583,136,1844,230,1054,2771,1066,1786,1674,837,1325
48113019211,2019,5846,3092,923,1089,536,998,205,1780,118,1556,217,424,80,1251,2417,761,2103,1133,1257,1954
48113019900,2019,4240,262,25,3933,0,1366,229,214,115,270,168,524,111,641,1244,260,1150,437,1245,684
48113000100,2019,4081,2957,306,470,133,207,47,2346,56,1722,49,164,239,1073,2128,869,1523,1184,883,744
48113000405,2019,2301,602,609,958,92,786,312,513,107,414,60,530,225,108,1449,1366,926,973,289,273
48467950500,2019,4804,3657,500,612,0,101,0,353,173,548,174,1194,191,1060,1957,296,1339,971,1318,1291
48467950400,2019,4191,3722,28,318,0,190,0,280,42,374,219,450,460,1432,2090,0,1134,559,763,1490
48467951000,2019,6175,5392,39,444,25,69,0,840,102,786,161,809,441,2057,2822,48,1347,994,1350,1951
48467950300,2019,5124,4450,161,332,7,197,78,617,133,866,256,517,253,1463,2140,112,1130,914,1426,1096
48303000302,2019,7196,814,374,5443,529,977,374,542,197,701,275,2663,262,793,2940,1321,1692,1799,1768,1118
48303000404,2019,7680,4197,513,2596,170,460,104,1542,56,1681,239,1363,248,1639,2943,604,861,1705,1933,776
48401950200,2019,3323,2322,681,153,11,134,21,410,47,568,200,214,281,1111,1538,0,948,621,728,952
48401950600,2019,2483,2342,10,103,0,36,16,505,40,503,86,130,175,791,1151,6,793,533,620,558
48401950700,2019,5483,2562,1576,1096,125,323,35,372,94,300,143,389,182,725,1299,145,1166,489,1000,906
48401950300,2019,6390,4635,393,1240,5,422,0,579,436,1075,369,476,333,1864,2554,59,1744,1012,1294,1344
48401950800,2019,4072,2357,640,987,14,571,37,593,155,399,98,258,208,940,1682,276,1493,787,1078,810
48401951000,2019,2563,1049,334,1068,0,499,58,199,136,303,126,649,195,691,1089,0,793,435,750,461
48401951200,2019,2454,1603,739,95,0,10,0,381,74,288,175,248,270,885,1298,0,769,489,412,730
48139060101,2019,8067,3618,582,3795,4,1107,99,782,215,1003,276,1221,99,1997,2744,82,1400,961,2498,1338
48139060300,2019,4113,2219,224,1511,89,411,54,551,52,649,299,516,114,1045,1514,13,1101,592,1145,748
48139060500,2019,3168,1545,400,1095,17,206,19,335,71,404,390,440,161,400,1296,492,1025,593,773,548
48139061700,2019,5278,3762,13,1449,0,539,23,650,104,708,502,415,240,1566,2032,0,981,580,1228,1159
48201541001,2019,11346,3246,1907,3007,2771,2818,460,2465,529,2565,634,948,501,1970,4394,2059,1293,2472,2821,1686
48201541002,2019,8858,3255,1855,1783,1741,2402,628,2359,242,2241,216,391,115,2296,2855,101,46,1311,2865,1246
48201541003,2019,13814,6654,1939,3046,1706,2832,551,4854,365,3856,1050,982,260,3705,4671,602,95,1880,3772,1678
48201541201,2019,8854,4778,833,2089,779,1559,312,2653,189,2455,432,502,146,2645,3130,187,354,1158,2218,1345
48201541202,2019,8698,4116,920,3138,268,1418,59,1610,283,1570,448,1041,148,2217,3010,266,2170,1049,2398,1741
48113007912,2019,1845,1139,88,378,191,273,108,702,41,909,104,187,82,9,1090,997,825,903,148,156
48215020501,2019,5556,307,1,4968,257,1840,506,651,160,548,98,1576,238,887,2089,558,1253,1140,1654,1161
48215020600,2019,2128,170,0,1958,0,715,107,144,103,169,46,1005,151,279,901,214,617,358,446,510
48215021100,2019,2658,153,4,2501,0,998,194,98,34,186,41,908,323,331,1350,550,1081,592,649,854
48215021303,2019,9366,167,0,9199,0,3301,597,520,55,667,81,3120,139,1646,2496,562,685,976,3385,1479
48215022201,2019,7081,376,0,6705,0,2055,164,662,289,706,89,1628,231,1523,2105,165,435,732,2445,944
48215022300,2019,11144,1596,240,9290,0,1050,225,2093,186,1896,129,866,698,2255,4095,922,2015,1541,3663,1739
48215023600,2019,9183,389,19,8734,0,2805,321,912,355,777,145,2029,249,1890,2928,308,1261,1177,3128,1331
48215024302,2019,1319,93,0,1226,0,249,0,66,45,93,7,683,185,326,581,0,301,86,530,292
48215022800,2019,9717,300,2,9415,0,2571,143,890,381,1225,327,1786,404,2017,2835,106,1271,710,2591,1585
48215022701,2019,5110,1317,0,3752,41,1187,258,768,81,529,109,1371,1153,1217,3042,494,1824,981,1038,1888
48201510100,2019,2344,1218,231,619,258,496,115,1389,49,1152,151,83,167,650,1352,541,359,829,280,235
48201510500,2019,3733,2621,98,582,273,496,88,2325,136,1899,315,127,198,1047,2096,582,617,1488,468,546
48201511400,2019,3113,1826,14,1072,79,508,131,1641,60,1169,130,414,128,898,1596,208,1526,913,451,487
48201521900,2019,6034,2859,186,2199,768,1552,325,1889,189,1453,582,494,253,1607,2608,672,2001,1269,1051,1452
48201533600,2019,5399,111,1140,3860,275,2005,388,345,193,531,330,1820,11,358,1918,1110,1302,1222,1550,666
48201542500,2019,2927,2223,134,456,60,134,21,1117,47,791,114,137,61,696,1376,635,688,808,422,1115
48029121907,2019,13024,6070,714,5431,395,1047,203,3698,230,2972,508,342,266,3513,4625,529,207,3264,4210,1214
48029121908,2019,2709,1842,29,707,36,189,24,930,42,741,64,40,6,745,830,17,61,457,721,513
48029121909,2019,8331,2258,1610,3189,466,809,16,2224,136,1804,199,238,128,1731,3313,1174,45,2482,2071,910
48029121910,2019,7385,3244,430,2471,724,1021,312,2440,157,2088,108,158,82,1690,2534,459,137,1692,2260,1152
48029130402,2019,4197,125,834,3200,0,385,0,225,222,157,126,1596,125,521,1383,383,1015,800,1600,574
48029131503,2019,3119,960,401,1657,101,173,0,223,30,234,44,345,48,662,1222,217,1222,473,719,713
48029131504,2019,4824,886,599,3189,43,458,11,355,78,493,130,1215,25,905,1428,38,1206,560,1360,852
48029130401,2019,4081,138,453,3477,3,1002,103,170,94,185,138,1417,140,636,1409,42,1278,576,1109,626
48029131401,2019,11090,1945,2086,6748,269,1182,414,842,297,1219,325,1622,297,2464,3214,0,867,1858,3660,1253
48029131402,2019,3023,464,571,1930,14,250,45,180,50,362,117,835,28,655,930,0,604,389,814,593
48029131505,2019,5790,556,2013,3039,46,1002,432,701,134,810,51,578,37,740,1441,211,283,1050,1853,706
48121021740,2019,4911,2297,665,1222,589,941,267,1135,49,1377,155,357,53,578,2102,1324,1249,1537,1014,362
48121021741,2019,2049,948,306,481,270,443,158,558,57,543,117,46,54,381,704,241,329,376,555,241
48121021742,2019,6492,3337,104,1989,943,1426,356,1217,94,1342,273,644,100,1290,2138,287,1217,925,1672,767
48121021743,2019,4564,1195,812,2191,280,1321,419,427,21,475,104,849,101,568,1412,578,794,860,1603,605
48121021744,2019,3180,847,17,1445,764,1517,765,448,7,366,196,478,137,527,1131,385,1030,650,749,466
48121021745,2019,5838,1557,389,3089,673,1540,539,607,124,801,280,541,81,945,1752,448,1535,1001,1839,564
48121021746,2019,4387,3278,148,715,130,299,22,1817,58,1075,214,184,55,1394,1465,0,632,594,1186,1026
48121021747,2019,5259,4176,114,432,469,559,172,2182,113,1869,318,95,115,1288,2242,782,421,1322,1286,1110
48121021748,2019,4197,3452,92,314,185,324,118,1488,27,1125,136,201,10,1302,1496,37,695,574,1088,808
48121021749,2019,3503,2915,175,188,179,302,55,1609,136,1051,173,114,0,1083,1088,0,157,507,1034,421
48121021750,2019,5104,3683,176,317,680,793,116,2176,53,1526,245,196,0,1363,1439,8,140,724,1413,710
48121021751,2019,4814,3009,167,432,1195,938,214,2416,90,1692,216,106,38,1359,1445,0,36,632,1706,291
48121021752,2019,5177,3546,108,527,785,800,100,2224,113,1678,265,68,10,1503,1592,0,90,661,1678,501
48091310801,2019,6587,4592,427,1013,158,363,20,3007,51,1721,140,102,31,2249,2336,15,788,958,1536,2059
48091310802,2019,9239,5023,769,3270,117,927,135,2506,154,1718,345,903,69,2334,3255,637,870,2063,2548,1890
48091310901,2019,7577,6422,157,631,157,386,118,2754,197,1834,177,100,182,2295,2544,48,523,1270,2081,1568
48091310902,2019,9789,6176,180,3049,106,646,159,2233,120,1781,460,302,249,1978,3700,1099,628,2344,2284,1823
48091310903,2019,5706,4825,86,680,53,219,16,1997,142,1428,137,214,87,1971,2155,0,212,1290,1498,1614
48095950300,2019,3266,1726,38,1474,13,858,158,342,12,285,39,268,753,686,1665,36,1230,312,496,825
48097000100,2019,6268,4903,118,899,11,573,18,561,54,993,449,450,163,1775,2639,32,1246,1219,1399,1560
48097000200,2019,4846,4471,7,248,28,149,7,1061,61,1002,555,228,417,1551,2287,10,1490,683,1159,1162
48097000400,2019,1950,1075,278,515,40,202,38,209,127,193,131,317,70,429,850,135,605,405,356,390
48201433002,2019,3385,176,232,2071,867,2241,953,265,55,161,294,1057,353,38,1791,1624,1663,1240,740,255
48201433003,2019,5787,22,513,3434,1685,3749,1662,438,140,357,93,2417,260,96,2157,1964,1409,1511,1776,492
48201433201,2019,4940,643,1014,1147,2072,2684,1062,749,197,477,77,1234,241,674,2111,1120,1962,1093,1127,1014
48201433202,2019,4269,517,366,2410,922,1956,410,601,202,395,91,1073,119,586,1415,349,1413,691,1073,585
48201433501,2019,5593,189,714,4609,60,2919,831,234,54,222,0,2412,261,136,2170,2001,1833,1555,1951,166
48201433502,2019,8242,411,1258,5898,577,4065,1324,701,438,497,199,3238,580,267,3480,3064,2478,2482,3205,645
48201450801,2019,1656,913,422,269,38,152,84,622,39,530,92,97,383,169,1297,1069,749,709,353,233
48201450802,2019,8058,2542,2920,1777,379,3158,1860,2354,174,1632,254,1732,398,612,3434,2600,2480,2511,2594,838
48201451001,2019,5349,1782,1437,1619,289,1999,693,1306,104,959,273,1591,495,707,2733,1755,2493,1611,1203,875
48071710401,2019,5399,4622,323,275,39,146,16,752,182,1059,406,753,421,1276,2301,96,1522,797,1178,1306
48071990000,2019,0,0,0,0,0,0,0,0,0,0,0,0,0,0,0,0,0,0,0,0
48073950801,2019,4110,3156,136,618,57,386,0,370,177,539,186,709,331,1345,1914,35,1223,629,1046,1137
48073950802,2019,3917,3047,406,435,0,185,7,385,122,533,129,394,214,1136,1688,0,1107,707,882,942
48085030201,2019,3360,2636,154,463,46,150,3,651,25,715,156,369,39,861,1136,0,391,537,968,554
48085030202,2019,3476,2682,52,489,192,324,53,888,25,827,115,304,102,1036,1254,0,452,642,848,622
48085030203,2019,22332,15604,2214,3204,1004,2191,673,4361,146,4677,534,983,333,5275,6745,29,651,4011,7578,2160
48085030302,2019,5048,3910,221,361,473,605,177,1797,50,1287,154,163,118,1299,1536,89,90,1074,1688,664
48085030303,2019,8360,6683,502,578,213,506,66,3121,94,2460,388,80,112,2117,2716,534,64,1854,2796,864
48085030304,2019,6046,5095,124,495,157,340,33,1860,64,1474,168,295,179,1531,1908,22,360,1398,2181,510
48085030305,2019,17436,13081,1196,2488,246,1421,387,5052,145,4802,483,209,382,4412,5555,75,1167,3609,5663,2567
48085030403,2019,5890,4080,546,1008,194,476,50,1763,83,1351,261,359,147,1592,2076,96,719,655,1644,840
48085030301,2019,7349,4546,952,958,542,821,309,2290,136,2117,308,482,136,1930,2499,0,117,1863,2395,907
48085030404,2019,5932,3676,720,499,800,925,134,2224,141,2070,396,332,139,1785,2330,0,88,834,1306,876
48085030407,2019,4288,3261,240,259,466,506,64,1915,88,1448,121,102,69,1256,1632,143,22,903,1157,821
48085030405,2019,5072,2581,570,1058,728,1206,604,1706,124,1559,154,271,250,863,2452,1393,385,1715,1081,790
48085030406,2019,5084,2032,451,2171,365,1071,470,1218,200,868,123,438,187,556,2127,1280,461,1604,1380,509
48141004105,2019,3118,27,0,3091,0,845,133,177,43,312,25,845,166,531,1364,535,1104,546,651,948
48141004201,2019,5535,184,107,5211,0,1849,446,285,50,394,150,1618,184,1306,1977,340,1803,459,1393,1623
48141004312,2019,4685,631,218,3714,0,778,73,1175,114,905,201,538,59,1056,2054,877,1867,1147,831,1204
48141010319,2019,593,77,0,516,0,188,7,24,25,39,4,288,88,182,289,0,97,72,162,167
48141010401,2019,5992,66,8,5903,7,2240,328,195,97,276,96,1624,124,1162,1881,207,1095,694,1540,1275
48141003702,2019,4165,106,0,4038,0,1274,93,213,91,187,200,1724,169,935,1647,362,1360,520,1037,1172
48141003903,2019,5807,158,0,5642,0,2192,333,321,190,217,125,2338,260,731,2131,790,1103,934,1399,1453
48141004303,2019,5979,963,57,4927,32,1262,511,923,401,899,112,1002,72,1506,2034,99,1990,623,1474,1187
48141004309,2019,5073,374,308,4327,13,912,75,842,90,679,211,975,44,905,2109,894,1281,1130,1330,1016
48141010207,2019,8429,2223,723,5003,111,899,198,1352,163,1172,233,683,709,1701,3588,923,283,1924,2853,403
48085031622,2019,6613,4086,606,754,1065,1455,88,2317,85,1861,266,174,47,1549,2321,630,1855,1022,1325,1753
48339691100,2019,4308,3458,17,577,173,555,233,1834,56,1436,88,92,55,1203,1614,0,1053,733,1175,732
48339694400,2019,9676,7470,229,1840,41,984,257,1900,288,1775,318,710,423,2676,3849,143,1296,1943,2531,1840
48339692100,2019,15277,8682,1018,4340,860,2591,492,3882,421,3701,734,1145,433,4045,5668,545,1394,3081,4132,2397
48339692700,2019,7918,5105,83,2557,0,602,21,464,231,646,327,1107,262,2201,2918,58,1188,1126,1895,1831
48339694000,2019,12040,8360,90,3272,134,1508,150,723,461,1207,538,2066,197,3254,4040,0,1345,1668,2987,1953
48339691700,2019,3124,2425,38,335,270,647,364,1771,17,1297,198,82,467,413,2181,1662,14,1624,344,728
48339691000,2019,3938,3166,18,432,275,717,153,2343,112,1157,184,22,73,1364,1501,26,669,405,846,1371
48339692500,2019,8690,5330,200,3020,54,1183,145,449,314,961,192,2088,475,1999,3501,446,1441,1369,2154,1554
48111950300,2019,6149,2654,56,3209,140,1689,1048,497,66,685,406,776,440,1213,2370,261,1777,1029,1992,808
48111950100,2019,1155,972,0,138,2,87,26,215,6,234,31,102,151,310,585,16,463,201,310,295
48127950200,2019,8059,922,2,6940,133,639,16,740,383,564,81,2742,898,1482,3307,313,2455,1129,2563,1642
48479001101,2019,3316,23,0,3128,165,951,120,536,172,338,0,1040,142,367,1330,746,815,605,931,635
48097000500,2019,3876,2142,93,1453,50,532,23,176,185,161,160,1658,151,400,1500,530,1236,961,1356,560
48097000600,2019,5036,2831,291,1653,83,780,131,477,175,528,413,957,109,971,1886,313,1705,940,1490,1001
48097000700,2019,7289,7035,0,185,24,517,139,1816,146,1441,441,211,236,2694,3251,0,1350,1200,1265,2760
48097000900,2019,4969,4341,7,531,12,138,13,756,119,703,415,203,229,1520,2065,33,1045,646,1201,1384
48097001100,2019,5807,3368,327,1785,120,662,2,583,41,700,466,1000,202,1302,2450,236,1878,1278,1324,1397
48099010501,2019,2527,1541,264,464,109,139,60,171,96,167,17,454,651,27,1301,108,1061,643,1153,22
48099010101,2019,4152,3059,13,827,8,212,3,485,113,537,198,390,278,1102,1745,23,1063,591,1159,974
48099010102,2019,3352,3035,3,224,18,172,19,551,80,547,93,279,320,1178,1718,6,976,557,718,1033
48099010202,2019,4845,4046,167,497,51,195,13,637,132,528,152,724,318,1287,2349,439,1573,854,1139,1107
48099010201,2019,7878,2445,2035,2178,44,378,51,356,0,39,0,52,0,45,49,0,18,35,72,540
48099010502,2019,2053,910,408,579,53,109,44,98,88,88,31,482,474,2,1056,77,886,582,895,2
48099010503,2019,5900,2860,1468,1112,210,417,165,181,0,118,117,0,0,0,0,0,0,0,0,0
48099010504,2019,1576,829,140,377,47,90,85,197,75,81,29,156,355,9,747,58,510,390,694,7
48099010603,2019,5354,2784,444,1074,528,456,277,527,75,606,112,827,141,1155,2248,585,1142,1454,1388,640
48099010604,2019,6419,3446,1031,982,245,403,188,791,244,854,94,486,175,1300,2115,241,266,1391,2190,548
48099010803,2019,2599,1592,399,407,77,193,29,403,59,385,45,126,52,738,956,34,396,405,733,479
48099010804,2019,4561,2475,841,921,41,375,220,583,122,426,99,711,228,788,2109,1006,1413,1230,1186,885
48099980000,2019,138,32,49,57,0,0,0,0,0,0,0,25,0,0,5,0,5,5,15,0
48109950300,2019,2214,562,3,1573,13,300,7,146,102,234,7,653,388,387,968,81,801,193,638,423
48113000406,2019,8592,3023,342,4610,481,2552,557,1952,346,1578,614,1804,160,1017,3529,2002,1712,2196,1763,1286
48113000605,2019,2525,1808,31,227,400,510,152,1619,77,1246,127,157,346,826,2043,1812,878,1294,106,688
48113000606,2019,2642,2202,54,158,190,320,15,1801,0,1218,101,71,459,1365,2277,1738,1669,1083,87,1313
48113001704,2019,1919,1559,77,129,121,146,55,1393,49,1257,62,121,157,288,1498,1309,248,1194,10,221
48113001703,2019,3594,2545,130,388,437,518,182,2481,39,2194,299,349,305,483,2531,2233,371,2001,160,242
48113007820,2019,5801,1099,1609,2125,935,2613,1382,445,165,457,391,1757,444,122,2669,2563,2513,1931,1875,300
48113006401,2019,2749,90,39,2620,0,878,77,115,46,200,206,659,12,466,713,18,700,235,943,345
48113006402,2019,5518,312,11,5169,0,2492,418,172,103,156,329,1506,44,735,1507,481,1245,637,1653,786
48029181704,2019,6579,1229,257,4830,208,861,41,926,233,840,70,1104,146,1352,1994,181,1445,778,1710,1141
48029181711,2019,9030,2504,368,5115,770,1053,175,2257,290,2390,94,661,45,2128,2811,92,611,1247,2612,1263
48201333500,2019,6236,384,1577,4255,0,2186,732,380,118,438,244,1559,445,630,2504,1666,2420,1292,2065,756
48201333600,2019,4452,684,243,3431,38,1051,115,578,114,625,161,359,40,907,1223,49,1160,459,1314,821
48201350300,2019,6731,1987,764,3521,365,1493,205,1315,212,1498,420,560,20,1918,2084,0,2024,589,1570,1441
48201410200,2019,5576,3708,74,1059,553,1179,340,3672,61,3217,510,92,364,979,3436,2238,744,2673,312,591
48201411300,2019,4618,2793,207,671,702,1157,504,2509,68,2128,363,375,589,601,3278,2829,596,2270,351,920
48201411900,2019,3298,2708,6,220,220,644,221,1983,63,1125,68,405,459,808,2140,1284,1540,1092,533,1040
48061011302,2019,4487,1372,143,2819,88,495,28,1019,91,905,69,359,176,805,1613,418,1236,833,1202,1040
48061011700,2019,7583,191,10,7382,0,1012,103,207,123,448,129,3544,291,1328,2442,503,1647,1074,2602,1206
48061012304,2019,4345,1114,0,3161,70,784,133,487,13,430,57,1119,643,1200,2371,710,1414,781,731,1435
48061012401,2019,7167,603,0,6554,0,1364,59,523,185,822,257,1988,188,1505,2181,243,841,938,2442,895
48061012608,2019,4556,463,8,4077,8,1145,140,589,96,548,84,1114,344,904,1767,438,322,879,1408,749
48061013203,2019,2096,59,0,2037,0,861,98,46,54,89,96,806,91,298,755,206,351,330,680,353
48061013205,2019,3518,46,0,3472,0,1330,355,373,108,227,199,875,137,523,1135,247,592,486,1263,373
48061014001,2019,1815,72,13,1704,26,958,181,173,17,156,24,935,211,213,1060,806,896,564,300,570
48061014100,2019,12498,580,0,11918,0,2956,473,549,367,620,385,3580,409,2174,3160,221,1133,846,4547,1001
48061012700,2019,5021,131,0,4890,0,1733,149,254,91,255,180,1501,192,892,1477,115,146,474,1461,626
48029171903,2019,7351,451,199,6679,0,770,58,301,182,396,88,1523,231,1201,2449,857,1931,910,1959,1464
48029180202,2019,5000,724,126,4017,66,695,252,747,38,729,38,1453,187,959,2531,1269,2181,1280,972,1531
48029180501,2019,4628,784,363,3439,31,693,283,368,215,238,118,1105,284,586,2125,1199,1523,1129,741,1561
48029180800,2019,2842,724,147,1902,0,400,231,352,8,286,42,894,278,256,1651,1300,1532,972,377,627
48029170800,2019,1740,96,46,1587,11,323,0,20,47,45,27,642,49,246,516,141,328,159,494,275
48029110600,2019,5293,613,593,4033,5,731,30,174,190,72,95,1152,113,302,1418,942,835,695,543,908
48029110800,2019,2024,566,102,1328,2,97,12,379,90,250,37,435,276,156,1136,820,1027,695,291,583
48029120800,2019,6934,5572,15,1066,195,365,127,3112,122,2133,87,204,343,2166,2937,675,2724,1172,1691,1530
48029121111,2019,6917,2216,717,3281,165,559,324,1063,112,1143,159,1154,149,1486,2430,332,2125,1115,2245,1355
48419950400,2019,5642,2136,1996,1510,0,557,35,626,302,513,380,1970,352,1043,2195,534,1764,882,1916,1105
48419950500,2019,3335,2987,98,158,82,133,55,167,19,234,114,374,261,893,1454,14,850,529,1005,769
48029120400,2019,6326,4704,115,1394,70,311,0,3074,28,1735,103,42,265,2012,2437,437,1929,1088,1911,1830
48001950401,2019,4838,1678,1882,1212,0,413,37,133,0,12,0,0,15,37,110,66,77,77,144,157
48001950402,2019,7511,2664,3063,1744,16,407,44,224,4,44,4,44,43,15,155,90,83,93,30,529
48001950901,2019,6501,4664,687,1006,12,267,155,445,24,393,121,607,307,1374,2161,0,1038,837,1535,1744
48001950902,2019,4501,3281,598,529,0,254,0,391,66,340,195,406,539,1660,2432,51,1318,657,838,1293
48001951100,2019,4438,3357,339,558,17,184,75,505,15,454,42,496,593,1171,2302,37,1010,886,968,1317
48005000101,2019,6346,5234,427,653,7,283,0,740,117,805,271,965,405,1736,2446,20,1401,758,1635,1358
48005000301,2019,5288,3521,920,788,0,166,110,355,142,798,134,866,267,1496,2323,71,1382,972,1344,989
48309004000,2019,4968,4433,111,355,14,176,16,1167,43,1061,220,246,260,1543,2036,17,1168,692,1346,1304
48029141101,2019,4194,654,214,3280,4,206,55,177,110,266,157,1399,265,300,1636,1137,1113,926,1312,691
48029141102,2019,3319,584,132,2603,0,185,55,178,161,342,158,682,343,542,1521,775,1382,644,885,507
48029141403,2019,4803,1417,131,3169,80,379,40,384,104,718,120,674,138,709,1805,815,1244,947,1343,796
48029141404,2019,5953,798,385,4663,107,411,13,372,229,589,187,735,25,1211,1830,428,1613,789,1398,1174
48029151301,2019,5947,420,1,5526,0,1138,162,180,38,503,180,1243,130,1194,1839,229,1285,708,1631,994
48029151302,2019,3744,316,0,3428,0,660,102,238,79,167,111,883,20,535,991,127,790,423,1285,590
48029152201,2019,7136,989,0,5983,32,928,164,379,201,527,187,2313,368,1495,2246,115,744,668,2442,1190
48029152202,2019,5529,815,59,4544,17,517,41,151,285,380,449,450,81,1233,1499,0,311,638,1476,835
48029160501,2019,4455,319,476,3628,32,451,45,173,251,212,128,2590,149,382,1291,591,1134,672,1985,531
48029160901,2019,2620,27,6,2587,0,420,12,180,132,178,46,658,262,569,1060,121,994,172,555,589
48029160902,2019,5334,361,18,4953,2,1268,179,201,171,338,169,1665,263,739,1510,281,1404,534,1641,857
48029161303,2019,4505,135,214,4119,0,939,127,118,144,223,83,1207,93,688,1160,0,1074,307,1427,523
48029161304,2019,4639,242,0,4387,0,922,36,157,212,245,140,1048,76,734,1067,0,909,403,1557,538
48029161400,2019,6490,2936,1213,1481,476,387,421,465,105,216,13,13,72,0,485,18,167,396,979,7
48029160502,2019,4572,96,177,4296,2,727,49,157,153,359,183,1660,78,821,1316,225,1055,492,1465,870
48029161504,2019,4401,384,202,3682,70,724,183,189,147,232,114,1271,88,668,1251,91,1035,456,1305,635
48113017305,2019,10647,2356,4955,2834,341,1437,156,1811,231,2119,256,332,29,2630,3181,75,284,1199,3064,1325
48113017604,2019,3001,722,431,1805,0,578,49,97,107,160,74,556,142,491,1002,167,903,460,1120,353
48113018111,2019,6946,1830,2044,2961,18,1405,151,809,295,815,247,1154,12,1292,2056,446,1684,1015,2301,1166
48491020900,2019,4030,3068,86,806,8,48,11,450,207,657,228,208,192,1046,1465,13,693,598,869,964
48491020701,2019,2535,794,255,1405,61,580,104,368,65,402,61,484,130,248,949,594,803,557,504,492
48491021201,2019,2867,1510,232,899,0,333,44,433,37,462,148,276,52,908,1114,0,590,417,564,842
48491021402,2019,5050,2647,513,1890,0,569,39,840,315,643,136,362,235,535,2048,1236,1213,1276,895,1316
48373210400,2019,5924,2935,1307,1457,0,495,25,419,314,508,486,1592,642,1386,2776,462,1808,995,1543,1094
48373210500,2019,4968,3263,470,444,13,176,21,671,236,683,72,693,702,1392,2555,294,1610,843,1354,1133
48373210101,2019,5135,4339,0,767,0,143,0,280,144,431,348,454,759,1837,3015,23,1910,993,744,2057
48391950200,2019,3714,1114,358,2191,2,60,0,222,59,272,95,570,507,812,1710,169,1480,458,985,888
48181000200,2019,2689,1879,255,306,32,146,21,135,55,189,106,631,113,650,1051,137,932,441,836,488
48297950300,2019,2313,1561,28,716,8,31,4,220,22,275,47,228,625,692,1423,27,850,320,341,1036
48297950400,2019,2956,2511,1,394,11,55,2,356,48,478,127,598,907,976,1990,25,1410,477,499,979
48297950100,2019,4613,1907,233,2342,131,600,120,318,31,440,103,561,702,869,1878,84,1292,454,907,824
48297950200,2019,2257,825,7,1402,23,66,9,163,9,158,44,450,278,538,973,140,851,262,680,617
48299970200,2019,3669,2560,21,834,0,203,41,362,97,330,84,708,272,746,1450,152,956,638,809,1077
48299970100,2019,3119,3055,0,42,2,38,0,400,96,267,36,161,1022,1153,2285,28,1275,403,466,1453
48299970400,2019,3688,3329,0,303,9,172,86,1684,116,526,106,212,2115,1629,4016,1033,2076,918,325,2536
48299970500,2019,7134,6075,119,771,44,388,54,950,253,616,110,842,1290,1911,4074,465,1993,1426,1163,2983
48299970600,2019,1506,1340,0,145,6,65,8,266,36,168,19,171,795,518,1481,27,791,287,194,711
48299970300,2019,1931,1833,0,92,0,17,0,596,11,346,36,117,1163,818,2029,17,1144,281,203,972
48453002403,2019,2743,1503,51,1109,38,512,116,886,85,608,63,505,68,656,1161,217,862,607,476,389
48453002407,2019,6663,3778,251,2220,312,538,133,2246,104,1860,277,523,402,1484,3104,1221,755,1795,1096,1720
48453002413,2019,5045,628,534,3822,0,1137,78,227,222,248,65,1750,0,417,1374,746,777,815,1869,348
48113011401,2019,5453,194,4109,930,0,163,48,155,97,287,13,2444,266,615,2192,1057,1397,1350,1865,646
48113013300,2019,2024,1742,29,67,134,134,43,1221,59,836,42,46,61,654,811,54,489,354,514,569
48113014113,2019,4974,784,1788,1053,924,1465,748,828,122,1039,297,691,251,304,2251,1854,1546,1767,989,424
48113014408,2019,4284,951,647,2201,361,1586,428,747,77,646,225,769,149,785,1628,680,1029,862,1086,702
48113016615,2019,4467,478,2164,1284,290,722,110,607,201,595,222,272,60,913,1334,124,738,573,1413,529
48113017101,2019,5946,1374,1348,3166,0,1488,130,394,244,484,259,1029,137,1068,1814,21,966,770,1973,578
48113016100,2019,3508,752,726,1962,0,659,98,258,71,334,167,390,182,696,1700,779,925,833,880,998
48113019013,2019,5762,249,914,3973,547,2781,748,160,178,102,217,1863,102,0,1750,1742,1564,1282,2242,447
48113019100,2019,6928,3443,889,1054,1285,1620,516,1864,145,1676,266,1079,158,1355,2759,817,1774,1560,1382,1149
48113009611,2019,3612,1494,164,1817,137,1397,83,504,118,540,175,236,86,939,1360,205,1215,471,704,519
48113019036,2019,2893,2334,102,131,251,344,28,1381,49,1154,236,43,0,1083,1156,17,1116,384,563,940
48113016804,2019,8186,450,6639,1040,0,525,277,1183,283,1113,600,515,161,1556,2990,739,1157,1541,2366,986
48113018206,2019,4559,674,212,3628,0,1718,251,154,116,140,311,1477,93,772,1254,75,1137,512,1652,543
48141000110,2019,3995,559,657,2701,41,641,47,358,309,286,30,1105,108,520,1441,717,1357,662,1161,674
48141000301,2019,5692,619,84,4926,0,1730,424,430,286,324,113,1793,342,775,2360,848,1928,1122,1807,1046
48141001400,2019,1920,204,90,1458,158,814,354,403,117,315,20,636,226,105,1071,919,877,719,266,265
48141001502,2019,2295,779,137,1285,34,451,195,899,57,533,53,313,228,508,1054,265,1047,394,430,520
48141001900,2019,1949,22,104,1818,0,828,132,21,108,82,0,1475,232,26,998,923,971,469,551,581
48141002100,2019,1937,78,60,1753,21,924,75,140,79,107,52,1053,436,107,1244,897,1082,520,207,604
48141002900,2019,1355,0,0,1330,25,531,26,60,20,110,34,676,78,158,594,336,395,304,352,401
48141003404,2019,6046,1149,157,4563,12,637,111,1460,211,1308,144,832,450,1567,2725,878,2471,1072,1373,1378
48141003801,2019,5072,31,0,5041,0,1495,291,371,179,394,53,998,130,1141,1860,382,1643,511,1151,1581
48141004106,2019,5106,164,20,4864,14,1289,190,280,322,295,121,1127,58,1005,1732,334,1388,515,1260,1191
48141004313,2019,3430,554,141,2708,27,840,272,556,106,526,249,242,186,557,1456,797,1051,754,647,705
48141010316,2019,4019,504,26,3465,10,651,82,457,112,441,27,675,104,759,1444,278,1207,593,980,883
48141010501,2019,4822,201,11,4610,0,1464,255,365,71,383,64,978,151,897,1422,213,648,520,1727,716
48141010504,2019,1199,19,0,1180,0,524,40,43,39,53,41,336,61,306,421,16,251,87,323,253
48141000101,2019,7291,1600,489,4893,119,1178,72,924,155,904,150,1177,117,1570,2673,690,2241,1051,1965,1659
48141000109,2019,3872,470,228,3044,0,1001,230,420,226,454,165,716,143,886,1271,33,1203,299,881,676
48141000302,2019,5824,199,44,5473,50,1672,163,283,168,393,97,2311,169,913,1799,278,1637,576,2019,1141
48141000800,2019,5544,184,57,5303,0,1910,240,472,64,637,137,1582,195,826,2284,1065,2029,1175,1214,1119
48141001002,2019,3808,106,26,3659,0,1106,74,278,185,228,91,892,130,761,1457,304,1441,487,799,793
48141001113,2019,6815,1867,103,4106,398,1407,325,1603,129,1199,98,1377,437,951,3137,1500,2657,1536,1784,1293
48141001203,2019,709,38,0,660,5,232,7,52,52,21,19,310,78,95,310,139,240,71,158,161
48141001302,2019,6795,2217,0,4124,136,1287,121,2453,132,1749,183,489,271,1977,2450,0,1868,691,1603,1644
48139060102,2019,6920,3655,282,2815,2,690,10,677,39,1016,378,788,443,1723,2569,47,1120,837,2060,1486
48139060204,2019,9965,4855,2561,2431,19,942,285,2171,171,1943,390,315,185,2932,3326,16,1380,1482,2783,1686
48139060207,2019,7054,4080,800,1811,24,203,75,1001,146,1234,304,373,103,1831,2246,54,1171,1026,1855,1375
48139060206,2019,6875,2848,1762,1969,79,508,0,634,135,886,319,619,144,1146,2367,659,1029,1304,2004,1164
48139061100,2019,5535,3640,11,1751,48,552,52,659,99,772,452,445,150,1446,1783,20,913,718,1632,975
48139061400,2019,7487,4191,305,2632,16,584,16,1157,98,1332,928,712,274,1971,3040,538,2299,1131,1954,1546
48139061500,2019,6051,1543,906,3468,16,1720,403,420,57,431,607,1164,70,993,1905,382,1288,988,1636,1156
48139060600,2019,9780,6640,705,2209,32,260,78,1396,226,1449,750,1429,310,1382,3905,1601,2237,2551,2046,2113
48139061200,2019,1972,1034,67,754,40,252,8,196,42,270,192,206,129,523,798,20,430,224,477,438
48139061600,2019,6538,1453,1801,3284,0,1038,206,278,169,639,677,1308,161,1082,2129,412,1366,899,2083,970
48139060400,2019,4593,1636,2258,646,14,236,78,372,86,284,468,1153,120,587,1752,418,923,991,1058,867
48139061000,2019,4063,2576,602,746,0,248,69,310,107,591,304,424,331,973,1836,131,1262,786,964,885
48139061300,2019,3226,2102,8,1080,9,383,92,448,61,485,182,256,85,825,1046,15,412,415,1001,440
48239950200,2019,4127,2259,579,1137,132,310,45,459,150,478,271,724,567,901,2023,396,1391,680,1048,1070
48239950100,2019,5438,3052,30,2307,32,810,108,586,59,610,528,546,837,1299,2663,124,1698,997,1306,1080
48239950300,2019,5251,3354,351,1461,0,316,0,587,21,572,219,672,408,1222,2043,129,1654,603,1419,1248
48265960800,2019,4449,2496,8,1784,0,691,139,582,151,446,176,541,370,1374,2050,47,1277,650,942,1240
48265960100,2019,5726,4470,11,1056,23,399,180,1470,133,977,142,457,199,1915,2793,369,1405,1332,754,2571
48265960200,2019,3760,3185,22,462,70,202,71,1225,12,717,97,209,48,1255,1652,156,1216,878,634,1670
48265960500,2019,5419,3506,138,1588,47,129,17,808,95,863,21,646,161,1230,2617,637,2104,1534,1201,1425
48265960600,2019,7832,3947,331,3367,77,573,74,958,240,676,180,1663,204,1564,3076,876,2149,1578,2011,2149
48265960700,2019,5165,4280,0,840,0,197,0,1690,48,811,65,343,236,1941,2474,76,1186,1040,745,2264
48331950300,2019,4154,2990,28,1065,24,70,0,488,51,513,128,271,269,1416,1872,12,977,491,895,1157
48331950800,2019,2987,2126,128,666,0,93,3,468,34,439,167,299,107,880,1252,59,744,409,508,944
48331950700,2019,6178,3294,635,2184,35,366,0,263,195,379,129,1103,339,1197,2547,300,1806,1357,1708,1349
48453002402,2019,8514,3990,657,3546,259,1338,116,2425,169,2710,287,1567,166,1140,4041,2216,1712,2767,1189,919
48453002423,2019,6007,3167,304,2271,133,550,103,2023,59,1473,242,478,94,1682,2703,330,1402,1699,1020,842
48453001901,2019,6190,4245,20,1484,92,515,162,3169,92,2447,154,601,224,1236,3199,1830,2816,2020,1370,934
48453002004,2019,2732,1553,168,699,176,222,92,1471,47,1190,87,352,162,119,2026,1871,1031,1656,105,209
48453002108,2019,4082,648,1576,1710,82,512,145,717,53,798,179,535,161,559,1657,845,1126,929,1016,634
48453002412,2019,6165,622,302,5122,52,1655,162,270,233,471,145,1120,79,912,1561,113,1400,553,1655,850
48453002422,2019,6070,2727,327,2628,332,921,325,2281,139,1497,106,238,180,1364,2892,1067,1872,1478,886,1195
48453000603,2019,8254,4440,399,1485,1750,1071,330,446,227,1157,175,5671,551,101,2991,2824,1019,2398,28,56
48453000804,2019,2658,821,690,1036,62,526,244,799,167,754,84,807,116,440,1141,420,785,663,516,344
48453001100,2019,7410,5907,366,858,231,889,305,5205,12,4290,498,847,1123,1557,5715,5663,1028,4067,94,1369
48373210102,2019,6631,5763,88,511,49,209,23,632,225,649,237,921,915,2033,3540,121,1986,1080,1063,2107
48217960600,2019,1420,939,170,287,13,86,0,69,17,99,36,267,44,256,534,95,439,305,404,426
48217960800,2019,3315,1774,488,855,95,318,69,633,134,474,149,387,170,667,1527,448,1146,905,776,852
48217960200,2019,4498,4097,12,257,58,54,0,746,141,508,233,389,537,1541,2300,63,801,779,815,1526
48217960100,2019,3826,2755,199,770,0,274,20,365,92,494,250,475,202,1031,1554,30,880,595,826,1240
48217961100,2019,3827,2812,127,831,6,325,37,507,87,467,182,237,315,993,1618,86,679,546,765,1066
48217961000,2019,2181,356,564,1118,0,486,133,141,123,109,171,403,123,410,790,157,612,389,693,257
48217960500,2019,5778,5053,64,535,24,194,19,776,107,683,389,224,664,1779,2970,73,1420,1169,1156,1544
48217960700,2019,2060,1606,130,317,0,96,0,305,52,322,126,108,210,594,946,0,532,251,473,519
48217960400,2019,2105,1880,7,200,0,54,2,243,58,122,82,352,530,676,1392,49,786,474,435,765
48217960900,2019,1877,470,180,1227,0,537,42,43,80,67,178,343,157,359,757,170,634,221,536,297
48293970400,2019,2095,779,512,788,0,442,24,105,56,151,31,760,81,409,611,46,390,253,573,334
48293970100,2019,2251,1099,325,827,0,264,38,274,35,262,131,392,253,577,993,11,667,281,596,564
48293970200,2019,3720,2235,587,810,0,329,43,561,196,572,102,299,477,1120,1874,143,1130,515,758,985
48293970300,2019,2324,822,681,736,45,332,44,154,31,205,104,536,119,440,981,270,727,439,546,502
48293970600,2019,5873,3741,1207,832,0,281,33,747,158,623,245,1168,285,1421,2362,333,1707,840,1264,1388
48293970500,2019,1914,622,444,693,61,249,56,92,90,127,94,567,123,424,829,100,771,436,491,379
48293970800,2019,3407,2761,147,375,92,238,31,262,74,200,46,408,579,1179,1942,8,1034,547,599,1239
48293970700,2019,1833,1676,42,69,46,67,0,207,18,207,0,258,437,634,1139,5,472,303,447,622
48347950302,2019,7229,2733,715,3420,0,1257,95,591,167,719,596,2171,280,1507,2534,18,1563,1005,2355,1272
48347951000,2019,5606,3057,1676,565,91,290,55,940,199,1015,296,2458,577,544,3028,1961,1316,1858,1138,795
48347950900,2019,2374,509,1793,72,0,69,0,90,208,120,314,1259,316,268,1261,310,937,593,633,297
48347951100,2019,4993,4317,203,316,17,181,18,609,143,623,224,707,701,1693,2631,27,1441,626,1053,1376
48347950600,2019,6766,3551,1803,1220,71,167,62,295,670,758,173,1080,335,98,1633,1350,1160,1148,311,143
48347950100,2019,2993,2202,479,244,31,146,3,298,114,270,156,578,180,653,1241,78,778,492,838,612
48085030900,2019,10118,2600,1349,5944,149,3322,760,707,191,595,297,2653,186,1333,3175,1295,1306,2040,2818,1922
48085031613,2019,5540,4467,177,327,356,333,1,2194,110,1763,182,327,0,1859,2202,0,1946,679,922,1800
48085031623,2019,2822,1375,205,856,326,796,208,896,82,795,93,485,70,614,1196,454,988,601,481,544
48085031640,2019,8646,3904,1098,815,2551,2273,1310,3356,29,2724,251,322,354,1306,3682,2287,421,2211,2597,1096
48085031626,2019,2344,1961,44,54,224,222,34,1006,26,765,129,104,18,837,944,42,825,354,463,641
48085031628,2019,3766,2359,535,644,159,334,48,1236,126,1063,208,298,30,1017,1423,83,1303,673,619,922
48245011303,2019,3111,2266,145,630,25,139,45,435,121,470,236,119,146,956,1295,43,666,552,643,888
48245011304,2019,4083,2975,459,417,124,233,55,570,56,615,247,484,152,1294,1842,203,588,822,997,750
48245011700,2019,1776,363,507,906,0,564,107,68,37,85,52,492,259,331,877,356,612,369,563,320
48245011800,2019,1650,5,1501,144,0,74,20,111,55,89,28,500,328,424,969,92,626,321,469,382
48245980000,2019,194,83,0,5,106,52,26,41,6,35,21,14,25,45,79,0,5,32,58,10
48245990000,2019,0,0,0,0,0,0,0,0,0,0,0,0,0,0,0,0,0,0,0,0
48251130210,2019,5321,4327,0,850,33,82,0,710,76,879,287,548,154,1585,2060,94,902,896,1172,1117
48251130211,2019,6676,5819,18,629,77,179,36,1100,26,1244,468,396,140,1892,2543,353,1390,1114,1400,1757
48251130212,2019,5713,3717,348,1452,39,506,102,233,62,327,215,872,273,1427,1922,0,764,717,1692,1046
48251130213,2019,4337,3061,142,1049,0,277,15,129,119,317,147,892,210,1116,1525,0,569,503,1279,696
48251130214,2019,6061,4799,64,993,0,49,0,661,106,703,412,715,178,1484,2281,426,1341,1261,1990,1000
48251130215,2019,6330,4613,248,1186,127,259,17,1301,136,1141,279,281,130,1685,2280,417,513,1342,1869,952
48251130303,2019,4314,2301,166,1116,619,406,64,440,85,291,163,339,156,846,1676,258,1104,778,955,850
48251130304,2019,5581,3570,231,1622,39,295,107,860,34,798,163,546,177,1008,1945,282,1283,993,1356,1058
48251130601,2019,7391,6489,130,650,0,158,68,1295,168,1092,467,622,210,2065,2942,44,1335,1446,1781,1428
48251130602,2019,2339,2008,23,278,14,67,17,407,13,345,87,204,86,691,888,0,440,316,614,655
48257050203,2019,11269,6463,1881,2663,184,1166,301,1646,230,2044,591,684,162,2696,3275,75,176,1804,3755,1117
48257050204,2019,6264,2497,1600,1811,313,884,270,920,208,979,287,627,93,1200,1645,115,70,1028,2175,720
48257050205,2019,10275,6570,1472,1720,313,493,87,1729,303,2348,337,642,156,2569,3202,156,516,1909,2976,1137
48257050206,2019,14140,9675,1345,2697,269,806,56,2864,334,3340,551,309,203,3937,4557,241,904,2440,4205,1785
48257050703,2019,2453,1538,55,799,0,360,49,269,76,336,190,345,128,596,866,22,379,315,526,496
48257050704,2019,5676,3408,338,1705,0,744,251,432,122,677,199,774,37,1491,1757,0,660,645,1528,1180
48257051201,2019,2949,2060,119,742,0,229,52,266,47,324,109,153,175,757,1028,0,461,233,621,739
48257051202,2019,5159,4164,189,567,14,127,10,618,126,668,317,521,179,1382,1820,33,951,613,1275,1197
48259970301,2019,6721,4872,58,1426,16,451,2,1778,158,1233,332,176,210,1402,2463,628,771,1268,1660,1681
48259970302,2019,4146,3345,10,676,103,170,18,1449,84,933,108,314,213,1420,1848,96,518,770,635,1313
48259970401,2019,8796,6980,74,1422,84,282,109,3087,153,1942,161,428,197,2243,3061,414,710,1622,2650,1813
48259970402,2019,8608,6913,27,1537,90,328,0,3343,72,2120,136,170,153,2518,2931,0,825,1402,2025,2388
48261990000,2019,0,0,0,0,0,0,0,0,0,0,0,0,0,0,0,0,0,0,0,0
48265960301,2019,3535,2288,22,1019,195,315,140,625,123,425,75,535,770,1099,2133,93,1237,523,534,1324
48265960302,2019,7878,6107,70,1444,33,633,86,1609,234,1096,152,890,980,2508,4231,218,2305,1526,1537,2720
48265960401,2019,2181,1106,5,974,19,320,0,245,54,232,46,78,27,533,777,29,403,407,633,455
48265960402,2019,5898,4242,135,1430,0,168,10,1077,138,706,283,518,238,1717,2833,541,1729,1264,1011,2177
48273990000,2019,0,0,0,0,0,0,0,0,0,0,0,0,0,0,0,0,0,0,0,0
48277000101,2019,4301,3551,20,509,0,153,49,643,172,740,255,357,135,1449,1845,8,882,649,813,1357
48277000102,2019,4530,3770,264,262,12,382,77,568,59,497,349,849,462,1329,2059,7,1183,760,1230,1078
48277000401,2019,3580,2519,518,234,111,119,38,430,42,415,164,671,64,723,1767,720,1129,1168,700,1160
48277000402,2019,5837,5041,443,61,68,241,24,1185,232,1081,575,368,195,2084,2661,224,1328,1157,1353,1627
48121020107,2019,8403,5147,1370,1620,78,869,371,2398,90,2749,339,230,104,2610,2958,82,306,2023,2401,1214
48121020108,2019,27588,15870,5552,3086,1684,4039,1998,9340,416,8279,856,688,143,7242,8319,100,232,7091,10339,1764
48201423500,2019,2001,771,452,543,195,641,139,753,82,495,82,338,22,644,729,5,616,261,276,659
48201430600,2019,3952,2783,5,573,525,889,314,1928,42,1052,116,140,0,1182,1230,0,737,549,1181,884
48201433100,2019,4022,36,636,3211,59,2120,674,190,125,130,79,1210,218,30,1422,1291,1300,946,1598,32
48361020500,2019,3184,1916,593,538,0,379,66,241,121,330,175,667,262,853,1505,108,1302,793,805,626
48361021800,2019,2529,2144,0,351,8,199,0,253,0,293,238,166,223,856,1128,47,702,383,707,488
48361022200,2019,4366,3919,0,241,0,58,0,631,73,825,367,403,198,1182,1646,36,508,872,1384,813
48361022400,2019,4947,4670,83,160,18,151,108,687,23,921,375,373,408,1490,2303,281,1445,1051,1339,977
48361021000,2019,2193,1890,45,188,0,41,1,366,57,393,197,205,119,801,1034,6,675,374,286,733
48361021100,2019,1814,1687,11,87,0,15,5,153,124,180,134,385,109,614,804,0,568,231,472,454
48361021200,2019,4909,4332,146,302,0,44,0,476,91,810,466,422,225,1564,1925,70,763,640,1257,1052
48361021300,2019,5785,4124,782,97,697,391,20,1186,133,1090,614,793,610,1564,2816,793,1809,1075,1427,1453
48361022000,2019,4206,3773,0,319,3,126,61,197,92,438,207,926,236,929,1621,212,998,657,1174,594
48361020300,2019,2760,1788,493,409,29,71,21,91,117,264,149,788,75,662,1158,240,726,542,605,656
48361020800,2019,1893,1245,329,257,0,92,11,224,56,306,67,190,138,486,896,184,675,360,314,483
48361021900,2019,7329,6747,3,426,26,106,0,444,130,780,638,1243,219,2150,2888,157,1747,1108,1837,1459
48361022300,2019,7440,6818,0,571,4,191,13,1020,86,1008,676,119,521,2158,3015,97,1790,925,2024,1525
48361021700,2019,1995,1793,0,146,47,43,18,120,31,212,170,201,256,556,960,19,607,307,534,455
48361021600,2019,3590,3241,6,315,11,43,10,248,88,399,240,344,304,1152,1627,18,911,520,798,937
48201341400,2019,4900,3917,207,561,129,479,47,1941,62,1393,430,219,161,1453,2019,439,1364,874,1060,1272
48201341600,2019,6805,4772,138,1445,270,877,256,1661,185,1790,779,724,126,1659,2659,443,1304,1477,1574,1314
48201410100,2019,4811,1947,1261,1138,285,830,392,2082,160,1847,509,1452,312,753,3022,2011,323,2210,846,479
48201410600,2019,4899,3038,716,728,310,805,461,2913,78,2955,323,505,391,392,3603,3299,914,2974,211,325
48201411600,2019,2425,1993,136,148,97,280,55,1424,37,904,107,115,179,822,1263,270,741,554,471,751
48201411800,2019,5447,3533,231,899,682,1195,405,3316,15,2494,174,288,158,1111,3247,2192,1009,2164,988,1239
48201412700,2019,3540,2279,45,391,788,814,101,1999,9,1332,98,85,171,1140,1597,201,709,657,772,1080
48201412900,2019,4155,1797,483,791,980,1245,487,2004,95,1634,105,417,454,555,2405,1758,1397,1529,817,1036
48201421600,2019,7173,539,828,5476,315,4340,1706,535,235,415,178,2241,261,169,2436,2129,2074,1581,2490,433
48201422200,2019,5433,260,3252,1844,8,1237,424,264,446,210,89,2046,683,174,2821,2624,2120,1699,1798,784
48201555100,2019,11024,4744,1594,2861,1038,1643,247,1941,343,2170,629,461,123,2412,3607,219,821,1783,3133,1469
48201555200,2019,10255,4542,1224,3741,379,1936,286,2412,162,2120,572,1092,484,1993,3546,412,1223,1877,3613,1222
48201555600,2019,5743,3884,267,1271,235,834,57,1400,111,1174,337,250,76,1764,1979,30,625,848,1432,1363
48201252600,2019,8851,2201,0,6570,0,3260,947,267,416,571,411,2612,271,1435,2613,168,1748,1395,3331,907
48201311300,2019,4915,91,0,4685,128,1722,106,179,68,315,290,1097,189,971,1620,54,1567,428,1298,716
48201310200,2019,1912,829,315,466,183,278,67,1286,51,1096,148,94,143,699,1092,178,219,823,167,139
48201312400,2019,2056,92,1721,236,0,40,41,283,165,236,26,809,273,195,1253,325,1067,726,473,483
48201321100,2019,8469,1222,1191,5268,676,2480,270,976,287,1232,576,791,215,1309,2884,948,1500,1477,2257,793
48201340400,2019,1319,1020,36,99,82,130,14,766,19,447,142,4,10,519,532,7,422,194,238,507
48121021736,2019,2574,848,994,339,293,421,209,872,47,824,233,77,159,142,1319,1206,206,1124,570,163
48201420200,2019,2660,738,64,1466,178,945,90,608,110,623,91,276,112,528,1054,270,870,443,732,590
48121021737,2019,4391,2188,1013,579,521,839,209,1678,119,1303,267,329,125,638,1926,1188,129,1444,774,595
48121021738,2019,3513,1699,920,321,522,829,222,1286,188,1101,95,379,44,381,1587,1210,93,1408,565,678
48121021739,2019,3219,733,289,2054,116,985,247,422,71,517,206,906,175,11,1606,1586,1245,1319,698,196
48479001602,2019,6596,391,140,5796,260,1365,489,1672,168,1332,151,896,343,870,2459,1451,151,1693,2157,682
48479001710,2019,2360,155,0,2205,0,501,122,413,51,282,42,201,589,482,1253,0,358,202,808,428
48479001711,2019,7673,395,15,7263,0,1906,482,780,81,910,29,812,151,1592,1928,54,128,811,2919,317
48479001712,2019,7579,406,22,7027,124,1828,668,1639,103,1670,28,1271,52,1610,2543,969,229,1130,2306,875
48479001713,2019,18826,1203,2,17298,151,3335,904,4507,151,4439,173,1004,145,4156,5402,759,599,3129,6488,1462
48029161503,2019,5401,421,244,4668,19,1153,81,339,185,342,127,1071,150,1003,1470,19,1097,547,1693,710
48029161801,2019,4296,759,692,2749,0,279,72,382,268,442,276,286,102,731,1335,382,546,614,1111,773
48029161802,2019,10237,1943,492,7298,303,1013,346,591,394,953,186,2041,42,1599,2492,67,903,1665,4085,517
48029161901,2019,927,154,0,773,0,104,0,37,21,77,19,179,81,178,357,4,270,88,271,269
48029161902,2019,10698,2618,424,7434,89,1177,178,758,145,1113,360,1141,50,1858,2550,0,836,1268,2315,1345
48029162003,2019,4752,688,57,3958,6,607,53,316,139,519,216,867,145,914,1405,77,693,437,1271,663
48029162004,2019,3446,508,20,2903,0,576,27,171,60,439,74,541,92,664,995,2,492,378,1094,507
48029171301,2019,2858,98,10,2721,9,475,70,99,185,114,68,664,72,574,904,117,737,344,710,624
48029171302,2019,4998,660,100,4125,98,602,95,268,79,504,86,1217,86,794,1197,9,1131,356,887,901
48303000603,2019,3933,2511,350,798,129,527,362,287,79,712,41,2873,281,71,2041,1919,414,1722,45,10
48303000605,2019,841,509,140,148,4,79,39,22,36,71,12,623,92,0,384,256,11,289,0,10
48303001502,2019,2514,2128,63,305,0,36,17,433,11,583,65,1104,160,248,1203,73,1194,851,383,213
48303001602,2019,3231,1746,227,1095,36,159,38,364,15,470,67,842,207,388,1369,106,1314,759,481,599
48303002102,2019,2704,2052,185,349,68,106,43,742,42,579,83,187,85,800,1332,349,1189,637,591,697
48303000403,2019,3862,2684,33,914,194,201,39,1066,26,973,102,432,126,1044,1542,160,1376,621,822,1051
48303001200,2019,2444,150,1631,636,19,56,51,210,88,213,77,824,195,406,1186,492,768,491,679,575
48303001803,2019,5190,2887,359,1625,27,149,128,1209,52,1210,199,458,237,1309,2533,947,2161,1293,1128,1201
48303001903,2019,5758,4632,41,839,90,212,63,2013,81,1590,52,312,113,1821,2366,115,2140,997,1402,1408
48303002300,2019,4302,895,473,2883,28,272,0,460,46,398,181,1056,180,663,1794,447,1666,842,1148,766
48303010101,2019,1469,1182,0,269,18,52,5,356,30,309,52,25,127,410,642,0,341,186,347,367
48303010402,2019,2267,1285,68,893,3,102,0,243,58,347,27,403,138,426,902,199,668,408,655,286
48303000202,2019,1639,205,184,1250,0,219,80,74,26,65,32,564,117,260,787,254,654,405,458,235
48303010301,2019,4199,2847,93,1259,0,119,0,762,58,720,61,388,85,1070,1420,29,567,769,1272,525
48303001705,2019,6059,4630,350,823,179,285,114,1545,161,1245,141,912,370,1374,3022,1436,2323,1618,1262,1821
48303001901,2019,4915,2740,247,1752,103,141,56,845,79,849,87,933,175,1035,2011,139,1976,1060,1099,704
48303002500,2019,2825,634,274,1826,28,106,1,127,52,277,80,632,114,597,978,50,759,384,805,457
48303001300,2019,2774,184,74,2516,0,507,106,97,88,258,34,869,311,456,1328,459,1170,572,518,456
48237950100,2019,3070,2133,327,549,0,58,37,350,28,247,19,202,384,710,1161,22,500,226,477,567
48237950300,2019,3211,2374,89,726,0,362,41,319,43,393,12,725,234,991,1520,81,1418,776,887,758
48439104504,2019,2983,333,132,2491,21,1266,138,138,98,172,109,890,167,492,1146,348,861,582,821,564
48439104605,2019,5120,194,2851,1857,207,1305,107,441,239,398,183,1487,216,894,1816,411,1701,716,1100,1059
48439105502,2019,6148,3601,494,1866,89,806,209,1373,148,1030,206,1316,325,1351,2488,591,2405,1107,1736,1255
48439105505,2019,5647,2837,1022,1426,301,931,402,1604,120,1281,390,900,129,837,2364,1119,2168,1588,1558,1012
48439105510,2019,8041,2630,2740,1707,538,1221,319,1569,200,1449,329,1156,122,1676,3347,1393,1092,2068,2135,1610
48439106509,2019,5576,2014,1872,765,711,1206,324,1593,142,1458,385,234,323,990,2428,1245,821,1546,1493,727
48439110703,2019,5798,3471,273,1827,85,504,81,438,99,566,353,575,106,995,2086,493,1452,1198,1677,919
48439111506,2019,6400,4112,1061,929,150,474,214,1470,260,1014,252,786,124,1181,2814,1484,2196,1682,1552,1482
48439111521,2019,8161,1409,2150,3190,1091,2130,503,958,75,815,670,1525,217,1374,2933,890,2278,1548,2561,1051
48439111523,2019,9563,1390,4367,2440,1221,2905,783,838,238,1048,527,2030,328,1119,3420,1884,1761,2095,2620,1157
48439111524,2019,7864,1923,1982,3116,750,2095,580,1249,209,1176,456,898,507,896,3059,1511,2217,1672,1960,876
48439105703,2019,4034,1323,1130,1448,117,462,112,510,383,465,147,508,108,658,1598,597,1536,775,1111,713
48439105507,2019,6932,5131,343,771,506,916,279,3648,40,2231,463,288,128,1743,3373,1572,718,1969,1211,1917
48439106004,2019,7084,1587,1951,3354,130,1313,160,582,108,774,308,999,122,1247,2221,273,774,1225,2519,602
48439106202,2019,5329,665,4325,299,0,544,354,186,128,251,207,1630,143,542,1877,968,1292,1037,1736,956
48439106515,2019,4132,892,1661,1181,212,624,88,752,98,652,188,760,367,631,2130,1357,1741,1264,998,692
48439100202,2019,5615,181,91,5343,0,2391,278,129,233,188,516,1128,128,909,1594,82,1309,563,1415,786
48453002424,2019,3898,1854,131,1870,35,526,184,1107,74,933,156,616,125,747,1611,566,1332,890,697,678
48453000204,2019,3096,2308,41,416,179,270,70,1680,113,1307,74,497,210,737,1713,831,1306,847,598,517
48453001000,2019,3533,1698,88,1448,115,467,37,1451,87,1304,128,346,234,817,1735,315,1228,859,426,758
48453001402,2019,2514,1957,25,346,96,194,20,1542,96,1186,49,195,229,794,1544,479,1227,908,335,441
48453001705,2019,4918,4124,54,288,319,474,38,3135,112,1981,57,134,170,1506,2424,900,1637,1211,1065,1397
48453001722,2019,3844,2657,59,625,383,517,274,1886,82,1585,165,345,198,183,2516,2208,1646,2007,430,545
48453001752,2019,3930,1762,91,734,1166,1427,1170,1840,60,1738,173,1107,354,15,2525,2333,2320,2122,567,142
48453001756,2019,4582,3153,69,565,536,777,300,2173,116,1505,248,78,125,1144,1871,306,1842,964,826,814
48453001765,2019,14849,11309,174,2009,856,1498,296,6763,177,4932,701,392,397,4261,5645,971,690,3077,4136,2226
48453001766,2019,11208,7813,329,2218,412,1095,164,3706,379,2673,661,363,517,3444,4165,28,732,2220,2817,2238
48453000101,2019,4411,3660,11,494,95,309,0,2714,56,1797,117,293,193,1157,2310,842,1719,1333,828,915
48453000500,2019,4431,3523,18,492,313,559,216,2015,158,1711,35,1342,535,385,2596,1713,2322,1769,294,322
48491020403,2019,2407,1632,26,357,183,307,221,794,142,591,85,309,58,541,872,256,619,513,485,422
48453000604,2019,7548,3743,369,1272,1828,1305,885,625,244,1082,29,3882,429,67,2256,1962,840,1792,48,27
48453000700,2019,1388,731,2,365,218,283,126,704,25,470,46,485,169,277,898,856,757,577,64,237
48453000801,2019,1794,657,62,1064,11,188,35,465,56,476,28,306,104,369,752,200,459,388,306,446
48453001606,2019,16,5,3,5,0,5,1,0,0,5,0,10,0,0,0,0,0,0,0,5
48453001707,2019,5286,3890,155,1016,137,202,63,2663,28,1734,160,259,52,1298,2570,1004,2410,1426,924,1250
48453001719,2019,4159,3277,0,475,240,498,0,2477,21,1426,187,171,146,1492,1773,43,1069,675,1004,1536
48453001737,2019,10787,7752,621,1253,867,1071,297,5521,193,4109,550,248,135,3156,4392,916,278,2169,3011,1641
48453001753,2019,1255,612,56,234,280,372,195,803,7,656,164,53,228,13,1058,1045,240,815,83,58
48141001800,2019,1063,50,34,979,0,552,199,22,19,19,54,552,70,39,499,415,499,280,182,409
48141002300,2019,4115,394,0,3709,0,1253,96,445,49,550,48,983,363,852,1868,362,1767,710,948,891
48141003100,2019,3050,26,0,2992,0,964,32,179,145,267,111,813,127,650,1163,206,1098,349,661,1100
48141003403,2019,6118,1054,100,4892,23,820,169,975,34,766,169,563,100,757,2432,1293,2085,1617,1705,1110
48141004002,2019,9536,244,98,9193,1,3290,240,293,135,1004,481,2980,68,1808,2584,58,1437,1015,2573,1463
48141004310,2019,5273,674,112,4487,0,1022,311,636,239,552,126,1223,60,973,1958,711,1744,987,1398,1046
48141004311,2019,4141,770,90,3208,73,686,120,736,53,614,98,603,156,917,1776,563,1643,683,928,918
48141004314,2019,4896,416,136,4194,57,823,138,574,94,646,62,1285,82,950,1815,363,1447,805,1106,850
48141010101,2019,6422,2773,877,1789,281,468,324,776,43,365,0,122,44,0,1032,278,215,975,2299,18
48121021403,2019,12309,7927,514,3099,396,1543,201,2648,424,2627,468,947,172,3261,4562,559,2135,2770,3038,2288
48121021612,2019,4068,2210,295,1005,511,806,107,1560,70,1170,212,571,28,895,1506,454,1178,763,831,746
48347950200,2019,4650,3877,357,211,37,115,21,640,150,639,198,731,549,1449,2413,13,1283,708,1043,1167
48347950400,2019,7346,5504,713,946,53,513,0,1875,90,1477,468,643,379,2393,3439,58,1893,1228,1678,2071
48347950301,2019,7581,4890,367,2189,0,853,44,840,245,837,299,1511,398,1879,2878,114,1293,1177,2301,1651
48347950800,2019,3910,1225,1010,1544,74,674,34,312,223,355,172,1042,247,610,1642,189,1324,818,1217,718
48347950700,2019,4263,1055,1531,1467,179,561,29,257,233,252,211,1410,481,614,2024,538,1534,870,1107,666
48201540800,2019,7122,932,1110,4381,574,2634,617,842,252,1143,534,1066,397,1353,2747,806,1365,1034,1926,782
48201541100,2019,7423,3900,696,1917,691,1804,412,2246,230,1785,519,579,66,2148,2409,18,1490,1005,1758,1437
48201541300,2019,12999,2190,2025,6976,1686,4116,1054,1607,144,1663,988,2162,376,2211,4210,809,1771,1957,4326,1433
48201541700,2019,11084,3011,2693,3835,1153,3120,1055,2728,387,2666,412,443,553,1494,4721,2885,1218,3281,2992,848
48201322100,2019,4246,478,26,3742,0,976,44,86,364,194,181,735,166,596,1353,442,1184,646,1550,464
48201322200,2019,1633,160,4,1447,5,567,70,41,144,81,58,375,53,206,544,216,490,251,465,225
48201323400,2019,8636,719,119,7690,106,3288,609,236,497,416,306,1904,96,1191,2333,486,2246,1149,2863,1086
48201324000,2019,5453,2283,69,2658,354,849,86,588,299,788,337,743,112,1247,1955,238,1179,819,1269,1205
48201330100,2019,9589,137,5468,3889,26,1755,268,441,283,639,237,1377,48,1532,2525,41,1699,729,2959,1210
48201330800,2019,13816,829,8092,4528,304,1828,141,2192,563,2685,736,1601,44,3537,4681,438,527,2672,4330,1380
48201331100,2019,4295,109,2444,1719,0,549,1,126,208,215,147,1756,265,656,1799,449,1341,863,1170,674
48201332600,2019,7359,172,2266,4740,13,2113,293,653,174,488,308,1146,125,1125,2261,602,2136,796,2291,1384
48201430900,2019,5587,3475,19,715,1270,1648,401,3234,84,1765,225,417,459,2007,2811,640,2161,916,1493,1490
48201422500,2019,7283,1671,1811,3471,175,2254,364,1204,228,942,96,2135,344,718,2748,1751,2287,1585,2493,904
48201423600,2019,7790,735,3938,2746,350,1836,266,1243,229,1206,85,684,366,1803,2857,246,2622,940,2207,1716
48201432400,2019,6174,1330,1829,2122,694,2585,1330,1446,193,1104,255,1448,279,852,3399,2967,2671,2282,926,776
48479001714,2019,4915,546,40,4258,16,1275,422,892,196,900,88,434,132,990,1217,56,76,583,1274,364
48479001715,2019,7503,135,65,7289,0,2061,471,1313,144,1011,49,795,91,1540,2234,530,71,1208,2461,558
48479001716,2019,5758,97,0,5661,0,1609,255,596,101,861,63,685,93,1159,1660,263,463,566,1467,897
48479001717,2019,3329,143,13,3136,0,1143,325,157,23,184,34,1272,86,382,1008,392,684,517,937,409
48479001718,2019,2476,73,0,2352,47,529,167,382,40,357,9,429,30,493,842,206,732,305,632,540
48479001719,2019,3637,201,82,3354,0,744,132,733,60,642,39,576,44,713,1112,185,864,411,1061,793
48479001720,2019,5556,521,0,4980,0,995,150,797,89,926,101,854,166,1067,1783,356,603,762,1651,796
48479001721,2019,2211,249,0,1962,0,392,6,610,45,588,0,93,40,658,791,52,613,282,466,485
48479001722,2019,7809,769,1,6819,147,2130,507,2844,84,2270,51,487,112,2131,2628,203,458,960,2132,1563
48479001806,2019,6544,174,0,6370,0,1330,269,138,250,346,0,1879,130,878,1603,382,231,960,3130,321
48479001807,2019,7718,134,0,7584,0,2281,276,425,179,409,97,2261,251,1593,2240,176,631,640,2556,807
48479001808,2019,6460,102,0,6358,0,1581,353,116,120,260,89,2884,116,1285,1725,51,572,571,2312,640
48479001809,2019,10778,324,111,10343,0,2523,245,122,287,455,0,4586,94,1511,2199,284,241,1362,4963,539
48479001810,2019,5670,82,0,5588,0,1314,186,431,49,527,40,461,250,1253,1687,69,85,597,2363,425
48479001811,2019,4483,99,0,4371,4,959,84,187,183,302,56,802,47,948,1137,0,158,255,1512,508
48479001812,2019,9494,551,0,8900,0,1562,119,716,201,1038,154,2020,53,1819,2231,129,188,796,3890,809
48479001813,2019,683,30,0,653,0,154,9,23,26,23,3,303,225,178,465,0,299,24,210,124
48479001814,2019,9107,120,0,8920,67,2533,495,532,227,654,49,3594,168,1524,2327,178,331,1186,3430,589
48479001815,2019,1560,23,0,1525,0,331,38,71,26,64,6,684,289,244,719,7,393,145,515,161
48479001816,2019,4844,134,0,4710,0,1530,80,291,119,284,0,844,93,866,1134,46,84,257,1696,605
48479001817,2019,6106,161,2,5943,0,2433,989,231,136,240,26,2141,190,901,1395,46,664,325,1751,783
48479001818,2019,3221,39,0,3182,0,1018,116,60,84,81,14,1738,156,554,922,38,351,234,1280,371
48479980000,2019,34,0,0,34,0,0,0,0,0,0,0,0,0,0,11,0,11,11,12,0
48489990000,2019,0,0,0,0,0,0,0,0,0,0,0,0,0,0,0,0,0,0,0,0
48479001900,2019,3094,54,6,3034,0,867,148,138,93,131,0,1271,250,338,1400,582,1087,555,854,692
48485013401,2019,7651,4529,868,1361,408,423,352,573,11,311,147,3,0,4,251,35,47,251,344,0
48485980000,2019,0,0,0,0,0,0,0,0,0,0,0,0,0,0,0,0,0,0,0,0
48491020105,2019,6991,6310,192,399,46,565,0,3682,75,641,81,233,197,3245,3738,65,100,2447,308,5378
48491020107,2019,5542,5328,19,78,23,316,67,2618,19,347,51,199,120,3010,3459,50,142,1520,72,5210
48491020106,2019,4823,4209,52,411,104,158,57,1986,74,1328,333,143,0,1504,1659,0,126,955,1074,1512
48491020108,2019,3196,2719,10,384,35,170,6,1121,84,641,74,229,26,872,1209,267,806,513,666,1064
48491020109,2019,3715,3155,93,379,50,347,65,1205,69,850,122,68,0,1026,1080,8,79,532,1047,819
48203020606,2019,5499,4675,410,327,87,106,41,1047,33,1066,521,691,132,1757,2149,73,1021,958,1407,1308
48209010303,2019,9097,3656,1293,3888,49,401,83,775,482,1301,347,3297,387,638,3793,2423,686,3002,1396,539
48209010304,2019,7923,3315,585,3907,9,709,91,683,490,877,93,3406,239,326,3705,2954,1833,2924,1339,233
48209010701,2019,8677,5394,113,2634,476,560,331,1632,216,1793,83,2273,457,840,3856,2388,1361,2819,1062,975
48209010702,2019,2893,2201,105,569,0,160,12,501,137,472,20,748,206,616,1221,335,399,520,371,659
48141010405,2019,7272,92,0,6831,33,2419,350,362,223,487,138,1190,187,1592,2107,49,859,792,2281,1037
48141010406,2019,2960,37,0,2923,0,1103,155,128,50,222,42,808,198,631,1006,76,326,242,918,523
48141010407,2019,6694,11,0,6659,24,2605,475,552,112,566,115,2381,224,1190,2157,606,780,925,1968,1236
48141010408,2019,3942,39,0,3903,0,1455,92,179,91,307,137,1157,93,770,1186,102,722,366,845,854
48141010409,2019,6350,147,0,6203,0,2210,233,263,209,533,172,1567,66,1269,1701,77,398,612,2080,657
48141010505,2019,3048,183,0,2856,9,901,148,80,91,224,57,1111,118,551,977,139,785,328,957,674
48141010506,2019,2604,20,0,2584,0,1155,182,74,39,138,70,681,74,629,850,32,384,214,897,384
48141010600,2019,5598,2551,916,1676,158,358,330,500,152,462,31,601,122,28,1811,339,497,1661,2482,23
48141980000,2019,0,0,0,0,0,0,0,0,0,0,0,0,0,0,0,0,0,0,0,0
48143950201,2019,3720,3370,0,295,46,194,24,1164,0,668,210,127,525,1057,1715,40,681,571,885,800
48439100601,2019,2430,1780,66,545,24,113,3,645,54,523,96,318,196,784,1265,326,595,626,399,593
48439101402,2019,3746,387,521,2718,8,1089,245,136,45,331,286,994,106,676,1302,32,1219,487,1009,519
48439102201,2019,3482,2778,0,698,0,123,26,1426,54,867,114,356,211,1065,1679,323,1493,803,676,1034
48439102202,2019,2811,2474,32,138,38,57,19,1722,35,1249,139,105,243,928,1701,353,1322,876,415,852
48439102301,2019,3544,1274,673,1582,0,472,64,250,118,406,252,406,229,380,1600,793,1391,1006,875,447
48439102401,2019,4496,2670,880,817,77,158,29,1657,130,1069,163,739,207,890,2302,1287,1474,1538,978,831
48439106513,2019,3256,688,1608,587,120,329,92,400,72,577,335,518,137,678,1159,107,966,458,825,429
48439110302,2019,4805,1384,71,3017,278,1395,193,259,134,238,295,1267,156,631,1595,349,1476,952,1622,584
48439111202,2019,6301,1341,1547,3283,50,1443,157,373,242,336,203,1273,267,1542,2220,197,2024,579,1863,961
48085030100,2019,6121,4453,10,1501,40,923,207,539,90,834,188,764,193,1600,2242,33,938,950,1729,1240
48085031612,2019,6197,4397,350,369,868,1000,297,2758,81,1921,320,106,138,1589,2345,431,1870,750,1329,1603
48085031637,2019,7181,4480,78,305,2076,2377,672,3436,81,2292,301,323,69,2103,2252,0,421,897,1666,1564
48085031649,2019,4491,3213,385,259,528,800,188,2630,138,1476,182,191,226,1255,2221,911,981,1072,607,1658
48085032004,2019,7961,2498,800,4491,0,1723,152,872,169,1088,311,917,162,1300,2476,659,2350,1155,2441,1293
48085031627,2019,5201,3429,553,758,418,662,276,1772,72,1360,170,425,56,1413,1878,219,1698,794,986,1339
48085031639,2019,6820,2904,518,769,2542,2187,747,3315,86,2376,463,325,0,1509,2537,675,170,1664,1848,839
48085031642,2019,4559,2799,279,240,1065,1197,370,2167,214,1618,287,134,34,1370,1623,6,472,550,909,1058
48085031646,2019,6125,3770,305,194,1637,1465,199,3226,172,2279,233,122,182,1564,2308,645,157,1107,1760,1191
48085031804,2019,6564,3990,274,1194,967,1155,434,2236,182,1894,173,1054,277,910,2781,1963,1017,1864,507,1559
48201451002,2019,5365,868,2662,1578,237,1790,830,1534,406,1004,231,935,470,333,2774,2446,2113,2037,1096,536
48201451401,2019,3392,1689,558,761,281,1175,596,1349,212,921,53,450,245,591,1990,1281,1584,1265,675,690
48201451402,2019,4919,1549,1015,2044,140,1144,313,1175,235,1121,243,363,213,369,2750,2107,2230,2144,1084,674
48201451403,2019,5696,1396,1979,1108,991,2174,1228,2171,69,1877,334,597,430,342,3479,3040,1525,2756,1067,447
48201451601,2019,7435,3253,942,1118,1792,2916,1576,3423,106,2015,248,340,165,1743,3258,1323,691,1992,2239,1957
48201451602,2019,9604,4034,930,1896,2458,4838,2678,4034,173,2689,351,699,435,1307,4199,2587,1075,2731,2355,1410
48201451901,2019,7288,986,3053,1974,1074,2256,638,1441,279,1138,305,1231,404,884,3846,2690,3140,2918,1629,881
48201451902,2019,2420,898,185,239,1051,1351,308,1116,116,751,134,192,42,790,935,6,24,375,368,641
48201452201,2019,5402,816,2651,1360,575,1678,874,1298,162,846,191,953,479,257,3385,3245,2703,2608,1004,353
48029171902,2019,13145,2469,1347,8782,173,1283,127,1666,533,1772,364,2273,702,1639,5697,3922,1166,4031,3621,993
48029180400,2019,4709,205,32,4405,8,554,20,235,103,419,104,1214,93,545,1548,735,1203,920,1654,547
48029180701,2019,3971,1416,317,2020,172,570,159,1198,109,826,119,675,222,535,2169,1677,1661,1552,364,931
48029181100,2019,6359,2849,115,3019,218,1058,195,2031,72,1470,138,634,145,1789,2599,607,2346,1075,1427,1770
48029191405,2019,8862,4736,133,3634,301,715,137,3100,225,2410,84,602,235,2197,3761,1393,2746,1935,1852,2139
48029170900,2019,3696,168,27,3501,0,859,113,203,81,201,39,955,66,734,1318,93,1202,487,709,1089
48029180503,2019,4849,338,101,4410,0,596,46,269,103,556,108,657,27,1136,1411,46,1110,403,1091,889
48029180602,2019,3751,900,254,2536,61,229,148,603,42,477,63,559,104,680,1496,686,1236,727,770,1151
48029191102,2019,2364,1189,22,1129,23,299,33,881,32,492,23,253,326,717,1263,446,1141,432,552,876
48453001782,2019,5301,2879,42,434,1729,1451,207,2950,103,2115,436,46,64,1614,1887,238,1065,725,1391,1175
48453001783,2019,5325,4339,55,557,182,307,33,2477,43,1626,206,87,77,1550,1909,8,970,766,1671,973
48453001784,2019,6017,4047,91,507,1337,1122,261,3160,97,2205,307,201,149,1403,2249,694,30,1209,1919,801
48453001785,2019,5516,2310,438,1302,1258,1630,908,2454,215,1841,358,277,288,518,2886,2279,806,2132,867,485
48453001786,2019,5829,2615,97,377,2496,2574,2070,3258,318,2769,440,346,229,467,2981,2298,887,2395,1184,350
48453001854,2019,9104,2005,1704,4827,89,1600,214,1455,175,1381,373,1109,244,2192,2781,0,639,1701,3456,853
48453001855,2019,20160,8798,3586,5006,2237,2496,825,4969,429,5064,1271,908,226,4287,6914,1641,581,4434,5209,2795
48453001856,2019,9214,2962,2358,2910,843,2193,563,2582,146,2622,727,494,239,2578,3014,0,188,1637,2656,1333
48453001857,2019,6257,2845,775,1839,241,615,68,1581,192,1753,425,595,157,1375,2689,972,211,1567,1785,899
48039662000,2019,6191,4283,224,1542,16,737,51,662,251,873,561,558,503,1787,2696,247,2024,663,1576,1433
48029191804,2019,7554,4708,507,2077,163,453,66,2349,243,1978,139,221,74,2294,2407,0,293,1049,2076,1324
48029110500,2019,2507,70,125,2245,67,311,55,81,177,127,10,1641,109,87,895,622,604,534,1017,416
48453001858,2019,24015,13332,2749,5802,1515,2198,191,6296,400,7343,1204,516,144,7230,7806,0,216,5244,7525,2149
48453001859,2019,3691,1482,435,1136,374,607,133,996,81,1055,192,167,83,1116,1342,21,226,985,1057,337
48453001860,2019,4387,1463,436,2161,122,1001,130,728,115,695,131,784,141,769,1723,725,1076,887,1161,819
48453001861,2019,4571,1712,542,1497,765,920,496,988,45,1222,202,116,0,1372,1618,20,150,565,945,508
48453001862,2019,6435,2491,1167,1831,764,1108,345,1593,165,1751,353,391,93,1353,2331,745,338,1295,1695,894
48453001863,2019,3554,923,805,1241,457,1014,586,601,58,652,215,986,236,0,2118,2118,1532,1637,801,312
48453001864,2019,2643,1484,305,473,284,419,176,943,84,862,160,260,283,220,1864,1570,705,1367,471,329
48453001914,2019,6568,4986,74,805,531,840,372,3507,89,2368,451,210,338,1696,3193,1247,832,1587,1289,1204
48453001915,2019,2138,1426,40,350,220,314,208,882,64,669,149,188,184,244,1277,899,578,968,305,493
48453001916,2019,2958,2198,63,145,442,451,205,1530,39,882,147,189,30,883,946,0,247,358,976,467
48453001917,2019,5147,4075,0,591,380,473,46,2916,42,1830,227,184,60,1624,1818,33,1428,676,1588,981
48453001918,2019,2530,2089,1,322,80,216,0,1585,94,755,64,52,102,820,1106,124,702,400,582,991
48453001919,2019,3945,2969,0,542,315,478,322,2364,51,1384,133,16,10,1146,1347,43,1081,524,1099,945
48453002207,2019,9940,1187,1976,6561,66,2109,520,977,79,1123,321,982,150,2488,3131,0,849,1359,3199,1222
48453002208,2019,8360,1590,950,5533,60,2129,307,685,228,795,78,1589,86,1545,2046,84,927,929,2507,536
48453002209,2019,10185,2913,1631,5199,285,2108,173,988,342,1528,454,899,303,2538,3439,48,394,1973,3060,912
48453002210,2019,5124,1132,850,2973,13,1269,303,615,219,637,58,649,88,1152,1434,7,520,679,1671,598
48453002211,2019,3069,483,553,1955,29,581,72,467,66,590,109,328,34,775,1033,0,291,654,856,277
48453002212,2019,1452,174,660,553,0,197,0,148,57,225,43,259,0,319,365,0,61,220,577,143
48453002317,2019,6581,1596,941,3225,602,1493,694,1144,155,1614,350,3248,242,120,2397,2148,698,2051,418,182
48453002318,2019,7215,1299,983,4200,597,1309,355,1000,188,1541,257,1154,307,609,2989,2239,1350,2256,1492,260
48453002319,2019,2368,772,636,827,40,262,108,57,4,0,0,36,0,0,0,0,0,0,0,48
48453002425,2019,4342,1492,207,2032,361,811,266,1194,60,1248,143,379,98,756,1703,654,43,1171,1029,496
48453002426,2019,9742,2258,729,6210,286,1861,630,1920,177,2368,451,388,43,2344,3105,77,498,1580,2314,942
48453002427,2019,8046,945,498,6508,0,2561,152,770,200,856,159,1253,151,1329,2744,673,1172,1362,2188,680
48453002428,2019,8291,3668,147,4261,139,1478,294,2598,369,1822,236,378,154,2291,3357,892,1095,1993,1701,2077
48453002429,2019,1645,537,176,858,33,137,62,316,46,337,64,533,147,60,831,685,81,631,523,36
48453002430,2019,2593,522,72,1948,25,642,54,279,7,208,72,376,59,530,840,6,415,410,695,337
48005000302,2019,5218,3465,674,1034,36,372,178,713,108,757,268,653,199,1031,2224,396,859,1265,1407,1201
48005000102,2019,4761,4090,160,400,71,213,57,871,58,1078,141,321,211,1429,1811,0,778,939,1498,772
48121020506,2019,2249,1223,24,976,12,609,6,550,15,295,63,73,82,490,725,26,499,254,523,416
48121021201,2019,6874,2715,1840,1760,219,891,486,895,152,915,345,1663,503,12,3132,2973,939,2450,1666,707
48121021202,2019,4506,1640,1159,1524,68,731,310,747,84,510,167,366,100,738,1278,133,728,578,911,637
48121021303,2019,8046,5472,642,1621,215,832,172,2127,285,1680,443,378,0,2066,2687,291,293,1588,1808,1467
48121021304,2019,5497,3946,504,562,282,865,301,1460,59,1405,193,404,289,1186,2513,1118,1258,1423,893,1079
48121021305,2019,3847,2861,193,526,185,341,51,1385,63,855,152,444,97,957,1596,494,1175,857,628,1029
48121021404,2019,8685,7032,114,1218,141,392,183,2597,202,2190,380,869,98,2497,2885,84,789,1108,1731,1623
48121021405,2019,12749,7485,262,4228,380,2062,526,3384,150,3001,610,691,250,2717,4305,949,832,2691,3487,1686
48121021406,2019,7943,5304,481,1640,281,947,62,2252,259,1937,351,159,106,1851,2548,271,366,1216,2095,1197
48121021407,2019,7927,4533,574,2083,376,662,108,1883,50,1812,349,602,0,1926,2318,0,245,1235,1917,1044
48121021409,2019,8898,6500,612,1359,112,685,109,2496,232,2268,479,404,173,2368,3159,429,1038,1359,2039,1325
48121021515,2019,15754,10219,995,1922,2138,2602,677,6497,349,3857,560,392,160,5370,6014,139,354,4458,3305,4612
48121021408,2019,6264,4195,680,1225,13,367,38,1341,72,1713,295,323,45,1743,2312,369,335,1295,1585,984
48121021512,2019,4734,3736,151,323,322,472,33,2168,102,1316,200,196,34,1475,1564,0,185,636,1192,963
48121021513,2019,3646,3183,26,295,115,245,12,1621,79,1311,276,116,31,1325,1398,17,1230,455,744,936
48121021514,2019,4616,3982,53,472,24,81,16,1735,208,1308,210,95,0,1400,1457,13,894,513,1076,920
48121021516,2019,7767,4500,764,1923,343,972,69,1334,65,1669,313,201,104,1960,2591,48,1763,1224,1801,1174
48029121000,2019,7798,3308,178,3926,74,834,232,1132,218,944,207,1827,356,1443,2972,1218,2804,1295,1981,1313
48029121110,2019,5188,2387,418,2118,182,580,208,1370,104,1170,108,267,93,1408,1868,158,896,803,1128,867
48029121506,2019,4004,1007,757,2083,56,516,56,505,115,565,140,560,174,826,1392,120,1251,532,1118,796
48029130500,2019,4806,172,1494,3038,0,766,51,243,172,296,134,1985,184,600,1708,260,1287,912,1653,615
48029131300,2019,6156,1332,1886,2512,65,522,103,684,0,646,167,1220,135,1517,2233,299,1718,755,1573,1856
48029131606,2019,6056,1717,1428,2578,117,715,210,870,103,948,171,183,80,1483,1828,0,312,1057,1932,664
48029110300,2019,2977,509,80,2313,50,179,36,689,58,621,47,1014,230,336,1641,964,811,1072,774,353
48029120100,2019,4844,2369,774,1254,201,401,254,849,45,429,68,148,19,18,941,50,400,922,1751,30
48029120600,2019,5850,3199,425,1946,107,292,107,2103,219,1828,81,967,453,1076,3554,2126,2707,2316,1016,969
48029120901,2019,2457,1046,21,1256,39,441,138,677,26,393,0,603,0,389,1043,619,849,564,451,729
48029121112,2019,3717,1731,221,1539,157,468,289,833,89,637,81,349,215,727,2008,1058,1589,1092,507,1025
48029151900,2019,7312,388,147,6329,296,1100,446,748,98,897,447,1695,224,1155,2319,690,662,1344,2392,570
48029140900,2019,1949,311,15,1623,0,292,43,104,56,125,80,638,76,452,732,30,728,220,453,413
48029141700,2019,5811,1453,224,4123,0,475,239,475,247,751,150,403,155,1200,1650,18,735,718,1770,745
48029150501,2019,4595,50,0,4545,0,1195,239,328,110,223,196,978,141,938,1394,60,1266,307,1339,879
48029160400,2019,5339,200,2,5112,0,604,270,283,81,579,86,1259,126,1143,1623,129,1507,474,1254,1001
48029161100,2019,9720,278,155,9229,0,1761,47,510,198,688,485,1766,63,2039,2647,185,1614,814,2259,1653
48029170401,2019,4298,348,265,3685,0,821,229,138,133,119,68,1509,326,554,1473,405,1422,565,1413,715
48029171000,2019,6221,22,49,6150,0,1110,201,66,190,314,142,1780,82,1003,1775,149,1563,720,1968,916
48029171700,2019,9093,781,562,7132,134,1134,122,571,636,704,190,1620,68,1621,2661,468,2208,1069,2640,1615
48439121604,2019,5786,3211,1381,776,231,709,53,866,52,1107,269,868,502,778,2757,1607,2615,1535,1207,1414
48439122100,2019,7517,1263,411,5248,387,2100,233,150,66,309,329,2081,143,1271,2116,125,2116,818,2320,806
48439114005,2019,9369,4725,203,3909,297,1048,521,1494,147,1364,333,372,116,2359,3371,379,961,1775,2848,1586
48439122400,2019,5534,2235,812,1188,1085,1593,969,1316,272,1009,85,1631,402,573,2332,1372,1803,1409,787,665
48439122600,2019,4727,3279,555,807,6,399,243,1036,185,768,302,790,69,915,1688,454,1567,872,1192,977
48439111531,2019,4915,3530,620,335,278,390,93,1218,64,990,283,342,79,1400,1773,45,1443,687,997,1320
48439111543,2019,7556,1667,3507,1672,513,1463,413,753,194,834,521,1980,95,1121,2454,904,1251,1597,2758,490
48439113404,2019,5744,3215,907,1276,67,594,108,928,140,791,90,769,100,1149,2239,771,2047,1200,1380,1113
48439113629,2019,4650,3297,433,631,289,577,195,1121,11,1103,246,454,115,772,2128,1089,1664,1362,865,1490
48439113809,2019,4918,3185,65,1397,82,466,11,475,92,664,274,407,26,1323,1671,0,1626,513,1093,909
48439121704,2019,3544,952,668,1745,91,1041,183,272,97,350,154,1122,102,348,1260,629,1208,693,910,505
48439111513,2019,4124,1349,1047,1074,499,859,131,746,64,912,228,78,97,976,1304,58,790,362,990,587
48439100900,2019,2126,62,0,2064,0,915,231,65,118,75,144,495,112,303,731,43,714,313,532,235
48439101201,2019,2090,617,170,1228,60,540,57,314,78,341,174,485,90,486,729,19,415,240,572,327
48439101302,2019,3438,724,1032,1614,0,535,171,185,133,294,46,1125,80,653,1164,92,1120,544,1152,450
48439103800,2019,3305,507,1621,1029,100,1041,561,139,87,123,203,1460,240,441,1276,242,1144,574,1098,543
48201241500,2019,7911,1070,3148,3457,109,1344,393,485,329,550,394,1218,307,776,3471,2102,1644,2270,2030,974
48201250301,2019,11976,1950,5929,3709,270,1114,112,2003,237,1885,346,1120,297,1694,3467,723,719,2485,2576,721
48201250302,2019,11641,3747,3007,4290,447,1216,132,2221,140,2123,491,488,222,2948,3945,267,739,1883,3316,1465
48201250401,2019,12679,5392,2253,4456,347,1614,465,2882,411,2687,524,988,122,3382,3968,43,755,1880,4047,1550
48201250402,2019,22829,11759,4931,5420,402,1769,290,6689,249,5927,1304,1301,157,6191,7646,1035,514,4876,7097,3063
48201251401,2019,2987,2054,235,552,73,198,47,750,89,738,133,273,49,701,955,6,361,524,913,392
48201251502,2019,9303,7664,148,1209,199,1020,201,3779,190,2223,548,96,35,2990,3212,23,2388,1420,2390,2421
48453001308,2019,3054,2040,70,752,181,236,78,1531,68,1264,109,287,82,534,1748,945,1101,1198,225,389
48453001821,2019,5594,1758,331,3259,180,1562,256,989,234,997,210,595,98,885,2127,906,2005,1282,1186,749
48453001823,2019,7254,698,1183,4966,202,3547,944,406,151,578,184,1459,256,501,2588,1789,2006,1733,2114,592
48453001828,2019,4273,3015,215,652,199,431,66,1986,146,1374,169,69,115,1300,1792,144,1519,748,889,825
48453001841,2019,16835,5214,2177,7696,1321,3982,854,4663,740,3961,926,815,103,4285,5496,238,961,2479,4288,2593
48453001843,2019,2524,1152,80,899,311,431,52,864,31,755,111,103,22,765,1031,45,956,366,412,597
48453001847,2019,6932,3024,967,1528,1153,1521,178,2828,115,2664,360,372,169,1828,3247,1290,659,1956,1215,1019
48453001908,2019,9285,5575,267,2448,817,1484,364,4186,116,2858,354,936,576,2046,4179,1847,482,2625,2803,1758
48453002201,2019,2223,229,810,1117,8,429,87,271,105,197,52,314,30,339,694,173,587,361,673,285
48453000102,2019,2580,2348,15,100,73,232,67,1606,22,909,34,82,81,1053,1213,143,1075,475,546,902
48453000302,2019,5235,3646,218,563,636,818,557,3132,172,2385,202,968,438,836,3112,1779,2874,2011,449,589
48453000401,2019,4229,2948,130,622,236,463,379,2132,95,1860,157,984,272,509,2156,1191,1439,1461,259,355
48453000902,2019,5581,2055,467,2791,203,1015,178,2045,184,1710,160,1201,434,900,3180,1746,1310,2019,833,890
48453001305,2019,5644,3944,464,1082,32,406,107,3371,142,2372,264,664,427,1321,3397,1517,2226,2114,727,820
48453001307,2019,3726,2007,203,1229,241,331,123,1878,53,1123,123,669,215,787,2130,928,1526,1348,609,515
48453001401,2019,3173,2431,43,397,94,182,29,1945,101,1795,216,244,239,549,1928,1182,970,1322,281,403
48453001755,2019,6239,3178,126,652,2110,1970,432,3673,151,2315,398,138,12,1986,2147,0,790,736,1621,1278
48453001760,2019,18107,12869,107,2804,2010,2851,330,8374,188,6138,1406,266,98,4610,6136,1304,511,3901,6018,2575
48453001805,2019,4632,1134,352,2913,58,1858,527,759,55,696,166,1400,168,563,1964,1088,1752,1230,957,527
48453001818,2019,6714,2172,66,4125,200,2146,613,1429,268,1149,228,1960,278,960,2412,1199,2348,1366,2028,612
48453001820,2019,7713,1215,782,5610,37,2781,1360,762,237,666,123,2407,296,494,3252,2638,3040,2402,2368,567
48453001832,2019,3011,1500,560,858,89,451,41,874,75,717,17,324,37,649,1283,573,1075,682,528,619
48453001845,2019,3198,2014,101,893,157,557,263,1342,34,1052,191,198,69,925,1585,492,1246,847,574,562
48453001851,2019,9493,3447,1790,3172,857,1856,784,3378,301,3033,422,966,321,1418,4613,2334,410,3354,2091,1353
48453001913,2019,4940,3748,0,753,439,706,198,2810,73,1704,169,185,135,1569,1796,113,722,758,1456,939
48453002002,2019,3400,2000,139,1227,34,279,58,1036,99,855,193,233,90,774,1502,185,1385,703,495,634
48453002104,2019,3304,1769,43,1404,38,614,84,1279,53,1083,125,769,79,818,1297,279,1214,647,848,477
48453002113,2019,3703,1799,621,1147,23,355,98,1436,29,1065,111,457,127,887,1535,386,1299,722,686,682
48453002312,2019,8590,1731,683,5998,97,2556,612,920,476,897,77,2259,149,1080,2825,1043,1287,1895,2655,720
48113017500,2019,3789,1615,668,1239,122,566,251,717,150,562,161,259,14,1091,1331,5,920,446,934,714
48113018121,2019,5209,1220,734,2739,419,1534,82,604,193,527,347,572,106,1116,1744,209,1192,682,1284,1079
48113016619,2019,3910,350,2555,986,0,333,129,662,112,548,18,607,131,547,1651,927,1110,1010,1261,744
48113013719,2019,4743,1420,710,831,1675,1802,442,1398,62,903,290,354,45,942,1787,836,1175,1046,1007,1146
48453002111,2019,5642,1496,467,3518,51,1116,218,1335,199,1105,207,1447,167,1219,2191,571,1154,1261,1258,821
48453002304,2019,4200,2271,75,1366,296,817,456,2314,151,2199,228,359,334,59,2801,2735,912,2395,181,155
48115950500,2019,3772,1151,113,2495,0,142,0,432,144,361,111,1277,178,955,1728,57,1483,655,1140,735
48115950600,2019,1384,962,11,409,0,88,16,246,24,183,6,134,168,443,709,1,587,174,378,417
48151950400,2019,1918,1092,56,659,12,144,79,240,30,288,84,419,370,578,1240,133,1112,396,418,584
48151950300,2019,1938,1290,46,602,0,30,1,259,48,275,74,156,239,601,970,12,836,288,452,543
48131950100,2019,4968,222,148,4598,0,341,92,261,214,331,174,1369,782,769,2184,112,1578,467,1294,860
48131950200,2019,2968,736,0,2231,0,142,1,108,161,212,32,433,328,680,1340,12,1115,417,843,528
48051970100,2019,1201,968,77,152,0,37,0,190,6,273,6,82,216,494,781,0,408,184,130,525
48051970200,2019,4530,3181,472,801,7,306,0,728,39,665,141,318,534,1409,2152,18,1054,495,1016,1336
48121020202,2019,8987,7158,69,1599,19,656,50,1932,193,1479,560,943,341,2543,3441,96,1587,1350,1863,2156
48121020601,2019,5158,2266,876,1661,216,945,413,840,297,771,158,891,418,212,1857,1431,1354,1148,524,437
48121021000,2019,6184,3087,431,1606,868,1029,385,573,519,722,65,949,149,145,1319,853,949,1016,631,198
48121020402,2019,5495,4116,136,1020,45,370,98,1665,60,1441,278,220,49,1459,2193,320,1627,1108,891,1476
48121021100,2019,3212,1950,243,613,346,756,388,853,122,958,86,1234,235,25,2046,1841,1174,1717,95,205
48121020900,2019,4652,1949,867,1355,338,699,284,397,327,665,98,625,310,90,1390,1226,1029,969,249,85
48121021505,2019,6067,2694,705,1405,1118,1393,460,1022,91,878,372,451,184,1498,2142,140,1096,855,1576,967
48121021613,2019,5471,1378,877,2147,943,1580,263,1038,62,975,365,560,163,711,2092,1275,1740,1287,1471,748
48121020401,2019,9749,6456,475,2086,237,923,140,1772,132,1739,452,1160,173,1883,3414,1013,1064,2165,2731,1448
48121021614,2019,4159,1383,368,1992,347,1319,301,753,104,703,110,387,7,950,1316,276,1291,558,843,681
48121020305,2019,7711,7055,94,351,111,305,124,3326,99,2025,325,283,79,2431,2772,77,1510,1297,1705,1651
48121020800,2019,6074,2797,1192,1681,258,706,308,934,264,1124,246,2072,252,530,2158,1094,1065,1459,704,507
48233950500,2019,5201,4079,116,605,28,87,0,436,131,550,513,601,888,1554,2574,40,2053,653,1183,1397
48201312700,2019,2069,284,1580,98,46,114,27,750,88,666,76,252,237,329,1291,579,1143,767,356,314
48201313000,2019,2736,402,2003,293,24,99,32,649,112,634,49,554,318,438,1555,776,1283,744,431,393
48201320100,2019,2811,68,131,2535,77,1280,231,126,66,150,99,520,130,275,1105,679,705,684,654,429
48201430300,2019,4825,4262,0,207,316,482,95,2660,123,1304,193,46,59,1528,1599,12,938,556,1478,981
48201431000,2019,6124,4886,127,763,290,413,146,3163,68,1591,256,284,228,1770,2812,780,2596,1342,1475,1669
48201450300,2019,8570,3123,1227,3075,887,3326,1448,2146,183,1508,155,1649,283,1234,3149,1741,2827,1819,2595,1200
48201453000,2019,8159,293,266,6122,1414,4173,731,380,147,430,566,1502,154,1420,2320,429,2295,910,2092,1368
48201453900,2019,10803,410,2528,3235,4500,6233,1500,1685,378,1429,282,1081,38,1926,3138,682,1541,1432,2606,1980
48201454000,2019,5201,535,1503,1733,1262,2346,507,1017,218,727,243,477,19,1289,1542,20,1172,531,1132,1112
48201455200,2019,4332,2490,374,1171,103,440,109,1108,188,1059,94,189,108,1230,1596,0,1297,633,1045,903
48201250800,2019,8912,6698,569,930,287,719,43,2943,52,2111,583,311,83,2470,3097,218,1466,1236,2483,2019
48201252000,2019,21439,8798,5999,5560,596,2359,640,6697,683,6886,1525,460,558,5780,7351,736,466,4811,6123,2087
48201252500,2019,4208,1133,36,3018,0,1096,231,112,108,206,177,1098,173,799,1547,20,1314,745,1267,553
48201253600,2019,6647,2000,1216,3170,240,1785,806,803,160,842,395,1287,279,617,2981,2144,1523,2100,1306,1339
48201253700,2019,5813,1497,1236,2595,242,1192,426,638,351,624,234,556,274,765,2231,1175,1261,1322,1646,896
48201310400,2019,3430,148,56,3216,10,1184,155,205,54,310,118,1498,288,613,1556,410,1368,712,903,726
48201310800,2019,2643,233,76,2285,37,907,182,316,72,346,177,555,158,257,1154,813,910,752,597,317
48201311600,2019,3923,117,236,3480,90,2025,693,309,130,190,146,1360,126,11,1533,1502,1219,1110,1191,253
48201311700,2019,5741,130,537,5024,50,2441,470,335,191,296,164,2007,218,609,2002,1114,1243,1231,1848,652
48201311800,2019,4585,176,31,4181,172,1278,197,319,118,327,189,1345,216,518,1449,563,1162,676,1489,507
48201314300,2019,3890,248,3155,281,151,441,203,752,244,934,68,658,520,279,2688,2624,2472,1683,623,518
48201320700,2019,4830,344,686,3499,291,1273,350,516,174,515,399,1111,142,544,1764,1120,1127,1166,1379,654
48201320800,2019,5157,302,27,4797,0,2025,364,230,120,266,187,1066,184,811,1677,272,1393,678,1571,841
48201321200,2019,4030,381,396,3157,79,1394,275,157,109,213,195,1464,419,417,1632,1017,755,835,1481,305
48201321600,2019,6913,822,99,5869,21,1768,147,428,159,709,496,448,125,1402,1999,237,1834,787,2206,827
48453001403,2019,1803,1084,51,546,37,211,64,653,77,587,41,227,73,287,877,461,753,577,273,238
48453001504,2019,6833,4914,81,1260,239,385,175,3451,40,3457,431,486,295,1501,3179,1344,1905,2021,1465,954
48453001505,2019,4781,3942,23,540,103,364,127,2430,73,1923,191,260,160,1029,2531,960,2005,1503,799,710
48453001604,2019,4007,3718,81,183,9,147,16,2546,8,1311,80,65,208,1394,1863,151,1523,743,1084,1164
48453001714,2019,15030,8734,624,1832,3000,2992,815,7346,196,5673,835,539,464,2970,6541,3456,1038,3844,3373,2027
48453001718,2019,6245,4545,217,803,647,1032,672,3621,99,2606,281,662,214,1548,3121,1455,2559,1814,1078,1261
48453001728,2019,7477,4448,305,2091,211,520,52,2983,47,2364,202,510,247,2135,3321,353,2165,1570,1247,1267
48439105600,2019,5779,2347,146,3187,56,850,92,951,175,862,473,948,122,1540,2006,24,1944,885,1645,810
48439106102,2019,4331,795,1647,1691,0,1061,333,248,124,202,140,1110,347,381,1880,995,739,1168,1333,882
48439106201,2019,4007,46,2389,1522,0,772,221,46,95,87,174,672,241,828,1416,65,1321,402,1305,702
48439106507,2019,2114,1214,372,432,86,211,0,658,60,495,63,243,98,452,1104,533,961,666,251,770
48439106514,2019,5453,1233,3311,514,219,561,123,722,247,910,271,393,554,652,2835,1726,1528,1913,1293,635
48439106700,2019,2187,1115,231,795,23,57,15,224,81,479,132,262,42,586,909,84,646,438,592,363
48439110203,2019,9042,4300,875,2948,842,1623,404,947,176,1274,386,1539,221,1504,3042,1099,927,1858,3000,847
48439110401,2019,4929,3311,46,1556,0,420,73,411,155,589,272,457,179,1266,1845,34,1575,773,1157,1132
48439110704,2019,4620,2818,386,1186,168,715,101,360,85,407,162,521,80,819,1768,676,1344,944,957,1257
48439110903,2019,1489,1177,148,81,68,109,10,745,20,605,115,72,44,410,780,340,491,425,197,426
48439111008,2019,10281,4565,2921,2110,446,1029,200,1279,364,1958,361,393,0,2213,2944,199,1019,1997,3132,1108
48439111010,2019,3541,2615,138,742,0,44,0,946,15,643,171,42,188,937,1580,180,616,906,925,1152
48439111522,2019,7727,1639,495,5050,509,3034,680,641,121,548,472,1229,224,1679,2386,120,2302,855,2179,1287
48439111526,2019,4633,2258,776,1257,142,579,155,647,95,720,168,784,20,903,1786,441,1560,891,1127,737
48439113001,2019,3176,1810,576,586,112,269,20,1004,41,790,82,30,170,883,1542,521,1048,792,542,733
48439113002,2019,6981,734,2237,3850,140,1694,125,434,147,418,378,1584,226,679,2649,1531,1537,1653,1903,930
48439113510,2019,5545,2240,278,1404,1462,1482,350,1413,71,1319,252,619,42,1104,2247,939,1295,1443,1163,928
48439113618,2019,5780,3804,821,905,188,422,294,1478,90,1401,246,256,124,1573,2334,509,2068,1221,969,1762
48439113623,2019,3137,2640,21,337,48,193,26,1068,17,909,138,34,88,1230,1416,58,1135,464,546,1066
48439113625,2019,3088,2725,27,216,98,240,113,1304,49,914,185,5,77,1068,1292,106,1167,551,522,977
48439113628,2019,5382,1962,1471,660,1054,1321,364,1053,173,1207,187,459,128,470,2388,1804,1298,1840,1289,756
48439113707,2019,5265,4383,112,397,216,470,130,2261,114,1676,330,234,0,1578,1946,147,1102,779,1240,1162
48201433600,2019,6571,180,2326,3613,277,2596,888,465,377,512,106,1665,492,151,2977,2795,2266,2325,2033,386
48201451200,2019,2635,2058,42,384,107,981,486,1431,28,912,170,9,131,909,1139,0,1085,421,593,710
48201451500,2019,5340,2273,723,1463,637,2344,1157,2178,90,2014,236,646,537,431,3371,2753,989,2428,923,685
48201210500,2019,5548,225,585,4619,66,1771,246,357,188,526,273,1218,223,720,2007,589,1456,1050,1580,716
48201210600,2019,5327,904,89,4303,0,1026,151,1069,71,1060,265,707,223,1492,2326,331,2139,719,1304,919
48201211700,2019,4142,121,2099,1799,120,727,124,149,95,245,133,1332,201,595,1659,483,1392,740,1009,830
48201222300,2019,5036,222,43,4721,42,2117,643,18,58,219,106,1563,91,820,1310,0,1116,471,1756,360
48201230600,2019,2728,28,1510,1190,0,549,89,92,172,218,88,954,148,551,1064,112,954,310,752,685
48201232800,2019,5464,374,1666,3354,70,1116,189,451,116,454,264,682,271,706,2361,1459,1412,1346,1714,736
48201233500,2019,8113,729,109,7255,0,3158,386,249,388,585,347,1645,245,1723,2498,265,2402,813,2265,1175
48201542000,2019,15630,7214,2233,4610,1000,3757,800,3390,517,3880,365,515,52,3436,4632,27,2273,1628,4491,1857
48201412400,2019,4759,3705,71,285,575,459,13,2735,31,1633,156,68,11,1503,1683,20,785,665,1536,1133
48201413000,2019,3728,2334,34,540,633,740,136,1898,25,1382,125,82,330,784,1740,740,463,988,1041,874
48201420700,2019,2805,2022,166,329,269,558,106,1342,79,1035,94,110,151,952,1151,0,1054,348,775,766
48201421800,2019,4474,1687,1251,825,535,890,219,1359,51,1175,90,411,824,643,2858,2080,2425,1424,871,805
48113013618,2019,3057,1606,143,850,394,878,306,1406,59,840,96,249,212,601,1465,801,1370,702,731,798
48113009605,2019,3416,741,128,2335,192,1714,86,299,75,254,63,166,158,539,1395,655,1385,753,660,759
48113007812,2019,3460,2841,223,232,102,255,112,2167,47,1456,93,100,123,1186,1501,139,1243,637,820,769
48113008200,2019,3396,2316,356,505,129,298,41,1470,19,962,180,266,379,964,1988,596,1864,830,542,816
48113009104,2019,3644,269,812,2559,0,1233,61,116,32,72,123,704,65,744,996,0,984,304,1105,527
48113009301,2019,5065,214,334,4457,49,2153,571,93,65,130,221,835,80,956,1348,111,1213,427,1628,436
48113009609,2019,3055,2630,53,250,85,155,22,1702,47,1106,100,60,2,1201,1217,13,1101,566,688,830
48113009804,2019,8145,2715,97,5296,28,4742,1421,56,126,186,389,2180,49,72,2443,2346,2403,2054,2993,183
48113010102,2019,3046,261,128,2657,0,984,68,158,127,192,64,502,55,619,910,4,679,241,843,584
48113010704,2019,5874,295,1408,4005,160,1167,154,369,151,354,243,2360,187,500,1830,1015,842,1056,2217,741
48113011103,2019,3803,470,1472,1844,12,725,18,211,104,109,81,1033,82,730,1322,0,1278,441,1145,965
48113011702,2019,5771,488,699,4495,87,2030,169,166,55,220,259,1683,99,1184,1682,110,1144,685,2026,716
48113012100,2019,6977,320,2900,3663,46,1741,443,167,101,432,344,1928,86,909,2164,763,1226,1204,2618,682
48113012302,2019,9043,798,3677,4153,206,2565,763,302,199,423,412,3257,298,813,3024,1824,1892,1794,3540,1153
48113018122,2019,16988,9052,1474,3294,2365,4174,988,3291,556,3503,992,738,39,4737,5355,29,1130,2520,4372,2552
48113015206,2019,5064,1497,164,3228,150,1465,416,435,266,327,149,801,0,644,1272,354,1213,710,1862,760
48113014204,2019,2404,910,92,738,526,830,459,369,53,322,71,514,6,116,650,533,484,523,389,151
48113014310,2019,4631,1120,1331,1555,499,1388,329,1314,147,812,201,467,113,684,1980,1133,1171,1347,1186,678
48113014603,2019,1701,265,73,1349,10,760,140,72,17,82,79,191,15,264,521,174,363,232,334,221
48113016002,2019,3223,600,203,2371,36,887,222,99,90,208,62,1055,83,315,968,446,899,604,1193,344
48113016409,2019,3397,1175,792,1021,385,462,50,885,117,914,138,67,62,1118,1214,0,546,303,777,855
48113016410,2019,4762,1483,1383,1416,401,623,27,783,160,869,275,868,101,1269,1633,13,663,616,1445,631
48113016502,2019,6744,1216,1805,3578,20,949,135,704,431,742,396,1445,151,1268,2420,898,2203,1236,2152,1115
48113016518,2019,5075,1255,1481,2188,129,683,61,569,170,710,290,761,137,916,1826,528,1725,990,1453,1020
48113016606,2019,7253,945,4559,1640,61,423,20,1263,364,1378,353,742,275,1614,3229,1038,1864,1475,1760,1710
48157673200,2019,19362,12515,1070,3453,1696,3639,1757,7370,411,5769,1006,552,497,5424,6290,20,462,4985,6769,1831
48157673300,2019,7825,6199,337,848,298,676,199,3166,96,2186,332,337,252,2607,2938,0,588,1443,1692,2642
48157674800,2019,5629,1229,1182,3178,40,786,133,519,84,751,174,1158,352,618,2398,1559,2198,1406,1991,992
48157670500,2019,4745,256,3043,1087,244,657,72,919,323,911,126,254,95,1353,1768,120,1400,716,868,1026
48157670800,2019,17725,501,8557,8170,363,4133,938,2468,202,2287,514,2409,334,3773,5109,12,808,2029,5469,1781
48157674000,2019,8145,3431,498,646,3468,2979,1048,3122,317,2286,239,718,157,1957,3365,935,2257,1548,1785,2492
48157675500,2019,22116,8351,4126,6065,2800,3747,1126,4553,604,5119,724,441,542,5853,7505,955,1100,4372,6471,2777
48157674200,2019,5256,2878,152,368,1832,1768,192,3213,135,1777,257,18,118,1663,1900,13,376,593,1082,1514
48157674400,2019,21369,4831,1284,1545,13075,10949,2420,9840,326,7611,898,1223,228,5395,6358,355,586,4071,6208,3291
48157671700,2019,5668,3958,161,516,904,1229,127,2707,80,1671,254,650,64,1870,2235,49,2019,766,755,2470
48157674300,2019,9551,3346,1156,781,4098,3865,818,4267,289,2878,495,488,222,2474,3023,15,794,1291,2766,2134
48157672800,2019,8248,1831,1492,1262,3574,3536,594,2749,379,1746,229,445,139,1473,2462,787,183,1057,1972,1383
48157674700,2019,15585,5780,2757,3225,3341,4519,1177,5720,346,3745,580,473,331,3891,5570,1192,868,3518,2691,4516
48157671100,2019,8405,1216,2899,3627,650,2215,192,1397,387,1377,440,791,128,2200,2891,47,1752,812,1948,1529
48157671400,2019,8448,1017,2250,1657,3337,4091,1394,2444,234,2121,359,1497,168,1101,3392,1789,565,2306,1858,1345
48157672200,2019,4084,1952,393,980,573,751,214,1740,58,1172,117,142,161,1199,1797,296,1169,830,730,1119
48157675100,2019,11143,3229,1571,5685,395,2319,618,1607,223,1674,415,1581,122,2052,4058,1020,1822,2468,3198,2063
48157673500,2019,9366,5169,1131,2337,611,1469,669,3086,182,2559,327,829,298,2481,3496,779,1158,1535,2284,1989
48157673800,2019,9524,2208,942,1982,4293,4358,1178,3038,303,2394,303,663,244,2112,2873,358,504,942,2509,1670
48157674100,2019,7669,4133,643,891,1870,2205,857,3144,175,2139,253,536,58,2061,2717,0,2648,1142,1860,1910
48157675400,2019,9186,2754,802,5355,196,1790,168,1109,131,1103,424,1274,231,2047,2950,65,1264,1482,2711,1338
48157671200,2019,6300,433,3823,1541,395,1206,112,976,267,897,264,585,27,1477,2124,27,1463,751,1228,1318
48157671300,2019,4234,604,1591,1581,391,897,194,367,197,391,173,989,122,535,1393,592,929,672,1244,513
48157672900,2019,59947,15038,15277,8957,19898,23423,7019,17795,1467,14779,1813,2560,538,14192,17470,1216,76,11766,18322,5697
48157673400,2019,28707,15485,4023,5790,2753,4832,1124,9475,526,9559,1391,1391,802,8102,9771,310,1164,6171,8679,3903
48157673600,2019,6782,5200,40,1334,61,154,26,2120,110,1943,207,192,93,2367,2572,23,1992,676,1551,1715
48157673700,2019,2819,1047,791,939,0,103,18,64,6,7,0,6,0,0,4,4,0,4,0,349
48157675000,2019,3207,308,506,2374,19,694,136,176,74,188,111,1075,166,417,1126,185,915,529,1092,584
48157675600,2019,7111,4467,16,2307,159,775,27,1338,58,1280,233,321,199,2117,2530,64,1154,867,2005,1285
48231960400,2019,4727,3302,401,906,15,375,145,804,151,575,432,476,260,1347,1931,56,1359,711,992,1320
48231961200,2019,5516,4171,576,486,35,223,11,1126,72,1039,413,546,141,1239,2276,691,1755,1277,1224,1286
48231960500,2019,3690,2346,832,301,31,188,91,741,225,473,131,1172,354,633,1844,762,1153,953,827,658
48231960800,2019,3372,710,980,1682,0,440,77,135,90,312,243,1549,176,525,1396,310,974,729,965,531
48231960900,2019,5342,2563,616,1768,88,824,193,294,219,344,428,1029,50,650,2183,976,1760,1540,1518,873
48231961600,2019,6359,4940,1,1319,20,423,3,502,180,547,205,962,620,1743,2931,18,1770,1019,1542,1714
48231960600,2019,5006,2335,1144,692,418,656,362,553,182,694,137,1282,125,405,1339,511,1112,860,795,438
48063950200,2019,4899,1985,1208,1604,0,705,19,664,151,445,579,663,256,1014,1956,276,1608,886,1479,966
48195950100,2019,1781,738,0,1027,4,679,151,263,49,246,61,38,213,411,743,53,639,206,521,281
48195950300,2019,3739,2111,5,1623,0,856,296,248,58,521,0,909,298,884,1606,123,1575,538,1123,852
48187210801,2019,4973,3137,154,1635,0,81,0,890,68,656,354,566,312,1581,2410,283,1551,967,1250,1593
48201412100,2019,2836,1103,424,459,698,542,340,86,82,460,9,0,0,0,0,0,0,0,45,8
48201412300,2019,7063,5423,0,389,850,1448,291,4362,127,2406,26,128,83,2305,2610,0,1594,1022,2151,1753
48201413300,2019,7833,4480,1290,704,1120,2159,640,4113,207,3001,78,796,475,1718,3792,1681,2517,2089,1694,1351
48201422000,2019,2556,1709,150,261,390,317,30,1229,85,846,96,52,108,763,1053,64,1037,367,605,651
48201431600,2019,2954,2617,25,246,55,263,34,1987,17,1028,31,58,220,1194,1607,440,1189,681,349,1361
48201432200,2019,4494,1541,755,1917,129,1672,873,1696,164,1102,114,356,202,769,2265,1405,1810,1359,811,766
48201450100,2019,2023,1353,15,437,218,387,65,912,53,608,129,108,56,602,767,130,690,412,632,353
48201451300,2019,7329,3584,1270,1561,719,2320,806,2952,313,2024,348,736,254,1977,3305,1045,2868,1503,1338,1824
48201451700,2019,3862,703,1706,694,598,1066,355,928,65,766,105,838,182,739,1878,883,926,1246,806,722
48201452500,2019,7684,475,1509,3531,2056,4150,1303,899,179,730,318,1094,483,938,2895,1457,2198,1274,2019,1280
48201454100,2019,3784,566,1132,1254,786,1343,386,663,37,394,196,121,42,623,1160,321,1013,593,860,626
48201454200,2019,4453,694,1188,2418,153,1359,294,659,142,572,119,218,62,1003,1235,0,1201,492,1034,747
48201454900,2019,12205,5526,722,2984,2673,4216,1581,4084,362,3148,491,569,177,2718,3892,781,219,1735,3496,1604
48201510400,2019,3870,2856,142,611,124,470,165,2067,62,1597,126,232,194,947,2197,837,1287,1421,792,632
48201511600,2019,3542,1116,106,2166,78,828,134,959,78,887,245,583,199,909,1695,248,1329,885,529,615
48201520200,2019,3363,2016,426,673,179,698,110,1393,79,905,166,189,149,767,1549,715,957,757,729,694
48201521500,2019,5621,1591,96,3773,100,2273,608,885,87,892,317,1055,130,1161,1987,639,1805,885,1340,842
48201521600,2019,3544,361,534,2616,22,1324,77,304,176,182,149,485,90,761,1086,9,561,236,855,535
48201530300,2019,2382,159,1270,944,9,422,13,237,104,164,28,988,266,433,1213,86,989,411,588,496
48201530400,2019,2932,58,1230,1644,0,679,20,136,195,132,100,758,115,572,1089,262,1043,457,744,581
48201530600,2019,3627,480,576,2479,66,868,216,460,100,351,133,1594,203,550,1426,455,1024,794,1160,495
48201531300,2019,5967,1561,713,3550,0,1707,583,827,359,756,307,2139,148,534,2531,1895,2210,1715,1651,781
48201540200,2019,2522,524,338,1485,148,1021,159,284,30,291,166,190,106,471,1031,472,904,546,610,556
48201531200,2019,3471,1642,261,1483,85,678,51,1061,110,905,258,537,170,742,1615,571,1500,951,611,626
48201534100,2019,7952,1046,879,4567,1380,2718,378,1120,308,915,416,1651,152,1577,2272,54,1307,782,2211,1298
48201540700,2019,6924,2564,399,2894,845,2437,234,1483,109,1386,303,385,122,1849,2383,0,1105,871,1700,1289
48341950100,2019,2212,1038,0,1090,28,467,76,226,69,254,189,275,157,571,937,33,700,372,688,415
48341950200,2019,6764,1746,329,4182,481,2179,510,416,53,484,1200,570,486,1315,2627,508,1490,1145,1970,1040
48341950400,2019,4623,1069,82,2946,401,1467,482,256,85,374,620,937,467,814,1878,327,1553,834,1569,687
48349970100,2019,4045,2206,76,1740,0,673,45,243,94,398,265,485,212,1044,1452,13,616,485,1208,702
48349970800,2019,1965,739,272,753,160,591,235,150,107,137,157,584,115,294,645,178,513,261,495,263
48349970300,2019,8304,4700,812,2278,308,1016,70,1077,297,1485,503,1531,361,1838,3400,305,2627,1587,2144,1708
48349970500,2019,3929,1913,442,1276,276,737,35,500,133,477,307,265,266,823,1756,468,1505,770,991,945
48187210200,2019,4404,537,590,3131,2,461,154,200,60,357,459,927,233,901,1746,235,1539,641,892,944
48187210603,2019,2018,1011,77,914,4,137,13,301,36,238,98,193,62,599,811,25,523,230,421,510
48187210902,2019,4635,2566,399,1504,118,402,50,756,133,664,408,440,237,1412,2090,378,680,1019,849,1120
48187210300,2019,6390,1724,346,4212,44,273,82,358,87,375,538,1940,183,965,2333,854,1857,1249,1777,1190
48113002702,2019,1756,52,1350,354,0,193,62,70,102,104,31,404,208,224,836,193,598,384,364,341
48113005200,2019,4806,539,225,3934,0,1634,310,448,239,360,176,715,179,911,1514,141,1418,530,1236,810
48201322900,2019,4094,308,0,3786,0,1740,169,51,136,157,214,367,184,692,1263,124,1179,423,1310,491
48201323100,2019,4066,231,299,3517,19,1000,168,141,140,218,180,1067,91,223,1260,840,1132,891,1590,486
48201332800,2019,5011,228,651,4132,0,2154,397,102,249,198,223,1495,128,384,1601,1010,1500,954,1564,713
48201322800,2019,6996,704,0,6206,62,2434,197,155,200,373,312,1181,131,1170,1822,65,1799,567,2159,802
48201330900,2019,13284,985,6334,5426,315,2383,457,2722,650,2602,675,2496,197,2542,4507,1061,833,2873,4135,1311
48201332500,2019,2949,164,1238,1541,0,537,19,289,129,158,54,514,78,870,1119,57,1058,202,569,908
48201341100,2019,4268,1695,685,1488,248,952,431,864,106,846,167,483,266,219,2072,1757,1258,1610,706,451
48113013609,2019,3902,1664,327,1827,17,962,239,1023,110,717,141,553,109,476,1324,658,1258,822,1387,407
48113012702,2019,3437,839,227,2359,0,1001,69,322,56,251,58,525,42,718,1104,46,1049,425,953,472
48113013005,2019,3682,3060,79,374,109,284,80,1922,16,1347,86,56,125,1313,1781,305,1440,875,795,948
48113013008,2019,3918,2350,353,639,475,766,559,1414,55,1075,124,398,35,934,1448,475,1346,730,1242,833
48113013400,2019,2044,1649,36,134,183,154,35,1156,8,685,46,23,58,697,812,0,678,294,540,586
48113013610,2019,5301,2189,231,2358,63,1130,81,1703,115,1340,138,381,81,1180,1865,539,1442,895,1324,918
48113013611,2019,2709,1992,167,147,241,310,23,1497,25,1028,95,67,189,821,1556,597,783,752,180,1392
48113013615,2019,6098,749,1761,3298,103,2048,502,790,111,789,127,1570,322,192,2800,2584,2629,2005,1791,702
48113017004,2019,10505,2278,559,7505,0,3938,524,143,134,545,621,2518,165,1733,2932,64,869,1878,3948,761
48113017301,2019,5821,1323,1491,3007,0,1191,176,331,209,569,269,1149,207,1229,1742,138,1089,783,2105,577
48113017811,2019,4192,1737,822,1189,293,736,14,761,41,789,186,291,163,1033,1596,181,1445,668,948,1054
48113017814,2019,5589,1715,1307,1591,861,1441,432,1174,110,1186,92,261,63,1118,1930,549,1218,1008,1416,1090
48113017900,2019,5527,1045,637,3725,28,1574,46,263,77,363,92,772,133,931,1550,137,1397,648,2114,666
48113015600,2019,5843,383,198,5085,141,2258,407,143,126,305,385,1137,63,907,1552,183,1400,545,2032,680
48113016301,2019,6983,712,870,4807,579,2179,117,643,193,973,525,735,81,1504,2012,15,1068,711,2028,763
48113016407,2019,8148,1323,1476,5133,53,1472,232,381,145,854,601,665,28,1397,2282,713,2103,981,2633,861
48113016607,2019,3786,59,3285,268,45,182,37,198,84,302,135,1272,216,0,2263,2224,1796,1828,1230,319
48113017304,2019,10003,2590,2687,3703,692,2348,252,1425,338,1655,324,406,77,2419,2818,0,440,1194,2886,1286
48231961300,2019,7011,4991,600,1012,68,560,88,1061,137,1136,327,888,193,1546,2883,865,1958,1465,1666,1519
48231960100,2019,2910,2014,215,518,128,252,113,392,50,347,165,536,331,673,1236,183,601,498,601,491
48365950100,2019,4414,3056,1212,134,0,53,13,287,68,454,63,732,522,1412,2245,0,1276,777,868,1238
48365950300,2019,3965,2974,433,531,0,228,20,448,56,361,164,418,415,1273,1960,0,1059,534,978,1149
48365950500,2019,2704,2281,267,151,0,90,20,350,24,424,73,334,569,916,1631,0,884,439,591,836
48365950400,2019,6408,4089,1612,654,17,195,39,894,219,972,82,874,543,1480,2857,507,2337,1078,1586,1507
48365950200,2019,3447,2642,393,327,0,141,0,252,90,318,116,632,305,900,1528,38,918,521,945,812
48365950600,2019,2389,2029,115,237,0,169,0,311,40,331,76,363,289,645,1059,0,606,336,536,472
48389950200,2019,3074,416,16,2573,69,446,8,125,158,191,105,601,198,518,930,88,873,232,528,807
48389950300,2019,1937,309,10,1609,9,50,0,105,15,111,77,149,235,380,718,13,683,192,569,367
48389950100,2019,4295,841,56,3320,45,2000,617,384,173,264,132,696,240,467,857,55,612,257,683,410
48389950400,2019,4844,1563,126,3049,102,257,59,496,157,680,39,459,251,888,1512,321,1266,493,1392,881
48389950500,2019,1342,322,0,1020,0,150,0,181,80,183,0,128,199,296,624,30,559,155,263,254
48403950200,2019,3081,2685,202,84,0,29,0,256,130,248,61,771,647,1052,1891,69,1380,376,670,787
48403950100,2019,2599,2387,138,29,7,3,13,451,89,281,26,548,973,913,1967,17,1492,422,557,853
48403950300,2019,4791,3884,251,364,30,98,0,687,79,237,61,757,2375,1839,4448,128,2559,991,736,2301
48421950200,2019,3059,1635,35,1364,0,526,77,312,14,415,61,448,397,740,1416,44,1239,400,690,656
48437950300,2019,4192,1636,297,2157,17,783,281,372,97,517,27,1445,351,1022,1874,209,1758,756,1262,1030
48437950400,2019,1280,592,25,643,0,175,18,138,55,137,54,125,170,357,621,10,568,155,260,289
48437950200,2019,1960,1204,116,472,0,109,24,256,19,167,66,136,170,399,701,13,576,213,353,378
48231960200,2019,2653,2367,212,61,0,51,0,199,104,279,168,377,215,683,1074,87,715,296,625,707
48231961000,2019,4970,2570,1153,1116,0,402,48,422,84,461,256,1026,124,906,1758,343,1413,954,1488,898
48231961100,2019,7293,6059,234,592,168,385,111,1619,184,1469,711,851,463,2264,3046,55,1802,1046,1423,2187
48231961400,2019,9728,8000,121,1375,84,521,69,1109,74,2061,446,717,219,2618,3419,107,1043,1904,2837,1613
48231961700,2019,2715,2434,0,175,5,10,20,199,50,308,101,281,252,912,1369,0,897,546,533,811
48231960300,2019,4197,3455,73,582,1,255,53,587,60,679,282,540,225,1311,1747,35,925,661,990,1060
48339694102,2019,5474,3309,183,1627,0,784,123,417,70,574,308,164,267,1688,2216,54,957,878,1546,1037
48339694201,2019,7885,4871,20,2835,0,1249,58,687,225,925,181,1134,531,2061,3486,171,1487,1366,1617,2014
48339694202,2019,12609,10880,193,1093,371,567,108,2787,226,2132,399,796,314,4369,5379,256,2131,2366,2594,4245
48061010402,2019,8173,1585,55,6499,29,1347,164,1112,192,957,99,2003,401,1956,3026,126,1465,1327,2567,2042
48061012402,2019,5752,834,0,4800,0,1170,145,584,67,729,130,1624,221,971,1836,531,803,791,1974,835
48061013207,2019,5112,214,0,4898,0,1294,328,347,107,381,385,2283,272,759,1516,273,574,576,2093,689
48061011600,2019,6112,130,12,5945,11,962,187,334,155,469,31,2225,246,1415,2113,238,1598,590,1681,1349
48061014002,2019,2311,113,1,2184,4,870,196,62,46,89,30,1238,184,128,835,360,642,413,781,481
48061012200,2019,10755,611,115,10011,0,2989,213,1223,148,1242,213,2759,448,2735,3488,77,1459,849,3474,1257
48061012900,2019,4743,657,55,4018,0,1318,227,859,213,499,64,1705,279,884,1876,625,1323,954,1141,1321
48061011301,2019,1408,472,10,926,0,183,60,255,29,258,50,277,185,284,703,333,665,281,418,224
48061012609,2019,7002,296,0,6706,0,2034,67,309,249,380,282,2716,221,1166,2029,207,577,693,2162,764
48121020303,2019,15022,12558,296,1512,496,1528,128,5524,193,4108,798,931,188,4562,5262,0,1255,2991,3922,2842
48121020403,2019,3739,3033,144,374,148,169,40,1201,68,1005,90,847,214,721,1730,361,1623,850,571,664
48113014307,2019,4226,1595,665,1581,322,1041,265,1623,117,1225,171,159,98,910,1865,984,1691,1142,813,892
48113014407,2019,5461,496,1096,3252,500,2084,594,630,246,611,148,684,204,474,2120,1628,1117,1583,1752,389
48113014901,2019,1453,137,52,1170,82,725,208,168,17,104,76,278,14,208,370,100,329,185,485,224
48113015304,2019,3946,699,135,2873,207,1559,159,278,103,207,133,768,39,959,1219,30,723,468,1211,539
48113016406,2019,5458,710,711,3590,286,1435,317,473,142,421,215,929,66,759,1685,495,1463,858,1830,628
48113016509,2019,5431,1908,1766,1671,25,621,27,1091,41,828,144,349,142,1403,2020,208,1623,785,1063,1425
48113018128,2019,6320,1325,1799,2696,238,1231,206,660,85,753,129,643,109,759,2021,756,1583,1186,2307,675
48113014119,2019,4663,2963,174,635,639,664,88,1948,100,1504,303,120,30,1341,1700,66,1392,743,1284,1066
48113013004,2019,6867,6069,298,307,75,329,84,3060,21,2030,205,309,84,2030,2634,432,2035,1093,1946,1562
48113015404,2019,5296,722,1080,3363,65,1288,51,199,92,221,360,1599,91,376,1608,972,1159,1152,1876,489
48113016519,2019,2364,846,293,1175,20,391,29,435,24,317,74,209,34,630,808,0,746,318,662,747
48141001001,2019,3097,149,10,2885,29,850,42,247,83,302,63,294,102,747,1266,116,1119,451,834,798
48141001301,2019,4052,1404,65,2295,111,531,16,1262,38,881,97,273,134,1022,1511,299,1254,668,1125,874
48141000106,2019,5897,1372,875,3281,319,772,11,868,83,1006,136,258,159,1788,2205,36,1636,549,1436,1187
48141000107,2019,5161,826,372,3828,72,1191,186,451,63,550,227,1147,199,1127,1874,130,1747,665,1433,938
48141000204,2019,5771,1136,401,4003,39,902,34,534,161,536,94,1165,70,1056,1885,322,1753,761,1566,915
48141000401,2019,5936,1544,419,3606,236,867,73,1473,158,1073,48,294,347,1371,2590,680,2297,1100,1431,1546
48141000403,2019,3391,351,166,2800,25,621,60,340,182,441,114,626,48,589,1229,260,1007,734,975,505
48141001111,2019,4801,1202,146,3252,182,1438,689,1939,192,1570,221,959,568,494,2820,2205,1962,1816,859,489
48141003602,2019,2588,51,27,2483,0,768,21,58,91,172,51,895,112,355,1008,423,948,432,686,626
48141004104,2019,6417,177,8,6161,0,1749,48,569,97,568,129,1548,198,1425,2180,346,1841,654,1555,1594
48141004316,2019,6268,618,6,5570,42,1468,235,904,165,998,222,733,86,1098,2316,899,1393,1115,1499,866
48141010307,2019,6332,469,25,5767,36,998,116,1147,281,1156,183,1215,164,1236,2270,777,2062,865,1480,1440
48141000205,2019,4411,600,380,3404,27,886,91,367,168,307,72,1760,296,483,1857,973,1426,1100,1424,774
48141001700,2019,1322,81,58,1142,13,580,404,53,21,12,40,303,88,9,331,267,315,182,117,138
48141002500,2019,5347,486,92,4536,0,1922,334,893,75,856,76,1253,256,1304,2321,221,2264,691,932,1657
48141001107,2019,6770,1588,59,4874,177,1917,371,2474,115,1638,148,206,217,1616,2618,446,1889,1040,1374,1628
48141001109,2019,5064,1705,77,3155,74,971,238,1947,153,1052,142,394,133,1581,1895,104,1398,758,1172,1366
48141001112,2019,4249,1161,0,3023,49,861,185,1330,135,965,148,651,172,930,1815,520,1514,761,976,912
48141002600,2019,2776,47,22,2700,0,719,85,182,275,183,134,549,177,581,1067,183,965,267,534,730
48141003000,2019,3274,20,0,3251,0,1200,233,154,163,139,32,1343,159,448,1247,485,1160,532,757,943
48141003300,2019,5433,382,0,5034,0,1466,264,773,80,805,89,907,352,1317,2269,638,2203,540,995,1365
48141003501,2019,3442,289,0,3140,0,829,192,503,127,290,110,992,75,527,1105,343,991,529,778,899
48141003701,2019,4665,200,72,4383,10,1289,267,348,179,297,204,899,87,778,1499,317,1460,526,1124,1254
48141003902,2019,2511,29,57,2260,0,456,22,213,125,153,10,771,87,584,891,75,694,249,609,588
48141004103,2019,7347,267,20,7030,0,2117,342,425,212,489,356,2457,125,1325,2508,882,1375,1118,2176,1471
48141003200,2019,2454,29,0,2425,0,972,132,91,102,138,68,948,96,490,975,202,912,347,521,638
48141001501,2019,5712,1371,20,3964,346,1268,313,1772,132,1200,226,1048,286,1184,2411,1026,2115,1172,1373,1189
48141002000,2019,2581,40,0,2526,15,972,220,58,191,102,40,1232,46,172,990,730,669,630,753,658
48141002201,2019,3385,426,107,2712,102,1035,341,586,132,512,111,860,121,508,1333,563,1259,499,539,983
48141004003,2019,8116,69,40,8007,0,2650,563,544,212,693,321,2039,171,1127,2655,932,1399,1229,2300,1433
48141004004,2019,5374,274,16,5084,0,1673,115,303,186,442,222,1327,59,1150,1682,246,1276,480,1272,1528
48141004107,2019,1593,99,0,1494,0,345,28,162,54,156,54,106,18,377,463,0,457,110,412,397
48141004202,2019,5366,149,136,5013,16,1164,203,294,54,394,156,962,125,1107,2102,684,1989,918,1056,1292
48121020602,2019,10939,4626,1302,4665,144,1656,257,1533,342,2153,481,1847,219,1838,3754,889,2026,2090,2973,1094
48121020700,2019,2816,1828,188,526,217,315,168,754,69,702,95,913,344,200,1822,1382,1553,1245,190,370
48121021301,2019,4310,2151,725,748,589,905,616,838,260,924,184,2083,289,17,2006,1878,966,1655,199,50
48121021611,2019,4626,2008,567,1249,721,909,117,1281,95,1140,162,588,66,1256,1790,357,1421,933,991,794
48121021616,2019,4751,1426,1470,1536,263,1516,609,1230,116,843,160,865,147,771,2257,1398,1881,1496,1143,538
48121021615,2019,5026,1508,181,2943,371,1744,262,864,131,782,220,263,9,1319,1539,0,1482,540,1162,762
48121021502,2019,4891,1983,557,2270,15,900,237,732,147,804,258,717,92,749,1727,791,1093,1047,1394,632
48215020302,2019,9856,623,0,9132,0,1681,414,2202,400,1572,53,1788,300,2265,3441,590,1831,1434,3012,1502
48215020403,2019,5098,313,0,4785,0,1267,206,406,206,418,56,1549,224,887,1899,505,1064,799,1505,1075
48215020404,2019,5420,1619,0,3801,0,1444,628,892,74,466,75,1142,1223,1664,3591,537,1487,1379,1358,2243
48215020504,2019,7746,25,0,7505,216,3456,932,1160,103,550,324,3452,375,1522,2713,461,1422,1025,2387,1953
48215020803,2019,4938,884,11,3982,23,890,239,1373,148,1187,146,855,98,1213,1860,428,1427,773,1121,1035
48215020725,2019,4326,135,0,4181,10,1215,109,401,337,304,38,1057,59,858,1392,244,1084,624,1113,870
48215020726,2019,7679,775,0,6888,0,2016,487,1380,234,1030,242,2294,224,1343,2539,916,807,1396,2572,1063
48215020804,2019,4800,595,0,4130,65,1209,454,856,269,687,59,1282,116,508,1771,1021,1568,1140,1357,640
48491020110,2019,5949,4980,57,778,41,205,62,2244,102,1593,243,180,25,1839,2131,185,626,1289,1250,1442
48491020111,2019,3443,2674,44,711,6,323,76,865,54,563,134,382,15,937,1338,154,695,664,610,1336
48491020112,2019,5258,3942,205,963,23,306,177,2014,97,1376,88,200,128,1463,1834,147,469,1073,1182,1248
48355003402,2019,6374,2202,92,4080,0,260,0,894,466,832,138,1313,187,1520,2430,594,2212,1012,1530,1912
48355003601,2019,6230,2416,56,3474,197,537,112,723,303,730,255,787,265,1129,2348,908,1754,1346,1509,965
48355005602,2019,6788,226,0,6562,0,301,144,269,447,531,176,3082,356,1147,2418,242,1985,655,2564,1185
48355005801,2019,7022,4303,68,2629,22,279,36,1515,67,1472,285,301,164,1812,2559,268,1258,1404,2076,1434
48355001500,2019,4884,406,440,4038,0,561,0,198,213,262,98,1859,151,811,2010,888,1818,940,1187,1301
48355002301,2019,4296,726,95,3462,13,238,12,229,161,305,106,630,124,1053,1536,10,1508,478,879,907
48355002500,2019,4065,2205,31,1633,196,309,112,1188,37,948,161,451,480,1062,2089,555,1987,790,766,1204
48175960100,2019,4344,2680,254,1392,0,125,7,470,101,683,248,596,519,1253,2100,63,1199,663,889,1225
48175960200,2019,3221,1728,118,1320,55,212,10,448,61,397,96,384,525,929,1671,45,968,431,749,1011
48193950100,2019,2616,2078,28,460,0,219,167,313,19,306,67,415,603,705,1478,34,1036,369,565,693
48193950300,2019,3471,2972,13,447,0,119,0,487,35,469,57,867,380,995,1662,117,1230,563,786,1061
48193950200,2019,2245,1953,25,155,0,46,0,529,17,290,68,120,570,747,1402,7,905,249,380,863
48197950100,2019,3945,2828,232,749,0,291,140,378,142,524,153,544,748,1084,2344,192,2107,657,820,1131
48335950200,2019,6680,2593,767,3087,37,413,72,438,85,657,30,539,959,1281,2652,164,2530,800,1231,1149
48449950500,2019,2696,590,128,1942,11,956,131,243,49,203,366,394,112,467,880,83,653,351,777,289
48449950700,2019,1500,205,394,828,29,451,88,40,4,103,206,459,46,300,480,62,306,195,443,288
48449950300,2019,9247,4730,522,3689,201,1749,375,1133,107,929,963,2335,321,2078,3284,242,1583,1666,2865,1992
48449950400,2019,5521,4031,214,1155,46,490,21,711,250,678,534,541,340,1558,2272,82,944,845,1378,1303
48449950800,2019,4356,1450,578,2061,0,823,264,517,109,453,327,735,115,910,1707,333,1247,802,1386,707
48449950100,2019,2146,1394,229,516,0,221,14,196,85,157,124,340,126,674,983,75,615,318,478,597
48449950200,2019,2683,1215,79,1354,16,698,62,257,41,232,272,411,247,804,1253,9,584,401,733,621
48355003500,2019,2088,348,20,1705,15,156,0,114,57,240,115,296,96,446,829,57,668,302,582,477
48355003603,2019,5047,1697,115,3194,0,111,19,525,134,793,221,768,95,1221,1676,152,807,942,1729,808
48355003700,2019,3383,969,0,2395,0,485,12,277,77,427,68,404,112,845,1326,311,855,535,850,778
48355003401,2019,4292,970,146,2988,0,268,0,641,220,693,139,889,189,732,1678,709,1454,803,956,914
48355005102,2019,3925,3295,46,341,62,162,38,1203,74,880,99,452,2744,1147,4674,1969,2854,1027,514,1095
48355001000,2019,3477,258,136,3083,0,778,307,72,103,186,13,977,202,513,1455,446,1136,697,883,557
48355001400,2019,4808,2074,21,2536,22,306,46,1746,37,1074,163,637,502,1023,2467,934,2221,1248,1098,1051
48355000700,2019,4499,752,141,3593,13,454,76,264,55,269,127,1083,264,683,1989,732,1216,922,1344,1049
48355001602,2019,3498,129,0,3298,0,682,221,139,115,163,32,496,292,656,1500,5,1353,428,681,899
48201552102,2019,6166,3276,470,1670,750,1622,328,1512,163,1080,357,69,0,1766,2179,130,1084,745,1208,1591
48201552001,2019,8955,3405,1516,2469,1357,1677,269,2284,224,1977,588,1352,71,1912,3814,1542,1627,2291,2123,1893
48201552101,2019,4324,1494,750,1565,403,1120,454,798,160,667,415,376,102,536,1631,844,646,1098,1007,391
48201552103,2019,3136,1567,523,775,222,625,120,624,48,635,182,187,60,777,1195,274,622,531,727,739
48201552301,2019,4307,2692,617,772,169,586,233,755,154,711,167,206,70,1192,1632,242,1141,648,1088,1014
48201552302,2019,4235,2162,828,631,408,765,523,1453,57,1163,178,391,388,843,2246,1173,1527,1177,845,644
48201552601,2019,6479,1485,2966,1008,883,1186,346,1129,263,902,325,1446,76,498,2441,1738,377,1893,2046,752
48201552602,2019,6648,3556,983,1246,812,1471,529,2251,221,2308,262,392,393,1302,3339,1796,711,1977,1323,1003
48201553001,2019,5833,2443,1130,1574,510,945,278,1423,178,1303,244,558,179,1503,2320,416,1712,1220,921,1228
48201553002,2019,4813,1326,890,2093,437,1568,471,1279,181,955,160,498,130,1240,1806,437,1197,954,836,1083
48201553401,2019,4090,2975,254,585,170,481,50,1332,79,925,179,134,105,1300,1567,0,993,553,953,936
48201553402,2019,9127,4733,1414,2273,532,1073,286,2676,536,2569,469,1491,103,2320,3289,548,962,1735,2295,1499
48201553403,2019,7843,3798,723,2031,1177,1610,579,2240,37,2194,323,217,119,1919,2643,385,247,1279,2046,1303
48201553802,2019,10168,4593,1157,2893,1366,2443,454,2179,191,2156,443,1110,343,2122,3849,1166,2095,2081,2597,1950
48201554001,2019,3387,1739,279,1056,279,622,105,868,65,719,166,98,245,564,1573,881,784,813,813,858
48113014206,2019,6681,2409,2273,1116,809,1436,395,3356,310,2912,293,217,747,225,4652,4488,738,3783,674,265
48113014311,2019,5639,301,643,802,3805,3621,2453,2627,62,1835,94,244,139,72,2220,2140,1463,1795,1640,128
48113009303,2019,4224,159,606,3443,0,1481,70,107,13,287,27,554,102,798,1176,0,1095,390,1328,601
48113010000,2019,10393,2757,4510,2428,243,973,190,2112,221,1833,377,1064,308,215,2927,2590,739,2247,589,1025
48113010101,2019,4657,347,1907,2391,12,1509,121,48,159,197,217,1303,267,725,1591,285,891,696,1250,692
48029160702,2019,5544,274,90,5093,5,512,100,207,238,175,147,1842,290,660,2187,1110,1708,1050,1449,968
48029161600,2019,4880,606,306,3866,102,609,199,296,83,294,111,1007,95,636,1312,337,1074,596,1586,654
48029170200,2019,5599,49,10,5537,3,1292,181,115,321,217,49,2240,234,784,1856,493,1613,697,1487,1042
48029131601,2019,5645,2026,1092,1779,173,478,245,1317,127,1108,116,214,223,1356,1737,0,282,1181,1856,517
48029131700,2019,1129,770,44,208,56,64,50,367,35,72,3,15,29,3,293,39,272,258,505,27
48029141200,2019,7628,989,133,6484,1,897,46,549,48,589,202,2426,136,1539,2563,564,2391,1208,2401,1464
48029150100,2019,5588,494,9,4920,30,828,183,704,219,793,204,1080,309,910,2249,576,1753,1103,1180,931
48029150600,2019,4959,574,0,4370,0,823,128,62,239,148,115,1536,54,950,1475,151,1323,605,1557,767
48029151100,2019,8115,743,46,7316,0,1277,118,176,83,630,215,2277,0,1449,2172,126,1978,781,2237,1725
48029151400,2019,5501,357,46,5098,0,990,219,184,238,282,180,1323,82,654,1428,400,1304,623,1316,988
48029172002,2019,18624,4698,2523,10224,361,1269,577,3539,385,3194,431,826,574,3834,5664,868,671,4006,6360,1944
48113010803,2019,8368,1585,2860,3858,63,2187,737,1547,421,1208,473,1308,266,1653,2978,994,2715,1299,1857,1672
48113011002,2019,3392,169,2411,799,0,102,57,452,108,439,19,825,120,1032,1364,0,1262,208,662,1051
48113011101,2019,4736,600,3363,773,0,210,0,1020,138,875,115,535,94,1280,1750,92,1430,439,1047,1523
48113011105,2019,4929,66,2861,1950,0,870,293,205,38,365,120,1449,116,338,1783,1138,1535,1249,1307,748
48113011601,2019,4866,198,2565,2098,0,914,359,233,165,240,134,1488,249,665,1704,697,1418,866,1306,887
48113012208,2019,2654,132,976,1497,0,796,258,76,91,103,31,997,94,0,1216,1201,940,989,842,334
48113012211,2019,4553,514,1798,2115,9,1144,407,255,79,277,217,946,248,344,2085,1631,1854,1299,1388,597
48113012400,2019,5447,2636,85,2542,0,1314,150,1121,133,1015,345,382,160,1665,2285,154,2034,833,1012,1051
48113012900,2019,4489,3327,81,860,14,300,26,2202,17,1658,89,294,149,1738,2343,320,2178,1184,804,1200
48113013009,2019,5026,2480,1418,956,120,539,94,1646,54,1192,114,425,158,964,1951,961,1775,1002,1579,834
48113013200,2019,7556,5073,710,1374,351,1105,392,3697,156,2502,142,424,695,1690,4560,2751,1752,2805,1079,2525
48113011300,2019,5201,115,4393,679,0,339,0,713,188,404,57,1208,120,1282,2194,177,1737,793,909,1455
48113012209,2019,2561,1456,490,546,69,244,40,948,46,705,49,262,196,603,1282,503,1077,637,396,545
48113012800,2019,8153,4112,445,3299,30,1267,193,2773,63,1920,318,601,35,2332,3275,461,3149,1691,1915,1913
48113013725,2019,4090,1045,1112,1726,170,1085,353,838,89,710,292,740,113,156,2023,1853,1691,1615,1003,533
48113013804,2019,3998,1588,166,1994,27,672,56,910,28,675,130,252,129,1026,1467,228,1388,472,1007,833
48113014116,2019,5367,1131,1724,1088,1366,2385,955,950,143,795,227,853,120,147,2114,1937,1663,1761,1589,247
48113014120,2019,5059,3456,45,580,867,982,264,2246,45,1569,302,77,116,1653,1944,0,1307,762,1357,1164
48221160209,2019,8406,7150,0,854,250,296,79,1622,104,1551,221,606,276,2432,3233,99,1031,1700,1972,2145
48221160210,2019,6041,5673,0,93,63,144,0,2122,89,1243,145,207,46,2389,2550,46,774,1018,705,3303
48221160301,2019,5395,4712,0,514,0,21,10,900,82,879,170,425,385,1375,2589,611,1146,1267,1094,1502
48221160302,2019,3780,3243,4,362,10,19,2,482,54,323,85,386,388,1111,1736,36,1029,613,879,937
48231961501,2019,3467,2714,6,704,0,174,0,698,52,753,209,186,120,1061,1260,25,499,438,670,934
48231961502,2019,5601,4467,96,910,42,239,35,687,53,933,344,629,162,1500,1857,0,594,802,1601,983
48231961503,2019,4163,3473,49,543,34,125,2,399,93,481,233,783,180,1157,1765,167,962,759,935,1264
48223950401,2019,4377,2969,487,868,9,253,22,580,120,832,327,774,97,803,1737,405,1558,950,1181,684
48223950402,2019,4245,3766,87,281,35,78,19,709,176,541,202,341,233,900,1900,488,1302,978,1027,1031
48229950300,2019,4415,766,72,3435,34,1715,593,314,82,148,84,886,601,703,1579,5,1040,350,1083,952
48227950801,2019,4634,2276,403,1621,81,225,42,633,109,736,105,696,158,912,1706,478,1431,990,1247,867
48227950802,2019,5565,1215,411,3744,57,2793,993,238,110,229,64,241,178,322,804,43,758,383,428,478
48237950500,2019,2571,2323,4,219,9,45,7,148,59,240,63,328,380,874,1485,45,909,484,513,677
48245000307,2019,4066,2257,982,582,129,610,257,1183,42,1250,525,203,126,542,2157,1377,629,1622,629,659
48245000308,2019,7406,3622,2697,797,272,775,237,1833,97,1319,516,1021,173,1242,3561,2179,2064,2310,1629,1468
48245000309,2019,2937,1241,1037,356,245,332,42,589,0,655,132,380,101,894,1343,332,867,676,733,780
48245000310,2019,5642,2726,1511,840,525,250,164,1475,179,1109,309,506,261,1196,2419,842,1802,1071,1421,1468
48355005414,2019,3051,787,105,1727,327,398,110,849,78,689,114,118,43,809,1207,326,224,773,863,424
48355005415,2019,6174,2149,272,3307,391,499,175,1173,86,1308,183,422,177,1341,2282,783,265,1477,1869,977
48439121601,2019,7488,4480,862,1833,110,973,244,2280,169,1659,273,1426,109,1894,3007,481,2352,1566,1599,1686
48439121609,2019,5975,4074,732,369,578,580,148,2426,94,1636,144,105,129,1811,2276,202,1695,657,1313,1609
48439122500,2019,4205,3086,513,554,37,296,89,1092,101,873,264,503,134,1080,1914,497,1582,853,813,1088
48439100300,2019,5750,235,1015,4494,0,1722,183,146,170,262,252,1375,79,824,1704,409,1081,787,2086,827
48439100700,2019,5291,1655,45,3444,18,1388,356,318,134,345,377,957,107,914,1877,319,1558,989,1421,769
48439102302,2019,5601,2346,534,2416,21,827,310,482,351,499,301,1096,314,1009,2165,255,2079,953,1574,713
48439106512,2019,4538,1555,2168,529,71,249,101,972,95,777,200,772,246,735,2286,1362,1266,1417,925,809
48439111003,2019,3016,1317,417,1068,78,421,181,519,39,504,138,374,26,843,1002,3,774,440,807,758
48473680300,2019,10627,4514,3117,2821,77,1279,197,1126,150,1293,230,2170,751,1940,4234,885,2355,1900,2732,1801
48473680600,2019,8973,6868,57,2035,13,909,136,1192,167,1090,393,817,268,2322,2988,0,962,1367,2053,1748
48473680500,2019,11609,3774,3832,3792,57,1773,137,1228,319,1475,554,2687,343,2038,4333,961,1948,2314,3438,2249
48473680400,2019,4052,31,3717,215,38,68,23,11,286,188,0,0,0,0,0,0,0,0,41,0
48481741000,2019,3939,1102,513,2284,0,529,24,176,49,374,154,971,243,770,1574,212,1188,646,1274,775
48481740600,2019,4669,1822,460,2334,53,552,152,383,187,417,265,492,322,1125,1820,109,1417,599,1281,1057
48481740300,2019,1334,305,626,338,36,86,19,34,144,125,104,346,197,251,643,0,447,156,330,264
48165950200,2019,10302,7723,29,2443,50,3648,1090,473,257,1015,204,2020,321,2278,3177,201,1450,1476,3842,1051
48165950100,2019,4047,947,112,2988,0,822,101,182,97,409,19,513,200,802,1320,72,956,429,1569,671
48165950300,2019,6357,2823,309,3160,61,943,201,640,117,887,177,610,168,1413,2004,89,1673,793,2045,1005
48183001200,2019,2652,280,1010,1329,18,603,129,115,31,190,103,510,171,481,1004,95,893,403,794,318
48423001101,2019,4009,3120,150,629,55,283,7,1155,98,935,52,433,157,1060,1790,448,1520,963,663,1005
48105950100,2019,3484,1304,24,2156,0,284,0,332,0,456,19,637,465,1001,1819,125,1310,435,846,771
48199030600,2019,4207,4017,0,97,45,45,35,328,123,438,134,556,158,1065,1562,0,744,684,1051,870
48199030900,2019,4478,3990,73,112,30,118,0,343,63,586,291,546,201,1442,1842,9,1084,602,982,1015
48215022900,2019,4136,485,0,3649,0,719,82,379,75,358,91,1077,676,993,2042,154,1154,495,1158,1097
48215023700,2019,5569,125,0,5407,19,1214,123,304,183,491,55,2305,230,630,1765,451,1081,711,2064,614
48215021302,2019,15742,205,0,15537,0,6059,1358,748,294,687,336,5410,133,2704,4161,397,833,1656,5905,1889
48215021401,2019,5983,192,0,5791,0,1827,532,522,234,399,59,2035,246,661,1996,851,1211,1020,2114,859
48215022001,2019,14053,891,0,13129,0,3045,356,1351,425,1566,213,2525,349,2943,3862,165,1165,1407,4551,1772
48215020724,2019,4068,317,28,3317,367,1513,387,957,90,817,152,318,178,971,1379,37,470,439,1015,853
48215020901,2019,5139,1200,152,3276,429,977,225,2162,95,1629,115,531,493,1092,2681,1168,1026,1288,1109,1089
48215021500,2019,4066,0,0,4066,0,1059,91,169,58,275,23,1654,155,633,1197,119,959,480,1333,771
48215021600,2019,4032,120,0,3912,0,1333,210,127,91,199,70,1782,120,712,1378,266,785,614,1177,797
48215023507,2019,10104,211,56,9826,0,2740,44,667,372,653,328,2969,340,1839,2744,183,1136,849,3448,1227
48215020723,2019,5211,210,0,4993,0,2030,251,336,166,259,135,1922,249,724,1879,833,1427,828,1208,1191
48215021201,2019,3041,384,23,2500,113,1186,386,1031,21,685,79,389,154,531,1377,768,973,621,510,940
48215022702,2019,4987,545,0,4303,115,1160,142,404,116,371,58,2028,1018,1056,2715,381,1424,790,1383,1220
48215023000,2019,5776,292,28,5451,0,626,37,477,66,495,44,1999,197,1046,1936,401,1153,720,1963,1150
48215023503,2019,8737,234,0,8496,0,2541,494,399,354,601,17,2982,379,1600,2471,72,678,991,2900,1429
48355001601,2019,5035,60,197,4778,0,865,73,98,109,127,120,1451,259,1153,1867,66,1678,484,1396,1002
48355002703,2019,5724,1725,264,3699,15,388,0,535,127,582,189,796,97,1315,2066,297,1827,785,1547,1124
48493000102,2019,3815,2584,27,1111,0,271,36,463,61,497,107,589,194,1236,1554,0,403,529,1053,848
48493000103,2019,3257,2521,27,555,0,156,38,477,41,459,108,174,157,912,1224,123,477,462,627,909
48493000104,2019,4914,4165,90,498,16,56,0,1048,73,754,183,278,115,1417,1618,5,475,520,1248,963
48493000201,2019,2417,911,16,1473,0,109,0,235,73,257,94,422,128,711,951,0,358,263,555,629
48493000202,2019,2630,1291,6,1301,0,132,11,211,93,275,46,275,116,605,912,3,502,355,688,573
48493000300,2019,6266,2226,73,3882,58,175,58,523,141,784,169,738,300,1260,2252,367,1370,1023,1558,1630
48493000402,2019,3097,1470,32,1541,5,112,0,334,60,369,72,239,116,659,1042,150,406,431,774,657
48029181809,2019,6770,1878,250,4261,183,843,199,921,353,894,176,874,87,1350,2459,466,1703,1460,1555,1056
48029182101,2019,12033,8069,412,2953,229,642,197,4982,118,2807,350,559,198,3727,4353,247,901,2407,2995,3071
48029190601,2019,4514,547,31,3893,43,1733,274,322,61,399,154,617,131,597,1303,132,1221,625,1166,474
48029191004,2019,4732,446,125,3983,124,1354,485,320,155,270,90,1712,101,402,1475,957,1310,819,1392,571
48029181302,2019,6523,2205,542,3534,134,1263,417,1941,257,1758,90,897,186,952,3348,2312,2517,2376,936,1118
48029180902,2019,7969,943,82,6779,0,1920,310,526,235,909,168,2232,156,1638,2695,428,2530,1211,1766,1560
48113001204,2019,2902,216,0,2633,0,1210,135,181,34,235,52,622,73,342,740,41,629,294,958,291
48439111529,2019,4290,2799,135,1062,175,356,76,1098,113,939,204,339,51,1082,1551,278,1054,667,796,1387
48439111534,2019,6447,4149,884,932,133,597,224,1547,98,1361,348,381,68,1737,2343,69,1671,1068,1610,1328
48439111541,2019,3848,977,1485,1033,215,743,356,552,184,648,383,527,99,804,1405,0,1069,616,1210,377
48439111545,2019,2231,1743,114,122,225,211,4,917,33,563,60,303,70,656,957,236,646,327,440,775
48439113108,2019,4657,3502,223,437,309,429,119,1967,72,1377,238,346,0,1588,1763,81,1481,652,936,1362
48439113110,2019,4643,1337,1902,1233,98,554,72,1225,65,801,320,396,479,624,2866,2479,2328,1844,957,593
48439113210,2019,7389,5720,504,782,283,475,30,2212,168,1609,235,373,79,2358,2856,209,1315,1058,1530,2120
48491020113,2019,2958,1916,183,764,15,303,30,701,106,451,117,307,170,400,1065,531,371,522,570,736
48491020114,2019,6815,4777,238,1678,48,420,113,1002,278,1034,258,587,168,972,2684,1429,1438,1438,1702,1593
48491020115,2019,5360,4346,47,749,145,228,42,1928,84,1034,105,229,20,1629,1868,126,112,1441,1394,1643
48491020201,2019,1435,1130,0,288,0,153,0,223,27,256,57,116,88,329,546,32,288,217,362,269
48491020202,2019,5936,5166,104,498,11,199,0,1353,306,1321,320,427,79,1455,1776,74,323,991,1580,707
48491020203,2019,3605,3416,19,69,0,147,15,1975,47,368,46,156,39,1785,1898,26,41,829,73,3053
48491020204,2019,4967,3485,12,1264,0,299,23,894,30,942,150,352,82,1246,1685,18,444,881,1293,1025
48491020311,2019,7122,3474,227,1461,1541,1564,423,2938,173,2556,429,362,270,1137,3293,1802,59,2701,1814,678
48491020312,2019,11353,6196,489,3883,356,1677,120,2023,17,2305,451,299,108,2562,3285,54,550,1754,3363,1268
48491020313,2019,10766,7946,208,1386,880,1151,252,3094,71,3069,481,731,43,2121,3292,722,615,1947,3197,1107
48491020314,2019,9112,5581,339,2702,197,861,103,1529,122,1603,220,192,133,2011,2935,346,266,2118,3084,1129
48491020315,2019,8758,4212,51,1263,3010,2449,657,3612,133,3006,616,51,199,2018,2785,482,39,2132,3125,797
48491020316,2019,5647,3449,206,1128,583,825,356,1946,186,1526,325,341,279,1008,2720,1557,430,1976,1172,874
48491020317,2019,5287,2927,271,1467,509,1102,345,1650,119,1237,193,77,180,763,1936,1042,61,1313,1749,464
48491020318,2019,9083,5737,264,1838,819,1322,348,2990,281,2166,281,417,239,1892,3261,884,835,1810,2109,1379
48491020319,2019,8394,5327,326,1871,465,732,234,2175,222,2245,409,675,33,1801,2331,0,72,1407,2745,784
48491020320,2019,6761,4660,300,1324,197,711,188,2218,263,2146,359,437,0,1996,2491,67,518,1335,1642,834
48491020321,2019,2061,1357,100,527,13,166,56,345,68,378,111,173,39,559,762,20,537,261,498,393
48491020322,2019,9090,6514,225,1918,241,713,151,2592,245,2384,327,761,76,2026,3239,856,1597,1666,2112,1406
48491020323,2019,3887,2545,201,826,102,348,99,750,241,938,162,254,116,577,1245,448,12,823,1182,390
48491020324,2019,10478,7142,533,1641,383,932,347,3005,95,2832,382,161,60,2573,3219,387,146,1906,3020,1523
48491020325,2019,3545,1380,515,1461,130,682,232,329,120,415,225,862,42,478,984,245,162,562,1131,369
48491020326,2019,5934,4289,167,776,573,634,193,2431,56,1928,461,200,134,1561,1967,171,133,882,2044,663
48491020327,2019,2815,1696,14,820,82,270,19,770,24,622,191,308,91,712,1063,88,434,459,613,555
48491020328,2019,7518,5289,342,1780,22,282,45,1704,97,1890,291,218,93,1839,2549,348,123,1449,2013,1287
48491020408,2019,4476,2893,111,928,450,1128,650,1546,216,1291,338,167,222,695,1862,884,846,1161,676,955
48491020409,2019,4967,3059,237,1287,251,549,174,1972,103,1776,268,125,143,1023,2392,1229,958,1648,872,649
48491020410,2019,5415,3416,366,906,591,836,290,2418,75,1937,277,269,93,1265,2521,1089,1301,1347,944,892
48491020411,2019,5226,3372,286,813,571,934,415,2270,97,1853,291,254,53,1230,1861,537,643,1011,1164,793
48491020505,2019,2919,2214,115,337,169,217,66,1189,22,941,171,29,11,851,928,14,225,302,695,728
48491020506,2019,6414,3924,351,1123,926,884,52,2166,171,2023,434,220,190,1591,2197,221,643,990,1694,751
48491020507,2019,2903,1656,100,555,438,396,151,1020,47,801,142,182,0,569,921,282,65,526,906,367
48491020508,2019,5038,2112,175,792,1469,1607,732,1702,168,1519,269,262,187,475,2337,1708,102,1844,1105,509
48499950301,2019,4044,3707,18,296,11,128,8,523,55,529,76,543,304,1253,1789,17,977,471,936,1310
48499950302,2019,5754,4815,23,768,129,359,85,876,72,615,258,558,819,2216,3335,62,1185,1230,687,2326
48499950601,2019,4200,2844,1036,165,8,76,42,407,212,462,191,734,532,1146,2046,131,1256,624,612,1355
48499950602,2019,3843,3541,0,258,0,59,0,990,42,395,49,386,804,1563,2572,111,998,733,464,2136
48505950301,2019,4376,0,0,4376,0,1426,178,167,145,241,87,1846,210,1051,1571,112,923,513,1480,444
48505950302,2019,4529,295,0,4201,0,682,111,388,73,226,29,910,711,1020,2168,281,1294,523,1364,1150
48505950400,2019,5399,363,0,4924,112,1393,209,378,390,536,0,2132,1030,1295,2715,84,1637,665,1952,938
48053960400,2019,5482,4570,128,587,143,277,0,920,23,688,219,608,1114,1869,3249,0,1421,837,1058,2170
48053960100,2019,7452,5531,22,1740,25,261,31,841,182,912,244,604,414,1917,2699,15,993,1112,1817,1699
48053960300,2019,6675,4638,138,1666,34,216,89,872,153,760,114,794,418,1395,2540,436,1659,1299,1414,1427
48053960800,2019,6366,5083,128,857,89,512,27,1581,114,807,106,500,1086,2041,3450,94,1404,852,979,2353
48053960600,2019,3978,3374,0,604,0,245,91,1081,15,658,137,386,392,1413,1926,0,707,696,912,1430
48053960200,2019,2959,2706,0,249,0,57,26,650,15,569,137,200,594,981,1673,5,785,580,593,1029
48113014312,2019,4927,1685,799,842,1479,1741,1104,2349,159,1610,153,385,514,588,2683,1909,1397,1831,941,844
48113016412,2019,4866,1495,1139,1183,783,850,92,1385,56,1262,279,141,0,1490,1591,10,439,703,1269,764
48113016413,2019,6580,1700,1905,1926,676,1037,162,1770,219,1658,520,565,299,1580,2503,707,640,954,1514,1236
48113016520,2019,8125,588,1762,5526,249,2668,363,564,356,567,656,1435,234,1048,2460,740,1358,1204,2884,971
48113016521,2019,7067,1867,3100,1610,312,577,222,1034,308,1283,119,695,166,844,2178,1194,797,1464,1704,474
48113016522,2019,3680,1464,1141,892,88,286,53,746,84,862,207,624,126,723,1431,355,812,838,866,681
48113016523,2019,4795,1793,1357,902,464,746,52,1471,76,1165,138,285,67,1433,1818,56,618,758,1113,1317
48113016621,2019,6199,593,3875,1608,0,548,102,903,242,951,160,891,199,1513,2286,79,581,1237,1967,909
48113016622,2019,4012,567,2145,1212,0,771,129,420,93,548,90,857,20,782,1149,35,641,557,1135,449
48113016623,2019,7124,778,4714,1272,69,552,177,1196,327,1312,271,622,66,1801,2173,14,420,1143,2376,719
48113016624,2019,3327,587,2319,379,0,151,62,503,120,459,48,115,74,710,1153,166,167,568,1099,439
48113016625,2019,10771,909,7146,2424,38,714,199,2147,288,2339,394,1066,159,1995,3276,986,665,1636,3562,1133
48113016626,2019,4771,578,2871,1204,28,429,269,533,253,685,145,828,118,801,1733,486,1207,891,1545,626
48113017605,2019,3773,288,1186,2278,0,905,79,192,71,365,159,954,63,845,1184,73,770,434,1400,458
48113017606,2019,5115,693,1204,3104,39,1643,197,267,95,591,201,710,179,1003,1579,83,1303,566,1643,445
48113018135,2019,3785,1759,323,1274,287,491,183,465,86,740,148,191,97,1037,1414,0,926,758,1015,585
48113018133,2019,4110,2317,864,658,143,365,90,740,211,676,93,169,114,1074,1517,189,1271,644,1002,902
48113018136,2019,8057,5291,678,1230,543,1419,359,2588,75,2250,310,417,25,2770,2910,23,1278,963,1244,2222
48113018134,2019,5342,3136,881,1032,36,530,72,1389,169,1470,339,182,105,1734,2016,9,829,828,1357,806
48113018137,2019,4133,1328,1007,1056,562,1044,146,799,50,861,134,244,104,772,1460,485,778,834,1118,652
48113018138,2019,5134,1470,1818,953,742,943,266,842,248,796,144,849,134,421,2063,1471,1230,1423,1462,473
48113018139,2019,9067,4107,1678,1911,1121,1545,143,1975,286,1950,670,494,35,2479,3070,151,926,1424,2334,1560
48113018140,2019,6376,2921,1237,1324,755,1407,162,1479,269,1440,419,288,68,1689,2084,285,726,676,1384,1150
48113018141,2019,3974,1767,1037,959,33,452,171,485,163,506,177,711,292,289,2035,1790,1738,1432,1052,599
48113018142,2019,3783,1409,782,996,286,716,81,480,110,873,168,312,43,891,1229,34,800,632,1026,587
48113018505,2019,4368,482,2136,1543,146,1542,691,455,159,371,90,1337,188,177,2062,2019,1791,1632,1331,286
48113018506,2019,3709,542,2355,712,67,1405,835,473,133,372,210,1125,276,8,1918,1910,1734,1580,785,176
48113019038,2019,1639,668,449,218,245,348,205,807,23,933,166,113,387,7,1396,1344,74,996,137,119
48355005416,2019,3855,2008,31,1470,262,450,29,1450,23,806,171,202,13,1176,1276,11,179,689,998,870
48355005417,2019,6209,1946,275,3385,515,727,186,1379,59,1427,286,196,171,1634,2145,7,265,1338,2055,602
48355006200,2019,9104,7788,90,1071,124,439,28,3491,41,2926,396,664,2602,3063,6985,2641,2628,3055,1161,2941
48355006300,2019,2747,820,115,1799,0,78,0,370,63,375,71,590,297,453,1280,705,731,628,842,472
48355006400,2019,2687,990,375,1277,10,190,16,343,9,176,48,490,351,75,1316,983,1192,790,67,1012
48355980000,2019,13,3,0,10,0,0,0,13,0,8,0,0,0,3,3,0,3,3,0,0
48355990000,2019,0,0,0,0,0,0,0,0,0,0,0,0,0,0,0,0,0,0,0,0
48363000400,2019,5514,5091,0,286,0,85,21,601,131,679,214,738,735,1719,2554,0,1730,820,1383,1740
48361021501,2019,2377,2157,5,148,4,62,16,143,50,247,139,387,153,643,922,16,388,306,740,438
48361021502,2019,6565,5806,4,647,0,48,0,609,77,944,467,526,480,2194,3276,260,2177,1311,1269,1778
48363000100,2019,2827,2478,0,254,36,116,8,415,39,464,103,324,1844,951,2970,182,1783,489,542,1054
48363000200,2019,2060,1535,3,476,16,165,15,319,32,318,75,308,1057,700,1924,249,1071,402,442,688
48363000300,2019,3960,3522,37,320,0,211,21,890,57,545,151,280,671,1366,2250,0,1094,661,720,1415
48363000500,2019,2041,1342,23,569,13,160,12,166,69,246,57,314,296,384,979,295,918,396,494,329
48363000600,2019,3528,2838,0,546,97,169,81,478,199,383,221,830,105,627,1388,422,1149,913,740,751
48363000700,2019,3055,1913,181,846,93,379,25,213,88,444,145,406,127,802,1217,77,1050,552,683,593
48363000800,2019,3387,1323,311,1753,0,598,59,91,187,178,238,1188,149,548,1267,385,975,603,1018,715
48363000900,2019,2168,1377,160,624,0,128,76,50,137,175,106,709,265,359,955,104,858,377,664,474
48367140101,2019,5317,3890,370,760,44,251,96,639,122,690,272,644,149,730,1756,567,356,1031,1478,951
48367140102,2019,5553,3636,313,1526,7,407,30,386,100,444,175,580,160,910,1886,353,1477,995,1519,1059
48093950100,2019,4050,3101,43,811,7,282,5,686,68,584,242,625,561,1381,2293,88,1779,618,774,1263
48093950400,2019,1856,1192,1,641,21,275,72,227,59,256,116,323,461,484,1145,0,760,292,465,468
48093950300,2019,4310,2293,37,1966,14,342,0,516,49,589,234,326,430,1272,2135,243,1670,871,1116,1211
48093950200,2019,3313,2811,0,359,40,168,17,516,40,558,137,211,445,1252,1811,23,1072,471,664,1293
48047950100,2019,2118,77,0,2041,0,572,216,189,13,118,3,618,432,424,973,31,741,166,457,474
48047950200,2019,5023,401,0,4605,0,126,28,446,314,499,38,2106,565,876,2144,223,1821,618,1433,918
48015760100,2019,2781,1235,323,1116,0,267,28,222,83,273,164,362,177,661,1160,36,792,382,799,699
48015760200,2019,5876,3205,616,2008,16,755,18,823,157,777,334,873,219,1775,2350,91,1016,908,1666,1168
48015760300,2019,6777,3752,310,2500,0,833,68,734,165,951,345,737,343,1732,2894,461,1622,1376,1695,1800
48015760400,2019,4009,2851,323,719,95,330,42,775,36,639,252,505,682,1386,2240,21,1328,518,788,1217
48261950100,2019,568,30,0,538,0,93,11,4,0,8,13,31,80,46,277,11,219,58,168,152
48355005900,2019,2997,544,0,2453,0,292,36,265,81,274,59,706,257,758,1190,0,768,215,865,510
48355001200,2019,4389,1303,183,2868,25,422,159,440,79,378,99,1097,508,514,2294,1388,1772,1218,629,1148
48355002303,2019,4383,1023,212,3148,0,379,49,498,128,441,187,419,68,773,1646,670,1581,867,985,934
48355003202,2019,6339,1995,355,3548,302,564,292,1293,142,1391,64,549,108,1783,2384,346,1122,1327,1543,997
48355005802,2019,6810,2788,32,3866,5,201,13,806,124,921,308,509,273,1891,2538,26,1254,864,1699,1523
48355001100,2019,1876,243,156,1464,0,249,69,30,33,44,7,1035,167,218,804,310,575,334,516,395
48029181503,2019,8430,3139,348,4316,407,1327,380,2223,143,2512,131,1110,247,925,3734,2556,1366,2794,1595,1266
48029181703,2019,7484,3364,76,3638,355,590,257,2444,174,2017,129,1077,120,1905,2822,735,1514,1278,1326,1587
48029180300,2019,5207,542,113,4522,15,551,23,374,176,582,154,986,129,805,1612,381,1604,617,1509,975
48029181716,2019,8871,1495,348,6790,0,1114,175,1212,198,1461,242,948,107,1625,2645,188,1965,1221,2132,837
48029191003,2019,9238,1500,507,7093,0,1612,393,1033,381,691,169,2425,201,1314,3184,1685,2644,1790,2455,1310
48029121404,2019,5548,1031,1255,3016,121,1028,396,203,207,303,148,2157,212,744,2103,923,1450,1193,1701,998
48041001900,2019,5843,4292,537,871,90,313,64,2184,92,1068,206,775,258,1621,2861,1121,2175,1504,1251,1807
48041002002,2019,8741,5990,586,1308,323,405,191,3053,101,2598,341,1110,422,1760,4157,1881,1214,2472,1888,1547
48041000604,2019,6476,635,773,4951,0,2539,514,168,131,305,464,2139,235,707,2099,537,1091,1195,2222,566
48041000700,2019,3270,944,563,1735,21,793,159,292,31,393,56,549,151,580,1279,301,1022,684,1089,453
48493000403,2019,7022,3930,110,2841,113,101,11,1326,172,1076,164,768,154,2115,2501,14,448,863,1480,1415
48493000404,2019,7234,4015,186,2899,0,221,0,1606,297,1471,276,489,42,2084,2201,0,275,1002,1913,1154
48455950300,2019,2316,1945,166,200,5,66,5,215,134,300,103,377,363,609,1163,96,664,337,520,726
48455950400,2019,4179,3810,107,206,0,16,0,454,70,421,58,414,883,1437,2690,44,1792,919,853,1795
48455950200,2019,3644,2943,291,401,0,217,71,383,46,401,0,446,1034,1142,2514,45,1609,673,655,1348
48455950100,2019,2426,2084,226,71,0,18,0,221,53,278,113,388,456,879,1461,34,850,288,530,750
48455950500,2019,2055,675,664,582,0,241,0,91,94,183,53,619,245,599,1183,48,863,424,430,388
48471790800,2019,7781,3727,2157,1248,529,1772,1259,1106,138,905,35,2562,169,354,3230,2589,1600,2571,862,859
48471790200,2019,7292,4613,1408,1185,12,356,12,782,100,693,134,1407,730,1476,3070,199,1645,1102,1634,1589
48471790400,2019,12013,6247,3104,2542,2,552,42,1651,91,934,165,695,389,1660,2670,164,1166,783,1276,2221
48471790700,2019,8188,3636,2764,1600,73,742,124,490,124,1108,132,3448,445,477,3305,1989,1649,2487,1308,357
48471790600,2019,4153,1023,1300,1793,24,810,186,225,70,222,64,559,302,313,1293,434,787,798,851,546
48471790500,2019,8656,5186,2202,1079,189,649,428,1355,71,1210,104,2050,266,767,3261,1709,1980,2311,857,973
48471790300,2019,7640,6214,577,406,28,93,0,2137,152,1312,102,244,570,2957,3951,230,2099,1404,1362,3143
48439111550,2019,13896,3090,6057,3131,1296,3088,557,2672,287,2732,624,1644,88,3320,3881,15,158,1574,4165,1076
48439111551,2019,7430,3447,2031,797,834,1383,448,2149,169,1785,335,86,156,1699,2343,291,93,968,2200,1164
48439113113,2019,3648,873,2077,398,160,395,133,1066,69,1270,226,237,639,0,2641,2600,418,1837,439,159
48439113114,2019,4689,1985,1552,579,507,980,140,1918,93,1719,420,173,314,559,2517,1830,1178,1781,852,762
48439113115,2019,3384,871,860,1545,86,726,66,585,121,607,92,334,303,534,1836,1066,1272,1176,803,297
48439111552,2019,3539,2452,247,460,225,257,49,1025,81,559,77,216,191,1076,1524,136,1308,550,669,1038
48439111553,2019,4038,1888,760,947,177,578,182,863,60,796,279,561,231,444,2060,1434,1338,1417,917,727
48439113116,2019,4538,1114,1707,1212,268,940,443,810,354,732,259,562,323,180,2429,2191,1659,1765,1182,292
48439113220,2019,7594,2835,1220,1956,1409,1853,761,1059,263,1117,42,446,131,658,2975,2046,2206,2097,2346,1014
48439113221,2019,5832,4626,281,733,43,322,91,1696,207,1235,63,371,159,1161,2510,1029,676,1658,1180,1410
48201453300,2019,3676,188,1606,1615,225,1836,946,288,282,215,16,1814,199,40,1447,1418,932,1139,1268,289
48201453800,2019,4293,146,1163,2530,446,2208,495,469,117,314,193,833,49,655,1145,283,1001,416,1152,613
48201454400,2019,1186,196,623,162,194,441,277,416,0,317,33,59,232,0,693,674,131,461,450,38
48201454700,2019,6949,4961,57,1248,259,1070,445,2885,156,1988,322,572,158,1983,2499,293,2316,960,1666,1907
48201510200,2019,6627,2761,358,2329,1008,1555,729,3812,109,3398,343,751,467,862,3873,2637,724,2908,671,729
48201511200,2019,5998,3791,205,1525,370,1203,281,3463,170,3125,353,200,187,2108,2921,300,753,1726,907,687
48453001774,2019,8365,4515,507,2625,524,740,53,3287,35,2677,431,691,192,2459,3047,0,623,1333,2089,1595
48453001775,2019,8291,5550,481,1267,760,1216,448,3807,146,2894,372,525,151,2568,2759,0,607,1434,2275,1631
48453001776,2019,3136,1846,209,903,118,209,0,1420,23,1022,129,262,21,904,1209,95,1061,466,499,547
48453001777,2019,5822,3388,310,1447,379,778,118,2511,174,2453,175,378,77,1588,2451,587,1311,1501,1193,836
48453001778,2019,4339,3673,181,378,59,308,8,2079,120,1192,145,77,171,1342,1950,162,954,1022,872,1422
48453001779,2019,6546,5024,174,1193,53,632,35,1632,185,1316,223,283,569,2038,3107,537,1138,1130,1340,1876
48453001780,2019,4617,3729,60,621,20,299,15,1356,134,1067,240,460,597,1657,2485,151,851,937,830,1351
48167720501,2019,4611,3198,222,859,178,340,43,1399,66,1129,277,531,83,1255,1514,14,719,538,1295,823
48167720502,2019,11370,7748,434,2347,510,775,0,2537,177,2570,626,795,157,3151,3786,322,1587,1713,3272,2065
48167720503,2019,16616,10636,1693,2690,1025,2241,398,5631,332,5479,1199,291,184,4828,5439,0,1068,2322,5216,2059
48167721201,2019,22489,14688,2663,4219,424,1348,379,6666,504,6266,1093,1823,295,5192,8210,2324,1761,5142,7056,3380
48167721202,2019,7818,4914,684,1530,593,1005,119,2163,292,2121,602,429,91,2205,2551,0,582,1942,2611,778
48201533100,2019,6879,353,3832,2415,213,836,111,650,257,599,334,1708,203,1570,2454,601,1961,665,2220,1078
48201533400,2019,11864,158,3940,7362,371,3363,354,469,673,647,462,1803,163,2475,3370,59,1943,1430,3956,1538
48201210800,2019,2466,132,792,1542,0,576,88,43,113,145,132,999,254,337,1101,356,980,382,635,350
48201220900,2019,1755,179,306,1252,0,434,83,77,53,105,85,499,102,224,594,155,487,231,528,181
48201221200,2019,6473,282,248,5943,0,2113,20,105,43,376,103,2123,96,990,1770,8,1666,644,2164,669
48201222000,2019,2327,185,177,1950,0,656,60,31,47,76,66,661,58,392,618,0,565,141,642,196
48201222100,2019,5527,306,5,5216,0,2291,179,73,144,227,315,2085,145,936,1552,162,1434,567,1767,799
48201230400,2019,3319,106,1525,1590,98,744,213,158,104,107,87,1213,317,416,1418,280,1306,597,728,630
48201231300,2019,4496,23,2928,1545,0,640,0,377,198,237,84,1350,207,919,1702,318,1065,646,1055,998
48201231600,2019,3350,31,2230,1089,0,476,26,227,110,241,26,509,105,842,1126,19,1106,270,817,956
48201232900,2019,7278,488,3215,3129,420,1399,337,670,323,1079,441,806,272,1001,3209,1938,2268,1800,1846,985
48201233400,2019,2554,260,269,2019,0,746,80,95,72,165,128,646,104,366,1062,420,810,551,623,483
48201240100,2019,3959,442,823,2357,186,1548,581,181,196,217,126,1075,344,78,1827,1614,1609,1227,1370,349
48201250100,2019,9412,1569,2977,4477,347,1619,67,945,405,1200,647,353,294,2358,2985,85,879,1083,2208,1468
48201250200,2019,11011,1368,4275,5119,169,2064,330,693,189,899,673,2035,61,1889,3130,748,856,2037,4140,966
48201250900,2019,9617,7953,160,1031,248,715,116,4464,173,2436,457,100,417,2648,3804,1031,979,1848,2270,2356
48187210606,2019,2728,1916,2,805,0,218,1,450,36,394,97,255,504,887,1656,67,995,537,576,811
48187210400,2019,4664,2562,264,1745,77,201,7,525,68,465,278,755,108,925,1766,558,1421,811,1126,1408
48077030301,2019,4511,3902,0,397,117,278,162,703,108,581,274,553,412,1509,2147,0,1397,698,932,1354
48201531600,2019,3246,1708,65,1424,28,731,38,1096,5,842,132,125,107,970,1310,172,1112,491,744,662
48201532600,2019,7408,300,2318,3974,790,2667,769,613,119,502,467,1751,172,1063,2387,738,1896,1010,2056,1222
48201532700,2019,5169,629,2103,2292,63,908,9,701,107,543,190,987,245,1108,2026,602,1736,836,1386,922
48201533200,2019,3983,304,1651,1760,126,896,408,598,91,573,172,1031,245,545,1696,697,1134,918,939,678
48439121903,2019,6520,425,1734,4041,177,1816,435,394,81,359,393,2303,264,337,2124,1695,1686,1569,2852,355
48439121904,2019,4924,615,815,3401,0,2028,479,192,243,136,287,1410,230,469,1647,980,1335,998,1624,387
48439121905,2019,4893,593,1457,1881,706,2477,971,473,62,324,375,2164,505,59,2597,2481,2034,1717,1329,445
48439121906,2019,4718,544,732,3260,67,1586,392,264,114,220,249,1309,130,277,1448,1033,1251,980,1862,324
48439122001,2019,4330,870,115,3307,8,1828,212,151,108,176,179,812,70,884,1202,129,1168,504,1368,692
48439122002,2019,4796,625,913,3221,16,1489,364,186,170,204,355,1151,137,623,1585,656,1506,925,1549,502
48439122801,2019,3993,582,528,2708,175,1728,977,392,140,383,167,982,252,179,1565,1248,1413,1084,1386,215
48439122802,2019,5345,1555,744,2811,205,1766,502,464,146,464,275,2002,171,597,1714,720,1614,1083,1712,586
48113013606,2019,5747,2914,652,1685,259,1537,379,1960,99,1416,143,721,199,1306,2669,1304,2626,1278,975,939
48113013608,2019,2410,2052,46,159,131,260,0,1308,13,764,62,81,121,911,1046,25,938,391,528,910
48201510900,2019,7568,4436,525,1692,749,1516,296,4497,135,3897,630,308,363,2298,3956,1058,809,2930,1083,490
48201521300,2019,5461,1146,342,3393,462,2263,516,686,122,714,394,1484,132,1182,2058,697,1774,919,1562,835
48201532100,2019,7369,841,1815,4373,328,2611,711,735,272,850,617,2284,140,703,2847,1938,2288,1852,1979,1184
48201532800,2019,1893,397,330,1081,72,609,168,200,61,270,93,376,91,419,747,212,686,390,478,270
48201532900,2019,5662,142,2073,3145,247,1489,309,220,341,326,202,1081,161,1012,1946,673,1561,904,1390,1045
48201533500,2019,4245,474,437,2963,371,1711,107,299,138,274,157,305,61,1080,1294,17,1253,246,906,851
48201541500,2019,5493,1430,402,2505,830,1455,131,774,192,921,332,789,143,1431,1772,25,825,530,1680,760
48201542200,2019,24521,3605,5939,13155,1269,7519,1141,3166,844,3412,1385,1582,468,5081,7147,26,750,3722,8124,1854
48201542600,2019,5841,2645,630,2056,258,1107,179,1152,78,1456,311,160,28,1346,1790,11,464,855,1706,720
48201542700,2019,5299,3238,256,1471,225,1163,222,807,156,818,177,297,198,1362,2053,22,1548,692,1070,1201
48201550500,2019,6803,126,2150,3636,700,1898,176,635,176,539,403,826,144,874,2068,645,940,970,2151,550
48201553300,2019,6149,598,3539,1859,19,1014,275,670,220,493,53,1523,306,11,2882,2734,1268,2472,2021,378
48201553900,2019,8107,5214,532,1086,1076,1213,161,2814,280,2121,469,447,111,2486,2685,0,1534,945,1895,2063
48201554200,2019,9537,4705,1354,2881,554,2332,690,2822,153,2799,691,565,162,1661,4003,1830,947,2834,2158,1580
48201554600,2019,4504,3664,135,535,95,253,84,1843,133,1277,275,79,54,1486,1657,64,695,594,1088,1112
48201210100,2019,7363,1282,4043,1962,8,578,195,154,0,55,10,0,13,4,59,37,37,37,0,270
48201211300,2019,5319,106,3106,2040,0,849,166,325,319,272,113,1723,327,656,2432,665,1944,1266,1362,893
48201220600,2019,4083,119,671,3293,0,1338,118,120,102,178,128,1447,107,544,1175,289,959,455,1676,369
48201220800,2019,4089,73,1835,2181,0,736,90,87,51,67,128,2257,178,325,1256,592,1119,709,1463,601
48201222200,2019,3609,307,213,2956,9,1363,283,92,51,144,80,1059,145,515,1152,437,947,453,859,479
48201231700,2019,3640,115,217,3293,15,1418,162,68,74,77,226,1441,142,729,1214,54,871,375,1231,392
48201232000,2019,4420,33,1778,2609,0,1172,106,188,207,231,86,895,92,1000,1418,63,1177,472,1256,776
48201232100,2019,3590,230,758,2602,0,1213,284,105,31,241,192,1105,174,494,1150,431,1043,545,1222,329
48201531900,2019,4974,355,2852,1582,36,922,187,485,153,442,75,1036,150,1129,1661,218,1147,529,1365,1048
48201532200,2019,3883,438,690,2693,25,1566,493,329,123,272,177,1704,157,294,1528,1223,1491,1036,1215,337
48201532300,2019,6993,1265,1988,3472,194,1879,796,1052,175,1183,547,941,46,671,3119,2301,1668,2367,1839,616
48201532400,2019,6348,1168,756,4194,177,1730,352,1053,98,1070,425,667,164,1324,2192,450,1317,987,1749,951
48113016610,2019,4507,307,3477,561,39,364,33,712,14,736,154,711,115,824,2093,1016,1569,1171,1069,1059
48113016703,2019,11308,636,7544,2693,35,891,70,1299,426,1578,371,1994,161,2010,3630,820,1242,1991,3609,1201
48113017400,2019,5772,2174,1359,2039,57,793,10,405,121,561,152,1335,55,1093,1769,9,1636,794,1736,1005
48113017804,2019,7590,1640,2222,3473,0,1193,103,505,318,853,304,1168,285,973,2700,1567,1815,1591,2087,912
48113017813,2019,6745,1085,1847,2993,619,1504,469,855,147,868,141,651,328,520,2786,1944,2269,1858,1946,759
48113018401,2019,4569,1250,245,2967,32,1359,263,346,62,450,161,968,156,914,1564,508,1542,671,1456,619
48113019016,2019,3215,1005,904,695,565,1418,665,823,43,468,94,649,103,387,1343,924,1267,909,776,456
48113019031,2019,6012,3259,554,1253,712,948,116,2169,173,1844,450,207,95,1929,2398,162,1914,820,1176,1502
48113019032,2019,4287,617,222,2685,566,1912,536,250,28,389,283,582,72,719,1144,236,1040,501,1314,524
48113019037,2019,3543,1894,346,630,460,835,151,1110,71,979,126,112,36,1142,1296,62,1131,502,671,896
48113019210,2019,4365,3738,113,248,181,314,67,2271,53,1393,121,195,154,1446,1727,120,1422,549,1130,1102
48113013717,2019,3302,447,23,2461,299,1260,262,175,87,170,169,705,14,279,959,523,843,506,1191,330
48113014121,2019,4995,2353,456,852,1127,1187,480,2485,76,1942,149,178,166,641,2851,2035,676,2097,849,832
48113012210,2019,4595,871,2250,1358,69,712,257,548,172,528,182,1250,332,351,2433,1957,2277,1664,1221,683
48113011001,2019,8041,478,5197,2364,0,1109,79,820,94,722,199,1804,115,1678,2977,823,2844,1174,2031,2508
48113012206,2019,5646,641,2595,2256,30,825,84,1019,66,914,210,831,181,1361,2004,340,1795,806,1495,1059
48355002705,2019,5637,2245,127,3001,159,329,45,1336,49,1080,136,694,206,1344,2233,498,1927,975,1516,1291
48355002706,2019,3778,1817,302,1622,37,134,26,0,904,142,0,0,0,0,0,0,0,0,26,0
48355003001,2019,6346,2572,574,2673,513,997,469,577,43,480,62,1270,166,738,2462,1043,1863,1461,1903,817
48427950101,2019,1112,0,0,1112,0,114,3,121,58,173,0,250,203,319,577,0,295,106,289,195
48113015202,2019,3675,643,262,2729,0,1267,202,316,64,390,74,919,123,453,1129,590,1034,690,1350,429
48113015303,2019,1891,378,34,1460,0,711,83,59,42,50,114,258,101,386,613,35,208,299,668,217
48113015403,2019,3510,586,1033,1836,0,698,221,221,271,418,76,776,112,321,1307,759,1114,866,1055,349
48113000401,2019,5584,1871,757,2600,228,2060,633,1207,97,1207,313,1710,296,192,2234,1741,943,1521,1211,482
48113000500,2019,6414,4282,745,719,502,780,265,4466,51,3843,403,486,683,848,5077,4696,1898,3837,165,654
48113000900,2019,5442,2997,173,2014,258,1238,241,2382,69,2071,423,860,251,532,3123,2616,1011,2435,675,450
48113001302,2019,2537,1196,471,782,40,330,155,776,73,557,70,644,278,247,1496,1059,1199,991,562,263
48113001400,2019,3664,1465,663,1335,120,709,81,983,94,910,263,659,267,340,2043,1601,1865,1526,749,372
48113004400,2019,3536,2117,389,835,68,235,169,1794,103,1250,136,317,78,1042,1649,408,1573,930,611,762
48479001706,2019,4617,125,0,4480,0,1408,446,518,117,488,55,1110,176,667,1729,927,1408,874,1123,812
48479000700,2019,2999,5,0,2951,43,970,313,160,62,91,59,1742,114,291,924,234,789,387,1187,320
48479000901,2019,5319,144,0,5153,22,1383,373,332,88,390,55,1615,225,582,1628,435,1158,880,1789,999
48479000101,2019,4543,166,0,4356,21,1384,217,234,58,157,120,1972,132,725,1474,146,1127,459,1290,920
48479000200,2019,4070,24,0,4046,0,1567,233,140,51,320,103,1679,158,556,1353,358,871,576,1165,865
48479000300,2019,1859,7,4,1848,0,517,107,32,53,74,18,730,203,249,825,224,689,291,564,334
48479001300,2019,3177,2,0,3174,1,862,114,98,143,31,52,1591,270,462,1144,116,939,291,1124,491
48479001502,2019,4940,188,12,4740,0,1563,322,337,62,231,0,1278,174,570,1731,730,1153,854,1259,871
48479001501,2019,2588,54,0,2525,0,911,236,51,48,137,14,1094,106,381,881,197,815,335,808,527
48479001709,2019,5931,551,6,5302,71,1946,658,1820,92,1286,15,970,231,1294,2270,835,1258,1015,1450,1473
48479001001,2019,4699,133,0,4546,0,1373,271,481,163,439,81,1587,187,736,1686,411,1214,709,1257,933
48479000800,2019,3005,98,0,2895,0,813,170,59,42,86,26,1076,161,386,905,75,710,314,1204,424
48157670400,2019,5242,103,3845,1010,3,1014,358,827,161,735,68,643,89,1013,1708,348,1189,630,1606,813
48157670700,2019,7283,1493,3122,971,1383,1482,193,2460,227,1908,447,521,93,2142,2493,0,710,1667,1877,1282
48157671900,2019,4164,2350,324,661,655,817,82,1274,52,885,250,140,48,1346,1466,13,1414,401,738,1091
48157674900,2019,6203,648,877,4606,38,1261,122,170,177,355,253,1457,137,705,1771,276,1271,742,1844,950
48157675200,2019,5762,986,255,4487,0,1560,297,400,192,712,237,1110,279,808,2145,586,1892,932,1592,940
48157670200,2019,7801,151,4262,3254,134,1967,144,397,555,825,179,1243,110,1637,2425,22,1957,826,1919,1331
48157671800,2019,3696,752,1134,1241,477,827,124,784,97,638,67,351,66,605,1319,508,489,805,932,575
48157672100,2019,4407,2762,99,352,1100,1164,75,2233,104,1286,96,261,161,1579,2014,282,890,801,482,1993
48157672400,2019,8911,1636,2746,2962,1348,2820,411,1393,427,1588,333,884,84,1956,2709,82,1892,1002,2370,1476
48157672500,2019,7459,966,1603,3821,1021,2988,643,1283,118,979,176,1433,47,1969,2387,0,1697,951,1845,1489
48337950200,2019,1849,1679,2,62,0,8,2,277,43,218,58,121,309,566,1005,44,604,268,526,490
48337950400,2019,5230,3883,58,1042,0,613,49,713,45,485,240,662,741,1761,2805,27,1486,669,1243,1432
48337950500,2019,5415,4999,44,372,0,63,0,599,124,529,274,1092,352,1224,2502,306,1806,1296,1237,1501
48337950600,2019,1960,1840,18,76,0,21,0,185,42,228,50,187,223,654,1038,0,562,271,348,806
48337950300,2019,2796,2161,4,553,0,208,46,193,142,166,84,700,295,653,1404,163,1224,569,667,766
48351950100,2019,1953,1630,252,23,0,14,0,89,68,128,95,361,758,713,1540,14,795,318,353,719
48351950200,2019,5665,3266,1928,350,6,75,18,469,240,566,331,1220,580,1635,2698,75,1717,605,1244,1524
48351950300,2019,3151,2361,643,25,71,44,0,121,213,192,182,1254,299,1081,1431,0,726,521,581,884
48351950400,2019,3145,2966,0,106,0,18,0,277,82,401,312,522,407,1068,1690,0,774,518,626,739
48439113808,2019,6689,4312,340,1384,513,707,256,1090,214,1179,247,478,0,1807,2222,0,1657,889,1629,1376
48439113906,2019,6665,4371,81,755,1185,897,335,3081,17,1988,253,226,83,1881,2118,85,527,988,2429,967
48439113916,2019,4336,2366,453,1161,258,573,128,726,147,718,298,232,100,1070,1815,591,947,905,948,740
48439100101,2019,6073,1253,0,4442,305,2059,402,326,130,357,789,703,166,1037,1839,55,1801,625,1797,845
48439101202,2019,5449,773,594,4028,23,1710,208,253,222,269,469,1173,168,879,1583,81,1502,733,1679,388
48439101403,2019,5790,880,1379,3246,240,1539,293,251,266,308,152,1806,359,788,2048,817,1886,1008,1961,614
48439104201,2019,6468,5130,399,551,257,358,271,1584,179,1041,121,446,215,821,1477,323,1147,606,594,626
48439104502,2019,2801,318,319,2150,0,954,39,92,48,144,152,614,106,431,1016,192,937,539,716,430
48439105205,2019,5310,1426,2753,918,61,564,283,233,302,357,144,1453,413,126,2802,2628,2387,2067,1393,679
48439113104,2019,3735,1439,1408,568,133,540,235,932,78,860,173,548,462,248,2453,2167,1389,1734,673,375
48439113207,2019,4199,3450,142,490,33,141,72,1166,61,1013,175,118,32,1332,1567,26,1077,665,1036,951
48439104202,2019,3218,2169,113,723,127,218,85,1256,62,831,183,523,230,737,1497,248,1326,712,656,641
48439104602,2019,5360,399,1294,3599,56,1482,23,55,249,283,157,2020,158,802,1576,137,1504,642,1538,317
48439104603,2019,4214,193,361,3595,65,1560,50,108,101,137,327,1117,111,682,1190,59,1075,314,1571,463
48439104802,2019,6202,1032,541,4465,85,1822,239,377,100,484,314,1716,141,827,1686,232,1619,630,2321,592
48439105001,2019,5883,491,0,5345,25,1985,244,67,385,248,467,1488,91,841,1578,190,1479,571,1852,681
48439105006,2019,2350,529,453,1291,8,363,37,35,29,82,54,195,16,187,272,0,211,87,360,126
48439105503,2019,6152,3323,776,1855,163,750,38,1434,119,1106,210,440,274,1594,2654,820,2110,1138,913,2015
48439105511,2019,6155,1857,2259,1829,28,565,88,776,196,662,350,1831,144,1394,2496,694,2077,1182,1735,1451
48439106001,2019,8910,1508,2806,4408,41,1946,296,481,300,1083,372,946,299,1763,2995,673,2635,1449,2535,1509
48231960700,2019,5442,4532,41,654,70,302,36,829,150,825,249,851,399,1687,2484,41,1421,971,1294,1385
48187210504,2019,6560,3208,130,2867,324,812,139,1077,152,742,729,274,399,1824,2436,0,781,930,1580,1302
48187210100,2019,4318,1632,355,2325,6,164,0,441,134,418,413,555,237,947,1734,293,1453,732,1016,789
48187210901,2019,5473,3324,61,1871,55,194,0,777,102,673,369,982,224,1931,2398,0,1097,753,1084,1483
48187210604,2019,13714,6179,2145,4661,344,775,294,2389,171,2097,400,690,243,3483,4627,81,1303,2896,3495,2310
48187210705,2019,4053,2092,596,1103,166,334,106,603,27,548,113,285,140,655,1615,773,1012,984,947,694
48029181727,2019,4172,716,177,3214,9,664,113,494,188,498,88,245,56,935,1260,224,739,498,998,682
48029181728,2019,11498,3374,626,6673,422,1829,292,1867,399,2406,203,1272,243,1908,3366,859,271,1982,4037,637
48029181729,2019,9256,2784,906,4773,357,863,277,2517,211,2338,151,120,177,2098,2586,84,103,2035,3347,675
48029181730,2019,4085,1029,263,2647,32,409,62,588,176,807,105,439,43,1094,1480,56,1086,542,1040,622
48029181731,2019,7741,2617,252,4398,227,691,81,1824,309,2051,88,746,13,2132,2490,59,1443,751,1604,1777
48029181813,2019,8061,2175,1248,3593,620,1208,445,2269,242,1894,46,1456,467,531,3785,3077,980,2751,1866,749
48029181814,2019,6811,2353,391,3288,577,908,353,2560,361,2224,154,966,306,537,3654,3037,443,2933,825,502
48029181816,2019,4647,1881,91,2236,220,595,127,1371,144,1167,41,457,26,1380,1519,20,816,669,1015,1040
48029181815,2019,3449,1513,295,1461,154,509,46,1111,86,1052,23,203,101,892,1418,422,636,725,714,699
48029181817,2019,3774,1130,86,2178,288,641,152,851,89,895,164,266,70,712,1481,526,399,885,685,946
48029181818,2019,6288,2169,159,3241,613,839,66,1667,141,1600,257,429,290,1156,2662,1124,1243,1553,1314,1106
48029181819,2019,7468,2832,459,3387,696,1910,872,1466,393,1433,173,2486,378,1013,2837,1276,734,1774,1827,592
48029181820,2019,8305,2229,1354,3778,692,1344,666,1016,624,1367,75,2561,259,258,1851,1449,255,1402,191,344
48029181821,2019,3563,1220,187,1961,64,330,96,865,93,812,101,317,102,805,1365,354,652,612,835,503
48029181822,2019,5155,1704,167,3054,119,501,97,1303,191,1033,123,467,127,1136,2026,471,1088,1059,1093,949
48029181824,2019,3228,1377,329,1446,52,225,38,810,137,794,46,443,161,810,1297,220,464,608,615,464
48029181825,2019,5209,2227,156,2212,542,994,192,1525,194,1568,94,333,142,1021,2063,796,148,1390,1189,733
48029181826,2019,7963,2931,484,3997,440,1023,275,2099,360,2494,87,434,54,1881,2323,0,781,851,1898,1220
48029181823,2019,3409,1301,222,1237,478,426,192,740,42,773,73,1073,0,493,1057,468,358,759,490,295
48029181901,2019,5945,1877,453,2534,935,1214,677,1833,227,1620,294,1643,427,239,2775,2350,427,2156,725,445
48029181902,2019,7984,4292,209,2792,380,1058,17,3292,112,2673,285,170,380,1915,3103,864,440,1679,2005,1422
48029182001,2019,5899,2906,124,2322,405,681,7,1599,81,1260,176,314,37,1382,1830,286,80,956,1588,832
48029182002,2019,10293,4661,298,4378,744,1228,311,3607,379,2895,206,232,128,2625,3053,203,640,1329,2678,1729
48029182003,2019,4949,1781,205,2382,497,697,231,1768,121,1410,90,404,85,1143,1588,255,274,1038,1489,683
48029182105,2019,6005,1902,371,3234,297,591,101,1612,195,1427,90,311,94,1497,1696,0,185,1233,1889,720
48029182106,2019,7440,3955,91,2995,256,410,58,2606,158,1946,188,271,0,2098,2196,0,527,1090,1651,1654
48029190503,2019,3767,662,41,3002,23,607,93,786,142,727,72,529,210,741,1648,677,1607,784,666,776
48029190504,2019,2837,608,57,2147,7,718,147,493,106,312,69,482,140,557,1160,276,1094,586,542,606
48029190603,2019,3250,239,15,2856,63,772,75,298,108,295,16,669,110,582,1012,81,989,327,602,554
48029191005,2019,2350,244,37,2069,0,253,0,136,112,243,12,287,77,480,757,26,751,213,570,504
48029191006,2019,6271,372,129,5755,0,1670,336,369,268,703,116,1455,254,1111,2232,372,2188,667,1608,1259
48213950902,2019,2219,1683,374,104,5,12,0,361,43,350,78,475,365,640,1311,125,860,503,462,730
48213950903,2019,2303,2117,44,56,0,32,25,413,3,331,65,234,777,965,1887,33,1054,512,332,924
48215020101,2019,6653,157,1,6495,0,1974,490,184,277,362,39,3541,220,1013,2097,580,1069,1076,2548,1014
48215020102,2019,9087,1820,0,7267,0,2662,174,645,325,890,159,1474,774,2343,3558,146,1003,1411,2294,2525
48215020204,2019,8800,471,0,8329,0,2773,353,428,332,632,136,1880,307,1548,2553,160,1271,1120,2951,1329
48215020205,2019,5588,314,0,5274,0,1188,192,487,336,416,104,2226,385,992,1859,343,1138,635,1760,1082
48215020301,2019,10861,1579,0,8885,364,2711,851,2373,113,2033,241,989,358,2491,3557,191,763,1429,3279,1763
48215022402,2019,6991,127,2,6751,101,1178,512,722,68,967,199,1577,201,1478,2052,89,541,813,2368,979
48215023103,2019,8030,214,7,7790,0,1708,168,455,124,516,220,2968,347,1143,2175,338,437,850,3711,717
48215023104,2019,5247,142,0,5105,0,1000,54,125,104,287,45,2459,357,734,1698,385,854,639,2000,1009
48215023509,2019,13329,1514,194,10922,631,2068,221,3072,407,2796,194,1733,194,3151,4063,58,643,1821,4205,1299
48215023510,2019,9887,1926,73,7340,342,2187,466,2328,133,2136,172,1864,347,2212,3487,580,671,1511,3100,1557
48215023511,2019,12023,213,0,11776,19,4227,686,436,309,641,159,4173,327,2315,2961,15,1004,1099,4614,1066
48215023512,2019,5133,735,790,3509,0,853,128,103,9,14,14,101,55,90,169,10,68,39,65,200
48215023513,2019,9111,328,0,8691,92,2179,197,651,198,580,119,3378,274,1691,2455,199,836,1067,4140,697
48355003002,2019,4340,2490,82,1449,83,342,195,600,48,722,47,882,290,911,1928,679,1358,886,1192,977
48355003101,2019,5201,3657,0,1350,17,153,0,789,51,760,62,396,310,1487,2326,236,1727,908,1201,1342
48355003102,2019,5645,3187,281,1795,290,364,48,933,54,804,166,697,145,1449,2113,115,1143,1111,1671,1018
48355003203,2019,6130,1979,199,3444,462,1144,679,1237,303,989,70,1191,86,746,2516,1545,1391,1684,1370,866
48355003204,2019,4277,1718,32,2374,53,217,120,895,39,915,112,177,144,1208,1949,544,984,1035,916,884
48355003303,2019,1314,228,3,1083,0,52,16,93,125,101,16,269,121,269,571,18,504,203,413,235
48355003304,2019,6440,2041,192,3902,110,496,163,1629,153,1400,275,791,249,812,2825,1839,2440,1771,1413,1307
48355003305,2019,4509,842,253,3282,50,309,102,421,181,549,77,1608,163,511,1944,1143,1335,1269,1667,465
48355003306,2019,4757,1340,226,2990,138,459,148,582,46,675,165,704,217,512,2308,1665,891,1491,1051,1059
48355005407,2019,2961,851,35,1984,89,165,0,525,100,626,60,103,27,693,960,50,616,409,768,465
48355005408,2019,4846,1324,313,2809,199,251,120,976,179,944,182,448,152,1082,2058,813,1480,1220,1115,869
48355005409,2019,3938,1555,217,1950,209,339,39,1007,35,793,54,114,65,1096,1367,40,595,678,961,845
48355005410,2019,3829,1229,52,2425,60,201,3,663,55,760,119,106,108,916,1511,330,1120,646,852,771
48355005411,2019,3631,1338,104,1961,150,260,97,1030,175,769,140,409,148,610,1838,1089,1194,1192,677,510
48355005412,2019,5621,1878,437,2898,306,679,126,1203,155,1155,130,382,14,1218,1823,312,339,939,1636,762
48355005413,2019,3107,837,218,1591,416,639,348,1029,27,816,132,311,146,248,1413,1094,153,1062,698,278
48321730600,2019,5342,1464,129,3168,507,870,105,449,59,524,168,1116,611,1423,2574,266,1779,1018,1485,1028
48321730400,2019,2149,636,845,571,84,202,114,393,6,404,175,459,240,591,1074,104,870,294,462,529
48321730700,2019,4552,2800,63,1628,0,296,0,575,170,663,445,548,433,1467,2174,0,1348,733,1291,989
48201543002,2019,27645,12189,4505,5843,4498,5627,1333,9172,505,7320,1315,1316,690,6942,9194,1133,68,6769,9788,3534
48201543003,2019,20730,2815,4618,11564,1395,6158,1820,2920,892,3692,820,1637,189,4923,6028,41,776,3018,6978,1400
48201543200,2019,8493,3574,486,3234,1003,2367,819,2564,155,2008,300,971,480,1370,3773,2321,2138,2131,2075,928
48201550301,2019,7639,508,4271,2664,0,961,235,502,174,532,115,1753,396,0,3693,3518,1913,2911,2648,272
48201550401,2019,15733,1043,6200,6757,1477,4259,702,1622,799,1655,969,2794,531,2003,5582,2493,1716,3644,5323,1237
48201550302,2019,13811,1068,7682,4131,329,2575,461,1746,465,2209,505,3358,512,1271,5579,3825,2308,4036,4451,992
48201550402,2019,11442,352,6898,3233,818,1932,505,1020,183,1596,414,2340,558,1558,4107,2013,1658,2151,3191,991
48201550601,2019,6982,224,1934,4088,519,2114,212,538,149,964,356,736,109,1284,1973,8,1281,643,2014,1140
48201550602,2019,3178,116,1067,1741,181,799,69,245,128,220,134,389,29,686,880,0,680,241,790,536
48201550603,2019,6537,222,1333,4535,411,2613,718,399,142,403,335,1404,113,856,1769,677,1513,746,1980,548
48201551701,2019,8792,3418,1254,2635,1073,1257,259,2206,142,2217,428,744,294,1938,3716,1317,1613,2185,1796,1792
48201551702,2019,3972,2083,97,788,919,893,53,1428,88,1086,256,119,0,1211,1316,0,83,388,973,878
48201551703,2019,8597,3493,719,1977,2223,2335,202,2357,202,2584,713,1013,66,1600,3243,1384,741,1964,1876,1486
48201552002,2019,1328,543,287,310,158,291,21,331,48,330,51,15,108,278,600,243,169,255,235,203
48409011100,2019,3028,441,0,2587,0,114,31,288,60,309,87,557,141,609,1063,102,840,378,853,679
48409011000,2019,6643,1239,100,5182,110,268,83,215,191,572,77,2251,303,1293,2390,491,1801,1035,2114,939
48409010602,2019,4126,2202,54,1845,18,405,267,471,31,738,240,146,342,760,1601,660,1118,705,1163,701
48409010604,2019,2939,1953,50,872,41,103,0,712,47,614,198,88,123,944,1221,12,1153,394,760,661
48409010900,2019,5061,2190,0,2826,25,172,0,540,231,660,151,594,534,1284,2112,32,1226,555,1387,1127
48379950200,2019,5378,4401,177,642,11,245,42,438,125,505,257,923,367,1348,2177,75,1287,839,1235,1570
48379950100,2019,6388,5639,238,431,31,264,38,761,87,810,285,587,701,2018,3221,134,1508,1136,1059,2213
48381020200,2019,2185,1445,170,548,5,127,31,418,41,400,32,180,145,498,1017,310,938,553,461,404
48201211500,2019,6547,184,199,6164,0,2559,441,168,189,321,342,1765,254,954,2159,337,1929,813,1893,1021
48201211600,2019,3068,141,610,2298,0,767,110,153,58,215,168,869,166,487,1326,350,933,679,829,501
48201220100,2019,2117,8,1001,1108,0,456,21,87,145,92,78,573,73,355,750,66,676,237,632,358
48201221600,2019,9403,486,125,8761,14,3862,379,280,111,432,480,2608,200,1848,2643,90,2306,713,2952,1219
48201222800,2019,3134,237,11,2794,92,1138,44,40,32,102,98,1241,50,496,868,46,710,308,1084,294
48201230200,2019,5347,172,3999,1120,0,527,0,409,289,365,307,1145,246,1006,2019,287,1650,927,1374,1136
48201231900,2019,7696,126,4920,2650,0,1184,17,336,576,304,166,1401,101,1458,2344,51,2164,681,1879,1733
48201251200,2019,6889,4106,368,1692,367,800,274,1797,380,1271,382,997,83,1853,2358,406,1503,1011,2199,1270
48201251600,2019,6605,4942,70,1560,0,444,110,1383,129,1149,307,369,244,1821,2331,0,532,1106,1808,1165
48201253500,2019,9816,2533,3024,3538,460,1843,1103,729,551,1344,433,2429,359,1419,3580,1672,1945,1850,3199,1076
48201254500,2019,1887,139,391,1331,10,517,44,124,138,107,159,341,183,376,778,136,682,303,425,300
48201254600,2019,3678,391,319,2726,7,1110,101,232,173,265,223,686,165,861,1318,166,1287,474,1088,749
48201310500,2019,4439,181,158,4005,82,1327,58,414,264,337,291,1164,276,583,1651,632,1547,713,1098,864
48201311400,2019,1667,13,260,1394,0,523,14,59,93,69,82,468,110,259,595,166,421,200,507,244
48041001100,2019,4895,2958,405,1216,122,279,139,1256,91,1333,124,1047,95,814,2221,1134,2092,1525,920,798
48041001000,2019,7594,3905,660,2161,680,1150,628,1320,259,1308,422,3530,548,441,3501,2401,1918,2652,1336,485
48041001601,2019,4493,2501,465,571,831,1043,820,1084,109,1012,65,2301,546,313,2341,1129,1826,1432,552,353
48041000201,2019,6452,2791,1388,1947,98,630,156,1061,193,1189,331,1603,444,779,3332,2184,1444,2305,1661,707
48041000900,2019,2542,531,408,1504,28,473,127,171,65,221,106,858,105,158,1015,536,839,701,777,285
48041000500,2019,7119,462,2835,3489,230,1275,196,79,109,228,278,2320,234,990,1950,174,1303,889,2072,841
48041000202,2019,8611,4049,957,3433,77,1265,131,1233,86,1345,104,1002,644,1625,3058,401,706,1314,1999,964
48041000400,2019,5081,1143,1984,1883,33,420,0,331,44,387,86,1142,74,767,1771,484,1045,1006,1140,792
48041000800,2019,5337,2795,578,1914,1,647,116,1009,55,849,159,710,230,1308,2247,428,1866,925,1236,1357
48041000603,2019,5946,506,1106,4203,29,1314,291,138,258,424,259,1639,105,959,1706,437,1110,797,1976,649
48041001301,2019,2606,1451,488,542,125,340,153,513,122,568,45,1097,190,222,1318,911,695,1051,406,123
48059030200,2019,4743,3959,2,694,11,112,0,749,81,418,137,467,536,1505,2408,144,1839,818,1004,1537
48067950500,2019,2601,2489,54,24,6,14,0,339,39,281,101,325,204,1016,1327,7,791,390,462,861
48067950400,2019,5295,2850,1796,291,142,184,0,915,161,445,147,1291,541,1421,2601,375,2100,1108,1214,1674
48067950100,2019,7471,6568,574,164,12,54,1,761,308,891,426,1420,423,2330,3127,88,1657,1027,1842,1621
48067950600,2019,5852,4263,1229,349,6,132,5,551,159,398,257,909,526,1992,3012,196,2139,812,1020,1910
48067950200,2019,2063,1535,448,79,1,12,0,295,83,170,81,332,356,848,1318,0,711,368,412,816
48067950700,2019,4992,3810,719,428,0,223,76,414,168,392,123,892,478,1389,2372,296,1461,840,1372,1339
48067950300,2019,1785,1423,313,17,0,4,0,169,22,194,86,286,161,473,866,136,539,323,463,360
48085031408,2019,3858,2518,293,262,749,607,127,1306,63,1167,260,184,0,1031,1098,0,104,469,1123,620
48085031410,2019,9271,6479,967,1069,635,1855,952,2895,452,2161,543,1029,14,2417,3108,127,903,1262,1968,1646
48085031411,2019,5739,3351,656,473,1107,1152,170,1925,166,1740,324,306,59,1536,1715,9,256,677,1763,742
48085031507,2019,6403,3683,795,979,819,1395,681,2439,249,1931,314,552,143,809,2760,1758,171,2120,1681,1064
48085031409,2019,11660,6003,1406,1321,2607,2728,479,4131,292,3624,564,380,153,3205,3874,226,981,1990,3048,1802
48085031508,2019,6372,4007,854,495,876,980,342,1403,59,1656,220,216,77,1242,2529,940,1275,1540,1414,1228
48085031654,2019,3666,2313,68,145,966,905,40,2040,65,1363,253,79,126,1196,1399,38,77,558,936,801
48085031655,2019,4855,2872,425,467,838,1234,347,2233,237,1777,265,237,84,1062,2247,1186,1240,1328,804,811
48085031656,2019,2877,1605,376,239,627,751,348,1445,44,1088,129,164,268,449,1553,997,205,1002,562,424
48085031658,2019,4265,2303,608,431,837,801,563,2166,180,1937,121,269,281,26,2827,2704,777,2384,397,298
48085031659,2019,2428,841,169,108,1229,1279,787,1112,35,754,94,99,95,136,1143,917,302,926,422,408
48085031660,2019,4597,1071,171,102,3080,2551,1804,2466,118,1657,138,159,358,322,2165,1735,444,1630,1356,304
48439111402,2019,5656,3462,1113,846,98,519,294,1502,116,1277,140,424,110,1735,2113,0,1545,534,1171,1353
48439111505,2019,4831,3357,755,519,64,520,195,1263,21,843,225,940,34,1066,1744,430,1608,832,1103,977
48439111514,2019,6820,1671,1658,2725,493,1416,321,741,159,826,221,767,85,1428,2204,36,1605,891,1849,1026
48439111530,2019,6414,4763,638,333,471,601,219,2429,0,1892,296,229,41,2126,2488,226,1813,927,1180,1774
48439113109,2019,4438,1569,1385,1018,340,864,249,1031,97,797,203,803,270,547,2109,1498,1429,1404,1074,706
48439113216,2019,5059,3185,333,1097,237,566,344,937,68,873,208,581,315,1106,2526,1044,1907,1326,1233,1115
48439113607,2019,4136,2440,570,795,96,315,117,745,69,821,127,406,84,836,1828,840,1735,1076,1003,807
48439122200,2019,1961,403,327,1162,0,781,177,142,11,167,83,783,121,179,915,469,780,599,463,286
48439122300,2019,4539,1704,825,743,1050,1486,1145,828,294,608,137,1147,130,104,1300,1022,769,1019,214,273
48439122900,2019,8253,1375,605,6084,96,3611,705,286,304,439,533,1638,0,1150,2233,551,2035,1104,2655,879
48439111539,2019,9232,2436,2778,2446,1334,1823,310,1923,183,1968,434,673,131,2398,3031,130,1231,1149,2426,1199
48439111540,2019,7340,1752,1534,2838,1034,2312,681,1171,78,1396,630,265,72,1476,2337,701,956,1104,1952,1103
48439113102,2019,4604,2312,1041,721,285,502,118,1852,189,1118,433,359,264,883,2484,1668,2210,1388,746,803
48439113111,2019,4436,940,2278,845,136,616,281,564,161,626,148,1300,440,133,2638,2491,1973,2018,1061,253
48439113630,2019,3804,2274,549,527,241,477,185,864,89,772,87,452,8,774,1697,731,1472,1106,788,737
48439113619,2019,5931,2282,2064,1119,156,1540,811,816,213,819,296,806,383,293,2465,2060,2321,1708,1733,804
48439113622,2019,7160,6091,66,431,537,787,141,3484,108,2121,277,258,249,2289,2846,372,1560,955,1514,2444
48439113811,2019,4217,1799,536,1403,121,457,20,439,36,586,129,309,34,780,1680,786,950,1052,1043,901
48439114102,2019,9029,6971,355,1411,165,297,0,3290,92,2588,414,283,559,2603,3955,938,1711,1751,2151,2526
48439114203,2019,5422,4759,7,583,6,140,63,583,138,513,187,657,495,1555,2459,27,1722,721,1269,1204
48439121605,2019,3066,2079,250,690,13,285,59,762,55,587,96,284,115,798,1379,263,1261,673,706,985
48439113710,2019,4468,2827,328,956,189,665,298,1258,79,1210,127,301,22,879,1669,567,1424,953,1203,481
48439113711,2019,4267,3233,63,497,236,403,102,1495,72,1294,166,156,38,975,1766,705,1175,1065,819,1016
48439113812,2019,5793,4379,60,770,326,455,245,1798,46,1531,195,126,44,1368,1880,205,303,1042,1835,682
48439113813,2019,5124,4161,7,390,316,376,46,1993,133,1672,399,10,13,1683,1732,0,418,737,1270,1061
48439113814,2019,4357,3578,53,368,156,182,0,1854,35,1357,268,39,91,1399,1530,0,67,691,1166,943
48439113815,2019,6446,5066,153,851,256,594,184,2711,154,1874,473,113,36,1845,1918,0,117,842,1908,1244
48439113816,2019,5272,4443,92,383,213,330,58,2399,66,1571,288,27,67,1644,1792,22,524,654,1344,1095
48439113917,2019,7844,4015,868,1926,987,1128,161,1302,234,1648,327,1106,101,1543,2453,253,742,1344,2086,757
48439113918,2019,5953,2933,612,1831,444,741,147,1026,193,926,228,400,73,1173,2072,451,1075,1306,1719,623
48439113919,2019,7470,4811,536,1144,565,531,0,2485,228,2245,271,178,87,2058,2410,22,273,1030,2085,924
48439113920,2019,6353,3762,701,1106,548,644,89,1544,175,1420,368,100,51,1435,1748,6,211,667,1923,830
48439113921,2019,26455,16678,2280,4113,2851,3371,529,7565,774,6505,1023,1226,253,6491,8581,1034,609,5087,8479,2069
48439113922,2019,18730,11321,1768,2985,1607,1738,267,5620,395,5692,1303,417,337,4862,6544,595,138,3658,5357,2281
48439113923,2019,3909,1677,308,1421,399,470,95,922,171,1011,306,190,235,591,1696,870,49,1157,953,302
48439113924,2019,5427,2646,577,1393,547,1157,400,875,143,946,287,668,134,1190,1736,295,257,749,1462,577
48439113925,2019,4079,2093,371,1256,138,289,21,600,102,698,209,206,70,1089,1353,27,1062,534,959,694
48439113926,2019,27285,14046,3587,5158,3214,4540,1395,6622,471,6551,1679,622,514,6268,9147,1738,804,6253,8200,2895
48439113927,2019,17979,11356,1750,3341,989,1834,314,5178,656,4515,636,571,149,4294,5929,716,267,4052,6035,1333
48439113928,2019,10988,6877,957,1603,903,1115,213,3415,240,2956,486,217,154,2800,3748,196,130,2289,3801,984
48439113929,2019,9343,6908,740,1048,352,630,0,3044,163,2796,409,42,30,2431,2727,15,200,940,2973,946
48439114007,2019,18944,9522,1654,6113,1170,2609,314,4135,449,3913,1040,1050,0,4687,5813,158,1109,3446,5843,1746
48439114008,2019,17188,7448,1941,6077,811,1922,706,2436,418,3589,704,1591,83,3397,4849,96,166,3049,6302,1026
48439114103,2019,28891,20542,2693,3944,913,1627,450,6904,587,6448,1511,1347,369,7807,9322,94,762,5961,9042,3534
48439114104,2019,9922,7885,543,1249,107,284,10,2400,83,2697,333,510,354,2525,3142,17,355,1490,3125,1346
48439114206,2019,4751,3784,46,721,49,210,102,944,80,855,279,570,166,1426,1822,68,596,681,1122,1055
48439114207,2019,6356,4696,498,931,102,497,99,1654,9,1398,389,302,145,2115,2516,14,1105,978,1617,1396
48141000112,2019,4350,678,178,3324,90,1030,50,432,153,328,90,853,121,1073,1561,117,1552,456,1068,1075
48141000206,2019,4624,544,151,3839,16,946,33,243,103,461,66,965,62,1140,1594,94,1530,392,1109,1081
48439111005,2019,9923,1875,3647,3707,420,1516,308,950,276,1062,460,1860,348,1688,3607,1100,1406,1890,2842,1553
48439111404,2019,9577,5214,2128,1580,511,1234,200,1757,390,1608,736,519,271,1780,4001,1729,2218,2618,2255,2121
48439111525,2019,6403,1571,1553,2299,700,1928,413,761,134,754,242,955,157,1014,2114,570,1672,940,1475,1211
48439100102,2019,4344,1676,0,2596,18,1099,129,738,83,721,313,733,126,904,1736,145,1622,803,906,756
48439100201,2019,4948,412,82,4444,0,1796,263,120,46,177,409,990,116,631,1354,333,909,532,1793,491
48439102000,2019,3124,2236,159,489,202,465,154,1783,49,1196,279,605,384,424,2358,2051,355,1878,134,786
48439102100,2019,5840,4028,637,1053,18,392,61,2168,18,1546,368,533,339,1215,3143,1683,2485,2114,950,1272
48439100501,2019,11356,1802,1557,7586,268,3268,740,379,358,482,560,2213,106,1052,3374,1480,1655,2203,3868,1414
48439101401,2019,5485,1817,1532,1995,46,657,157,1028,110,652,259,777,179,1435,2099,362,1939,908,1387,1045
48439105701,2019,4291,1747,565,1763,116,528,91,794,128,672,261,699,79,963,1470,165,1390,659,1100,787
48439105704,2019,8388,1302,3461,3194,325,2033,264,665,426,926,346,1130,318,1625,3457,1074,2555,1830,2193,1038
48439106400,2019,3399,1061,607,1616,30,856,154,252,73,273,141,268,138,701,1209,28,555,739,960,525
48439106503,2019,5167,884,3230,773,62,169,0,702,75,602,207,968,183,1187,2395,597,2289,1274,1251,972
48439110402,2019,5411,1857,209,3178,13,1008,74,191,227,308,303,885,62,943,1538,8,1323,570,1663,761
48439110701,2019,7147,4793,453,1622,179,321,115,950,306,759,389,1096,216,1280,2933,553,2334,1670,1901,1184
48439110907,2019,3718,3093,181,389,0,91,0,1121,102,850,197,121,123,998,1516,437,1054,776,899,876
48439111012,2019,10171,1995,3717,3585,478,1170,202,1301,412,1382,333,1523,116,2048,2908,0,1606,1329,3459,1113
48439114204,2019,6596,6043,46,310,41,182,20,1200,101,962,328,650,240,1812,2666,349,1552,1361,1906,1613
48439113703,2019,12444,7454,502,3200,906,1981,1173,3198,296,3492,951,672,367,1432,5562,3672,1537,4098,2591,1210
48439113908,2019,5696,4254,151,299,854,788,148,2805,67,1781,327,48,11,1649,1702,0,160,766,1950,802
48439113909,2019,7082,5508,110,257,1053,774,217,3602,72,2002,486,265,64,2179,2297,54,108,994,2130,1230
48439114205,2019,3157,2681,4,438,11,159,33,516,92,622,144,433,151,891,1356,145,1094,547,627,854
48439121606,2019,3385,2246,304,420,262,412,36,1138,75,836,122,45,27,1078,1223,59,717,527,756,865
48439105203,2019,2750,1101,352,1156,73,526,12,260,23,326,106,392,76,466,1143,476,993,687,709,659
48439105405,2019,3378,2277,484,365,93,139,20,1370,100,923,392,322,628,430,2545,1973,1472,1577,608,855
48439123000,2019,6070,4029,881,656,422,667,263,2052,235,1116,115,962,595,1044,3626,2317,2832,2107,891,2061
48439123100,2019,3314,235,1325,1650,68,752,17,191,26,209,65,1441,281,555,1275,281,709,553,1178,535
48439123200,2019,2540,1258,190,1033,27,178,92,729,18,729,273,214,206,309,1396,941,498,937,281,418
48439123300,2019,5143,3381,619,884,176,549,189,2175,117,1553,216,270,339,863,2539,2206,947,1794,287,1119
48439123400,2019,2107,1226,218,545,80,309,78,661,66,660,99,339,311,191,1190,887,611,695,290,509
48439123500,2019,3485,96,1174,2188,0,849,83,119,141,120,91,1092,216,596,1149,131,955,508,1302,399
48439123600,2019,2897,872,629,1254,107,518,283,371,63,409,173,1050,158,102,1393,986,706,1018,486,318
48439980000,2019,0,0,0,0,0,0,0,0,0,0,0,0,12,0,12,0,0,0,0,0
48441012801,2019,3653,2473,324,675,134,220,150,590,119,534,93,772,107,293,2054,1660,1195,1730,638,542
48441012802,2019,3540,1849,590,796,236,471,284,526,62,545,83,407,410,292,2132,1558,1354,1523,461,485
48441013404,2019,10457,8103,231,1538,319,321,217,2391,102,2104,263,415,190,2987,3672,4,1185,2228,3396,1410
48441980000,2019,0,0,0,0,0,0,0,0,0,0,0,0,0,0,0,0,0,0,0,0
48451000801,2019,4691,2837,29,1695,25,90,46,771,243,839,77,589,87,1374,1721,9,1219,766,1406,948
48451000802,2019,4386,1573,259,2275,139,368,102,488,78,545,66,719,97,905,1723,184,1365,907,1342,719
48451001706,2019,3734,2555,307,771,84,110,31,871,48,652,106,193,116,855,1687,718,1489,867,740,942
48451001707,2019,5422,3877,119,1250,114,272,42,1483,63,1251,98,368,98,1785,2692,627,1139,1654,1167,1348
48451001800,2019,2635,815,408,1381,10,167,34,96,49,156,66,732,207,334,1023,394,877,444,591,430
48451980000,2019,0,0,0,0,0,0,0,0,0,0,0,0,0,0,0,0,0,0,0,0
48453000304,2019,3127,2415,16,482,206,282,140,1654,59,1532,122,489,245,424,1675,727,1528,1134,319,207
48451001708,2019,7033,4693,0,2133,191,405,7,2433,68,1889,236,643,350,2003,2958,544,1340,1503,1886,2048
48453000205,2019,3930,2653,84,748,272,301,169,2526,36,2303,233,125,260,606,2609,1691,1812,1965,217,329
48453000206,2019,3375,2652,98,464,87,155,69,2030,43,1384,143,323,131,769,1796,882,1540,1187,507,615
48453000305,2019,4093,3209,135,555,108,324,155,2056,65,1889,191,698,148,705,2064,815,1701,1387,521,361
48453000306,2019,6029,3704,332,1162,623,790,312,3201,89,2658,269,630,242,1356,3047,1556,179,2439,1063,782
48453000307,2019,1820,1337,14,322,55,134,36,1102,20,827,52,158,69,466,885,261,854,426,283,265
48113013616,2019,6716,2978,804,1869,602,1526,834,2865,127,2466,244,796,532,249,4327,3959,1419,3542,917,578
48113017306,2019,8013,1794,2349,3675,52,1910,306,789,164,1119,206,497,116,2040,2384,20,1017,541,2678,1022
48113017808,2019,3931,1799,420,1330,260,565,110,731,89,724,130,427,285,1079,1800,345,1308,759,908,1114
48113018118,2019,8481,2084,2230,2146,1773,2529,496,1523,209,1415,370,1138,67,1907,2812,554,1653,1393,2305,1385
48113018129,2019,4911,2155,1253,1393,72,786,128,1000,172,837,172,276,158,835,1947,925,1569,1109,1037,1311
48113019018,2019,5173,1350,1624,881,1050,1798,636,1100,137,719,316,854,500,825,2391,1367,2282,1111,1332,1010
48309003900,2019,9421,5811,429,2870,168,920,172,1948,149,1566,865,689,302,2259,3438,346,1965,1736,2489,2296
48309001500,2019,2201,110,1483,601,0,148,20,101,73,58,82,706,287,449,1149,207,889,446,476,456
48309003000,2019,3990,2268,599,1059,28,291,61,662,109,719,243,719,118,667,1967,1159,1686,1295,760,1295
48309001000,2019,2663,436,782,1394,0,385,56,123,120,231,124,1089,121,448,1071,275,917,576,947,386
48309003706,2019,11546,7473,1209,2217,400,945,153,2755,128,2408,875,970,176,3295,4241,531,1500,2129,2869,2362
48309000100,2019,2077,1105,309,601,55,204,43,267,38,361,88,691,276,96,995,783,687,652,270,164
48073950400,2019,2050,316,1017,673,0,279,19,106,55,140,123,829,60,361,762,47,438,334,675,393
48073950300,2019,7543,5938,585,828,127,488,123,1053,184,1128,511,680,485,2369,3424,4,2273,1024,1645,2374
48073951100,2019,1935,1627,193,112,0,67,38,158,70,147,35,496,115,440,787,125,496,248,556,517
48073950100,2019,4367,2522,286,1487,0,732,10,303,132,316,115,466,298,1171,1793,30,1122,616,1177,969
48073950600,2019,5649,3663,338,1648,0,398,33,943,160,844,91,630,406,1168,2604,733,2086,1341,1748,1424
48073950700,2019,4301,1514,561,2014,60,1248,453,399,166,257,399,757,280,884,1563,320,1034,751,1287,700
48073950500,2019,3832,735,967,1879,0,890,24,122,72,257,335,1209,243,719,1464,230,1126,573,1259,618
48073951000,2019,3231,1973,692,550,0,242,15,257,54,267,116,786,337,780,1567,137,1189,655,862,744
48073950900,2019,4267,1889,1407,787,26,241,119,361,54,285,90,266,103,521,946,26,650,428,677,427
48073950200,2019,6916,5248,447,1027,0,526,144,1378,95,1112,195,791,277,2140,2775,88,1070,1201,1507,1926
48119950100,2019,2781,2483,14,261,0,11,0,611,47,509,189,297,290,1044,1410,0,809,346,577,890
48119950200,2019,2468,1756,447,147,28,58,13,294,20,335,115,742,199,519,1078,149,834,446,645,595
48133950200,2019,5374,3822,179,1255,100,449,94,822,169,989,264,1148,1479,1539,3468,311,2719,843,990,1615
48133950300,2019,5173,4337,131,654,8,73,7,556,41,952,124,435,736,1436,2518,77,2032,875,1225,1534
48133950500,2019,2464,1882,0,517,0,160,0,189,4,173,46,758,577,671,1521,167,1182,444,532,686
48133950100,2019,3360,2793,138,399,5,93,16,204,42,216,108,565,498,741,1569,166,1318,416,742,970
48133950400,2019,1902,1660,74,164,0,60,0,226,101,182,20,262,604,586,1310,22,1016,293,334,612
48253020200,2019,2218,1501,60,641,0,90,20,245,10,353,37,380,291,614,1174,61,1019,493,601,638
48253020101,2019,1320,945,5,304,0,48,0,243,2,246,11,205,242,444,855,2,646,222,264,433
48253020300,2019,2095,1275,185,537,1,124,65,146,38,192,50,332,306,708,1212,31,1140,406,715,622
48253020400,2019,3178,1544,90,1458,3,48,28,423,12,369,51,494,375,944,1795,104,1646,752,909,813
48227950200,2019,1856,1309,0,547,0,43,0,192,16,310,46,137,149,623,883,3,675,210,439,480
48289950200,2019,5535,4768,148,442,141,117,11,663,175,550,107,787,1081,1830,3284,82,1572,944,884,1977
48289950100,2019,6794,4393,748,1469,19,678,97,408,214,510,184,1301,1060,1682,3383,217,2161,1059,1938,1695
48289950300,2019,4896,3952,259,598,33,102,0,610,54,542,67,935,1207,1473,3124,124,1885,728,1075,1882
48333950100,2019,1804,1608,9,176,2,84,24,302,9,201,62,157,588,576,1222,0,723,186,342,752
48333950200,2019,3085,2216,10,850,9,265,43,351,22,382,57,577,504,947,1660,98,1227,433,595,1060
48337950100,2019,2239,2158,5,33,0,4,0,340,66,225,108,233,549,789,1515,12,918,413,446,755
48201520400,2019,3303,615,237,2412,2,1189,368,196,196,179,97,861,97,208,1250,873,682,872,703,511
48201521000,2019,2620,593,154,1768,95,841,322,437,154,313,106,1110,12,281,782,460,681,537,893,281
48201521700,2019,6773,569,1995,4048,161,2314,795,770,364,780,412,2246,313,286,3310,2905,2400,2591,1687,681
48201522000,2019,4718,1670,247,2659,97,1549,729,1028,129,686,232,925,308,763,2156,1225,1909,1058,1206,1039
48201530700,2019,5929,391,1454,3978,11,1748,223,285,129,350,170,2473,122,666,2151,1091,1693,1257,1798,646
48201530800,2019,4397,476,3053,856,1,475,16,779,117,687,95,519,161,1190,1736,117,1391,542,951,1239
48201531000,2019,3949,2771,40,979,129,585,288,1839,88,1276,273,179,183,1247,1734,170,1215,968,1054,635
48427950600,2019,7785,165,14,7606,0,1822,317,489,601,805,46,2312,271,1601,2402,207,1233,711,2331,1457
48433950300,2019,1476,1120,30,314,0,28,0,146,17,192,0,169,350,438,930,20,811,227,398,459
48461950200,2019,2479,753,165,1552,9,309,55,138,56,158,28,368,244,647,1126,21,939,308,708,577
48461950100,2019,1180,679,49,414,17,118,4,96,22,138,19,137,110,326,560,39,436,212,250,299
48021950100,2019,8298,5089,214,2660,126,1338,364,1168,185,1465,349,865,554,2298,3241,0,1341,1096,1747,2316
48065950100,2019,2131,1901,4,205,17,37,9,306,18,357,122,203,275,737,1124,6,1045,277,515,696
48065950200,2019,3878,3250,44,391,5,78,19,865,50,863,157,290,233,1117,1672,61,1278,594,961,842
48155950100,2019,1275,919,29,284,0,50,0,152,58,143,40,129,340,443,873,68,755,200,231,423
48339690201,2019,11831,9590,163,1543,162,436,54,2360,246,2307,728,715,289,3119,4108,245,790,2132,3134,2578
48339690202,2019,8913,6903,135,1806,2,1042,113,1932,297,1557,409,1057,152,2348,2751,0,996,1164,2339,1658
48339690401,2019,7738,6024,177,897,548,645,184,1720,262,1744,313,195,62,2151,2471,9,215,1329,1938,1161
48339690402,2019,18149,12728,786,3828,161,2222,143,3581,154,3468,1356,2371,358,4842,6167,456,923,2940,5165,3064
48339690602,2019,26079,16639,2146,4987,1760,6707,1868,10883,391,8078,1178,634,124,5452,8154,1362,156,6019,8794,3013
48339691301,2019,4848,3588,112,797,240,736,307,1901,52,1286,207,360,57,1429,1696,0,907,779,1296,953
48339691302,2019,5453,3506,242,1183,128,976,310,1474,41,759,230,800,205,1076,2688,1319,1930,1571,1041,1555
48339690601,2019,21684,16139,575,3123,1245,3588,2022,8565,602,6396,872,1198,755,5539,8713,1620,383,4221,5649,3381
48339691601,2019,3828,2758,107,646,208,596,313,1729,171,943,90,398,83,959,1872,668,1578,1018,630,1143
48339691602,2019,5045,2841,389,1481,204,1017,398,1273,117,1008,113,795,142,778,2194,1220,1298,1347,1169,839
48339692001,2019,35550,21763,3469,8327,1731,3314,970,9765,630,9741,1748,841,192,9456,11718,160,1169,6947,11774,3680
48339692002,2019,15069,9893,1359,2159,1108,1648,705,5683,237,4300,987,335,117,3862,4552,227,121,3241,5280,1544
48339692601,2019,4520,1966,24,2249,0,842,99,74,188,148,113,664,124,956,1494,32,696,625,1249,800
48339692602,2019,15966,8222,28,6668,183,2629,495,1627,550,1824,331,2677,305,3334,4902,318,1310,2968,5591,1987
48339692801,2019,10179,7632,20,2255,38,850,169,563,199,1237,515,1239,397,2632,3453,4,1621,1250,3039,1511
48339692802,2019,7720,3237,356,3817,27,1451,256,633,169,805,372,1071,243,1691,2435,27,1145,1465,2593,900
48339693101,2019,6114,1104,964,3973,10,1976,425,297,106,353,242,1477,184,952,1919,308,1442,902,1661,737
48339693102,2019,4974,1568,452,2943,11,1456,196,340,119,548,167,656,248,1118,1796,150,651,896,1398,708
48339694101,2019,13717,7278,908,5269,64,1906,442,1030,115,1345,230,3241,415,2937,4674,232,1616,2333,4368,2270
48021950200,2019,9373,2497,2609,4260,7,1239,47,736,448,951,489,1266,349,1331,2830,516,1953,1292,2595,1742
48021950700,2019,4579,3249,398,607,85,252,45,714,94,644,138,408,395,1205,2120,154,1547,910,855,1339
48021950400,2019,9375,7081,401,1439,47,314,9,2044,329,1496,275,665,520,2319,4036,927,1656,2402,1830,2749
48021950300,2019,16034,9400,1087,4947,276,1800,23,3168,162,2873,581,2453,539,4156,5573,138,1472,2824,4874,3402
48021950600,2019,5500,4230,396,777,51,212,88,1033,144,682,119,734,685,1658,2624,39,1194,710,1317,1293
48049950100,2019,2054,1917,0,131,0,33,0,466,30,219,49,198,935,766,1893,34,1056,415,369,710
48049950500,2019,2802,2017,82,653,0,50,10,347,10,469,151,246,280,896,1371,88,1091,411,562,909
48049951300,2019,3369,2273,140,881,0,170,4,540,16,482,177,488,273,891,1352,46,796,398,768,831
48049950900,2019,4202,3073,167,847,103,143,0,593,100,463,458,691,382,1036,2057,487,1586,1005,864,902
48049950200,2019,4324,3483,13,667,0,94,0,494,121,552,220,301,1151,1462,2840,43,1763,706,902,1480
48125950300,2019,2203,1476,59,657,11,112,31,303,83,207,72,410,512,648,1357,11,1214,360,442,733
48439106516,2019,5293,684,3020,1194,320,853,350,487,175,610,228,957,821,208,3290,3115,2506,2202,1208,482
48439106600,2019,2400,1012,362,913,82,267,103,165,84,226,131,542,114,0,1168,1156,623,935,664,185
48439110301,2019,4092,1251,50,2279,443,1307,235,228,154,327,320,774,96,687,1266,248,1115,543,1223,651
48439110500,2019,8354,3719,0,4513,36,1149,27,752,163,861,364,904,260,1783,3235,530,3093,1368,2035,1561
48439110906,2019,4446,3517,115,668,37,194,75,756,93,783,230,308,169,1230,1830,156,1649,788,924,1131
48439111011,2019,10785,2172,4965,2768,739,1641,134,1756,199,1650,689,278,110,2535,3315,63,692,1559,3621,1147
48439111013,2019,10297,3883,3010,2722,482,1155,185,1167,329,1447,523,1011,411,2229,3774,606,738,2434,2957,1139
48439111306,2019,5392,3177,617,1359,87,534,12,1232,122,1128,233,432,71,1380,1864,83,569,1019,1487,833
48439111405,2019,2682,1461,357,768,54,136,34,221,35,302,155,370,119,575,1014,92,777,518,819,573
48201550900,2019,9552,767,1888,5248,1409,3373,296,1117,380,980,372,1195,140,1987,2788,150,1952,971,2983,1733
48187210706,2019,5651,2379,266,2585,84,375,52,794,191,943,207,431,150,1265,2265,213,1427,1163,1433,1089
48201551200,2019,7480,2858,1211,2229,891,2388,321,1158,223,921,441,1063,85,1390,2763,1234,2181,1507,1686,1475
48201551600,2019,8975,2374,1359,4236,533,2404,608,996,384,1053,507,1348,81,1765,2855,550,1915,1423,2286,1572
48201330600,2019,7239,228,3514,3468,0,1979,104,369,157,535,378,1500,151,1597,2328,78,1870,738,1881,1473
48201323200,2019,5727,1121,134,4423,22,1100,213,182,275,372,249,1150,157,1027,1741,237,1565,822,1559,900
48201331400,2019,2414,0,2107,0,76,33,0,85,343,133,63,1517,90,38,1237,1150,823,713,728,682
48215023514,2019,9157,138,0,9019,0,2727,220,328,174,518,71,3180,232,1719,2407,61,645,877,3320,942
48215023515,2019,13923,329,0,13568,0,4234,279,839,332,1133,200,3941,486,2551,3488,122,836,1217,4818,1478
48215023801,2019,12032,428,26,11424,69,2828,577,1396,530,1378,241,3406,121,2151,3062,360,706,1413,4413,1114
48215023802,2019,10330,999,0,9277,30,1715,355,1862,225,1610,275,2299,277,2214,3153,393,930,1438,3443,1526
48215023903,2019,4219,450,91,3625,0,666,8,530,305,626,80,1518,212,639,1723,621,1362,839,1145,800
48215023904,2019,9197,945,18,7547,671,1478,617,2382,141,2466,183,2024,335,1196,3689,1962,752,2289,2877,774
48491020510,2019,10965,4914,640,1579,3442,3067,1230,4216,190,3430,715,322,134,2474,3387,596,369,2018,3543,1238
48491020603,2019,10617,6239,396,1449,2250,1750,754,4248,300,3225,644,201,75,2652,2861,48,261,1386,3940,1085
48491020604,2019,8131,4740,271,1635,786,785,223,2805,117,2140,326,203,93,1757,2475,423,516,1643,2516,927
48491020605,2019,8863,5760,307,1664,765,1019,133,2991,303,2173,422,108,79,2234,2705,0,121,1446,3008,1074
48491020706,2019,4511,2851,239,875,483,491,41,1722,109,1198,252,112,0,1125,1220,6,78,559,1423,636
48491020707,2019,5692,2600,1412,1312,252,601,165,1483,404,1226,256,585,233,1061,2089,632,592,1179,1345,727
48491020708,2019,8215,4558,869,1938,585,1183,195,2344,108,2172,872,30,135,2146,2517,0,72,1041,2212,980
48491020803,2019,5025,2934,223,1694,10,322,0,1123,201,1182,235,395,143,1269,1646,0,276,741,1208,809
48491020804,2019,11688,6812,1433,1724,1292,1484,418,4565,524,3907,806,548,381,2803,3867,830,205,2151,3323,1679
48491020805,2019,8977,5325,816,2312,231,747,38,1748,371,1617,470,1108,359,2225,3051,37,259,1846,2429,933
48491020806,2019,8994,4071,1088,2558,860,1455,479,2440,103,2539,367,291,192,2398,2733,21,116,2254,2748,1180
48491020807,2019,11124,4748,1864,4236,151,895,290,1906,319,1909,852,751,121,2821,3359,0,141,2245,3491,828
48491020808,2019,1805,902,8,566,0,195,76,377,47,422,35,307,64,322,568,52,226,258,452,392
48491020809,2019,8078,4333,869,2449,113,669,25,1225,323,1758,309,411,0,1985,2337,77,239,1213,2585,1124
48491021504,2019,7676,3886,804,1793,1004,932,219,2433,170,2065,451,776,410,1508,2914,988,51,2115,2169,953
48491021505,2019,8141,2865,809,3773,657,1803,443,1455,269,1502,431,894,294,1367,2583,724,771,1449,2444,493
48491021506,2019,3714,1527,459,1419,68,408,7,699,56,802,136,201,20,915,1070,0,60,478,1125,508
48491021507,2019,12940,7476,1189,2978,1008,1547,416,3001,184,2798,1266,512,656,2002,5249,2707,255,3309,3273,1734
48491021508,2019,8279,4054,1143,2192,539,754,139,1793,350,1985,377,620,166,1483,2691,809,254,1444,2278,853
48491021601,2019,5094,2806,248,1825,17,380,71,658,55,1072,159,279,136,1265,1716,153,351,1205,1326,644
48491021602,2019,2832,1893,112,772,25,193,48,448,105,426,71,375,57,648,835,3,391,297,725,731
48141010103,2019,2961,1643,331,667,107,192,156,670,9,109,0,51,38,0,517,29,185,473,731,23
48141010317,2019,4197,392,97,3676,32,685,22,536,141,594,96,442,146,829,1448,200,1303,434,1058,857
48061013901,2019,2656,79,0,2577,0,710,108,48,57,73,62,1067,128,388,810,125,636,278,824,569
48061010100,2019,9576,1519,0,7979,31,1199,18,956,270,875,67,2499,1484,2488,4416,213,2323,766,2550,2347
48061011801,2019,5845,600,64,5034,140,652,31,405,52,880,88,1676,168,628,2169,1007,1353,1420,1760,1106
48061011901,2019,6092,729,19,5281,63,763,58,506,115,764,34,1741,330,1341,2206,218,1504,708,1852,1490
48061012505,2019,10771,189,0,10507,0,3321,316,483,212,513,465,3504,319,2106,2733,0,631,787,4059,915
48061012612,2019,6364,163,48,6021,76,1449,275,1229,159,1179,185,510,88,1408,1885,209,642,660,1381,870
48061013104,2019,3622,259,0,3334,12,987,165,613,102,640,49,879,203,548,1532,847,840,756,895,930
48491021603,2019,1428,1081,6,314,6,91,7,370,42,276,113,68,80,394,575,4,222,256,315,270
48355001802,2019,2175,91,126,1958,0,295,19,202,41,247,44,88,56,602,816,132,445,294,441,409
48355002200,2019,5850,1594,59,4197,0,508,59,622,226,779,137,1482,150,1468,2243,246,2214,907,1466,1147
48355002704,2019,5995,2608,127,2204,781,800,500,1544,138,1245,93,2424,222,803,3217,2227,1804,2288,819,959
48493000500,2019,4507,2886,33,1468,0,236,120,569,109,632,154,316,338,1231,1849,35,1068,672,1080,1296
48493000600,2019,4014,2046,0,1944,0,272,73,405,77,556,144,364,171,1045,1460,5,946,418,1073,771
48081950200,2019,1765,1354,3,375,0,97,0,277,31,264,25,255,545,658,1412,44,1218,408,385,609
48081950100,2019,1538,1163,29,336,0,36,0,169,12,203,36,143,514,561,1291,25,1006,398,306,527
48091310100,2019,4218,2590,46,1410,59,258,51,1050,66,837,84,415,380,1003,2040,343,1482,1111,968,835
48091310300,2019,8013,6267,61,1642,0,249,22,2637,38,1697,126,861,446,1929,3835,1409,2637,2038,1670,2707
48091310401,2019,5704,1554,99,4033,0,671,77,391,44,477,189,549,305,999,2100,418,1399,899,1305,1034
48091310200,2019,4345,2389,40,1849,37,242,26,821,106,623,194,484,586,786,2290,825,1570,1177,949,877
48099010601,2019,4205,1958,790,816,245,347,266,451,311,605,26,990,263,498,1983,1113,1224,1273,1041,598
48099010702,2019,3259,2035,340,420,33,296,28,413,62,430,73,334,227,812,1561,369,1117,767,820,617
48099010400,2019,4456,3622,91,624,24,301,42,512,130,599,178,425,161,1163,1864,131,1196,948,1336,684
48099010300,2019,2546,1691,140,516,25,115,12,170,114,192,44,320,180,537,906,105,696,330,553,524
48099010701,2019,3838,2357,466,603,116,362,99,405,140,504,83,415,261,933,1735,301,1244,850,867,641
48099010802,2019,5622,3456,528,1083,155,528,238,750,251,737,96,633,283,1357,2242,258,893,1085,1470,1023
48225950600,2019,1310,973,326,0,0,0,0,138,0,147,70,266,350,429,935,0,584,172,286,453
48225950400,2019,2583,644,1377,534,0,112,24,96,14,182,185,966,224,534,1334,342,927,616,599,538
48225950500,2019,4316,3328,429,513,10,162,27,606,37,522,120,684,820,1533,2690,52,1586,620,840,1605
48201240600,2019,2790,56,848,1841,0,889,414,127,80,191,88,1480,161,6,1188,1134,983,942,1032,98
48201241200,2019,8151,2409,2352,2922,375,898,155,902,336,765,53,811,241,1834,3007,374,1577,1504,2195,1404
48201250600,2019,7799,1846,2597,3247,85,1359,496,714,238,660,188,1690,147,771,3487,2364,2653,2540,2202,1154
48201251000,2019,2693,1663,185,539,205,600,184,1162,78,651,50,238,547,649,1688,992,618,762,520,659
48201251800,2019,2047,1370,22,648,7,220,4,187,40,290,241,92,59,590,739,20,332,294,453,494
48201252100,2019,2392,785,272,1305,23,520,54,203,34,212,162,409,81,684,841,34,265,330,537,449
48201252200,2019,9953,1365,2037,5787,404,2379,83,857,437,1133,718,797,565,2027,3668,1148,877,1930,3566,707
48201253300,2019,3513,1739,263,1419,79,431,119,603,143,600,305,194,113,1098,1294,0,1071,527,983,893
48201253800,2019,8037,3098,631,4143,86,1576,131,697,420,722,658,908,83,1848,2715,407,1528,1321,2387,1178
48201254700,2019,2397,1122,313,871,52,437,71,380,71,350,145,312,148,508,1030,239,745,549,690,520
48201310700,2019,4582,660,35,3864,0,1108,181,663,59,655,59,1747,174,585,1522,635,1384,813,1378,559
48201311000,2019,5754,254,0,5500,0,2248,153,224,163,339,119,2005,327,1052,2397,548,2285,1034,1386,908
48201311100,2019,5304,116,15,5173,0,2151,237,215,101,166,246,1054,518,853,2138,305,2015,561,1313,999
48201313100,2019,4049,2248,550,483,718,919,360,2514,46,1826,95,312,259,527,2240,1844,578,1677,350,764
48201543100,2019,2536,969,231,1195,13,499,80,308,70,311,86,156,25,632,803,0,307,406,768,356
48201550200,2019,4381,318,2327,1592,15,715,413,183,108,245,114,1957,456,41,1863,1611,1582,1328,1822,212
48113013902,2019,5370,1948,210,3013,108,1329,118,805,113,922,326,136,111,1447,1800,104,1687,618,1230,1233
48113016802,2019,4477,967,2352,1062,0,374,0,863,91,853,188,143,71,1343,1574,0,664,672,1266,811
48113017102,2019,6345,992,1129,4185,0,1960,159,321,185,240,320,1207,63,1251,1821,0,1043,743,2066,686
48113017602,2019,4461,1019,1166,2160,0,862,63,280,99,404,75,987,100,983,1253,0,1002,342,1491,667
48113017805,2019,5001,1505,1288,2065,75,646,55,570,136,417,92,869,115,1082,2086,820,1826,1111,1334,940
48113010601,2019,6103,846,72,5155,0,2179,245,190,184,341,182,755,60,1075,1557,11,1130,452,1902,796
48113010602,2019,2972,486,855,1563,68,655,40,132,81,234,36,1027,106,437,1001,356,712,441,1076,338
48113010902,2019,8234,124,6196,1626,80,736,58,820,250,785,148,2533,372,833,3415,2367,2038,2220,2589,995
48497150402,2019,6311,5701,0,500,4,158,42,641,89,739,269,480,369,1691,2483,135,930,973,1285,1493
48497150403,2019,4357,3195,0,997,79,285,7,462,175,518,168,286,109,1172,1519,19,629,579,1060,976
48439113214,2019,6142,3847,503,1319,243,486,115,1085,120,1220,525,744,30,1404,2199,380,1584,1194,1553,1288
48439113215,2019,4911,3762,125,699,150,183,19,777,174,797,198,171,88,1282,1827,94,1455,737,1213,1105
48439113509,2019,4402,2414,277,1184,432,1088,217,620,68,579,271,582,36,1044,1640,320,1474,625,1038,795
48439113514,2019,4582,1542,598,1488,750,1655,631,738,97,504,276,1092,137,629,1770,983,1544,1096,1116,637
48439113611,2019,4195,3400,173,382,141,217,19,1388,28,1072,134,109,45,1414,1552,8,1044,457,902,1255
48439113612,2019,4257,3799,46,291,63,121,9,1642,99,1281,193,184,44,1615,1808,59,1429,576,709,1565
48439111537,2019,6305,1152,2526,1367,1062,1170,242,1301,145,1219,314,432,142,1024,2425,1069,805,1231,1407,1058
48439113407,2019,5677,2057,822,2369,320,1724,434,683,105,666,150,1147,260,778,1969,899,1629,988,1950,607
48439113112,2019,2155,1273,383,331,113,263,47,796,110,515,47,342,89,505,1117,581,663,705,347,466
48439113217,2019,4517,2862,500,679,202,827,195,645,274,901,195,359,69,983,1756,610,1535,761,778,907
48439113511,2019,4203,1745,912,473,928,1005,299,765,111,763,144,87,49,793,1491,550,1040,853,1114,632
48439113516,2019,4413,2771,297,799,412,572,95,1148,135,924,110,600,26,1241,1672,248,1368,619,1005,1003
48439113624,2019,4776,3124,322,720,451,455,254,1481,63,1401,163,112,0,1206,1613,191,1262,758,1216,856
48439113911,2019,9656,6873,433,1118,1123,1412,540,2909,174,1947,476,832,49,1798,3814,1553,1365,2462,2306,2653
48441012400,2019,2441,1508,524,376,25,339,245,386,32,327,145,836,91,646,1113,252,1046,503,663,673
48441013500,2019,7613,6854,31,633,13,151,36,1694,59,1571,275,315,377,2465,3213,4,1747,1285,1908,2006
48441010800,2019,1351,275,227,797,0,121,1,59,27,60,24,381,153,304,740,47,740,254,382,314
48441010900,2019,6674,4041,994,1310,165,558,459,902,87,1281,225,1456,370,850,2979,1396,2433,1971,1389,1408
48441012300,2019,4329,2403,446,1145,113,235,75,331,169,572,153,890,244,666,1684,484,1635,924,1155,590
48441012700,2019,7626,5729,274,884,547,670,147,2391,111,1931,110,491,267,2434,3194,242,2339,1444,1684,2467
48441010600,2019,3974,2163,425,1261,0,235,123,623,41,599,139,278,46,1026,1419,7,1364,722,1169,894
48439100800,2019,6475,318,35,5980,79,2703,699,243,321,392,468,1570,141,1076,1877,84,1721,632,1655,1089
48439103601,2019,2764,35,1551,1102,30,389,102,61,74,34,70,1620,254,233,1212,510,1064,675,1120,340
48439113107,2019,2134,1739,147,205,43,181,4,943,14,566,48,131,38,876,1028,165,931,367,408,776
48439121702,2019,2470,816,656,948,7,560,152,364,54,488,133,404,129,99,1390,1148,864,905,221,520
48439113513,2019,5659,2897,357,1454,757,1629,435,1322,58,1329,346,275,284,1271,2461,1003,1424,1124,1397,763
48439105406,2019,4987,3936,176,664,82,185,98,2454,42,1952,261,493,349,672,3208,2516,1521,2277,462,1520
48439106511,2019,9178,2356,3321,2253,980,1430,179,1646,393,1396,834,2078,362,1673,3489,1175,1133,2166,2662,1411
48439113403,2019,3032,1985,88,863,54,456,64,467,57,715,117,316,87,757,1136,203,974,518,725,744
48439113633,2019,4416,3196,33,488,545,647,145,1965,136,1304,183,85,0,1253,1542,258,850,658,1189,830
48439113634,2019,5416,4524,153,241,331,397,102,2705,95,1746,400,94,33,1866,1970,36,477,711,1322,1427
48439113709,2019,5501,4158,116,580,621,668,180,2237,135,1835,280,108,92,1642,2017,265,967,806,1319,1219
48481740700,2019,1889,410,103,1376,0,481,46,150,22,173,25,595,97,368,731,83,568,265,515,288
48481741100,2019,2512,1408,49,1044,11,274,20,331,31,307,140,256,181,795,1079,0,699,324,532,647
48481740200,2019,1969,801,378,742,17,253,0,87,88,164,140,328,56,377,694,124,504,359,494,363
48481740400,2019,5754,2670,1076,2008,0,730,120,764,18,486,227,951,333,1419,2607,726,1908,1213,1323,1680
48481740900,2019,7109,4533,43,2519,14,401,60,1297,120,1251,178,923,206,1998,2933,342,2126,1193,1842,1770
48481740500,2019,3285,1041,1328,905,11,149,40,263,101,205,47,772,229,659,1489,518,1055,478,579,956
48481740100,2019,5269,3318,674,1274,0,228,47,1081,129,904,254,804,387,1618,2469,86,1556,836,1389,894
48481740800,2019,3848,1074,373,2384,0,417,48,295,97,373,197,774,183,798,1594,194,1070,787,1243,719
48485010400,2019,1546,216,1085,214,5,36,0,94,108,175,14,641,332,269,1210,498,1036,525,333,502
48485011300,2019,1052,307,622,62,0,80,65,91,16,130,53,179,193,245,677,221,609,285,295,219
48485011800,2019,1901,1263,96,405,121,137,0,448,35,372,38,131,64,647,869,39,781,395,451,536
48485012100,2019,2786,1971,99,652,27,106,8,199,25,428,100,526,269,724,1425,105,1379,653,765,445
48485011100,2019,1217,244,40,842,10,321,28,49,0,119,26,272,155,351,676,8,652,195,238,225
48485012800,2019,4480,3584,48,718,17,467,0,994,100,889,118,384,268,1260,2013,408,1635,714,1056,954
48485011700,2019,2451,2003,18,329,77,70,9,582,64,526,83,154,76,699,1097,217,938,545,571,567
48485012000,2019,6864,4302,1054,871,496,914,375,2097,139,1810,103,1156,362,1307,3127,1460,2239,1888,1012,1236
48485012300,2019,8368,5493,598,1536,539,774,285,2031,124,1915,352,749,160,2084,3047,528,1790,1537,2424,1284
48485013100,2019,8703,3976,2066,2325,113,583,93,499,155,396,170,369,227,1160,1768,40,1481,596,913,1102
48485010600,2019,2213,1093,21,1019,27,277,16,271,26,208,84,512,163,650,1211,59,1176,528,405,454
48485011600,2019,4336,2783,334,839,15,256,107,358,77,501,124,1005,93,683,2012,1081,797,1341,1125,1126
48485012900,2019,2398,1757,144,334,42,145,50,335,57,341,125,328,140,687,1015,27,882,322,508,777
48439121703,2019,5757,892,918,3560,291,1717,378,386,142,464,276,1914,79,316,1965,1369,1646,1393,1705,459
48485011200,2019,1966,1170,340,319,37,98,31,186,116,179,68,803,172,395,1074,444,754,543,468,410
48485012700,2019,2742,1984,78,565,0,75,0,299,104,428,220,697,88,696,1145,68,1072,648,833,532
48485013502,2019,5348,4575,213,307,30,124,55,964,72,687,296,567,233,1534,2326,309,1686,1082,1377,1499
48485012600,2019,4013,2975,290,550,131,274,68,970,91,629,96,563,257,1082,1912,408,1412,789,1033,1355
48485013600,2019,5678,5086,0,524,13,101,23,607,0,817,346,450,209,1775,2429,151,1983,965,1504,1426
48485013700,2019,2726,2050,67,343,7,18,18,261,128,232,119,660,432,916,1730,264,1627,636,505,877
48485013800,2019,4145,3685,24,297,0,41,13,769,21,868,216,351,159,1238,1644,125,928,732,1010,916
48485010800,2019,2148,1019,223,845,36,291,33,91,79,224,118,566,346,381,1161,169,1071,501,602,225
48029181705,2019,5796,1213,633,3243,627,1398,225,1006,79,1366,237,429,234,1012,2595,1281,962,1693,1676,629
48029151200,2019,11162,639,106,10125,199,1530,144,1193,588,1197,403,1332,203,1477,3286,1027,1690,1689,2737,2000
48029110700,2019,1171,95,40,979,6,330,64,135,35,78,4,403,118,146,672,416,626,357,259,379
48029190400,2019,4242,2277,197,1404,208,274,148,1223,114,1057,0,320,165,572,1285,575,1039,659,282,809
48029121108,2019,8109,4523,304,2876,115,481,217,2656,208,2182,274,765,94,1678,3494,1334,2195,1985,1438,1969
48029150800,2019,2763,344,33,2243,0,277,12,89,153,162,26,1513,82,121,1119,722,694,643,940,544
48439101700,2019,2525,399,1238,743,31,319,136,116,124,97,100,1595,178,97,692,370,625,362,881,194
48439102800,2019,1465,1276,3,136,0,49,11,826,8,560,58,15,24,465,667,143,587,314,323,430
48439100400,2019,5926,260,61,5605,0,2486,323,182,173,131,456,2214,234,855,2002,201,1774,602,1679,1087
48439100602,2019,3752,1709,399,1394,60,369,87,328,30,201,121,171,144,450,826,57,696,267,505,401
48439101500,2019,4120,1267,369,2260,69,1078,144,556,124,416,108,1032,161,856,1647,172,1607,778,992,741
48439102500,2019,3518,264,1908,1180,157,716,70,241,116,262,81,833,337,787,1663,134,1362,630,951,731
48439102700,2019,3390,2625,39,489,147,185,67,1576,77,1344,179,366,147,1062,1910,442,1659,979,526,680
48439104100,2019,3401,1754,126,1242,194,607,84,1025,29,1112,165,272,225,747,1641,350,1586,894,790,479
48071710200,2019,20191,12599,1256,5851,157,1475,192,3174,364,4031,2014,2084,275,5866,6770,27,1243,3323,5992,2485
48071710600,2019,0,0,0,0,0,0,0,0,0,0,0,0,0,0,0,0,0,0,0,0
48071710100,2019,9246,7001,621,1266,0,335,211,1532,375,1584,1053,855,208,2589,3543,686,1408,1781,2835,1454
48071710300,2019,2715,1716,493,412,7,74,0,307,97,276,129,453,421,837,1368,25,594,465,842,583
48071710500,2019,3754,1723,304,1463,262,1160,57,176,109,296,177,815,377,1101,1789,183,972,771,737,849
48027020500,2019,3708,1479,443,1659,17,619,42,420,109,464,280,225,205,931,1534,144,1317,521,965,840
48201541203,2019,2688,2118,0,407,163,406,25,1035,18,823,152,94,18,915,1017,0,947,274,512,669
48201541601,2019,6137,2817,816,1504,818,1206,310,1763,365,1447,519,280,39,1937,2145,19,1034,1003,1304,1331
48201541602,2019,10628,2467,716,6474,447,4122,1052,1389,451,1174,410,2284,292,2310,3414,475,1977,1421,2921,1290
48201542101,2019,25740,4632,7585,11679,1476,7409,1455,3455,669,3833,1184,1513,50,4353,7496,886,816,4275,8511,2290
48201542102,2019,16690,2894,4302,8503,390,4093,709,2698,460,2706,868,1244,195,3665,4792,0,864,2200,5519,1874
48201542301,2019,14366,3389,1897,8036,849,4666,475,2059,481,2304,757,615,235,3286,4316,0,330,1781,4203,1660
48201542302,2019,7768,2084,1562,3585,421,2309,492,1598,285,1494,416,446,22,1701,2382,422,163,1181,2078,933
48201543001,2019,17355,7211,3473,3935,2402,3565,810,5653,420,4455,919,374,373,4714,5326,17,63,3656,6151,1163
48451001000,2019,5133,3809,48,1247,0,35,0,1458,123,1241,97,371,367,1552,2415,182,2329,1099,921,1262
48451000300,2019,5814,2414,362,2911,55,650,16,741,69,601,214,528,211,1246,2237,229,1248,1301,1779,849
48451001704,2019,9524,6795,151,2059,113,419,13,1949,88,1472,304,567,435,2932,3770,160,1511,1814,2280,2554
48451001600,2019,4738,3172,8,1553,0,445,169,891,56,902,97,421,325,1360,1986,9,1283,688,1311,848
48459950700,2019,5398,4356,162,701,0,333,0,702,120,600,358,315,420,1393,2144,2,1034,553,1116,1372
48459950400,2019,4383,2811,988,307,4,118,9,664,64,588,153,559,301,960,1800,304,1508,797,981,1067
48459950500,2019,6383,5457,469,436,6,205,1,933,105,973,218,1037,364,1520,2508,191,1385,1004,1328,1680
48459950600,2019,3983,3397,378,138,28,42,0,518,180,525,287,432,398,1153,1731,40,1086,560,788,1093
48459950300,2019,8641,7114,481,803,34,377,23,854,282,862,313,1912,546,2448,3691,289,1845,1456,2138,2057
48459950100,2019,7698,6472,286,643,41,355,30,650,155,914,306,1229,606,2383,3467,71,1917,1118,2033,1815
48459950200,2019,4532,3364,573,496,15,109,0,447,65,443,240,987,312,1258,1714,4,930,553,1430,1196
48469000100,2019,2251,475,136,1599,31,288,30,195,41,178,55,499,115,331,734,152,614,336,495,387
48469000400,2019,1794,843,13,920,0,176,72,276,49,298,80,264,141,423,856,55,753,387,423,382
48469000800,2019,2056,1449,49,558,0,40,0,280,5,331,112,111,121,599,838,28,440,305,555,554
48469000602,2019,5006,1059,503,3352,15,368,6,248,213,454,136,1979,140,660,1884,718,1788,1167,1355,755
48469001300,2019,2264,1346,33,833,0,146,0,260,50,240,35,217,158,734,1011,0,572,229,583,498
48469001501,2019,3741,2483,208,931,0,86,0,613,68,640,234,265,93,1159,1360,0,700,497,976,832
48469001604,2019,7175,3007,812,3183,118,588,219,925,311,1086,321,925,346,1568,2550,584,1619,1154,1911,960
48469000301,2019,2246,154,331,1741,0,179,22,85,115,97,104,710,166,358,766,56,658,273,565,411
48469001601,2019,6035,2846,110,2834,20,186,20,944,216,945,377,835,288,1229,2541,965,1917,1132,1716,1579
48469000601,2019,2734,700,231,1803,0,396,4,238,88,360,142,429,128,616,1120,232,941,547,490,462
48469001605,2019,3097,1424,111,1491,40,169,59,429,90,515,88,369,312,590,1553,748,1334,719,661,741
48469000201,2019,2811,439,202,2086,84,449,105,106,105,116,146,984,236,528,1229,291,1080,473,735,593
48469000502,2019,3985,1383,144,2350,46,137,39,344,138,493,100,777,186,777,1644,634,1567,653,887,854
48469000700,2019,3450,1726,121,1555,0,70,0,292,42,431,144,365,308,1027,1459,40,950,315,937,773
48453001770,2019,13007,9490,35,1817,1343,1366,435,6497,115,4725,751,297,69,3902,4224,0,609,1990,4419,1796
48453001771,2019,4420,3832,44,442,77,220,9,2249,64,1406,199,190,270,1750,2108,70,1261,862,942,1556
48453001772,2019,4726,2293,108,2077,162,670,48,1060,64,1032,111,223,91,1294,1700,0,226,998,1152,614
48453001773,2019,8423,6451,108,749,840,991,189,4356,132,2567,519,481,233,2579,3624,762,332,2551,1987,2281
48029120702,2019,4614,2425,127,1739,216,638,109,2273,82,1330,108,248,407,931,2772,1915,1248,1625,747,1865
48029121300,2019,6588,2891,766,2426,442,813,142,1729,170,1189,175,739,262,1627,2486,359,1802,921,1269,1949
48029121501,2019,10037,3958,1581,3407,542,1388,352,1966,254,1807,158,877,252,2103,3242,517,1393,1453,2386,1958
48029121507,2019,4531,1445,867,1920,61,514,74,497,106,618,184,439,152,1013,1564,85,1262,596,898,1068
48029131200,2019,2806,525,941,1282,41,174,17,172,18,214,42,1068,191,483,1328,661,1007,497,659,647
48029140100,2019,1261,252,14,978,7,141,52,180,25,165,87,155,124,283,607,118,535,239,231,240
48029140400,2019,3631,348,29,3143,0,486,0,233,48,342,97,455,144,769,1389,179,1378,468,698,795
48029141600,2019,4889,192,97,4579,7,636,24,369,105,639,119,583,69,1099,1388,0,376,339,1459,419
48029150400,2019,4946,80,1,4829,1,857,37,178,113,254,241,1507,188,738,1462,198,1368,478,1429,870
48029151000,2019,4003,166,41,3796,0,868,40,115,105,237,136,774,116,659,1133,118,1102,275,1125,717
48029152100,2019,4885,723,189,3884,77,685,48,312,153,437,128,1267,115,1071,1410,0,571,337,1320,814
48053960700,2019,7331,4307,399,2497,109,812,0,1388,209,1162,134,615,586,1470,3757,1585,1671,2075,1786,2213
48053960500,2019,6287,4037,0,2142,21,877,41,954,178,676,83,954,1446,1838,3499,95,2089,893,1392,1492
48171950200,2019,4540,3792,0,516,19,218,46,1049,126,644,74,296,563,1624,2380,24,1014,684,827,2045
48171950300,2019,6987,5237,8,1695,2,715,28,1726,34,1205,208,605,719,2134,3631,129,2517,1100,1414,2592
48171950100,2019,4245,3223,8,937,0,504,231,1025,43,730,229,498,530,1417,2319,10,983,771,711,1627
48171950500,2019,4092,3146,5,904,0,306,0,738,28,573,111,245,203,992,1762,330,742,739,993,1583
48171950400,2019,6595,4367,0,2080,11,1001,347,1691,309,812,299,832,475,1580,3092,619,1560,1241,1385,2278
48113019301,2019,3180,2735,0,150,181,153,9,1733,76,949,74,57,53,962,1049,5,484,441,1031,460
48199030400,2019,2074,1571,310,150,26,102,52,100,53,193,60,321,246,567,1012,43,602,279,382,610
48199030501,2019,4525,4016,23,275,71,90,19,687,76,864,207,271,174,1270,1700,14,796,682,1222,996
48199030700,2019,4058,2900,692,466,0,53,0,491,47,430,260,486,305,1060,1785,120,1089,742,988,1028
48199030502,2019,8577,7861,0,491,0,199,176,1020,67,1047,498,781,547,2312,3548,449,1877,1575,2138,2016
48199030800,2019,3965,2578,1156,172,15,59,48,310,34,425,246,640,546,1074,2097,373,1646,705,902,1065
48199030100,2019,3311,3241,0,70,0,0,0,253,105,279,94,476,261,1199,1582,0,928,478,652,969
48199030200,2019,6370,5528,289,423,80,105,0,976,63,1024,244,708,411,1835,2565,116,1292,886,1939,1199
48199031000,2019,3998,3635,94,159,84,74,8,392,26,464,231,474,413,1347,1921,114,1054,472,958,1013
48199030300,2019,11202,9759,516,815,0,292,0,1546,221,2148,551,1509,864,3581,5138,227,1571,2073,2815,2021
48207950300,2019,3606,2315,138,1037,8,473,124,253,232,338,16,739,914,941,2180,103,1698,608,657,983
48207950400,2019,2120,1387,79,599,8,100,6,223,76,211,29,333,409,681,1289,13,1159,326,395,733
48227950700,2019,3745,1618,377,1668,0,9,29,226,187,425,68,1172,188,677,1478,118,1358,746,1056,436
48227950400,2019,3456,1720,129,1540,0,88,32,224,179,355,82,889,404,580,1796,755,1545,956,760,623
48227950500,2019,3467,1363,126,1938,16,327,56,191,178,293,52,384,314,634,1496,97,1467,601,940,660
48227950600,2019,4536,2898,41,1454,30,101,26,424,127,528,195,348,209,1090,1601,188,1472,616,1153,838
48227950900,2019,4240,3032,207,671,65,81,7,696,50,731,63,380,114,1298,1608,0,1135,650,888,1029
48227950100,2019,2474,1940,38,393,0,127,0,204,79,384,35,325,203,765,1088,0,916,311,657,644
48227950300,2019,2376,313,156,1876,14,479,156,89,40,76,86,898,199,334,720,126,586,199,468,570
48113019302,2019,5612,3945,376,605,540,502,256,1460,123,1333,29,251,123,645,1106,290,597,549,964,262
48113000300,2019,4229,3419,140,410,161,492,125,2499,0,1805,91,303,358,1200,2493,934,1674,1534,651,818
48113000603,2019,4342,3289,313,383,266,405,98,2802,47,2272,290,351,284,1212,3149,2125,1995,2169,99,464
48113000702,2019,3361,2611,106,494,135,494,148,2320,14,1636,185,210,490,689,2755,2249,1220,1906,116,618
48113000800,2019,7099,2279,1317,2852,407,1611,318,1880,270,2246,300,930,508,389,3906,3142,1494,2916,1151,683
48113016618,2019,5029,891,3199,837,0,300,37,904,136,866,102,247,202,1158,1960,443,1086,1018,1243,1012
48113013715,2019,2619,589,61,1830,119,1014,12,171,59,271,169,289,23,573,707,0,707,192,703,377
48113013716,2019,5269,1868,365,2345,679,1748,129,1102,138,863,348,357,20,1246,1841,300,1260,1072,1056,1183
48113014002,2019,37,37,0,0,0,0,0,7,0,7,0,0,0,24,28,4,21,12,0,22
48113014123,2019,6021,3388,98,589,1800,1770,260,3027,66,2120,293,19,51,1954,2137,43,652,685,1786,1040
48113015306,2019,4926,1525,649,1614,1000,1320,193,581,160,720,385,831,114,1075,1759,421,1287,686,1318,942
48113016201,2019,4126,758,771,2503,59,986,110,323,47,316,352,185,114,896,1398,312,1077,458,1118,581
48113016408,2019,7644,2568,649,4113,205,1386,144,788,327,827,624,574,178,1762,2501,112,2252,744,1717,1401
48113016510,2019,14644,1603,6625,5558,804,3149,408,2403,519,2843,672,1325,94,3321,4796,525,1848,2481,3921,1852
48113016516,2019,5452,1004,1585,2711,86,1163,82,499,250,498,218,1059,149,883,1939,609,1728,899,1465,922
48113016605,2019,6991,541,3743,2498,68,1364,47,297,161,255,260,2130,362,522,3227,2147,1495,1824,1682,1496
48215024107,2019,4382,240,2,4140,0,1731,191,227,310,199,58,1468,336,1012,1578,105,397,518,1253,736
48215024108,2019,6046,151,0,5895,0,1755,130,201,148,243,229,2660,229,1108,1597,39,473,345,2494,492
48215024109,2019,7599,81,10,7508,0,2376,620,417,470,493,127,2131,127,1213,1994,348,549,911,2801,724
48215024110,2019,11643,201,0,11368,74,3815,478,382,623,692,196,4391,186,1598,2845,630,921,1173,4624,1093
48215024111,2019,5498,97,0,5401,0,1718,61,188,227,473,71,1789,184,1038,1430,75,262,391,1940,597
48215024112,2019,14337,141,0,14196,0,5527,576,390,485,614,100,8123,474,2261,3463,120,708,1579,6738,551
48215024113,2019,6717,103,0,6580,0,2381,306,252,333,451,110,2948,174,1241,1830,156,503,606,2415,653
48215024114,2019,9296,0,0,9296,0,3549,161,287,835,399,122,4164,394,1617,2484,172,652,731,3294,507
48215024203,2019,6076,1669,42,4274,91,1599,120,553,34,90,93,1887,1057,1984,3344,73,655,815,1690,2127
48215024204,2019,4307,372,0,3935,0,1303,121,173,170,234,34,1039,167,1089,1446,0,663,371,1417,939
48215024205,2019,8967,196,0,8713,58,2108,130,497,303,941,182,2259,221,1628,2546,319,659,1213,3123,1229
48215024403,2019,6480,57,0,6423,0,844,19,468,169,297,286,2160,224,1149,1940,314,846,571,2106,967
48215024404,2019,3558,0,0,3558,0,549,24,200,71,214,0,1258,227,732,1215,23,606,283,989,772
48215980000,2019,0,0,0,0,0,0,0,0,0,0,0,0,0,0,0,0,0,0,0,0
48217961400,2019,4802,3454,298,957,6,142,12,411,143,476,161,1198,393,1123,1949,101,1336,716,1442,1062
48221160204,2019,3540,3180,0,330,14,34,23,492,18,390,68,774,152,894,1416,62,700,648,992,879
48221160205,2019,7584,6080,175,1189,0,437,0,1103,328,780,293,1109,939,2300,3810,0,1894,1859,2053,2100
48221160206,2019,4589,3765,55,693,56,187,0,1014,103,687,96,488,488,1270,2370,479,1059,1054,630,1936
48221160207,2019,7662,6378,3,1190,37,166,37,1917,78,1251,139,308,640,2418,3616,223,1943,1578,1296,2833
48221160208,2019,6436,4759,0,1599,0,218,0,600,83,524,107,761,460,1833,2665,30,1450,1111,1801,1496
48339694301,2019,13619,11426,772,992,269,672,123,4579,262,3217,277,891,1623,5042,7576,1163,1681,3568,2630,4953
48339694302,2019,8150,6924,279,609,169,507,64,2544,133,2021,271,236,711,3021,4343,718,1769,2274,1088,2648
48347950501,2019,2549,1830,538,75,64,42,0,761,54,505,57,487,133,422,1331,792,1017,816,506,698
48347950502,2019,5079,4138,94,421,314,271,32,1721,167,1205,190,726,109,1309,2387,829,1545,1434,995,1237
48355002001,2019,4284,450,20,3804,10,237,72,239,289,408,140,1047,186,861,1706,307,1595,813,961,805
48355001701,2019,7217,272,1036,5827,0,723,39,254,217,313,195,1569,151,1125,2370,532,2110,1107,2516,1547
48355001702,2019,1920,119,85,1716,0,337,8,41,190,56,79,376,123,304,638,0,423,232,520,264
48355001903,2019,3889,325,8,3556,0,305,0,74,69,172,75,612,92,699,1240,44,1191,513,1058,760
48355001904,2019,4649,439,183,4027,0,495,68,113,139,156,44,1280,319,844,1631,195,1455,501,1590,982
48355002002,2019,3911,628,42,3241,0,291,94,177,106,302,131,818,222,718,1474,175,1399,627,1079,706
48355002101,2019,3374,850,186,2242,84,347,131,514,74,672,120,607,226,546,1745,853,1702,1030,532,748
48355002102,2019,3496,1758,170,1323,245,406,47,1291,41,932,143,198,215,922,1644,323,1544,752,615,986
48355002601,2019,2623,1154,52,1358,35,151,58,780,35,575,138,424,204,466,1469,1064,1241,827,438,617
48355002602,2019,2088,614,26,1421,13,90,8,203,28,201,38,420,46,487,740,10,706,212,556,430
48355002603,2019,3598,1032,95,2367,39,149,34,512,84,480,142,828,73,802,1358,129,1343,651,1046,724
48329010114,2019,11351,5796,499,4309,349,1308,610,2281,118,2443,247,1115,199,2678,4466,1204,967,3350,3375,1413
48329010200,2019,4360,334,528,3489,4,655,75,95,26,192,14,396,185,908,1335,78,1042,432,1487,636
48329980000,2019,0,0,0,0,0,0,0,0,0,0,0,0,0,0,0,0,0,0,0,0
48331950401,2019,3262,2099,469,655,22,258,46,309,56,331,120,738,214,877,1494,181,1323,444,901,946
48331950402,2019,3250,1462,714,924,5,156,65,234,93,536,75,919,509,628,1635,210,1278,531,765,860
